ethnicity,simulation,year,prevalence,ethnicity_label
0,0,-61,3.345487451095201,Chinese_Male
0,0,-60,3.4890352014101302,Chinese_Male
0,0,-59,3.5255354200988465,Chinese_Male
0,0,-58,3.575241452938402,Chinese_Male
0,0,-57,3.637604837136727,Chinese_Male
0,0,-56,3.7387872264083244,Chinese_Male
0,0,-55,3.793808617163811,Chinese_Male
0,0,-54,3.8505043976084394,Chinese_Male
0,0,-53,3.9646178271716943,Chinese_Male
0,0,-52,4.117135401565672,Chinese_Male
0,0,-51,4.181482944817596,Chinese_Male
0,0,-50,4.232472723344496,Chinese_Male
0,0,-49,4.2748676067121805,Chinese_Male
0,0,-48,4.457393190566319,Chinese_Male
0,0,-47,4.481592708486465,Chinese_Male
0,0,-46,4.562808648379466,Chinese_Male
0,0,-45,4.743898949433839,Chinese_Male
0,0,-44,4.921947108631968,Chinese_Male
0,0,-43,4.981629992493975,Chinese_Male
0,0,-42,5.065346840924909,Chinese_Male
0,0,-41,5.221558258080528,Chinese_Male
0,0,-40,5.493487589557459,Chinese_Male
0,0,-39,5.626436030112267,Chinese_Male
0,0,-38,5.809680338313235,Chinese_Male
0,0,-37,5.899467510841919,Chinese_Male
0,0,-36,6.07170043861239,Chinese_Male
0,0,-35,6.197745293705162,Chinese_Male
0,0,-34,6.51255636551589,Chinese_Male
0,0,-33,6.624739426915875,Chinese_Male
0,0,-32,6.9010188718882395,Chinese_Male
0,0,-31,7.054793329507712,Chinese_Male
0,0,-30,7.409211922949764,Chinese_Male
0,0,-29,7.5865756070640185,Chinese_Male
0,0,-28,7.647784094801013,Chinese_Male
0,0,-27,7.751818306573349,Chinese_Male
0,0,-26,7.978595271688634,Chinese_Male
0,0,-25,8.173945977585346,Chinese_Male
0,0,-24,8.328013664360519,Chinese_Male
0,0,-23,8.46861518737331,Chinese_Male
0,0,-22,8.521381808051261,Chinese_Male
0,0,-21,8.617581686763856,Chinese_Male
0,0,-20,8.5890971697616,Chinese_Male
0,0,-19,8.773326258070222,Chinese_Male
0,0,-18,8.780106015866803,Chinese_Male
0,0,-17,8.827529437028023,Chinese_Male
0,0,-16,8.929311121116614,Chinese_Male
0,0,-15,8.938354921809804,Chinese_Male
0,0,-14,9.062494287959934,Chinese_Male
0,0,-13,8.929591479481841,Chinese_Male
0,0,-12,9.182971923369939,Chinese_Male
0,0,-11,9.225375876420081,Chinese_Male
0,0,-10,9.296914899653848,Chinese_Male
0,0,-9,9.54707940371159,Chinese_Male
0,0,-8,9.59418070444104,Chinese_Male
0,0,-7,9.697191650122395,Chinese_Male
0,0,-6,9.709793264097835,Chinese_Male
0,0,-5,9.96651720154295,Chinese_Male
0,0,-4,10.12540549094074,Chinese_Male
0,0,-3,10.17592962814874,Chinese_Male
0,0,-2,10.434237404688226,Chinese_Male
0,0,-1,10.684092301409025,Chinese_Male
0,1,-61,3.390732706997046,Chinese_Male
0,1,-60,3.481258748509513,Chinese_Male
0,1,-59,3.578760613356989,Chinese_Male
0,1,-58,3.5553790004220773,Chinese_Male
0,1,-57,3.6156621806124436,Chinese_Male
0,1,-56,3.7603157517043413,Chinese_Male
0,1,-55,3.8596243800390195,Chinese_Male
0,1,-54,3.938225720815346,Chinese_Male
0,1,-53,3.9215241551372197,Chinese_Male
0,1,-52,4.065838481611169,Chinese_Male
0,1,-51,4.1661179156240395,Chinese_Male
0,1,-50,4.247596413524899,Chinese_Male
0,1,-49,4.29400880495119,Chinese_Male
0,1,-48,4.3510622461348705,Chinese_Male
0,1,-47,4.6117983073272155,Chinese_Male
0,1,-46,4.718429680043159,Chinese_Male
0,1,-45,4.778645301066917,Chinese_Male
0,1,-44,5.008226654360127,Chinese_Male
0,1,-43,4.985580531742583,Chinese_Male
0,1,-42,5.08081354883613,Chinese_Male
0,1,-41,5.275014796006032,Chinese_Male
0,1,-40,5.482145220136486,Chinese_Male
0,1,-39,5.689948256215792,Chinese_Male
0,1,-38,5.818913778138908,Chinese_Male
0,1,-37,6.0586653003714614,Chinese_Male
0,1,-36,6.256570123608947,Chinese_Male
0,1,-35,6.445870866821296,Chinese_Male
0,1,-34,6.596324879248579,Chinese_Male
0,1,-33,6.834964491396672,Chinese_Male
0,1,-32,7.011309127831658,Chinese_Male
0,1,-31,7.341714921661711,Chinese_Male
0,1,-30,7.597139327289495,Chinese_Male
0,1,-29,7.640038631346578,Chinese_Male
0,1,-28,7.803616686074388,Chinese_Male
0,1,-27,7.9422258817071505,Chinese_Male
0,1,-26,8.167865377335765,Chinese_Male
0,1,-25,8.32716442577513,Chinese_Male
0,1,-24,8.35216783699384,Chinese_Male
0,1,-23,8.499800758848906,Chinese_Male
0,1,-22,8.773854297255886,Chinese_Male
0,1,-21,8.691086648348763,Chinese_Male
0,1,-20,8.787617926600024,Chinese_Male
0,1,-19,8.79101441584859,Chinese_Male
0,1,-18,8.957984987014834,Chinese_Male
0,1,-17,8.881213986614652,Chinese_Male
0,1,-16,8.893291310220622,Chinese_Male
0,1,-15,9.043576067631799,Chinese_Male
0,1,-14,9.004002997678628,Chinese_Male
0,1,-13,8.911164753358271,Chinese_Male
0,1,-12,8.967426649571697,Chinese_Male
0,1,-11,9.075400247459788,Chinese_Male
0,1,-10,9.395274935214784,Chinese_Male
0,1,-9,9.394965013690296,Chinese_Male
0,1,-8,9.58843797856049,Chinese_Male
0,1,-7,9.872593049478615,Chinese_Male
0,1,-6,10.063088420848297,Chinese_Male
0,1,-5,10.264142076716727,Chinese_Male
0,1,-4,10.091779412928238,Chinese_Male
0,1,-3,10.327868852459018,Chinese_Male
0,1,-2,10.193556216249014,Chinese_Male
0,1,-1,10.496222176842965,Chinese_Male
0,2,-61,3.489207675724589,Chinese_Male
0,2,-60,3.592721240085023,Chinese_Male
0,2,-59,3.6142440755290837,Chinese_Male
0,2,-58,3.61248355140651,Chinese_Male
0,2,-57,3.700994733762434,Chinese_Male
0,2,-56,3.7076904676474105,Chinese_Male
0,2,-55,3.7844063653244957,Chinese_Male
0,2,-54,3.7951014566356562,Chinese_Male
0,2,-53,3.8875028351100025,Chinese_Male
0,2,-52,3.9342507304235346,Chinese_Male
0,2,-51,4.095877782167786,Chinese_Male
0,2,-50,4.059630549854164,Chinese_Male
0,2,-49,4.289755205342521,Chinese_Male
0,2,-48,4.3361759139144676,Chinese_Male
0,2,-47,4.452191444232103,Chinese_Male
0,2,-46,4.66240610864423,Chinese_Male
0,2,-45,4.735723337284879,Chinese_Male
0,2,-44,4.769453027810105,Chinese_Male
0,2,-43,4.865089084660056,Chinese_Male
0,2,-42,5.0015466707911225,Chinese_Male
0,2,-41,5.265468985662193,Chinese_Male
0,2,-40,5.346036787084822,Chinese_Male
0,2,-39,5.699288289466311,Chinese_Male
0,2,-38,5.920481616221307,Chinese_Male
0,2,-37,5.939724423136745,Chinese_Male
0,2,-36,6.187697103708269,Chinese_Male
0,2,-35,6.219321430497869,Chinese_Male
0,2,-34,6.437699395797315,Chinese_Male
0,2,-33,6.633572412818429,Chinese_Male
0,2,-32,6.878260565106263,Chinese_Male
0,2,-31,7.225207366059784,Chinese_Male
0,2,-30,7.386591031686648,Chinese_Male
0,2,-29,7.577952538631346,Chinese_Male
0,2,-28,7.687170354133845,Chinese_Male
0,2,-27,7.792987512007684,Chinese_Male
0,2,-26,8.095598609725043,Chinese_Male
0,2,-25,8.222149534319211,Chinese_Male
0,2,-24,8.2624523386415,Chinese_Male
0,2,-23,8.406244044422113,Chinese_Male
0,2,-22,8.495263964340436,Chinese_Male
0,2,-21,8.486322826790808,Chinese_Male
0,2,-20,8.690992779466278,Chinese_Male
0,2,-19,8.723799416290793,Chinese_Male
0,2,-18,8.831690917499733,Chinese_Male
0,2,-17,8.755950037579185,Chinese_Male
0,2,-16,8.936515083295813,Chinese_Male
0,2,-15,9.010921229273249,Chinese_Male
0,2,-14,9.03507649564057,Chinese_Male
0,2,-13,8.88168199156056,Chinese_Male
0,2,-12,9.123511158184217,Chinese_Male
0,2,-11,9.206628922800045,Chinese_Male
0,2,-10,9.295023360508447,Chinese_Male
0,2,-9,9.47292363857621,Chinese_Male
0,2,-8,9.617151607963246,Chinese_Male
0,2,-7,9.604672230681754,Chinese_Male
0,2,-6,9.783558186935844,Chinese_Male
0,2,-5,9.90190127469601,Chinese_Male
0,2,-4,10.216393702033388,Chinese_Male
0,2,-3,10.161935225909637,Chinese_Male
0,2,-2,10.284570111036953,Chinese_Male
0,2,-1,10.52276904227078,Chinese_Male
0,3,-61,3.3614563649429114,Chinese_Male
0,3,-60,3.5797604852506613,Chinese_Male
0,3,-59,3.5179318210619694,Chinese_Male
0,3,-58,3.6323460039228346,Chinese_Male
0,3,-57,3.730251609128145,Chinese_Male
0,3,-56,3.7363951680421,Chinese_Male
0,3,-55,3.7914580542039817,Chinese_Male
0,3,-54,3.9128327062028205,Chinese_Male
0,3,-53,4.00317532320254,Chinese_Male
0,3,-52,4.074759685081517,Chinese_Male
0,3,-51,4.20782299486369,Chinese_Male
0,3,-50,4.159014799611105,Chinese_Male
0,3,-49,4.281248006125184,Chinese_Male
0,3,-48,4.276630585032856,Chinese_Male
0,3,-47,4.4206900896738555,Chinese_Male
0,3,-46,4.504710129891688,Chinese_Male
0,3,-45,4.668274537055963,Chinese_Male
0,3,-44,4.7614270235563225,Chinese_Male
0,3,-43,4.859163275787145,Chinese_Male
0,3,-42,4.9628799010130695,Chinese_Male
0,3,-41,5.099371885679376,Chinese_Male
0,3,-40,5.243955462296074,Chinese_Male
0,3,-39,5.484467524704388,Chinese_Male
0,3,-38,5.671178740928146,Chinese_Male
0,3,-37,5.835422423100148,Chinese_Male
0,3,-36,6.0644506470438975,Chinese_Male
0,3,-35,6.2534836470863215,Chinese_Male
0,3,-34,6.532161762346944,Chinese_Male
0,3,-33,6.704236300038866,Chinese_Male
0,3,-32,7.021812961731031,Chinese_Male
0,3,-31,7.178256560070947,Chinese_Male
0,3,-30,7.337869112043014,Chinese_Male
0,3,-29,7.565880242825607,Chinese_Male
0,3,-28,7.6443592026851155,Chinese_Male
0,3,-27,7.758679840812406,Chinese_Male
0,3,-26,7.902887229429781,Chinese_Male
0,3,-25,8.032778418579028,Chinese_Male
0,3,-24,8.195165714877245,Chinese_Male
0,3,-23,8.41663923491398,Chinese_Male
0,3,-22,8.51964061847054,Chinese_Male
0,3,-21,8.670085230753076,Chinese_Male
0,3,-20,8.682208675181393,Chinese_Male
0,3,-19,8.677810206067038,Chinese_Male
0,3,-18,8.671599843466506,Chinese_Male
0,3,-17,8.682581153144126,Chinese_Male
0,3,-16,8.761819000450249,Chinese_Male
0,3,-15,8.825877145241465,Chinese_Male
0,3,-14,8.938200296112157,Chinese_Male
0,3,-13,8.942490187768339,Chinese_Male
0,3,-12,9.13466005165654,Chinese_Male
0,3,-11,9.0810243335458,Chinese_Male
0,3,-10,9.242060264437173,Chinese_Male
0,3,-9,9.199117736537875,Chinese_Male
0,3,-8,9.45635528330781,Chinese_Male
0,3,-7,9.64322198878202,Chinese_Male
0,3,-6,9.754440454236631,Chinese_Male
0,3,-5,9.882320690802999,Chinese_Male
0,3,-4,10.101669435873092,Chinese_Male
0,3,-3,10.089964014394242,Chinese_Male
0,3,-2,10.284570111036953,Chinese_Male
0,3,-1,10.27159485399224,Chinese_Male
0,4,-61,3.3587948793016262,Chinese_Male
0,4,-60,3.6160505987868734,Chinese_Male
0,4,-59,3.631985806615131,Chinese_Male
0,4,-58,3.627380390793753,Chinese_Male
0,4,-57,3.64004291008387,Chinese_Male
0,4,-56,3.686161942351393,Chinese_Male
0,4,-55,3.7844063653244957,Chinese_Male
0,4,-54,3.843579029986842,Chinese_Male
0,4,-53,3.96234973916988,Chinese_Male
0,4,-52,4.1082141980953235,Chinese_Male
0,4,-51,4.065147723780675,Chinese_Male
0,4,-50,4.12228583774441,Chinese_Male
0,4,-49,4.236585210234161,Chinese_Male
0,4,-48,4.308529868362291,Chinese_Male
0,4,-47,4.462691895751517,Chinese_Male
0,4,-46,4.508860024069386,Chinese_Male
0,4,-45,4.674406246167682,Chinese_Male
0,4,-44,4.905895100124403,Chinese_Male
0,4,-43,4.946075139256508,Chinese_Male
0,4,-42,5.0208800556801485,Chinese_Male
0,4,-41,5.164283396017487,Chinese_Male
0,4,-40,5.393296659672205,Chinese_Male
0,4,-39,5.626436030112267,Chinese_Male
0,4,-38,5.77089989104541,Chinese_Male
0,4,-37,6.056835440721697,Chinese_Male
0,4,-36,6.222133613658607,Chinese_Male
0,4,-35,6.3973245590377035,Chinese_Male
0,4,-34,6.6551410697417435,Chinese_Male
0,4,-33,6.822598311133095,Chinese_Male
0,4,-32,6.974545709183852,Chinese_Male
0,4,-31,7.2234684473194575,Chinese_Male
0,4,-30,7.654561589726636,Chinese_Male
0,4,-29,7.741790838852097,Chinese_Male
0,4,-28,7.832728269059524,Chinese_Male
0,4,-27,7.995402772059832,Chinese_Male
0,4,-26,8.197116211844866,Chinese_Male
0,4,-25,8.32888598137277,Chinese_Male
0,4,-24,8.497092872793775,Chinese_Male
0,4,-23,8.608950259013497,Chinese_Male
0,4,-22,8.617147234990947,Chinese_Male
0,4,-21,8.908101296837536,Chinese_Male
0,4,-20,8.864918044307021,Chinese_Male
0,4,-19,9.012116388078182,Chinese_Male
0,4,-18,8.897506136824504,Chinese_Male
0,4,-17,8.924161626283954,Chinese_Male
0,4,-16,8.89869428185502,Chinese_Male
0,4,-15,9.019992017706178,Chinese_Male
0,4,-14,9.177649015701256,Chinese_Male
0,4,-13,9.137813484678176,Chinese_Male
0,4,-12,9.378077559135589,Chinese_Male
0,4,-11,9.399722545086425,Chinese_Male
0,4,-10,9.416081865814213,Chinese_Male
0,4,-9,9.533769394584727,Chinese_Male
0,4,-8,9.684150076569678,Chinese_Male
0,4,-7,9.760798750987837,Chinese_Male
0,4,-6,9.843734834514219,Chinese_Male
0,4,-5,10.164281098862368,Chinese_Male
0,4,-4,10.162987578131181,Chinese_Male
0,4,-3,10.22391043582567,Chinese_Male
0,4,-2,10.422102218716502,Chinese_Male
0,4,-1,10.54931590769859,Chinese_Male
0,5,-61,3.3401644798126315,Chinese_Male
0,5,-60,3.5667997304162995,Chinese_Male
0,5,-59,3.5204663540742622,Chinese_Male
0,5,-58,3.52310251508305,Chinese_Male
0,5,-57,3.652233274819583,Chinese_Male
0,5,-56,3.676593708886497,Chinese_Male
0,5,-55,3.6692287802928805,Chinese_Male
0,5,-54,3.746623883284471,Chinese_Male
0,5,-53,3.830800635064641,Chinese_Male
0,5,-52,3.927559827820773,Chinese_Male
0,5,-51,4.071732736292199,Chinese_Male
0,5,-50,4.139570055093443,Chinese_Male
0,5,-49,4.1919224143431375,Chinese_Male
0,5,-48,4.338302532803096,Chinese_Male
0,5,-47,4.479492618182582,Chinese_Male
0,5,-46,4.506785076980537,Chinese_Male
0,5,-45,4.7234599190614395,Chinese_Male
0,5,-44,4.91191460331474,Chinese_Male
0,5,-43,4.948050408880812,Chinese_Male
0,5,-42,5.127213672569794,Chinese_Male
0,5,-41,5.2941064166937135,Chinese_Male
0,5,-40,5.553980226469309,Chinese_Male
0,5,-39,5.738516429118488,Chinese_Male
0,5,-38,5.959262063489132,Chinese_Male
0,5,-37,6.065984738970521,Chinese_Male
0,5,-36,6.338130278754487,Chinese_Male
0,5,-35,6.41710268443102,Chinese_Male
0,5,-34,6.680093392981268,Chinese_Male
0,5,-33,6.806698936508497,Chinese_Male
0,5,-32,7.02531423969749,Chinese_Male
0,5,-31,7.319108978037455,Chinese_Male
0,5,-30,7.765925977483514,Chinese_Male
0,5,-29,7.674530905077264,Chinese_Male
0,5,-28,7.906363449551339,Chinese_Male
0,5,-27,7.979964320021956,Chinese_Male
0,5,-26,8.302075088612822,Chinese_Male
0,5,-25,8.452837984402706,Chinese_Male
0,5,-24,8.502268766929486,Chinese_Male
0,5,-23,8.679984060707913,Chinese_Male
0,5,-22,8.752960022287226,Chinese_Male
0,5,-21,8.764591609933671,Chinese_Male
0,5,-20,8.763022434602345,Chinese_Male
0,5,-19,8.835234810294509,Chinese_Male
0,5,-18,9.000675940090362,Chinese_Male
0,5,-17,8.992162055760353,Chinese_Male
0,5,-16,9.082395317424584,Chinese_Male
0,5,-15,9.194151155618446,Chinese_Male
0,5,-14,9.071633552066388,Chinese_Male
0,5,-13,9.23916047835781,Chinese_Male
0,5,-12,9.363212367839159,Chinese_Male
0,5,-11,9.326609425968279,Chinese_Male
0,5,-10,9.42743110068663,Chinese_Male
0,5,-9,9.425387891694555,Chinese_Male
0,5,-8,9.391271056661562,Chinese_Male
0,5,-7,9.631657061351941,Chinese_Male
0,5,-6,9.715616810637679,Chinese_Male
0,5,-5,9.964559143153648,Chinese_Male
0,5,-4,10.014637233958384,Chinese_Male
0,5,-3,10.071971211515395,Chinese_Male
0,5,-2,10.234006836154764,Chinese_Male
0,5,-1,10.328772717990606,Chinese_Male
0,6,-61,3.3481489367364863,Chinese_Male
0,6,-60,3.5538389755819377,Chinese_Male
0,6,-59,3.538208085160309,Chinese_Male
0,6,-58,3.667105295826402,Chinese_Male
0,6,-57,3.713185098498147,Chinese_Male
0,6,-56,3.693338117450066,Chinese_Male
0,6,-55,3.8572738170791903,Chinese_Male
0,6,-54,3.9266834414460168,Chinese_Male
0,6,-53,3.9215241551372197,Chinese_Male
0,6,-52,4.068068782478757,Chinese_Male
0,6,-51,4.124412836384389,Chinese_Male
0,6,-50,4.223830614669979,Chinese_Male
0,6,-49,4.3301644016248755,Chinese_Male
0,6,-48,4.459519809454948,Chinese_Male
0,6,-47,4.620198668542748,Chinese_Male
0,6,-46,4.699755156243516,Chinese_Male
0,6,-45,4.778645301066917,Chinese_Male
0,6,-44,5.004213652233236,Chinese_Male
0,6,-43,5.072492395211946,Chinese_Male
0,6,-42,5.140747041992112,Chinese_Male
0,6,-41,5.267378147730961,Chinese_Male
0,6,-40,5.510501143688916,Chinese_Male
0,6,-39,5.618964003511852,Chinese_Male
0,6,-38,5.818913778138908,Chinese_Male
0,6,-37,5.908616809090743,Chinese_Male
0,6,-36,6.205821582629499,Chinese_Male
0,6,-35,6.332596148659582,Chinese_Male
0,6,-34,6.566025629600585,Chinese_Male
0,6,-33,6.806698936508497,Chinese_Male
0,6,-32,6.9973040159658275,Chinese_Male
0,6,-31,7.265202497087311,Chinese_Male
0,6,-30,7.572778367467678,Chinese_Male
0,6,-29,7.745240066225166,Chinese_Male
0,6,-28,7.764230426741557,Chinese_Male
0,6,-27,7.954233566625497,Chinese_Male
0,6,-26,8.114525620289756,Chinese_Male
0,6,-25,8.289290202627093,Chinese_Male
0,6,-24,8.500543468884251,Chinese_Male
0,6,-23,8.63840329874045,Chinese_Male
0,6,-22,8.674606491154757,Chinese_Male
0,6,-21,8.801344090726124,Chinese_Male
0,6,-20,8.831538448024455,Chinese_Male
0,6,-19,8.773326258070222,Chinese_Male
0,6,-18,9.038030524031448,Chinese_Male
0,6,-17,8.920582656311513,Chinese_Male
0,6,-16,8.90589824403422,Chinese_Male
0,6,-15,9.07985922136352,Chinese_Male
0,6,-14,9.004002997678628,Chinese_Male
0,6,-13,9.158082883414103,Chinese_Male
0,6,-12,9.199695263578423,Chinese_Male
0,6,-11,9.206628922800045,Chinese_Male
0,6,-10,9.310155673671666,Chinese_Male
0,6,-9,9.41778217219349,Chinese_Male
0,6,-8,9.632465543644717,Chinese_Male
0,6,-7,9.708756577552476,Chinese_Male
0,6,-6,9.987382315830342,Chinese_Male
0,6,-5,10.076168471343816,Chinese_Male
0,6,-4,10.184745628609857,Chinese_Male
0,6,-3,10.249900039984007,Chinese_Male
0,6,-2,10.357381226867302,Chinese_Male
0,6,-1,10.508474576271185,Chinese_Male
0,7,-61,3.3375029941713463,Chinese_Male
0,7,-60,3.5875369381512776,Chinese_Male
0,7,-59,3.5838296793815743,Chinese_Male
0,7,-58,3.6025523251483476,Chinese_Male
0,7,-57,3.647357128925297,Chinese_Male
0,7,-56,3.7052984092811867,Chinese_Male
0,7,-55,3.79615918012364,Chinese_Male
0,7,-54,3.848195941734574,Chinese_Male
0,7,-53,3.9691540031753227,Chinese_Male
0,7,-52,4.0123112607890805,Chinese_Male
0,7,-51,4.106852803020326,Chinese_Male
0,7,-50,4.159014799611105,Chinese_Male
0,7,-49,4.094089623343755,Chinese_Male
0,7,-48,4.26812410947834,Chinese_Male
0,7,-47,4.284184219921457,Chinese_Male
0,7,-46,4.438311823048513,Chinese_Male
0,7,-45,4.6069574459387646,Chinese_Male
0,7,-44,4.765440025683214,Chinese_Male
0,7,-43,4.872990163157271,Chinese_Male
0,7,-42,5.0402134405691745,Chinese_Male
0,7,-41,5.204375799461617,Chinese_Male
0,7,-40,5.487816404846972,Chinese_Male
0,7,-39,5.693684269515999,Chinese_Male
0,7,-38,5.870621041162675,Chinese_Male
0,7,-37,5.947043861735804,Chinese_Male
0,7,-36,6.17682241635553,Chinese_Male
0,7,-35,6.249887624287538,Chinese_Male
0,7,-34,6.508991747910244,Chinese_Male
0,7,-33,6.753701021093169,Chinese_Male
0,7,-32,6.8712580091733475,Chinese_Male
0,7,-31,7.265202497087311,Chinese_Male
0,7,-30,7.577998573143782,Chinese_Male
0,7,-29,7.621067880794702,Chinese_Male
0,7,-28,7.784779779436948,Chinese_Male
0,7,-27,7.825579799643201,Chinese_Male
0,7,-26,7.973433359716439,Chinese_Male
0,7,-25,8.141236421230223,Chinese_Male
0,7,-24,8.284881213229585,Chinese_Male
0,7,-23,8.525788735078569,Chinese_Male
0,7,-22,8.523122997631983,Chinese_Male
0,7,-21,8.530075780115158,Chinese_Male
0,7,-20,8.727886017462799,Chinese_Male
0,7,-19,8.764482179181037,Chinese_Male
0,7,-18,8.664484684620584,Chinese_Male
0,7,-17,8.99037257077413,Chinese_Male
0,7,-16,9.003151733453398,Chinese_Male
0,7,-15,8.844018722107325,Chinese_Male
0,7,-14,8.993035880750883,Chinese_Male
0,7,-13,9.204149698723029,Chinese_Male
0,7,-12,9.26658862441236,Chinese_Male
0,7,-11,9.285366128004199,Chinese_Male
0,7,-10,9.423648022395824,Chinese_Male
0,7,-9,9.431092181320352,Chinese_Male
0,7,-8,9.433384379785604,Chinese_Male
0,7,-7,9.803203484898132,Chinese_Male
0,7,-6,9.777734640396,Chinese_Male
0,7,-5,9.923439916978325,Chinese_Male
0,7,-4,10.103647440462062,Chinese_Male
0,7,-3,10.10595761695322,Chinese_Male
0,7,-2,10.2926602350181,Chinese_Male
0,7,-1,10.467633244843782,Chinese_Male
0,8,-61,3.3401644798126315,Chinese_Male
0,8,-60,3.5667997304162995,Chinese_Male
0,8,-59,3.621847674565961,Chinese_Male
0,8,-58,3.6944161680363483,Chinese_Male
0,8,-57,3.6863662960795787,Chinese_Male
0,8,-56,3.698122234182514,Chinese_Male
0,8,-55,3.7844063653244957,Chinese_Male
0,8,-54,3.8782058680948315,Chinese_Male
0,8,-53,3.9283284191426624,Chinese_Male
0,8,-52,3.99000825211321,Chinese_Male
0,8,-51,4.071732736292199,Chinese_Male
0,8,-50,4.159014799611105,Chinese_Male
0,8,-49,4.206810012973479,Chinese_Male
0,8,-48,4.436127001680029,Chinese_Male
0,8,-47,4.6054980364155655,Chinese_Male
0,8,-46,4.685230526621571,Chinese_Male
0,8,-45,4.895147774189593,Chinese_Male
0,8,-44,4.909908102251294,Chinese_Male
0,8,-43,5.1376762928139685,Chinese_Male
0,8,-42,5.138813703503209,Chinese_Male
0,8,-41,5.240649878768209,Chinese_Male
0,8,-40,5.476474035426,Chinese_Male
0,8,-39,5.686212242915585,Chinese_Male
0,8,-38,5.9315617440121144,Chinese_Male
0,8,-37,6.067814598620286,Chinese_Male
0,8,-36,6.280131946206547,Chinese_Male
0,8,-35,6.373950410845605,Chinese_Male
0,8,-34,6.526814835938474,Chinese_Male
0,8,-33,6.85086386602127,Chinese_Male
0,8,-32,7.004306571898742,Chinese_Male
0,8,-31,7.326064652998765,Chinese_Male
0,8,-30,7.595399258730794,Chinese_Male
0,8,-29,7.631415562913907,Chinese_Male
0,8,-28,7.628947188163574,Chinese_Male
0,8,-27,7.868464388637299,Chinese_Male
0,8,-26,8.100760521697236,Chinese_Male
0,8,-25,8.208377089538105,Chinese_Male
0,8,-24,8.490191680612826,Chinese_Male
0,8,-23,8.605485195516207,Chinese_Male
0,8,-22,8.664159353670428,Chinese_Male
0,8,-21,8.775092318731515,Chinese_Male
0,8,-20,8.850863477451204,Chinese_Male
0,8,-19,8.879455204740426,Chinese_Male
0,8,-18,8.941975879611512,Chinese_Male
0,8,-17,8.84005583193157,Chinese_Male
0,8,-16,8.868077442593426,Chinese_Male
0,8,-15,8.980080548601284,Chinese_Male
0,8,-14,8.947339560218612,Chinese_Male
0,8,-13,8.959074241279552,Chinese_Male
0,8,-12,8.97300109630786,Chinese_Male
0,8,-11,9.199130141352029,Chinese_Male
0,8,-10,9.16829023776647,Chinese_Male
0,8,-9,9.25235777304533,Chinese_Male
0,8,-8,9.500382848392036,Chinese_Male
0,8,-7,9.64322198878202,Chinese_Male
0,8,-6,9.804911190915268,Chinese_Male
0,8,-5,9.892110982749506,Chinese_Male
0,8,-4,9.91178099533191,Chinese_Male
0,8,-3,10.187924830067972,Chinese_Male
0,8,-2,10.134902817385678,Chinese_Male
0,8,-1,10.398202981417194,Chinese_Male
0,9,-61,3.345487451095201,Chinese_Male
0,9,-60,3.496811654310747,Chinese_Male
0,9,-59,3.523000887086554,Chinese_Male
0,9,-58,3.5479305807284556,Chinese_Male
0,9,-57,3.6034718158767314,Chinese_Male
0,9,-56,3.6646334170553763,Chinese_Male
0,9,-55,3.6410220247749336,Chinese_Male
0,9,-54,3.677370207068492,Chinese_Male
0,9,-53,3.839872987071898,Chinese_Male
0,9,-52,3.903026518277316,Chinese_Male
0,9,-51,3.9575925194257873,Chinese_Male
0,9,-50,3.996975261963919,Chinese_Male
0,9,-49,4.09196282353942,Chinese_Male
0,9,-48,4.20857878059673,Chinese_Male
0,9,-47,4.288384400529223,Chinese_Male
0,9,-46,4.550358965846371,Chinese_Male
0,9,-45,4.529289130523647,Chinese_Male
0,9,-44,4.669127974637827,Chinese_Male
0,9,-43,4.744597637577529,Chinese_Male
0,9,-42,5.011213363235635,Chinese_Male
0,9,-41,5.082189427060463,Chinese_Male
0,9,-40,5.351707971795308,Chinese_Male
0,9,-39,5.4452393850522105,Chinese_Male
0,9,-38,5.6342449816254545,Chinese_Male
0,9,-37,5.903127230141448,Chinese_Male
0,9,-36,5.9357668467031575,Chinese_Male
0,9,-35,6.064692450150134,Chinese_Male
0,9,-34,6.407400146149323,Chinese_Male
0,9,-33,6.6123732466522975,Chinese_Male
0,9,-32,6.850250341374601,Chinese_Male
0,9,-31,7.22172952857913,Chinese_Male
0,9,-30,7.438793088447684,Chinese_Male
0,9,-29,7.543460264900662,Chinese_Male
0,9,-28,7.586136036714844,Chinese_Male
0,9,-27,7.853025936599424,Chinese_Male
0,9,-26,8.000963556901477,Chinese_Male
0,9,-25,8.075817308519978,Chinese_Male
0,9,-24,8.302134193681958,Chinese_Male
0,9,-23,8.446092274640932,Chinese_Male
0,9,-22,8.547499651762083,Chinese_Male
0,9,-21,8.433819282801588,Chinese_Male
0,9,-20,8.6892359586093,Chinese_Male
0,9,-19,8.762713363403202,Chinese_Male
0,9,-18,8.835248496922695,Chinese_Male
0,9,-17,8.850792741848895,Chinese_Male
0,9,-16,8.785231877532643,Chinese_Male
0,9,-15,8.934726606436632,Chinese_Male
0,9,-14,8.983896616644428,Chinese_Male
0,9,-13,8.986714330464906,Chinese_Male
0,9,-12,8.997157032164557,Chinese_Male
0,9,-11,8.998537737617637,Chinese_Male
0,9,-10,9.138025611440028,Chinese_Male
0,9,-9,9.358837846060238,Chinese_Male
0,9,-8,9.307044410413475,Chinese_Male
0,9,-7,9.525645226576202,Chinese_Male
0,9,-6,9.486557313403864,Chinese_Male
0,9,-5,9.74721466194122,Chinese_Male
0,9,-4,9.850462853073818,Chinese_Male
0,9,-3,9.896041583366653,Chinese_Male
0,9,-2,9.989280585724975,Chinese_Male
0,9,-1,10.298141719420054,Chinese_Male
0,11,-61,4.94770180714875,Chinese_Male
0,11,-60,5.236144953082068,Chinese_Male
0,11,-59,5.302243061715879,Chinese_Male
0,11,-58,5.415001117262954,Chinese_Male
0,11,-57,5.5758728301150775,Chinese_Male
0,11,-56,5.575888051668461,Chinese_Male
0,11,-55,5.53557577039701,Chinese_Male
0,11,-54,5.731895934809206,Chinese_Male
0,11,-53,5.722386028577909,Chinese_Male
0,11,-52,5.787630751388362,Chinese_Male
0,11,-51,5.961631327099521,Chinese_Male
0,11,-50,6.0624392351733825,Chinese_Male
0,11,-49,5.9997022480273925,Chinese_Male
0,11,-48,6.273525721455458,Chinese_Male
0,11,-47,6.371673981981226,Chinese_Male
0,11,-46,6.606631530895962,Chinese_Male
0,11,-45,6.746923925928954,Chinese_Male
0,11,-44,6.810064609334243,Chinese_Male
0,11,-43,6.895666258444278,Chinese_Male
0,11,-42,7.035418761116697,Chinese_Male
0,11,-41,7.264361671662307,Chinese_Male
0,11,-40,7.429251970736687,Chinese_Male
0,11,-39,7.597183045971644,Chinese_Male
0,11,-38,7.824416908275008,Chinese_Male
0,11,-37,8.023934564218925,Chinese_Male
0,11,-36,8.232138326023126,Chinese_Male
0,11,-35,8.429077440350973,Chinese_Male
0,11,-34,8.635286149678294,Chinese_Male
0,11,-33,9.022011800869166,Chinese_Male
0,11,-32,9.068309933125592,Chinese_Male
0,11,-31,9.4075503851705,Chinese_Male
0,11,-30,9.62605926673511,Chinese_Male
0,11,-29,9.85789183222958,Chinese_Male
0,11,-28,9.98013562572779,Chinese_Male
0,11,-27,10.062439961575407,Chinese_Male
0,11,-26,10.13455383874187,Chinese_Male
0,11,-25,10.305231807461222,Chinese_Male
0,11,-24,10.396646020600059,Chinese_Male
0,11,-23,10.51473518252222,Chinese_Male
0,11,-22,10.628221200724335,Chinese_Male
0,11,-21,10.752725808992107,Chinese_Male
0,11,-20,10.813232374694753,Chinese_Male
0,11,-19,10.887061112585124,Chinese_Male
0,11,-18,10.850617240029884,Chinese_Male
0,11,-17,10.76912064707777,Chinese_Male
0,11,-16,10.859972985141827,Chinese_Male
0,11,-15,10.962954900039911,Chinese_Male
0,11,-14,11.067648832915973,Chinese_Male
0,11,-13,10.939947299563286,Chinese_Male
0,11,-12,11.156326067971087,Chinese_Male
0,11,-11,11.116943496681788,Chinese_Male
0,11,-10,11.256549454290957,Chinese_Male
0,11,-9,11.326817766960755,Chinese_Male
0,11,-8,11.44333843797856,Chinese_Male
0,11,-7,11.647809409995952,Chinese_Male
0,11,-6,11.905270309618558,Chinese_Male
0,11,-5,12.2261165827965,Chinese_Male
0,11,-4,12.226046364427566,Chinese_Male
0,11,-3,12.331067572970813,Chinese_Male
0,11,-2,12.53766963978723,Chinese_Male
0,11,-1,12.740453338778845,Chinese_Male
0,12,-61,4.971655177920315,Chinese_Male
0,12,-60,5.212815594380216,Chinese_Male
0,12,-59,5.236345203396274,Chinese_Male
0,12,-58,5.278446756213223,Chinese_Male
0,12,-57,5.312560951823678,Chinese_Male
0,12,-56,5.386915440736754,Chinese_Male
0,12,-55,5.561431962955128,Chinese_Male
0,12,-54,5.5449110090260625,Chinese_Male
0,12,-53,5.661147652528918,Chinese_Male
0,12,-52,5.783170149653189,Chinese_Male
0,12,-51,5.95285131041749,Chinese_Male
0,12,-50,6.053797126498866,Chinese_Male
0,12,-49,6.069886641570429,Chinese_Male
0,12,-48,6.296918529230376,Chinese_Male
0,12,-47,6.4367767814016,Chinese_Male
0,12,-46,6.58380711291862,Chinese_Male
0,12,-45,6.675387319625557,Chinese_Male
0,12,-44,6.794012600826678,Chinese_Male
0,12,-43,6.9707265041678195,Chinese_Male
0,12,-42,7.132085685561829,Chinese_Male
0,12,-41,7.201359323392962,Chinese_Male
0,12,-40,7.491635002552033,Chinese_Male
0,12,-39,7.699923411727346,Chinese_Male
0,12,-38,7.948145001939022,Chinese_Male
0,12,-37,8.163003897601055,Chinese_Male
0,12,-36,8.320948272737159,Chinese_Male
0,12,-35,8.423683406152795,Chinese_Male
0,12,-34,8.70657850179122,Chinese_Male
0,12,-33,8.997279440342012,Chinese_Male
0,12,-32,9.229368719582649,Chinese_Male
0,12,-31,9.47710713478359,Chinese_Male
0,12,-30,9.833127425220553,Chinese_Male
0,12,-29,9.930325607064018,Chinese_Male
0,12,-28,9.915062675525721,Chinese_Male
0,12,-27,10.033278441059421,Chinese_Male
0,12,-26,10.206820606352593,Chinese_Male
0,12,-25,10.439513144076988,Chinese_Male
0,12,-24,10.467383240454788,Chinese_Male
0,12,-23,10.731301651102756,Chinese_Male
0,12,-22,10.776222315085667,Chinese_Male
0,12,-21,10.966240221214932,Chinese_Male
0,12,-20,10.974859893536657,Chinese_Male
0,12,-19,10.931281507031043,Chinese_Male
0,12,-18,10.854174819452844,Chinese_Male
0,12,-17,10.957016570630973,Chinese_Male
0,12,-16,10.959027465105809,Chinese_Male
0,12,-15,11.12260077645949,Chinese_Male
0,12,-14,11.201082088870203,Chinese_Male
0,12,-13,11.17396672133262,Chinese_Male
0,12,-12,11.19720534403627,Chinese_Male
0,12,-11,11.411270668516366,Chinese_Male
0,12,-10,11.443811829685815,Chinese_Male
0,12,-9,11.600623668999086,Chinese_Male
0,12,-8,11.588820826952526,Chinese_Male
0,12,-7,12.062219309573832,Chinese_Male
0,12,-6,11.982917596816462,Chinese_Male
0,12,-5,12.0616396780952,Chinese_Male
0,12,-4,12.257694437851095,Chinese_Male
0,12,-3,12.405037984806079,Chinese_Male
0,12,-2,12.52351192282022,Chinese_Male
0,12,-1,12.611803144782522,Chinese_Male
0,13,-61,4.9317328933010405,Chinese_Male
0,13,-60,5.3165016330551085,Chinese_Male
0,13,-59,5.289570396654416,Chinese_Male
0,13,-58,5.340516920326737,Chinese_Male
0,13,-57,5.466159547493661,Chinese_Male
0,13,-56,5.551967468006219,Chinese_Male
0,13,-55,5.594339844392732,Chinese_Male
0,13,-54,5.671876082088691,Chinese_Male
0,13,-53,5.831254252665003,Chinese_Male
0,13,-52,5.983897227736022,Chinese_Male
0,13,-51,6.088941568988981,Chinese_Male
0,13,-50,6.187749810953873,Chinese_Male
0,13,-49,6.263425423764861,Chinese_Male
0,13,-48,6.437275375879889,Chinese_Male
0,13,-47,6.501879580821976,Chinese_Male
0,13,-46,6.704154044071877,Chinese_Male
0,13,-45,6.820504435269591,Chinese_Male
0,13,-44,6.848188129539709,Chinese_Male
0,13,-43,6.883814640698456,Chinese_Male
0,13,-42,7.050885469027918,Chinese_Male
0,13,-41,7.298726588900132,Chinese_Male
0,13,-40,7.389553677763285,Chinese_Male
0,13,-39,7.668167298675583,Chinese_Male
0,13,-38,7.798563276763125,Chinese_Male
0,13,-37,8.066021336163516,Chinese_Male
0,13,-36,8.170515097690942,Chinese_Male
0,13,-35,8.407501303558265,Chinese_Male
0,13,-34,8.601422282424654,Chinese_Male
0,13,-33,8.855951665901141,Chinese_Male
0,13,-32,8.949266482266028,Chinese_Male
0,13,-31,9.165840680265012,Chinese_Male
0,13,-30,9.526875358889141,Chinese_Male
0,13,-29,9.654387417218544,Chinese_Male
0,13,-28,9.706144256455921,Chinese_Male
0,13,-27,9.824001646768217,Chinese_Male
0,13,-26,10.015829863381397,Chinese_Male
0,13,-25,10.231204916762787,Chinese_Male
0,13,-24,10.263798071116785,Chinese_Male
0,13,-23,10.495677333287134,Chinese_Male
0,13,-22,10.535938152946093,Chinese_Male
0,13,-21,10.630217539683928,Chinese_Male
0,13,-20,10.739445898701709,Chinese_Male
0,13,-19,10.87821703369594,Chinese_Male
0,13,-18,10.911096090220214,Chinese_Male
0,13,-17,10.894384596113238,Chinese_Male
0,13,-16,10.987843313822603,Chinese_Male
0,13,-15,11.073618518921664,Chinese_Male
0,13,-14,11.03840318777532,Chinese_Male
0,13,-13,11.140798614310196,Chinese_Male
0,13,-12,11.17304940817957,Chinese_Male
0,13,-11,11.396273105620338,Chinese_Male
0,13,-10,11.500558004047894,Chinese_Male
0,13,-9,11.532172193489505,Chinese_Male
0,13,-8,11.699846860643186,Chinese_Male
0,13,-7,11.867543031167479,Chinese_Male
0,13,-6,12.149859264291955,Chinese_Male
0,13,-5,12.147794247224454,Chinese_Male
0,13,-4,12.400110768256981,Chinese_Male
0,13,-3,12.542982806877248,Chinese_Male
0,13,-2,12.73992273931598,Chinese_Male
0,13,-1,12.70165407392281,Chinese_Male
0,14,-61,4.915763979453331,Chinese_Male
0,14,-60,5.153196122142154,Chinese_Male
0,14,-59,5.198327208211887,Chinese_Male
0,14,-58,5.258584303696899,Chinese_Male
0,14,-57,5.405207723815097,Chinese_Male
0,14,-56,5.518478650879081,Chinese_Male
0,14,-55,5.547328585196155,Chinese_Male
0,14,-54,5.641866155728433,Chinese_Male
0,14,-53,5.774552052619642,Chinese_Male
0,14,-52,5.9013760956353005,Chinese_Male
0,14,-51,5.9396812853944425,Chinese_Male
0,14,-50,6.049476072161608,Chinese_Male
0,14,-49,6.054999042940088,Chinese_Male
0,14,-48,6.237373200348766,Chinese_Male
0,14,-47,6.493479219606443,Chinese_Male
0,14,-46,6.5962567954517155,Chinese_Male
0,14,-45,6.775538568450312,Chinese_Male
0,14,-44,6.88831815080862,Chinese_Male
0,14,-43,7.063564176510094,Chinese_Male
0,14,-42,7.143685716495243,Chinese_Male
0,14,-41,7.315909047519044,Chinese_Male
0,14,-40,7.465169473903098,Chinese_Male
0,14,-39,7.737283544729419,Chinese_Male
0,14,-38,7.879817547229044,Chinese_Male
0,14,-37,8.067851195813281,Chinese_Male
0,14,-36,8.177764889259434,Chinese_Male
0,14,-35,8.335580847582575,Chinese_Male
0,14,-34,8.59963997362183,Chinese_Male
0,14,-33,8.836519096915522,Chinese_Male
0,14,-32,9.073561850075277,Chinese_Male
0,14,-31,9.42146173509312,Chinese_Male
0,14,-30,9.559936661504462,Chinese_Male
0,14,-29,9.721647350993377,Chinese_Male
0,14,-28,9.853414617439551,Chinese_Male
0,14,-27,10.000686153423906,Chinese_Male
0,14,-26,10.132833201417805,Chinese_Male
0,14,-25,10.310396474254135,Chinese_Male
0,14,-24,10.565725229033315,Chinese_Male
0,14,-23,10.603094301703079,Chinese_Male
0,14,-22,10.788410642150717,Chinese_Male
0,14,-21,10.78072769911969,Chinese_Male
0,14,-20,10.911614342685477,Chinese_Male
0,14,-19,10.991421243477491,Chinese_Male
0,14,-18,11.051620477427159,Chinese_Male
0,14,-17,11.089438459611324,Chinese_Male
0,14,-16,11.074290859972985,Chinese_Male
0,14,-15,11.026450419070425,Chinese_Male
0,14,-14,11.182803560657296,Chinese_Male
0,14,-13,11.12605723341134,Chinese_Male
0,14,-12,11.161900514707249,Chinese_Male
0,14,-11,11.328784072588205,Chinese_Male
0,14,-10,11.4324625948134,Chinese_Male
0,14,-9,11.676680864009734,Chinese_Male
0,14,-8,11.734303215926493,Chinese_Male
0,14,-7,11.936932595747962,Chinese_Male
0,14,-6,12.079976705813841,Chinese_Male
0,14,-5,12.235906874743005,Chinese_Male
0,14,-4,12.261650447029037,Chinese_Male
0,14,-3,12.329068372650939,Chinese_Male
0,14,-2,12.588232914669417,Chinese_Male
0,14,-1,12.826220134776396,Chinese_Male
0,15,-61,4.939717350224895,Chinese_Male
0,15,-60,5.230960651148322,Chinese_Male
0,15,-59,5.193258142187302,Chinese_Male
0,15,-58,5.270998336519601,Chinese_Male
0,15,-57,5.327189389506534,Chinese_Male
0,15,-56,5.489773950484392,Chinese_Male
0,15,-55,5.519121829678208,Chinese_Male
0,15,-54,5.621090052863639,Chinese_Male
0,15,-53,5.808573372646859,Chinese_Male
0,15,-52,5.8902245912973665,Chinese_Male
0,15,-51,6.086746564818473,Chinese_Male
0,15,-50,6.135897158906773,Chinese_Male
0,15,-49,6.284693421808204,Chinese_Male
0,15,-48,6.318184718116666,Chinese_Male
0,15,-47,6.470378226263729,Chinese_Male
0,15,-46,6.6170062663402085,Chinese_Male
0,15,-45,6.679475125700036,Chinese_Male
0,15,-44,6.850194630603154,Chinese_Male
0,15,-43,6.9470232686761735,Chinese_Male
0,15,-42,6.940685175160468,Chinese_Male
0,15,-41,7.199450161324195,Chinese_Male
0,15,-40,7.39522486247377,Chinese_Male
0,15,-39,7.587843012721125,Chinese_Male
0,15,-38,7.774556333216376,Chinese_Male
0,15,-37,8.033083862467748,Chinese_Male
0,15,-36,8.273824627541957,Chinese_Male
0,15,-35,8.481219770933347,Chinese_Male
0,15,-34,8.6049869000303,Chinese_Male
0,15,-33,8.845352082818076,Chinese_Male
0,15,-32,9.045551626343615,Chinese_Male
0,15,-31,9.371033091623628,Chinese_Male
0,15,-30,9.784405505576919,Chinese_Male
0,15,-29,9.737168874172184,Chinese_Male
0,15,-28,9.87567641619289,Chinese_Male
0,15,-27,10.029847673939893,Chinese_Male
0,15,-26,10.060566433807082,Chinese_Male
0,15,-25,10.346549141804534,Chinese_Male
0,15,-24,10.488086816997637,Chinese_Male
0,15,-23,10.513002650773576,Chinese_Male
0,15,-22,10.717021869341133,Chinese_Male
0,15,-21,10.738724863928315,Chinese_Male
0,15,-20,10.72012086927496,Chinese_Male
0,15,-19,10.809233218360308,Chinese_Male
0,15,-18,10.866626347433206,Chinese_Male
0,15,-17,11.041122364983359,Chinese_Male
0,15,-16,11.018460153084195,Chinese_Male
0,15,-15,11.206052030042452,Chinese_Male
0,15,-14,11.206565647334077,Chinese_Male
0,15,-13,11.18686542961912,Chinese_Male
0,15,-12,11.431332106955052,Chinese_Male
0,15,-11,11.308162423606163,Chinese_Male
0,15,-10,11.583785726445608,Chinese_Male
0,15,-9,11.655765135381808,Chinese_Male
0,15,-8,11.625191424196018,Chinese_Male
0,15,-7,11.827065785162198,Chinese_Male
0,15,-6,12.262447830728913,Chinese_Male
0,15,-5,12.257445517025317,Chinese_Male
0,15,-4,12.1765962497033,Chinese_Male
0,15,-3,12.469012395041982,Chinese_Male
0,15,-2,12.620593410594017,Chinese_Male
0,15,-1,12.70573820706555,Chinese_Male
0,16,-61,4.9317328933010405,Chinese_Male
0,16,-60,5.212815594380216,Chinese_Male
0,16,-59,5.221138005322519,Chinese_Male
0,16,-58,5.402587084440251,Chinese_Male
0,16,-57,5.434464599180807,Chinese_Male
0,16,-56,5.513694534146634,Chinese_Male
0,16,-55,5.627247725830337,Chinese_Male
0,16,-54,5.736512846556939,Chinese_Male
0,16,-53,5.742798820594238,Chinese_Male
0,16,-52,5.89468519303254,Chinese_Male
0,16,-51,5.974801352122569,Chinese_Male
0,16,-50,6.032191854812574,Chinese_Male
0,16,-49,6.116676237265787,Chinese_Male
0,16,-48,6.260766008123684,Chinese_Male
0,16,-47,6.514480122645273,Chinese_Male
0,16,-46,6.656430261028344,Chinese_Male
0,16,-45,6.732616604668275,Chinese_Male
0,16,-44,6.824110116778362,Chinese_Male
0,16,-43,6.925295302808833,Chinese_Male
0,16,-42,7.081818884850359,Chinese_Male
0,16,-41,7.226178430286947,Chinese_Male
0,16,-40,7.489744607648538,Chinese_Male
0,16,-39,7.712999458278072,Chinese_Male
0,16,-38,7.931524810252812,Chinese_Male
0,16,-37,8.142875441453642,Chinese_Male
0,16,-36,8.239388117591618,Chinese_Male
0,16,-35,8.303216642393513,Chinese_Male
0,16,-34,8.551517635945602,Chinese_Male
0,16,-33,8.797653958944283,Chinese_Male
0,16,-32,8.998284373796436,Chinese_Male
0,16,-31,9.263220129723337,Chinese_Male
0,16,-30,9.739163723050687,Chinese_Male
0,16,-29,9.75958885209713,Chinese_Male
0,16,-28,9.867114185903144,Chinese_Male
0,16,-27,10.115616851928092,Chinese_Male
0,16,-26,10.303176296500224,Chinese_Male
0,16,-25,10.362043142183277,Chinese_Male
0,16,-24,10.50533979745001,Chinese_Male
0,16,-23,10.592699111211212,Chinese_Male
0,16,-22,10.664786181919487,Chinese_Male
0,16,-21,10.736974745795342,Chinese_Male
0,16,-20,10.869450642118023,Chinese_Male
0,16,-19,10.828690191916513,Chinese_Male
0,16,-18,11.05873563627308,Chinese_Male
0,16,-17,11.066175154790452,Chinese_Male
0,16,-16,11.076091850517784,Chinese_Male
0,16,-15,11.124414934146076,Chinese_Male
0,16,-14,11.140762945767607,Chinese_Male
0,16,-13,11.203449483130331,Chinese_Male
0,16,-12,11.083858260400989,Chinese_Male
0,16,-11,11.21442765550598,Chinese_Male
0,16,-10,11.267898689163372,Chinese_Male
0,16,-9,11.515059324612107,Chinese_Male
0,16,-8,11.59647779479326,Chinese_Male
0,16,-7,11.848268152117345,Chinese_Male
0,16,-6,11.996505872076096,Chinese_Male
0,16,-5,12.077304145209611,Chinese_Male
0,16,-4,12.360550676477569,Chinese_Male
0,16,-3,12.431027588964415,Chinese_Male
0,16,-2,12.612503286612867,Chinese_Male
0,16,-1,12.62405554421074,Chinese_Male
0,17,-61,4.923748436377186,Chinese_Male
0,17,-60,5.290580123386386,Chinese_Male
0,17,-59,5.241414269420859,Chinese_Male
0,17,-58,5.305757628423169,Chinese_Male
0,17,-57,5.388141213185098,Chinese_Male
0,17,-56,5.49455806721684,Chinese_Male
0,17,-55,5.563782525914957,Chinese_Male
0,17,-54,5.711119831944413,Chinese_Male
0,17,-53,5.770015876616013,Chinese_Male
0,17,-52,5.809933760064233,Chinese_Male
0,17,-51,6.102111594012029,Chinese_Male
0,17,-50,6.135897158906773,Chinese_Male
0,17,-49,6.218762627873838,Chinese_Male
0,17,-48,6.428768900325372,Chinese_Male
0,17,-47,6.640485540878258,Chinese_Male
0,17,-46,6.706228991160726,Chinese_Male
0,17,-45,6.8470751747537095,Chinese_Male
0,17,-44,6.950519683775433,Chinese_Male
0,17,-43,7.085292142377435,Chinese_Male
0,17,-42,7.234552625473668,Chinese_Male
0,17,-41,7.313999885450276,Chinese_Male
0,17,-40,7.47651184332407,Chinese_Male
0,17,-39,7.800795770832944,Chinese_Male
0,17,-38,7.901977802810658,Chinese_Male
0,17,-37,8.1501948800527,Chinese_Male
0,17,-36,8.331822960089898,Chinese_Male
0,17,-35,8.511785964723016,Chinese_Male
0,17,-34,8.731530825030745,Chinese_Male
0,17,-33,8.995512843161501,Chinese_Male
0,17,-32,9.231119358565877,Chinese_Male
0,17,-31,9.449284434938356,Chinese_Male
0,17,-30,9.779185299900817,Chinese_Male
0,17,-29,9.819950331125828,Chinese_Male
0,17,-28,9.933899582163162,Chinese_Male
0,17,-27,10.077878413613284,Chinese_Male
0,17,-26,10.215423792972917,Chinese_Male
0,17,-25,10.458450255651005,Chinese_Male
0,17,-24,10.619209468435672,Chinese_Male
0,17,-23,10.66026784940834,Chinese_Male
0,17,-22,10.751845660955565,Chinese_Male
0,17,-21,10.967990339347907,Chinese_Male
0,17,-20,10.939723476397113,Chinese_Male
0,17,-19,10.816308481471655,Chinese_Male
0,17,-18,11.06407200540752,Chinese_Male
0,17,-17,10.976700905479403,Chinese_Male
0,17,-16,10.996848266546602,Chinese_Male
0,17,-15,11.118972461086319,Chinese_Male
0,17,-14,11.12431227037599,Chinese_Male
0,17,-13,11.315852512484106,Chinese_Male
0,17,-12,11.195347195124217,Chinese_Male
0,17,-11,11.45438866184245,Chinese_Male
0,17,-10,11.585677265591011,Chinese_Male
0,17,-9,11.574003650745361,Chinese_Male
0,17,-8,11.753445635528331,Chinese_Male
0,17,-7,11.846340664212333,Chinese_Male
0,17,-6,12.126565078132582,Chinese_Male
0,17,-5,12.087094437156116,Chinese_Male
0,17,-4,12.257694437851095,Chinese_Male
0,17,-3,12.293082766893242,Chinese_Male
0,17,-2,12.572052666707117,Chinese_Male
0,17,-1,12.695527874208699,Chinese_Male
0,18,-61,4.94237883586618,Chinese_Male
0,18,-60,5.308725180154492,Chinese_Male
0,18,-59,5.325053858826511,Chinese_Male
0,18,-58,5.35293095314944,Chinese_Male
0,18,-57,5.490540276965087,Chinese_Male
0,18,-56,5.532831001076426,Chinese_Male
0,18,-55,5.59904097031239,Chinese_Male
0,18,-54,5.699577552575082,Chinese_Male
0,18,-53,5.808573372646859,Chinese_Male
0,18,-52,5.954903316457391,Chinese_Male
0,18,-51,5.970411343781553,Chinese_Male
0,18,-50,6.129415577400886,Chinese_Male
0,18,-49,6.216635828069504,Chinese_Male
0,18,-48,6.388363141441422,Chinese_Male
0,18,-47,6.577482831761766,Chinese_Male
0,18,-46,6.716603726604972,Chinese_Male
0,18,-45,6.859338592977149,Chinese_Male
0,18,-44,6.942493679521649,Chinese_Male
0,18,-43,7.1761545450954065,Chinese_Male
0,18,-42,7.1552857474286595,Chinese_Male
0,18,-41,7.449550392332806,Chinese_Male
0,18,-40,7.712811206260987,Chinese_Male
0,18,-39,7.76343563783087,Chinese_Male
0,18,-38,7.8927443629849865,Chinese_Male
0,18,-37,8.197771230946586,Chinese_Male
0,18,-36,8.36263457425599,Chinese_Male
0,18,-35,8.522574033119371,Chinese_Male
0,18,-34,8.722619281016629,Chinese_Male
0,18,-33,9.071476521923472,Chinese_Male
0,18,-32,9.169846994152865,Chinese_Male
0,18,-31,9.431895247535083,Chinese_Male
0,18,-30,9.927091127390419,Chinese_Male
0,18,-29,9.880311810154526,Chinese_Male
0,18,-28,9.952736488800602,Chinese_Male
0,18,-27,10.165362975161246,Chinese_Male
0,18,-26,10.4511511063698,Chinese_Male
0,18,-25,10.52559092395889,Chinese_Male
0,18,-24,10.620934766480909,Chinese_Male
0,18,-23,10.715708865364958,Chinese_Male
0,18,-22,10.889399637832566,Chinese_Male
0,18,-21,10.803479234848352,Chinese_Male
0,18,-20,10.936209834683156,Chinese_Male
0,18,-19,11.120544795259574,Chinese_Male
0,18,-18,11.037390159735317,Chinese_Male
0,18,-17,11.051859274900684,Chinese_Male
0,18,-16,11.063484916704187,Chinese_Male
0,18,-15,11.158883930191212,Chinese_Male
0,18,-14,11.201082088870203,Chinese_Male
0,18,-13,11.100259816838342,Chinese_Male
0,18,-12,11.111730494081796,Chinese_Male
0,18,-11,11.19380600652394,Chinese_Male
0,18,-10,11.515690317211115,Chinese_Male
0,18,-9,11.505552175235776,Chinese_Male
0,18,-8,11.592649310872895,Chinese_Male
0,18,-7,11.757676220581716,Chinese_Male
0,18,-6,11.881976123459188,Chinese_Male
0,18,-5,12.116465312995633,Chinese_Male
0,18,-4,12.069784001898883,Chinese_Male
0,18,-3,12.251099560175929,Chinese_Male
0,18,-2,12.525534453815505,Chinese_Male
0,18,-1,12.59546661221156,Chinese_Male
0,19,-61,4.937055864583611,Chinese_Male
0,19,-60,5.17134117891026,Chinese_Male
0,19,-59,5.2591560005069065,Chinese_Male
0,19,-58,5.273481143084142,Chinese_Male
0,19,-57,5.35157011897796,Chinese_Male
0,19,-56,5.470637483554599,Chinese_Male
0,19,-55,5.5402768963166675,Chinese_Male
0,19,-54,5.58646321475565,Chinese_Male
0,19,-53,5.663415740530732,Chinese_Male
0,19,-52,5.8143943617994065,Chinese_Male
0,19,-51,5.935291277053426,Chinese_Male
0,19,-50,6.027870800475315,Chinese_Male
0,19,-49,6.125183436483124,Chinese_Male
0,19,-48,6.296918529230376,Chinese_Male
0,19,-47,6.428376420186067,Chinese_Male
0,19,-46,6.619081213429058,Chinese_Male
0,19,-45,6.7285287985937945,Chinese_Male
0,19,-44,6.8943376539989565,Chinese_Male
0,19,-43,7.031959862521234,Chinese_Male
0,19,-42,7.021885391694378,Chinese_Male
0,19,-41,7.138356975123618,Chinese_Male
0,19,-40,7.357416964403864,Chinese_Male
0,19,-39,7.714867464928175,Chinese_Male
0,19,-38,7.8151834684493355,Chinese_Male
0,19,-37,7.9434207396292695,Chinese_Male
0,19,-36,8.183202232935804,Chinese_Male
0,19,-35,8.448855565744287,Chinese_Male
0,19,-34,8.703013884185575,Chinese_Male
0,19,-33,8.963714093912307,Chinese_Male
0,19,-32,9.206610412800673,Chinese_Male
0,19,-31,9.49797415966752,Chinese_Male
0,19,-30,9.801806191163932,Chinese_Male
0,19,-29,9.735444260485652,Chinese_Male
0,19,-28,9.963011165148297,Chinese_Male
0,19,-27,10.029847673939893,Chinese_Male
0,19,-26,10.24467462748202,Chinese_Male
0,19,-25,10.40336047652659,Chinese_Male
0,19,-24,10.446679663911942,Chinese_Male
0,19,-23,10.589234047713925,Chinese_Male
0,19,-22,10.717021869341133,Chinese_Male
0,19,-21,10.908486322826791,Chinese_Male
0,19,-20,10.918641626113386,Chinese_Male
0,19,-19,10.910055717697002,Chinese_Male
0,19,-18,10.971574940410544,Chinese_Male
0,19,-17,10.955227085644752,Chinese_Male
0,19,-16,11.086897793786582,Chinese_Male
0,19,-15,11.162512245564384,Chinese_Male
0,19,-14,11.219360617083113,Chinese_Male
0,19,-13,11.21634819141683,Chinese_Male
0,19,-12,11.314268725495662,Chinese_Male
0,19,-11,11.55562221139065,Chinese_Male
0,19,-10,11.479751073448465,Chinese_Male
0,19,-9,11.621539397627014,Chinese_Male
0,19,-8,11.835758039816232,Chinese_Male
0,19,-7,12.152811241109463,Chinese_Male
0,19,-6,12.206153547510434,Chinese_Male
0,19,-5,12.239822991521606,Chinese_Male
0,19,-4,12.38824274072316,Chinese_Male
0,19,-3,12.542982806877248,Chinese_Male
0,19,-2,12.78239589021702,Chinese_Male
0,19,-1,12.713906473351031,Chinese_Male
0,20,-61,4.913102493812046,Chinese_Male
0,20,-60,5.225776349214578,Chinese_Male
0,20,-59,5.205930807248764,Chinese_Male
0,20,-58,5.275963949648683,Chinese_Male
0,20,-57,5.305246732982251,Chinese_Male
0,20,-56,5.482597775385719,Chinese_Male
0,20,-55,5.490915074160261,Chinese_Male
0,20,-54,5.584154758881784,Chinese_Male
0,20,-53,5.652075300521661,Chinese_Male
0,20,-52,5.769788344447666,Chinese_Male
0,20,-51,5.8474911102331095,Chinese_Male
0,20,-50,5.963054985416441,Chinese_Male
0,20,-49,6.078393840787767,Chinese_Male
0,20,-48,6.203347298130702,Chinese_Male
0,20,-47,6.499779490518093,Chinese_Male
0,20,-46,6.619081213429058,Chinese_Male
0,20,-45,6.706045865184156,Chinese_Male
0,20,-44,6.938480677394759,Chinese_Male
0,20,-43,7.140599691857939,Chinese_Male
0,20,-42,7.197819194184518,Chinese_Male
0,20,-41,7.348364802688099,Chinese_Male
0,20,-40,7.552127639463883,Chinese_Male
0,20,-39,7.828815870584499,Chinese_Male
0,20,-38,7.877970859263911,Chinese_Male
0,20,-37,8.095299090559754,Chinese_Male
0,20,-36,8.132453691956357,Chinese_Male
0,20,-35,8.351762950177104,Chinese_Male
0,20,-34,8.558646871156897,Chinese_Male
0,20,-33,8.825919513832456,Chinese_Male
0,20,-32,9.25737894331431,Chinese_Male
0,20,-31,9.4075503851705,Chinese_Male
0,20,-30,9.852268179366266,Chinese_Male
0,20,-29,9.887210264900661,Chinese_Male
0,20,-28,9.848277279265703,Chinese_Male
0,20,-27,10.081309180732811,Chinese_Male
0,20,-26,10.222306342269176,Chinese_Male
0,20,-25,10.42918381049116,Chinese_Male
0,20,-24,10.488086816997637,Chinese_Male
0,20,-23,10.68452329388936,Chinese_Male
0,20,-22,10.687421646468866,Chinese_Male
0,20,-21,10.79297852605051,Chinese_Male
0,20,-20,10.825530120693593,Chinese_Male
0,20,-19,10.888829928362961,Chinese_Male
0,20,-18,10.934220356469458,Chinese_Male
0,20,-17,11.001753695286496,Chinese_Male
0,20,-16,11.011256190904998,Chinese_Male
0,20,-15,11.151627299444868,Chinese_Male
0,20,-14,11.330859639181853,Chinese_Male
0,20,-13,11.328751220770606,Chinese_Male
0,20,-12,11.291970938551016,Chinese_Male
0,20,-11,11.508754827340557,Chinese_Male
0,20,-10,11.496774925757089,Chinese_Male
0,20,-9,11.534073623364769,Chinese_Male
0,20,-8,11.736217457886678,Chinese_Male
0,20,-7,11.867543031167479,Chinese_Male
0,20,-6,11.963505775016985,Chinese_Male
0,20,-5,12.073388028431008,Chinese_Male
0,20,-4,12.226046364427566,Chinese_Male
0,20,-3,12.26109556177529,Chinese_Male
0,20,-2,12.489128895900329,Chinese_Male
0,20,-1,12.730243005921993,Chinese_Male
0,22,-61,6.669683017060122,Chinese_Male
0,22,-60,7.048058478925813,Chinese_Male
0,22,-59,7.12964136357876,Chinese_Male
0,22,-58,7.264692007845669,Chinese_Male
0,22,-57,7.180124829334894,Chinese_Male
0,22,-56,7.429733285492166,Chinese_Male
0,22,-55,7.427778953059258,Chinese_Male
0,22,-54,7.502481590064406,Chinese_Male
0,22,-53,7.657065094125652,Chinese_Male
0,22,-52,7.855119655641546,Chinese_Male
0,22,-51,7.981035163966811,Chinese_Male
0,22,-50,7.959382089229772,Chinese_Male
0,22,-49,8.08821965588379,Chinese_Male
0,22,-48,8.181102864555644,Chinese_Male
0,22,-47,8.398261125228384,Chinese_Male
0,22,-46,8.51143295845956,Chinese_Male
0,22,-45,8.672280587008952,Chinese_Male
0,22,-44,8.802520165335688,Chinese_Male
0,22,-43,8.989452060206219,Chinese_Male
0,22,-42,9.133091021576059,Chinese_Male
0,22,-41,9.284255140418871,Chinese_Male
0,22,-40,9.495453600257093,Chinese_Male
0,22,-39,9.668802420936618,Chinese_Male
0,22,-38,9.889014053295414,Chinese_Male
0,22,-37,9.981884389467329,Chinese_Male
0,22,-36,10.156957987457861,Chinese_Male
0,22,-35,10.306201341316504,Chinese_Male
0,22,-34,10.578002744755556,Chinese_Male
0,22,-33,10.633148429495106,Chinese_Male
0,22,-32,10.934491089247574,Chinese_Male
0,22,-31,11.299493974646564,Chinese_Male
0,22,-30,11.519253858602028,Chinese_Male
0,22,-29,11.549737858719647,Chinese_Male
0,22,-28,11.78334132474827,Chinese_Male
0,22,-27,11.956223411554824,Chinese_Male
0,22,-26,12.159743969166179,Chinese_Male
0,22,-25,12.17311963089848,Chinese_Male
0,22,-24,12.353134003899173,Chinese_Male
0,22,-23,12.58511062215215,Chinese_Male
0,22,-22,12.82734364117565,Chinese_Male
0,22,-21,12.996377255464745,Chinese_Male
0,22,-20,13.077774459338382,Chinese_Male
0,22,-19,13.136994781993454,Chinese_Male
0,22,-18,13.095449855918034,Chinese_Male
0,22,-17,13.12050391897212,Chinese_Male
0,22,-16,13.20486267447096,Chinese_Male
0,22,-15,13.190740539167663,Chinese_Male
0,22,-14,13.239137984609478,Chinese_Male
0,22,-13,13.267242808970131,Chinese_Male
0,22,-12,13.246743594031626,Chinese_Male
0,22,-11,13.428442878032321,Chinese_Male
0,22,-10,13.537745663646508,Chinese_Male
0,22,-9,13.669379373288711,Chinese_Male
0,22,-8,13.709800918836141,Chinese_Male
0,22,-7,13.924172625816771,Chinese_Male
0,22,-6,14.001747063961952,Chinese_Male
0,22,-5,14.156762154647451,Chinese_Male
0,22,-4,14.245589049766597,Chinese_Male
0,22,-3,14.30827668932427,Chinese_Male
0,22,-2,14.590538600004043,Chinese_Male
0,22,-1,14.790688176434552,Chinese_Male
0,23,-61,6.6510526175711275,Chinese_Male
0,23,-60,7.169889574368811,Chinese_Male
0,23,-59,7.1828665568369034,Chinese_Male
0,23,-58,7.249795168458426,Chinese_Male
0,23,-57,7.309342695533451,Chinese_Male
0,23,-56,7.372323884702786,Chinese_Male
0,23,-55,7.54765766401053,Chinese_Male
0,23,-54,7.56942681040652,Chinese_Male
0,23,-53,7.738716262190973,Chinese_Male
0,23,-52,7.935410486874679,Chinese_Male
0,23,-51,7.965670134773256,Chinese_Male
0,23,-50,8.203521659284865,Chinese_Male
0,23,-49,8.254110040621876,Chinese_Male
0,23,-48,8.446930225634263,Chinese_Male
0,23,-47,8.639771510174937,Chinese_Male
0,23,-46,8.72515250861103,Chinese_Male
0,23,-45,8.858275763397785,Chinese_Male
0,23,-44,9.087443316344958,Chinese_Male
0,23,-43,9.135622012404692,Chinese_Male
0,23,-42,9.162091098909597,Chinese_Male
0,23,-41,9.349166650756983,Chinese_Male
0,23,-40,9.656137167054197,Chinese_Male
0,23,-39,9.849999065996675,Chinese_Male
0,23,-38,9.94441469224945,Chinese_Male
0,23,-37,10.126443301798751,Chinese_Male
0,23,-36,10.403450900786602,Chinese_Male
0,23,-35,10.577701062624737,Chinese_Male
0,23,-34,10.699199743347533,Chinese_Male
0,23,-33,10.9723350881532,Chinese_Male
0,23,-32,11.137565211302125,Chinese_Male
0,23,-31,11.51164206096649,Chinese_Male
0,23,-30,11.945570655483827,Chinese_Male
0,23,-29,11.87051600441501,Chinese_Male
0,23,-28,11.978560175354476,Chinese_Male
0,23,-27,12.20152326060107,Chinese_Male
0,23,-26,12.367941085378025,Chinese_Male
0,23,-25,12.682700087799336,Chinese_Male
0,23,-24,12.737875467987095,Chinese_Male
0,23,-23,12.772224051005734,Chinese_Male
0,23,-22,13.06414542415378,Chinese_Male
0,23,-21,13.00337772799664,Chinese_Male
0,23,-20,13.160345039616312,Chinese_Male
0,23,-19,13.168833465994517,Chinese_Male
0,23,-18,13.234195453413497,Chinese_Male
0,23,-17,13.260083747897355,Chinese_Male
0,23,-16,13.255290409725347,Chinese_Male
0,23,-15,13.319545734915279,Chinese_Male
0,23,-14,13.398161180061782,Chinese_Male
0,23,-13,13.307781606441985,Chinese_Male
0,23,-12,13.389821060259768,Chinese_Male
0,23,-11,13.501555997150463,Chinese_Male
0,23,-10,13.706092647587342,Chinese_Male
0,23,-9,13.654167934286585,Chinese_Male
0,23,-8,13.954823889739663,Chinese_Male
0,23,-7,13.99548967830227,Chinese_Male
0,23,-6,14.085217897699698,Chinese_Male
0,23,-5,14.313406825791544,Chinese_Male
0,23,-4,14.415697444418072,Chinese_Male
0,23,-3,14.544182327069171,Chinese_Male
0,23,-2,14.527840139150133,Chinese_Male
0,23,-1,14.619154584439453,Chinese_Male
0,24,-61,6.690974902190402,Chinese_Male
0,24,-60,7.0325055731245785,Chinese_Male
0,24,-59,7.053605373209986,Chinese_Male
0,24,-58,7.192690617473993,Chinese_Male
0,24,-57,7.228886288277746,Chinese_Male
0,24,-56,7.360363592871666,Chinese_Male
0,24,-55,7.455985708577203,Chinese_Male
0,24,-54,7.467854751956417,Chinese_Male
0,24,-53,7.584486278067589,Chinese_Male
0,24,-52,7.763677320070478,Chinese_Male
0,24,-51,7.855919926247861,Chinese_Male
0,24,-50,7.834071513449281,Chinese_Male
0,24,-49,7.949977668602054,Chinese_Male
0,24,-48,8.155583437892096,Chinese_Male
0,24,-47,8.36675977067014,Chinese_Male
0,24,-46,8.453334439971782,Chinese_Male
0,24,-45,8.631402526264154,Chinese_Male
0,24,-44,8.702195112163409,Chinese_Male
0,24,-43,8.930193971477108,Chinese_Male
0,24,-42,9.020957389219705,Chinese_Male
0,24,-41,9.284255140418871,Chinese_Male
0,24,-40,9.50112478496758,Chinese_Male
0,24,-39,9.67440644088693,Chinese_Male
0,24,-38,9.997968643238352,Chinese_Male
0,24,-37,10.181339091291699,Chinese_Male
0,24,-36,10.258455069416755,Chinese_Male
0,24,-35,10.552528903033245,Chinese_Male
0,24,-34,10.711675904967295,Chinese_Male
0,24,-33,11.065964738720277,Chinese_Male
0,24,-32,11.261860579111376,Chinese_Male
0,24,-31,11.548159354513365,Chinese_Male
0,24,-30,11.799404896552925,Chinese_Male
0,24,-29,11.932602097130243,Chinese_Male
0,24,-28,11.90834988697856,Chinese_Male
0,24,-27,12.074584877178538,Chinese_Male
0,24,-26,12.218245638184383,Chinese_Male
0,24,-25,12.482999638473324,Chinese_Male
0,24,-24,12.64470937354428,Chinese_Male
0,24,-23,12.741038479530136,Chinese_Male
0,24,-22,12.923109068115338,Chinese_Male
0,24,-21,12.978876074135004,Chinese_Male
0,24,-20,13.003987983345338,Chinese_Male
0,24,-19,13.078623861324843,Chinese_Male
0,24,-18,12.953146678999609,Chinese_Male
0,24,-17,13.023871729716188,Chinese_Male
0,24,-16,13.19765871229176,Chinese_Male
0,24,-15,13.24335111207866,Chinese_Male
0,24,-14,13.171507430221718,Chinese_Male
0,24,-13,13.143783743942214,Chinese_Male
0,24,-12,13.384246613523606,Chinese_Male
0,24,-11,13.462187394548387,Chinese_Male
0,24,-10,13.358049444833261,Chinese_Male
0,24,-9,13.568603589899606,Chinese_Male
0,24,-8,13.621745788667688,Chinese_Male
0,24,-7,13.710221468360286,Chinese_Male
0,24,-6,14.040570707560903,Chinese_Male
0,24,-5,14.01969806739637,Chinese_Male
0,24,-4,14.190204921275418,Chinese_Male
0,24,-3,14.284286285485805,Chinese_Male
0,24,-2,14.467164209291509,Chinese_Male
0,24,-1,14.625280784153563,Chinese_Male
0,25,-61,6.746866100657386,Chinese_Male
0,25,-60,7.086940743428897,Chinese_Male
0,25,-59,7.180332023824611,Chinese_Male
0,25,-58,7.292002880055614,Chinese_Male
0,25,-57,7.445874780573434,Chinese_Male
0,25,-56,7.642626480086114,Chinese_Male
0,25,-55,7.63227793056437,Chinese_Male
0,25,-54,7.76333710381126,Chinese_Male
0,25,-53,7.870265366296213,Chinese_Male
0,25,-52,8.013471017240226,Chinese_Male
0,25,-51,8.090785372492208,Chinese_Male
0,25,-50,8.11277951820244,Chinese_Male
0,25,-49,8.171164848252834,Chinese_Male
0,25,-48,8.357612232311848,Chinese_Male
0,25,-47,8.595669613793392,Chinese_Male
0,25,-46,8.770801344565713,Chinese_Male
0,25,-45,8.886890405919143,Chinese_Male
0,25,-44,9.015209278060917,Chinese_Male
0,25,-43,9.26203926836013,Chinese_Male
0,25,-42,9.233624622998994,Chinese_Male
0,25,-41,9.404532350751255,Chinese_Male
0,25,-40,9.673150721185655,Chinese_Male
0,25,-39,9.82758298619543,Chinese_Male
0,25,-38,9.996121955273217,Chinese_Male
0,25,-37,10.172189793042874,Chinese_Male
0,25,-36,10.327328089317431,Chinese_Male
0,25,-35,10.574105039825952,Chinese_Male
0,25,-34,10.727716684192703,Chinese_Male
0,25,-33,10.882238631947143,Chinese_Male
0,25,-32,11.202338853681594,Chinese_Male
0,25,-31,11.534248004590745,Chinese_Male
0,25,-30,11.771563799613705,Chinese_Male
0,25,-29,11.863617549668874,Chinese_Male
0,25,-28,11.92889923967395,Chinese_Male
0,25,-27,12.141484836009333,Chinese_Male
0,25,-26,12.285350493822913,Chinese_Male
0,25,-25,12.32978119028354,Chinese_Male
0,25,-24,12.534290298649092,Chinese_Male
0,25,-23,12.695992654065385,Chinese_Male
0,25,-22,12.841273157821423,Chinese_Male
0,25,-21,12.805614378970581,Chinese_Male
0,25,-20,12.949526536779043,Chinese_Male
0,25,-19,13.007871230211373,Chinese_Male
0,25,-18,13.01362552918994,Chinese_Male
0,25,-17,13.041766579578399,Chinese_Male
0,25,-16,13.05538045925259,Chinese_Male
0,25,-15,13.087333551032257,Chinese_Male
0,25,-14,13.237310131788188,Chinese_Male
0,25,-13,13.193535904475851,Chinese_Male
0,25,-12,13.358232528754854,Chinese_Male
0,25,-11,13.344081586742154,Chinese_Male
0,25,-10,13.480999489284432,Chinese_Male
0,25,-9,13.519166413142683,Chinese_Male
0,25,-8,13.847626339969372,Chinese_Male
0,25,-7,13.931882577436827,Chinese_Male
0,25,-6,14.061923711540327,Chinese_Male
0,25,-5,14.219420023105089,Chinese_Male
0,25,-4,14.368225334282775,Chinese_Male
0,25,-3,14.322271091563374,Chinese_Male
0,25,-2,14.418623465404606,Chinese_Male
0,25,-1,14.735552379007554,Chinese_Male
0,26,-61,6.611130332951854,Chinese_Male
0,26,-60,7.105085800197003,Chinese_Male
0,26,-59,7.1676593587631485,Chinese_Male
0,26,-58,7.22248429624848,Chinese_Male
0,26,-57,7.2995904037448796,Chinese_Male
0,26,-56,7.412988876928598,Chinese_Male
0,26,-55,7.559410478809675,Chinese_Male
0,26,-54,7.631755119000901,Chinese_Male
0,26,-53,7.836244046268995,Chinese_Male
0,26,-52,7.88188326605259,Chinese_Male
0,26,-51,7.970060143114272,Chinese_Male
0,26,-50,8.108458463865183,Chinese_Male
0,26,-49,8.20732044492652,Chinese_Male
0,26,-48,8.361865470089105,Chinese_Male
0,26,-47,8.48436482768759,Chinese_Male
0,26,-46,8.72515250861103,Chinese_Male
0,26,-45,8.856231860360545,Chinese_Male
0,26,-44,8.866728199365946,Chinese_Male
0,26,-43,9.129696203531783,Chinese_Male
0,26,-42,9.189157837754234,Chinese_Male
0,26,-41,9.34153000248191,Chinese_Male
0,26,-40,9.563507816782927,Chinese_Male
0,26,-39,9.790222853193358,Chinese_Male
0,26,-38,10.007202083064024,Chinese_Male
0,26,-37,10.108144705301104,Chinese_Male
0,26,-36,10.32007829774894,Chinese_Male
0,26,-35,10.525558732042361,Chinese_Male
0,26,-34,10.733063610601173,Chinese_Male
0,26,-33,11.025333003568525,Chinese_Male
0,26,-32,11.328384860474074,Chinese_Male
0,26,-31,11.555115029474674,Chinese_Male
0,26,-30,11.872487776018376,Chinese_Male
0,26,-29,11.998137417218544,Chinese_Male
0,26,-28,12.089869169121172,Chinese_Male
0,26,-27,12.259846301633045,Chinese_Male
0,26,-26,12.428163391720293,Chinese_Male
0,26,-25,12.543254084390657,Chinese_Male
0,26,-24,12.663687652041892,Chinese_Male
0,26,-23,12.732375820786915,Chinese_Male
0,26,-22,12.754213678785344,Chinese_Male
0,26,-21,12.859868041092772,Chinese_Male
0,26,-20,12.884524165070887,Chinese_Male
0,26,-19,13.025559387989741,Chinese_Male
0,26,-18,13.065210430822868,Chinese_Male
0,26,-17,13.005976879853979,Chinese_Male
0,26,-16,13.031967582170193,Chinese_Male
0,26,-15,13.159899858495699,Chinese_Male
0,26,-14,13.19709736971979,Chinese_Male
0,26,-13,13.2856695350937,Chinese_Male
0,26,-12,13.384246613523606,Chinese_Male
0,26,-11,13.38345018934423,Chinese_Male
0,26,-10,13.420470236631546,Chinese_Male
0,26,-9,13.587617888652268,Chinese_Male
0,26,-8,13.698315467075039,Chinese_Male
0,26,-7,13.924172625816771,Chinese_Male
0,26,-6,13.896923226244784,Chinese_Male
0,26,-5,14.14109768753304,Chinese_Male
0,26,-4,14.3128412057916,Chinese_Male
0,26,-3,14.274290283886446,Chinese_Male
0,26,-2,14.463119147300931,Chinese_Male
0,26,-1,14.715131713293852,Chinese_Male
0,27,-61,6.693636387831687,Chinese_Male
0,27,-60,7.133599460832599,Chinese_Male
0,27,-59,7.1828665568369034,Chinese_Male
0,27,-58,7.234898329071182,Chinese_Male
0,27,-57,7.3532280085820165,Chinese_Male
0,27,-56,7.415380935294821,Chinese_Male
0,27,-55,7.6346284935241995,Chinese_Male
0,27,-54,7.617904383757705,Chinese_Male
0,27,-53,7.781809934225448,Chinese_Male
0,27,-52,7.88188326605259,Chinese_Male
0,27,-51,7.893234997146495,Chinese_Male
0,27,-50,7.98962946959058,Chinese_Male
0,27,-49,8.152023650013824,Chinese_Male
0,27,-48,8.225761861216851,Chinese_Male
0,27,-47,8.47806455677594,Chinese_Male
0,27,-46,8.557081794414243,Chinese_Male
0,27,-45,8.700895229530312,Chinese_Male
0,27,-44,8.874754203619728,Chinese_Male
0,27,-43,8.991427329830522,Chinese_Male
0,27,-42,9.136957698553863,Chinese_Male
0,27,-41,9.234616926630903,Chinese_Male
0,27,-40,9.404714644889317,Chinese_Male
0,27,-39,9.683746474137447,Chinese_Male
0,27,-38,9.889014053295414,Chinese_Male
0,27,-37,10.108144705301104,Chinese_Male
0,27,-36,10.218581215790046,Chinese_Male
0,27,-35,10.46262833306363,Chinese_Male
0,27,-34,10.66355356729107,Chinese_Male
0,27,-33,10.952902519167578,Chinese_Male
0,27,-32,11.19183501978222,Chinese_Male
0,27,-31,11.574243135618273,Chinese_Male
0,27,-30,11.872487776018376,Chinese_Male
0,27,-29,11.927428256070641,Chinese_Male
0,27,-28,12.03335844920885,Chinese_Male
0,27,-27,12.210100178399891,Chinese_Male
0,27,-26,12.34213152551705,Chinese_Male
0,27,-25,12.62761030867492,Chinese_Male
0,27,-24,12.705094805127587,Chinese_Male
0,27,-23,12.817269876470485,Chinese_Male
0,27,-22,12.954450480568324,Chinese_Male
0,27,-21,13.045380563188017,Chinese_Male
0,27,-20,13.058449429911631,Chinese_Male
0,27,-19,13.110462545325904,Chinese_Male
0,27,-18,13.230637873990537,Chinese_Male
0,27,-17,13.211767653269387,Chinese_Male
0,27,-16,13.357946870778928,Chinese_Male
0,27,-15,13.419324407677516,Chinese_Male
0,27,-14,13.350637006708219,Chinese_Male
0,27,-13,13.434926016694615,Chinese_Male
0,27,-12,13.742869353549994,Chinese_Male
0,27,-11,13.653406321472762,Chinese_Male
0,27,-10,13.766621900240224,Chinese_Male
0,27,-9,13.743535138424095,Chinese_Male
0,27,-8,13.893568147013783,Chinese_Male
0,27,-7,14.062951754977737,Chinese_Male
0,27,-6,14.215277103756188,Chinese_Male
0,27,-5,14.446554796264024,Chinese_Male
0,27,-4,14.577893820713664,Chinese_Male
0,27,-3,14.506197520991604,Chinese_Male
0,27,-2,14.738183362660031,Chinese_Male
0,27,-1,14.93567490300184,Chinese_Male
0,28,-61,6.667021531418838,Chinese_Male
0,28,-60,7.006584063455856,Chinese_Male
0,28,-59,7.137244962615638,Chinese_Male
0,28,-58,7.150482905876804,Chinese_Male
0,28,-57,7.265457382484884,Chinese_Male
0,28,-56,7.3101303671809585,Chinese_Male
0,28,-55,7.517100345532755,Chinese_Male
0,28,-54,7.684849604099818,Chinese_Male
0,28,-53,7.777273758221819,Chinese_Male
0,28,-52,7.9041862747284615,Chinese_Male
0,28,-51,8.009570218183415,Chinese_Male
0,28,-50,7.987468942421951,Chinese_Male
0,28,-49,8.177545247665838,Chinese_Male
0,28,-48,8.33421942453693,Chinese_Male
0,28,-47,8.59356952348951,Chinese_Male
0,28,-46,8.83304975723119,Chinese_Male
0,28,-45,8.96047091525978,Chinese_Male
0,28,-44,8.918897227015531,Chinese_Male
0,28,-43,9.100067159167226,Chinese_Male
0,28,-42,9.198824530198747,Chinese_Male
0,28,-41,9.423623971438936,Chinese_Male
0,28,-40,9.554055842265448,Chinese_Male
0,28,-39,9.730446640390038,Chinese_Male
0,28,-38,9.975808387656738,Chinese_Male
0,28,-37,10.205127266738641,Chinese_Male
0,28,-36,10.311016058288324,Chinese_Male
0,28,-35,10.521962709243576,Chinese_Male
0,28,-34,10.782968257080222,Chinese_Male
0,28,-33,11.117196056955093,Chinese_Male
0,28,-32,11.275865690977206,Chinese_Male
0,28,-31,11.689011772479873,Chinese_Male
0,28,-30,11.89162853016409,Chinese_Male
0,28,-29,11.972268211920529,Chinese_Male
0,28,-28,12.089869169121172,Chinese_Male
0,28,-27,12.263277068752574,Chinese_Male
0,28,-26,12.44536976496094,Chinese_Male
0,28,-25,12.596622307917436,Chinese_Male
0,28,-24,12.786183813253741,Chinese_Male
0,28,-23,12.990523051334915,Chinese_Male
0,28,-22,13.06414542415378,Chinese_Male
0,28,-21,13.166138714363221,Chinese_Male
0,28,-20,13.10939723476397,Chinese_Male
0,28,-19,13.246661360219333,Chinese_Male
0,28,-18,13.2519833505283,Chinese_Male
0,28,-17,13.405032031781253,Chinese_Male
0,28,-16,13.419180549302116,Chinese_Male
0,28,-15,13.410253619244585,Chinese_Male
0,28,-14,13.412784002632108,Chinese_Male
0,28,-13,13.464408778492325,Chinese_Male
0,28,-12,13.508742590631211,Chinese_Male
0,28,-11,13.617787109594689,Chinese_Male
0,28,-10,13.619081846898823,Chinese_Male
0,28,-9,13.734027989047764,Chinese_Male
0,28,-8,13.972052067381316,Chinese_Male
0,28,-7,14.022474508972458,Chinese_Male
0,28,-6,13.974570513442686,Chinese_Male
0,28,-5,14.31928100095945,Chinese_Male
0,28,-4,14.397895403117337,Chinese_Male
0,28,-3,14.672131147540984,Chinese_Male
0,28,-2,14.719980583702444,Chinese_Male
0,28,-1,14.919338370430877,Chinese_Male
0,29,-61,6.645729646288558,Chinese_Male
0,29,-60,7.068795686660791,Chinese_Male
0,29,-59,7.142314028640223,Chinese_Male
0,29,-58,7.185242197780371,Chinese_Male
0,29,-57,7.316656914374878,Chinese_Male
0,29,-56,7.372323884702786,Chinese_Male
0,29,-55,7.5288531603318996,Chinese_Male
0,29,-54,7.594819825019044,Chinese_Male
0,29,-53,7.688818326151055,Chinese_Male
0,29,-52,7.88188326605259,Chinese_Male
0,29,-51,7.965670134773256,Chinese_Male
0,29,-50,8.101976882359295,Chinese_Male
0,29,-49,8.124375252557476,Chinese_Male
0,29,-48,8.317206473427898,Chinese_Male
0,29,-47,8.433962660394396,Chinese_Male
0,29,-46,8.629704942523965,Chinese_Male
0,29,-45,8.835792829988145,Chinese_Male
0,29,-44,8.852682691921828,Chinese_Male
0,29,-43,9.0329079919409,Chinese_Male
0,29,-42,9.09829092877581,Chinese_Male
0,29,-41,9.368258271444663,Chinese_Male
0,29,-40,9.64668519253672,Chinese_Male
0,29,-39,9.782750826592942,Chinese_Male
0,29,-38,10.04598253033185,Chinese_Male
0,29,-37,10.199637687789346,Chinese_Male
0,29,-36,10.405263348678725,Chinese_Male
0,29,-35,10.557922937231421,Chinese_Male
0,29,-34,10.659988949685422,Chinese_Male
0,29,-33,10.898138006571742,Chinese_Male
0,29,-32,11.14456776723504,Chinese_Male
0,29,-31,11.572504216877945,Chinese_Male
0,29,-30,11.881188118811881,Chinese_Male
0,29,-29,11.851545253863135,Chinese_Male
0,29,-28,12.0316460031509,Chinese_Male
0,29,-27,12.107177164814052,Chinese_Male
0,29,-26,12.300836229739495,Chinese_Male
0,29,-25,12.450290082118203,Chinese_Male
0,29,-24,12.489432549472921,Chinese_Male
0,29,-23,12.63708657461148,Chinese_Male
0,29,-22,12.900473603565956,Chinese_Male
0,29,-21,12.96312501093824,Chinese_Male
0,29,-20,13.084801742766288,Chinese_Male
0,29,-19,12.968957283098964,Chinese_Male
0,29,-18,13.08655590736063,Chinese_Male
0,29,-17,12.995239969936653,Chinese_Male
0,29,-16,13.24808644754615,Chinese_Male
0,29,-15,13.196183012227422,Chinese_Male
0,29,-14,13.26472792410755,Chinese_Male
0,29,-13,13.33357902301498,Chinese_Male
0,29,-12,13.31735325268967,Chinese_Male
0,29,-11,13.509054778598479,Chinese_Male
0,29,-10,13.673936482115497,Chinese_Male
0,29,-9,13.642759355034986,Chinese_Male
0,29,-8,13.746171516079633,Chinese_Male
0,29,-7,14.16125363813342,Chinese_Male
0,29,-6,14.230806561195768,Chinese_Male
0,29,-5,14.28795206673063,Chinese_Male
0,29,-4,14.443389508663659,Chinese_Male
0,29,-3,14.468212714914033,Chinese_Male
0,29,-2,14.641101874886234,Chinese_Male
0,29,-1,14.841739840718807,Chinese_Male
0,30,-61,6.643068160647274,Chinese_Male
0,30,-60,6.962517497019026,Chinese_Male
0,30,-59,7.063743505259155,Chinese_Male
0,30,-58,7.145517292747722,Chinese_Male
0,30,-57,7.277647747220597,Chinese_Male
0,30,-56,7.357971534505442,Chinese_Male
0,30,-55,7.4771407752156644,Chinese_Male
0,30,-54,7.516332325307602,Chinese_Male
0,30,-53,7.659333182127466,Chinese_Male
0,30,-52,7.797131833084284,Chinese_Male
0,30,-51,7.873479959611923,Chinese_Male
0,30,-50,8.026358431457275,Chinese_Male
0,30,-49,8.079712456666455,Chinese_Male
0,30,-48,8.29168704676435,Chinese_Male
0,30,-47,8.475964466472059,Chinese_Male
0,30,-46,8.571606424036187,Chinese_Male
0,30,-45,8.735641581163389,Chinese_Male
0,30,-44,8.86873470042939,Chinese_Male
0,30,-43,9.036858531189509,Chinese_Male
0,30,-42,9.1640244373985,Chinese_Male
0,30,-41,9.377804081788502,Chinese_Male
0,30,-40,9.56161742187943,Chinese_Male
0,30,-39,9.799562886443876,Chinese_Male
0,30,-38,10.020128898819966,Chinese_Male
0,30,-37,10.22708558253582,Chinese_Male
0,30,-36,10.414325588139342,Chinese_Male
0,30,-35,10.552528903033245,Chinese_Male
0,30,-34,10.889906785249611,Chinese_Male
0,30,-33,11.044765572554146,Chinese_Male
0,30,-32,11.337138055390216,Chinese_Male
0,30,-31,11.723790147286417,Chinese_Male
0,30,-30,12.053454906123301,Chinese_Male
0,30,-29,12.096440397350994,Chinese_Male
0,30,-28,12.038495787382697,Chinese_Male
0,30,-27,12.3524770138603,Chinese_Male
0,30,-26,12.414398293127775,Chinese_Male
0,30,-25,12.596622307917436,Chinese_Male
0,30,-24,12.919031762737013,Chinese_Male
0,30,-23,12.981860392591694,Chinese_Male
0,30,-22,13.048474717927288,Chinese_Male
0,30,-21,13.187140131958907,Chinese_Male
0,30,-20,13.195481456755855,Chinese_Male
0,30,-19,13.205978597329088,Chinese_Male
0,30,-18,13.264434878508663,Chinese_Male
0,30,-17,13.279768082745786,Chinese_Male
0,30,-16,13.388563710040522,Chinese_Male
0,30,-15,13.526359711186094,Chinese_Male
0,30,-14,13.564495786799247,Chinese_Male
0,30,-13,13.5768118078461,Chinese_Male
0,30,-12,13.65367820577141,Chinese_Male
0,30,-11,13.720895354504892,Chinese_Male
0,30,-10,13.768513439385627,Chinese_Male
0,30,-9,13.79107088530575,Chinese_Male
0,30,-8,13.876339969372129,Chinese_Male
0,30,-7,14.136196295368247,Chinese_Male
0,30,-6,14.199747646316608,Chinese_Male
0,30,-5,14.4054355700887,Chinese_Male
0,30,-4,14.50470765092175,Chinese_Male
0,30,-3,14.692123150739706,Chinese_Male
0,30,-2,14.954594179155794,Chinese_Male
0,30,-1,15.084745762711865,Chinese_Male
0,31,-61,6.624437761158279,Chinese_Male
0,31,-60,7.048058478925813,Chinese_Male
0,31,-59,7.12964136357876,Chinese_Male
0,31,-58,7.31434813913648,Chinese_Male
0,31,-57,7.362980300370587,Chinese_Male
0,31,-56,7.487142686281545,Chinese_Male
0,31,-55,7.564111604729333,Chinese_Male
0,31,-54,7.629446663127035,Chinese_Male
0,31,-53,7.763665230210933,Chinese_Male
0,31,-52,7.906416575596048,Chinese_Male
0,31,-51,8.042495280741035,Chinese_Male
0,31,-50,8.108458463865183,Chinese_Male
0,31,-49,8.20306684531785,Chinese_Male
0,31,-48,8.306573378984753,Chinese_Male
0,31,-47,8.625070878047756,Chinese_Male
0,31,-46,8.67535377847865,Chinese_Male
0,31,-45,8.866451375546744,Chinese_Male
0,31,-44,8.896825715317629,Chinese_Male
0,31,-43,9.076363923675581,Chinese_Male
0,31,-42,9.285824762199365,Chinese_Male
0,31,-41,9.328165868000534,Chinese_Male
0,31,-40,9.603206109756329,Chinese_Male
0,31,-39,9.81637494629481,Chinese_Male
0,31,-38,9.961034883935662,Chinese_Male
0,31,-37,10.113634284250397,Chinese_Male
0,31,-36,10.29107913147497,Chinese_Male
0,31,-35,10.552528903033245,Chinese_Male
0,31,-34,10.786532874685868,Chinese_Male
0,31,-33,11.039465781012614,Chinese_Male
0,31,-32,11.36689891810511,Chinese_Male
0,31,-31,11.622932860347436,Chinese_Male
0,31,-30,12.03605422053629,Chinese_Male
0,31,-29,12.056774282560706,Chinese_Male
0,31,-28,12.184053702308377,Chinese_Male
0,31,-27,12.385069301495815,Chinese_Male
0,31,-26,12.421280842424034,Chinese_Male
0,31,-25,12.543254084390657,Chinese_Male
0,31,-24,12.601576922413345,Chinese_Male
0,31,-23,12.721980630295048,Chinese_Male
0,31,-22,12.926591447276781,Chinese_Male
0,31,-21,12.861618159225749,Chinese_Male
0,31,-20,12.94601289506509,Chinese_Male
0,31,-19,13.076855045547006,Chinese_Male
0,31,-18,13.026077057170301,Chinese_Male
0,31,-17,13.12050391897212,Chinese_Male
0,31,-16,13.20486267447096,Chinese_Male
0,31,-15,13.265121004317695,Chinese_Male
0,31,-14,13.401816885704362,Chinese_Male
0,31,-13,13.433083344082256,Chinese_Male
0,31,-12,13.436274783061114,Chinese_Male
0,31,-11,13.572794420906604,Chinese_Male
0,31,-10,13.528287967919498,Chinese_Male
0,31,-9,13.675083662914512,Chinese_Male
0,31,-8,13.694486983154672,Chinese_Male
0,31,-7,13.99548967830227,Chinese_Male
0,31,-6,14.188100553236922,Chinese_Male
0,31,-5,14.342777701631062,Chinese_Male
0,31,-4,14.277237123190126,Chinese_Male
0,31,-3,14.548180727708917,Chinese_Male
0,31,-2,14.839309912424408,Chinese_Male
0,31,-1,14.903001837859915,Chinese_Male
0,33,-61,8.258589944907248,Chinese_Male
0,33,-60,8.644823474519155,Chinese_Male
0,33,-59,8.769484222531998,Chinese_Male
0,33,-58,8.779204012215407,Chinese_Male
0,33,-57,8.857519016968988,Chinese_Male
0,33,-56,8.975002990072959,Chinese_Male
0,33,-55,9.021460639823237,Chinese_Male
0,33,-54,9.256908054202544,Chinese_Male
0,33,-53,9.408029031526423,Chinese_Male
0,33,-52,9.634899747976002,Chinese_Male
0,33,-51,9.693138416962991,Chinese_Male
0,33,-50,9.862806524792049,Chinese_Male
0,33,-49,9.95980348369808,Chinese_Male
0,33,-48,10.112072815430746,Chinese_Male
0,33,-47,10.372346010878468,Chinese_Male
0,33,-46,10.528281528821015,Chinese_Male
0,33,-45,10.85312512774394,Chinese_Male
0,33,-44,10.89530077450941,Chinese_Male
0,33,-43,11.04175719985778,Chinese_Male
0,33,-42,11.199829866212976,Chinese_Male
0,33,-41,11.407243360888906,Chinese_Male
0,33,-40,11.584339968619444,Chinese_Male
0,33,-39,11.82074608185605,Chinese_Male
0,33,-38,12.027478716921202,Chinese_Male
0,33,-37,12.245420776226464,Chinese_Male
0,33,-36,12.449704570993584,Chinese_Male
0,33,-35,12.620242012334359,Chinese_Male
0,33,-34,12.84153492434099,Chinese_Male
0,33,-33,13.302476769247077,Chinese_Male
0,33,-32,13.465915058996533,Chinese_Male
0,33,-31,13.678334811414263,Chinese_Male
0,33,-30,13.896187509787886,Chinese_Male
0,33,-29,14.069398454746137,Chinese_Male
0,33,-28,14.209877388862251,Chinese_Male
0,33,-27,14.409221902017292,Chinese_Male
0,33,-26,14.486045631301833,Chinese_Male
0,33,-25,14.679704581059443,Chinese_Male
0,33,-24,14.942806369800381,Chinese_Male
0,33,-23,15.040108109981116,Chinese_Male
0,33,-22,15.130937456470262,Chinese_Male
0,33,-21,15.210276693676821,Chinese_Male
0,33,-20,15.312450589413398,Chinese_Male
0,33,-19,15.388697267179625,Chinese_Male
0,33,-18,15.338503682094704,Chinese_Male
0,33,-17,15.4575713109767,Chinese_Male
0,33,-16,15.394867176947322,Chinese_Male
0,33,-15,15.569101266282065,Chinese_Male
0,33,-14,15.478257690690745,Chinese_Male
0,33,-13,15.662717205034182,Chinese_Male
0,33,-12,15.770109816600703,Chinese_Male
0,33,-11,15.618087060852611,Chinese_Male
0,33,-10,15.590065636408346,Chinese_Male
0,33,-9,15.833206571341648,Chinese_Male
0,33,-8,16.11217457886677,Chinese_Male
0,33,-7,16.237158111832848,Chinese_Male
0,33,-6,16.37193050567796,Chinese_Male
0,33,-5,16.508390280198153,Chinese_Male
0,33,-4,16.729962813513726,Chinese_Male
0,33,-3,16.779288284686125,Chinese_Male
0,33,-2,17.043868697287788,Chinese_Male
0,33,-1,17.177863998366348,Chinese_Male
0,34,-61,8.226652117211827,Chinese_Male
0,34,-60,8.740733060293431,Chinese_Male
0,34,-59,8.685844633126347,Chinese_Male
0,34,-58,8.818928917248057,Chinese_Male
0,34,-57,8.952603861907548,Chinese_Male
0,34,-56,9.152015309173542,Chinese_Male
0,34,-55,9.202453987730062,Chinese_Male
0,34,-54,9.277684157067338,Chinese_Male
0,34,-53,9.417101383533682,Chinese_Male
0,34,-52,9.753105693958116,Chinese_Male
0,34,-51,9.89727380482023,Chinese_Male
0,34,-50,9.981635519066652,Chinese_Male
0,34,-49,10.102299070588487,Chinese_Male
0,34,-48,10.331114560959529,Chinese_Male
0,34,-47,10.460549803641557,Chinese_Male
0,34,-46,10.619579200730382,Chinese_Male
0,34,-45,10.7999836487757,Chinese_Male
0,34,-44,10.937437296841768,Chinese_Male
0,34,-43,11.097064749338283,Chinese_Male
0,34,-42,11.197896527724074,Chinese_Male
0,34,-41,11.288875312625288,Chinese_Male
0,34,-40,11.542751280742547,Chinese_Male
0,34,-39,11.846898174957502,Chinese_Male
0,34,-38,12.058872412328489,Chinese_Male
0,34,-37,12.183205548134458,Chinese_Male
0,34,-36,12.447892123101461,Chinese_Male
0,34,-35,12.665192297319164,Chinese_Male
0,34,-34,12.802324130678883,Chinese_Male
0,34,-33,13.037487192170442,Chinese_Male
0,34,-32,13.163054514897937,Chinese_Male
0,34,-31,13.655728867790007,Chinese_Male
0,34,-30,13.990151211957752,Chinese_Male
0,34,-29,14.067673841059602,Chinese_Male
0,34,-28,14.244126310021235,Chinese_Male
0,34,-27,14.306298888431455,Chinese_Male
0,34,-26,14.439588423552083,Chinese_Male
0,34,-25,14.679704581059443,Chinese_Male
0,34,-24,14.79615603595521,Chinese_Male
0,34,-23,14.806216323914137,Chinese_Male
0,34,-22,14.998607048335423,Chinese_Male
0,34,-21,15.09826913316649,Chinese_Male
0,34,-20,15.20352769628081,Chinese_Male
0,34,-19,15.257804899619703,Chinese_Male
0,34,-18,15.31537941584546,Chinese_Male
0,34,-17,15.42178161125228,Chinese_Male
0,34,-16,15.466906798739307,Chinese_Male
0,34,-15,15.56728710859548,Chinese_Male
0,34,-14,15.699427882066935,Chinese_Male
0,34,-13,15.684829276382464,Chinese_Male
0,34,-12,15.640039392756936,Chinese_Male
0,34,-11,15.76993738517491,Chinese_Male
0,34,-10,15.85488111676471,Chinese_Male
0,34,-9,15.975813811986614,Chinese_Male
0,34,-8,16.114088820826954,Chinese_Male
0,34,-7,16.308475164318345,Chinese_Male
0,34,-6,16.39328350965738,Chinese_Male
0,34,-5,16.686573593624562,Chinese_Male
0,34,-4,16.476778226125486,Chinese_Male
0,34,-3,16.771291483406635,Chinese_Male
0,34,-2,16.873976093683634,Chinese_Male
0,34,-1,17.130896467224833,Chinese_Male
0,35,-61,8.239959545418253,Chinese_Male
0,35,-60,8.73814090932656,Chinese_Male
0,35,-59,8.784691420605753,Chinese_Male
0,35,-58,8.848722596022544,Chinese_Male
0,35,-57,8.933099278330408,Chinese_Male
0,35,-56,9.070685324721923,Chinese_Male
0,35,-55,9.150741602613827,Chinese_Male
0,35,-54,9.256908054202544,Chinese_Male
0,35,-53,9.328645951462915,Chinese_Male
0,35,-52,9.523384704596651,Chinese_Male
0,35,-51,9.574608191755564,Chinese_Male
0,35,-50,9.823917035756724,Chinese_Male
0,35,-49,9.927901486633063,Chinese_Male
0,35,-48,10.039767773217362,Chinese_Male
0,35,-47,10.170737341705694,Chinese_Male
0,35,-46,10.447358592355895,Chinese_Male
0,35,-45,10.64260311490823,Chinese_Male
0,35,-44,10.596332116056022,Chinese_Male
0,35,-43,10.879785090664877,Chinese_Male
0,35,-42,10.998762663367103,Chinese_Male
0,35,-41,11.139960671261383,Chinese_Male
0,35,-40,11.410423637497873,Chinese_Male
0,35,-39,11.663833523247343,Chinese_Male
0,35,-38,11.80218278517479,Chinese_Male
0,35,-37,12.07890354809786,Chinese_Male
0,35,-36,12.230398376046688,Chinese_Male
0,35,-35,12.4476329179927,Chinese_Male
0,35,-34,12.641916338424796,Chinese_Male
0,35,-33,12.970356499311029,Chinese_Male
0,35,-32,13.15955323693148,Chinese_Male
0,35,-31,13.443580781470082,Chinese_Male
0,35,-30,13.756982025091787,Chinese_Male
0,35,-29,13.862444812362032,Chinese_Male
0,35,-28,13.877662853620109,Chinese_Male
0,35,-27,14.241114313160422,Chinese_Male
0,35,-26,14.363880381293232,Chinese_Male
0,35,-25,14.416306574620826,Chinese_Male
0,35,-24,14.718517623919533,Chinese_Male
0,35,-23,14.811413919160069,Chinese_Male
0,35,-22,14.894135673492128,Chinese_Male
0,35,-21,15.002012635852921,Chinese_Male
0,35,-20,15.01379104372727,Chinese_Male
0,35,-19,15.126912532059785,Chinese_Male
0,35,-18,15.301149098153616,Chinese_Male
0,35,-17,15.167674743208902,Chinese_Male
0,35,-16,15.29040972534894,Chinese_Male
0,35,-15,15.385871339936868,Chinese_Male
0,35,-14,15.459979162477838,Chinese_Male
0,35,-13,15.550314175680407,Chinese_Male
0,35,-12,15.575004180835053,Chinese_Male
0,35,-11,15.749315736192868,Chinese_Male
0,35,-10,15.735714150604347,Chinese_Male
0,35,-9,15.86743230909644,Chinese_Male
0,35,-8,16.029862174578867,Chinese_Male
0,35,-7,16.133073764962123,Chinese_Male
0,35,-6,16.24187129962147,Chinese_Male
0,35,-5,16.51034833858746,Chinese_Male
0,35,-4,16.623150565709313,Chinese_Male
0,35,-3,16.623350659736104,Chinese_Male
0,35,-2,16.78902979188156,Chinese_Male
0,35,-1,17.088013069226058,Chinese_Male
0,36,-61,8.314481143374232,Chinese_Male
0,36,-60,8.647415625486028,Chinese_Male
0,36,-59,8.63768850589279,Chinese_Male
0,36,-58,8.823894530377139,Chinese_Male
0,36,-57,8.940413497171836,Chinese_Male
0,36,-56,9.008491807200096,Chinese_Male
0,36,-55,9.136638224854853,Chinese_Male
0,36,-54,9.238440407211616,Chinese_Male
0,36,-53,9.489680199591744,Chinese_Male
0,36,-52,9.610366438432544,Chinese_Male
0,36,-51,9.651433337723342,Chinese_Male
0,36,-50,9.8368801987685,Chinese_Male
0,36,-49,9.893872689763713,Chinese_Male
0,36,-48,10.12695914765115,Chinese_Male
0,36,-47,10.298842850242561,Chinese_Male
0,36,-46,10.472257957422086,Chinese_Male
0,36,-45,10.61603237542411,Chinese_Male
0,36,-44,10.73277418837032,Chinese_Male
0,36,-43,10.962746414885633,Chinese_Male
0,36,-42,10.98136261696698,Chinese_Male
0,36,-41,11.3060577712442,Chinese_Male
0,36,-40,11.365054159813985,Chinese_Male
0,36,-39,11.613397343694544,Chinese_Male
0,36,-38,11.874203615815036,Chinese_Male
0,36,-37,12.223462460429285,Chinese_Male
0,36,-36,12.310146083300106,Chinese_Male
0,36,-35,12.399086610209109,Chinese_Male
0,36,-34,12.782718733847826,Chinese_Male
0,36,-33,13.021587817545843,Chinese_Male
0,36,-32,13.094779594552012,Chinese_Male
0,36,-31,13.410541325403862,Chinese_Male
0,36,-30,13.816144356087628,Chinese_Male
0,36,-29,13.846923289183222,Chinese_Male
0,36,-28,13.877662853620109,Chinese_Male
0,36,-27,14.12275284753671,Chinese_Male
0,36,-26,14.205581747479265,Chinese_Male
0,36,-25,14.399091018644446,Chinese_Male
0,36,-24,14.449371128862513,Chinese_Male
0,36,-23,14.52554618063376,Chinese_Male
0,36,-22,14.686934113386267,Chinese_Male
0,36,-21,14.748245506571694,Chinese_Male
0,36,-20,14.827568032887687,Chinese_Male
0,36,-19,14.888122402051826,Chinese_Male
0,36,-18,14.856451670283539,Chinese_Male
0,36,-17,14.927883755055296,Chinese_Male
0,36,-16,14.993246285457001,Chinese_Male
0,36,-15,15.139145894561153,Chinese_Male
0,36,-14,15.065162953079017,Chinese_Male
0,36,-13,15.065691278630524,Chinese_Male
0,36,-12,15.0621550811082,Chinese_Male
0,36,-11,15.284391286415957,Chinese_Male
0,36,-10,15.234456277072653,Chinese_Male
0,36,-9,15.574612108305447,Chinese_Male
0,36,-8,15.78292496171516,Chinese_Male
0,36,-7,15.907557680075557,Chinese_Male
0,36,-6,16.107929729205086,Chinese_Male
0,36,-5,16.296919974153628,Chinese_Male
0,36,-4,16.49062425824828,Chinese_Male
0,36,-3,16.533386645341864,Chinese_Male
0,36,-2,16.710151083065348,Chinese_Male
0,36,-1,16.891974678374517,Chinese_Male
0,37,-61,8.218667660287974,Chinese_Male
0,37,-60,8.613717662916688,Chinese_Male
0,37,-59,8.695982765175517,Chinese_Male
0,37,-58,8.73699630061822,Chinese_Male
0,37,-57,8.759996099083285,Chinese_Male
0,37,-56,8.876928597057768,Chinese_Male
0,37,-55,8.997955010224949,Chinese_Male
0,37,-54,9.067614672545535,Chinese_Male
0,37,-53,9.256067135404853,Chinese_Male
0,37,-52,9.47877868724491,Chinese_Male
0,37,-51,9.660213354405373,Chinese_Male
0,37,-50,9.711569622988009,Chinese_Male
0,37,-49,9.81518109700334,Chinese_Male
0,37,-48,9.995108776556155,Chinese_Male
0,37,-47,10.16863725140181,Chinese_Male
0,37,-46,10.35191102626883,Chinese_Male
0,37,-45,10.530188447860034,Chinese_Male
0,37,-44,10.698663670291745,Chinese_Male
0,37,-43,10.887686169162091,Chinese_Male
0,37,-42,10.98136261696698,Chinese_Male
0,37,-41,10.985318543691173,Chinese_Male
0,37,-40,11.261082440121742,Chinese_Male
0,37,-39,11.660097509947136,Chinese_Male
0,37,-38,11.739395394360216,Chinese_Male
0,37,-37,11.932514776116673,Chinese_Male
0,37,-36,12.14883822090115,Chinese_Male
0,37,-35,12.343348256827948,Chinese_Male
0,37,-34,12.615181706382447,Chinese_Male
0,37,-33,12.78309719817687,Chinese_Male
0,37,-32,13.105283428451383,Chinese_Male
0,37,-31,13.481836993757282,Chinese_Male
0,37,-30,13.696079625537246,Chinese_Male
0,37,-29,13.831401766004415,Chinese_Male
0,37,-28,13.970134940749364,Chinese_Male
0,37,-27,14.196514340606559,Chinese_Male
0,37,-26,14.351835920024778,Chinese_Male
0,37,-25,14.462788575757054,Chinese_Male
0,37,-24,14.692638153240972,Chinese_Male
0,37,-23,14.802751260416846,Chinese_Male
0,37,-22,14.923735896364395,Chinese_Male
0,37,-21,14.97051050945939,Chinese_Male
0,37,-20,15.034872894010999,Chinese_Male
0,37,-19,15.13575661094897,Chinese_Male
0,37,-18,15.15528834181223,Chinese_Male
0,37,-17,15.164095773236463,Chinese_Male
0,37,-16,15.200360198108958,Chinese_Male
0,37,-15,15.269765247995357,Chinese_Male
0,37,-14,15.42159425323073,Chinese_Male
0,37,-13,15.553999520905121,Chinese_Male
0,37,-12,15.539699351506028,Chinese_Male
0,37,-11,15.589966630422555,Chinese_Male
0,37,-10,15.576824862390525,Chinese_Male
0,37,-9,15.82750228171585,Chinese_Male
0,37,-8,15.983920367534457,Chinese_Male
0,37,-7,16.337387482893543,Chinese_Male
0,37,-6,16.20304765602252,Chinese_Male
0,37,-5,16.508390280198153,Chinese_Male
0,37,-4,16.55392040509534,Chinese_Male
0,37,-3,16.56937225109956,Chinese_Male
0,37,-2,16.801164977853286,Chinese_Male
0,37,-1,16.867469879518072,Chinese_Male
0,38,-61,8.205360232081548,Chinese_Male
0,38,-60,8.707035097724091,Chinese_Male
0,38,-59,8.734000760359905,Chinese_Male
0,38,-58,8.776721205650869,Chinese_Male
0,38,-57,8.947727716013263,Chinese_Male
0,38,-56,9.032412390862337,Chinese_Male
0,38,-55,9.26591918764544,Chinese_Male
0,38,-54,9.249982686580946,Chinese_Male
0,38,-53,9.358131095486504,Chinese_Male
0,38,-52,9.538996810669758,Chinese_Male
0,38,-51,9.644848325211818,Chinese_Male
0,38,-50,9.841201253105758,Chinese_Male
0,38,-49,9.821561496416342,Chinese_Male
0,38,-48,10.058907343215022,Chinese_Male
0,38,-47,10.273641766595963,Chinese_Male
0,38,-46,10.451508486533594,Chinese_Male
0,38,-45,10.650778727057189,Chinese_Male
0,38,-44,10.694650668164854,Chinese_Male
0,38,-43,10.869908742543357,Chinese_Male
0,38,-42,10.956229216611245,Chinese_Male
0,38,-41,11.027320109204071,Chinese_Male
0,38,-40,11.387738898655929,Chinese_Male
0,38,-39,11.611529337044441,Chinese_Male
0,38,-38,11.826189728721538,Chinese_Male
0,38,-37,11.97643140771103,Chinese_Male
0,38,-36,12.217711240801828,Chinese_Male
0,38,-35,12.33795422262977,Chinese_Male
0,38,-34,12.567059368706222,Chinese_Male
0,38,-33,12.784863795357381,Chinese_Male
0,38,-32,13.06676937082035,Chinese_Male
0,38,-31,13.269688907437354,Chinese_Male
0,38,-30,13.814404287528928,Chinese_Male
0,38,-29,13.87796633554084,Chinese_Male
0,38,-28,13.891362422083706,Chinese_Male
0,38,-27,14.030122135309457,Chinese_Male
0,38,-26,14.179772187618294,Chinese_Male
0,38,-25,14.486890354123986,Chinese_Male
0,38,-24,14.635703317748142,Chinese_Male
0,38,-23,14.79582113342227,Chinese_Male
0,38,-22,15.087407716952223,Chinese_Male
0,38,-21,15.02476417158158,Chinese_Male
0,38,-20,15.185959487711036,Chinese_Male
0,38,-19,15.333863978066683,Chinese_Male
0,38,-18,15.361627948343948,Chinese_Male
0,38,-17,15.255359507533731,Chinese_Male
0,38,-16,15.420081044574516,Chinese_Male
0,38,-15,15.494720801132033,Chinese_Male
0,38,-14,15.765230583633405,Chinese_Male
0,38,-13,15.640605133685897,Chinese_Male
0,38,-12,15.716223498151141,Chinese_Male
0,38,-11,15.702448352142776,Chinese_Male
0,38,-10,15.822724951292866,Chinese_Male
0,38,-9,15.99292668086401,Chinese_Male
0,38,-8,16.165773353751913,Chinese_Male
0,38,-7,16.400994583758987,Chinese_Male
0,38,-6,16.406871784917016,Chinese_Male
0,38,-5,16.594544849327406,Chinese_Male
0,38,-4,16.652820634543872,Chinese_Male
0,38,-3,16.853258696521394,Chinese_Male
0,38,-2,16.8800436866695,Chinese_Male
0,38,-1,17.055340004084133,Chinese_Male
0,39,-61,8.197375775157694,Chinese_Male
0,39,-60,8.70444294675722,Chinese_Male
0,39,-59,8.713724496261564,Chinese_Male
0,39,-58,8.848722596022544,Chinese_Male
0,39,-57,9.02818412326897,Chinese_Male
0,39,-56,9.09699796675039,Chinese_Male
0,39,-55,9.24711468396681,Chinese_Male
0,39,-54,9.358480112652646,Chinese_Male
0,39,-53,9.494216375595373,Chinese_Male
0,39,-52,9.623748243638067,Chinese_Male
0,39,-51,9.789718600465342,Chinese_Male
0,39,-50,9.841201253105758,Chinese_Male
0,39,-49,9.930028286437398,Chinese_Male
0,39,-48,10.054654105437764,Chinese_Male
0,39,-47,10.214839238087238,Chinese_Male
0,39,-46,10.426609121467402,Chinese_Male
0,39,-45,10.442300617258716,Chinese_Male
0,39,-44,10.618403627753922,Chinese_Male
0,39,-43,10.856081855173231,Chinese_Male
0,39,-42,10.884695692521847,Chinese_Male
0,39,-41,11.101777429886022,Chinese_Male
0,39,-40,11.374506134331462,Chinese_Male
0,39,-39,11.587245250593092,Chinese_Male
0,39,-38,11.894517183431516,Chinese_Male
0,39,-37,12.051455653351388,Chinese_Male
0,39,-36,12.25939754232066,Chinese_Male
0,39,-35,12.417066724203032,Chinese_Male
0,39,-34,12.727467160960307,Chinese_Male
0,39,-33,12.871427057202418,Chinese_Male
0,39,-32,13.126291096250132,Chinese_Male
0,39,-31,13.448797537691062,Chinese_Male
0,39,-30,13.810924150411527,Chinese_Male
0,39,-29,13.796909492273732,Chinese_Male
0,39,-28,13.911911774779096,Chinese_Male
0,39,-27,13.98380677919583,Chinese_Male
0,39,-26,14.301937437626897,Chinese_Male
0,39,-25,14.535093910857851,Chinese_Male
0,39,-24,14.754748882869514,Chinese_Male
0,39,-23,14.847797085881599,Chinese_Male
0,39,-22,15.003830617077588,Chinese_Male
0,39,-21,15.049265825443218,Chinese_Male
0,39,-20,15.198257233709878,Chinese_Male
0,39,-19,15.16228884761652,Chinese_Male
0,39,-18,15.189085346330355,Chinese_Male
0,39,-17,15.255359507533731,Chinese_Male
0,39,-16,15.257991895542549,Chinese_Male
0,39,-15,15.400384601429556,Chinese_Male
0,39,-14,15.300955967025534,Chinese_Male
0,39,-13,15.340249497871714,Chinese_Male
0,39,-12,15.424494118958693,Chinese_Male
0,39,-11,15.48498369015035,Chinese_Male
0,39,-10,15.58628255811754,Chinese_Male
0,39,-9,15.496653483419532,Chinese_Male
0,39,-8,15.86906584992343,Chinese_Male
0,39,-7,15.95959985351092,Chinese_Male
0,39,-6,16.090459089585558,Chinese_Male
0,39,-5,16.152023653345342,Chinese_Male
0,39,-4,16.439196138935042,Chinese_Male
0,39,-3,16.301479408236705,Chinese_Male
0,39,-2,16.598911878324536,Chinese_Male
0,39,-1,16.920563610373698,Chinese_Male
0,40,-61,8.231975088494398,Chinese_Male
0,40,-60,8.629270568717923,Chinese_Male
0,40,-59,8.663033836015714,Chinese_Male
0,40,-58,8.816446110683517,Chinese_Male
0,40,-57,8.901404330017554,Chinese_Male
0,40,-56,9.044372682693458,Chinese_Male
0,40,-55,9.148391039653998,Chinese_Male
0,40,-54,9.298460259932131,Chinese_Male
0,40,-53,9.410297119528238,Chinese_Male
0,40,-52,9.541227111537347,Chinese_Male
0,40,-51,9.638263312700294,Chinese_Male
0,40,-50,9.774224910878255,Chinese_Male
0,40,-49,9.85984389289436,Chinese_Male
0,40,-48,10.009995108776556,Chinese_Male
0,40,-47,10.143436167755214,Chinese_Male
0,40,-46,10.395484915134665,Chinese_Male
0,40,-45,10.540407963046233,Chinese_Male
0,40,-44,10.708696175608972,Chinese_Male
0,40,-43,10.816576462687157,Chinese_Male
0,40,-42,10.917562446833191,Chinese_Male
0,40,-41,11.18387139884305,Chinese_Male
0,40,-40,11.378286924138452,Chinese_Male
0,40,-39,11.480768871537181,Chinese_Male
0,40,-38,11.748628834185888,Chinese_Male
0,40,-37,11.974601548061264,Chinese_Male
0,40,-36,12.147025773009027,Chinese_Male
0,40,-35,12.269629789452866,Chinese_Male
0,40,-34,12.540324736663875,Chinese_Male
0,40,-33,12.87849344592446,Chinese_Male
0,40,-32,13.14379748608242,Chinese_Male
0,40,-31,13.377501869337646,Chinese_Male
0,40,-30,13.746541613739582,Chinese_Male
0,40,-29,13.8658940397351,Chinese_Male
0,40,-28,13.848551270634976,Chinese_Male
0,40,-27,14.097022094140248,Chinese_Male
0,40,-26,14.22106748339585,Chinese_Male
0,40,-25,14.486890354123986,Chinese_Male
0,40,-24,14.751298286779042,Chinese_Male
0,40,-23,14.90843569708415,Chinese_Male
0,40,-22,14.948112550494496,Chinese_Male
0,40,-21,14.986261572656154,Chinese_Male
0,40,-20,15.14730942885754,Chinese_Male
0,40,-19,15.11276200583709,Chinese_Male
0,40,-18,15.240670247963287,Chinese_Male
0,40,-17,15.153358863319136,Chinese_Male
0,40,-16,15.24538496172895,Chinese_Male
0,40,-15,15.23529625195022,Chinese_Male
0,40,-14,15.324718053702316,Chinese_Male
0,40,-13,15.39000165840535,Chinese_Male
0,40,-12,15.417061523310476,Chinese_Male
0,40,-11,15.666829140264706,Chinese_Male
0,40,-10,15.898386517108973,Chinese_Male
0,40,-9,15.878840888348037,Chinese_Male
0,40,-8,16.079632465543643,Chinese_Male
0,40,-7,16.273780382028104,Chinese_Male
0,40,-6,16.36998932349801,Chinese_Male
0,40,-5,16.522096688923263,Chinese_Male
0,40,-4,16.682490703378434,Chinese_Male
0,40,-3,16.835265893642543,Chinese_Male
0,40,-2,17.019598325344337,Chinese_Male
0,40,-1,17.173779865223608,Chinese_Male
0,41,-61,8.250605487983393,Chinese_Male
0,41,-60,8.673337135154751,Chinese_Male
0,41,-59,8.708655430236979,Chinese_Male
0,41,-58,8.774238399086327,Chinese_Male
0,41,-57,8.84045250633899,Chinese_Male
0,41,-56,8.996531515368975,Chinese_Male
0,41,-55,9.164844980372798,Chinese_Male
0,41,-54,9.30538562755373,Chinese_Male
0,41,-53,9.385348151508278,Chinese_Male
0,41,-52,9.692887570533266,Chinese_Male
0,41,-51,9.741428508714167,Chinese_Male
0,41,-50,9.9405855028627,Chinese_Male
0,41,-49,10.029987877241116,Chinese_Male
0,41,-48,10.28858218318695,Chinese_Male
0,41,-47,10.345044836927988,Chinese_Male
0,41,-46,10.615429306552683,Chinese_Male
0,41,-45,10.769325103217103,Chinese_Male
0,41,-44,10.885268269192183,Chinese_Male
0,41,-43,10.954845336388418,Chinese_Male
0,41,-42,11.1437630500348,Chinese_Male
0,41,-41,11.344241012619563,Chinese_Male
0,41,-40,11.555984045067015,Chinese_Male
0,41,-39,11.774045915603459,Chinese_Male
0,41,-38,11.97761814186257,Chinese_Male
0,41,-37,12.130139618291278,Chinese_Male
0,41,-36,12.40620582158263,Chinese_Male
0,41,-35,12.485391157379938,Chinese_Male
0,41,-34,12.798759513073236,Chinese_Male
0,41,-33,13.025121011906865,Chinese_Male
0,41,-32,13.219074962361264,Chinese_Male
0,41,-31,13.544438068409063,Chinese_Male
0,41,-30,14.012772103220867,Chinese_Male
0,41,-29,14.109064569536422,Chinese_Male
0,41,-28,14.139667100486333,Chinese_Male
0,41,-27,14.42637573761493,Chinese_Male
0,41,-26,14.439588423552083,Chinese_Male
0,41,-25,14.64871658030196,Chinese_Male
0,41,-24,14.841013785131382,Chinese_Male
0,41,-23,15.123269633916042,Chinese_Male
0,41,-22,15.224961693829226,Chinese_Male
0,41,-21,15.15602303155463,Chinese_Male
0,41,-20,15.356371110837827,Chinese_Male
0,41,-19,15.394003714513133,Chinese_Male
0,41,-18,15.480806859013127,Chinese_Male
0,41,-17,15.357360151748326,Chinese_Male
0,41,-16,15.436289959477712,Chinese_Male
0,41,-15,15.474765066579588,Chinese_Male
0,41,-14,15.582445301504322,Chinese_Male
0,41,-13,15.675615913320682,Chinese_Male
0,41,-12,15.621457903636399,Chinese_Male
0,41,-11,15.768062689812906,Chinese_Male
0,41,-10,15.837857264456087,Chinese_Male
0,41,-9,15.899756616975965,Chinese_Male
0,41,-8,16.054747320061256,Chinese_Male
0,41,-7,16.144638692392206,Chinese_Male
0,41,-6,16.21663593128215,Chinese_Male
0,41,-5,16.32824890838245,Chinese_Male
0,41,-4,16.55589840968431,Chinese_Male
0,41,-3,16.62734906037585,Chinese_Male
0,41,-2,16.914426713589386,Chinese_Male
0,41,-1,16.979783540943437,Chinese_Male
0,42,-61,8.250605487983393,Chinese_Male
0,42,-60,8.621494115817304,Chinese_Male
0,42,-59,8.665568369028007,Chinese_Male
0,42,-58,8.714651041537353,Chinese_Male
0,42,-57,8.857519016968988,Chinese_Male
0,42,-56,8.948690348044492,Chinese_Male
0,42,-55,8.976799943586489,Chinese_Male
0,42,-54,9.178420554491101,Chinese_Male
0,42,-53,9.310501247448402,Chinese_Male
0,42,-52,9.481008988112496,Chinese_Male
0,42,-51,9.576803195926072,Chinese_Male
0,42,-50,9.772064383709624,Chinese_Male
0,42,-49,9.83006869563368,Chinese_Male
0,42,-48,10.078046913212683,Chinese_Male
0,42,-47,10.09933427137367,Chinese_Male
0,42,-46,10.391335020956966,Chinese_Male
0,42,-45,10.460695744593876,Chinese_Male
0,42,-44,10.630442634134596,Chinese_Male
0,42,-43,10.794848496819816,Chinese_Male
0,42,-42,10.940762508700024,Chinese_Male
0,42,-41,11.067412512648199,Chinese_Male
0,42,-40,11.389629293559425,Chinese_Male
0,42,-39,11.465824818336353,Chinese_Male
0,42,-38,11.665527875754833,Chinese_Male
0,42,-37,11.875789126973961,Chinese_Male
0,42,-36,12.090839888353209,Chinese_Male
0,42,-35,12.29659996044375,Chinese_Male
0,42,-34,12.488637781382002,Chinese_Male
0,42,-33,12.9173585838957,Chinese_Male
0,42,-32,13.101782150484928,Chinese_Male
0,42,-31,13.340984575790774,Chinese_Male
0,42,-30,13.797003601941919,Chinese_Male
0,42,-29,13.731374172185431,Chinese_Male
0,42,-28,13.788615658606753,Chinese_Male
0,42,-27,13.944352957321257,Chinese_Male
0,42,-26,14.222788120719915,Chinese_Male
0,42,-25,14.42319279701138,Chinese_Male
0,42,-24,14.476975897586309,Chinese_Male
0,42,-23,14.691869228503613,Chinese_Male
0,42,-22,14.779217161164507,Chinese_Male
0,42,-21,14.858502948949054,Chinese_Male
0,42,-20,15.043656998295884,Chinese_Male
0,42,-19,15.087998584947378,Chinese_Male
0,42,-18,15.09836707104486,Chinese_Male
0,42,-17,15.008410579435239,Chinese_Male
0,42,-16,15.254389914452949,Chinese_Male
0,42,-15,15.173614890606292,Chinese_Male
0,42,-14,15.388692902447495,Chinese_Male
0,42,-13,15.231531813742652,Chinese_Male
0,42,-12,15.396621885277886,Chinese_Male
0,42,-11,15.46998612725432,Chinese_Male
0,42,-10,15.588174097262945,Chinese_Male
0,42,-9,15.629753574688166,Chinese_Male
0,42,-8,15.729326186830015,Chinese_Male
0,42,-7,15.872862897785318,Chinese_Male
0,42,-6,16.3408715907988,Chinese_Male
0,42,-5,16.35174560905406,Chinese_Male
0,42,-4,16.512382308726956,Chinese_Male
0,42,-3,16.53138744502199,Chinese_Male
0,42,-2,16.669700463159597,Chinese_Male
0,42,-1,16.930773943230548,Chinese_Male
0,44,-61,10.095015037393873,Chinese_Male
0,44,-60,10.643371869977708,Chinese_Male
0,44,-59,10.655176783677607,Chinese_Male
0,44,-58,10.817588201703206,Chinese_Male
0,44,-57,10.966452116247318,Chinese_Male
0,44,-56,11.21396962085875,Chinese_Male
0,44,-55,11.245093199821357,Chinese_Male
0,44,-54,11.306816870195528,Chinese_Male
0,44,-53,11.474257201179405,Chinese_Male
0,44,-52,11.66224323661262,Chinese_Male
0,44,-51,11.813512445673647,Chinese_Male
0,44,-50,11.898023117640705,Chinese_Male
0,44,-49,11.997277696250453,Chinese_Male
0,44,-48,12.170639899623588,Chinese_Male
0,44,-47,12.377932251086797,Chinese_Male
0,44,-46,12.489106527783541,Chinese_Male
0,44,-45,12.829579364754936,Chinese_Male
0,44,-44,12.751314258196555,Chinese_Male
0,44,-43,12.872832141587326,Chinese_Male
0,44,-42,13.028768076714872,Chinese_Male
0,44,-41,13.182764084843162,Chinese_Male
0,44,-40,13.416132630106429,Chinese_Male
0,44,-39,13.670072665458688,Chinese_Male
0,44,-38,13.927720633044634,Chinese_Male
0,44,-37,14.029533934747205,Chinese_Male
0,44,-36,14.115344183854713,Chinese_Male
0,44,-35,14.349928978549725,Chinese_Male
0,44,-34,14.639884506389578,Chinese_Male
0,44,-33,14.872981662721266,Chinese_Male
0,44,-32,15.085256118483246,Chinese_Male
0,44,-31,15.476376788912654,Chinese_Male
0,44,-30,15.752840661922079,Chinese_Male
0,44,-29,15.864721302428256,Chinese_Male
0,44,-28,15.826426467566272,Chinese_Male
0,44,-27,15.947920955125566,Chinese_Male
0,44,-26,16.275508448329262,Chinese_Male
0,44,-25,16.320347065608484,Chinese_Male
0,44,-24,16.592191301047258,Chinese_Male
0,44,-23,16.72759403316066,Chinese_Male
0,44,-22,16.94003343083995,Chinese_Male
0,44,-21,16.969145417315666,Chinese_Male
0,44,-20,17.02710774582316,Chinese_Male
0,44,-19,17.161050676572035,Chinese_Male
0,44,-18,17.26493293962788,Chinese_Male
0,44,-17,17.220214022404353,Chinese_Male
0,44,-16,17.312922107158936,Chinese_Male
0,44,-15,17.297993541598636,Chinese_Male
0,44,-14,17.38836388893966,Chinese_Male
0,44,-13,17.31927988354309,Chinese_Male
0,44,-12,17.369976029879034,Chinese_Male
0,44,-11,17.717745866296728,Chinese_Male
0,44,-10,17.708589479259274,Chinese_Male
0,44,-9,17.689002129601462,Chinese_Male
0,44,-8,17.867534456355283,Chinese_Male
0,44,-7,18.058634182070506,Chinese_Male
0,44,-6,18.056876637872467,Chinese_Male
0,44,-5,18.347007107751953,Chinese_Male
0,44,-4,18.442914787562305,Chinese_Male
0,44,-3,18.676529388244703,Chinese_Male
0,44,-2,18.684141334465952,Chinese_Male
0,44,-1,18.872779252603635,Chinese_Male
0,45,-61,10.092353551752588,Chinese_Male
0,45,-60,10.70299134221577,Chinese_Male
0,45,-59,10.764161703206184,Chinese_Male
0,45,-58,10.946694143059315,Chinese_Male
0,45,-57,11.012775502243027,Chinese_Male
0,45,-56,11.099150819279991,Chinese_Male
0,45,-55,11.106409985191453,Chinese_Male
0,45,-54,11.230637826357949,Chinese_Male
0,45,-53,11.290542073032434,Chinese_Male
0,45,-52,11.450364654191851,Chinese_Male
0,45,-51,11.613767066157425,Chinese_Male
0,45,-50,11.777033596197473,Chinese_Male
0,45,-49,11.890937706033732,Chinese_Male
0,45,-48,12.08557514407843,Chinese_Male
0,45,-47,12.329630174097487,Chinese_Male
0,45,-46,12.545130099182472,Chinese_Male
0,45,-45,12.798920819196338,Chinese_Male
0,45,-44,12.911834343272202,Chinese_Male
0,45,-43,13.052581677398964,Chinese_Male
0,45,-42,13.127368339648907,Chinese_Male
0,45,-41,13.276313026212797,Chinese_Male
0,45,-40,13.499310005860224,Chinese_Male
0,45,-39,13.707432798460761,Chinese_Male
0,45,-38,13.972041144207864,Chinese_Male
0,45,-37,14.21617961902322,Chinese_Male
0,45,-36,14.349149961938595,Chinese_Male
0,45,-35,14.549508243882267,Chinese_Male
0,45,-34,14.73078225533356,Chinese_Male
0,45,-33,15.092039713104619,Chinese_Male
0,45,-32,15.256818738839675,Chinese_Male
0,45,-31,15.471160032691673,Chinese_Male
0,45,-30,15.832883815622337,Chinese_Male
0,45,-29,15.937155077262693,Chinese_Male
0,45,-28,15.983971504897596,Chinese_Male
0,45,-27,16.18807465349252,Chinese_Male
0,45,-26,16.297876733542104,Chinese_Male
0,45,-25,16.57685884965655,Chinese_Male
0,45,-24,16.809578854747155,Chinese_Male
0,45,-23,16.8661965730522,Chinese_Male
0,45,-22,16.994010307842316,Chinese_Male
0,45,-21,17.091653686623847,Chinese_Male
0,45,-20,17.16062613095343,Chinese_Male
0,45,-19,17.208808702573627,Chinese_Male
0,45,-18,17.175993454053863,Chinese_Male
0,45,-17,17.275688056977202,Chinese_Male
0,45,-16,17.40837460603332,Chinese_Male
0,45,-15,17.341533326076704,Chinese_Male
0,45,-14,17.38836388893966,Chinese_Male
0,45,-13,17.463008347306936,Chinese_Male
0,45,-12,17.5242023895795,Chinese_Male
0,45,-11,17.68775074050467,Chinese_Male
0,45,-10,17.585639434808105,Chinese_Male
0,45,-9,17.907666565257074,Chinese_Male
0,45,-8,18.020673813169985,Chinese_Male
0,45,-7,18.153081089416165,Chinese_Male
0,45,-6,18.307289139085704,Chinese_Male
0,45,-5,18.27260088895851,Chinese_Male
0,45,-4,18.52005696653216,Chinese_Male
0,45,-3,18.660535785685724,Chinese_Male
0,45,-2,18.73470460934814,Chinese_Male
0,45,-1,18.976924647743516,Chinese_Male
0,46,-61,10.172198120991137,Chinese_Male
0,46,-60,10.638187568043962,Chinese_Male
0,46,-59,10.771765302243063,Chinese_Male
0,46,-58,10.92931449710753,Chinese_Male
0,46,-57,10.983518626877316,Chinese_Male
0,46,-56,11.05848582705418,Chinese_Male
0,46,-55,11.169875185106832,Chinese_Male
0,46,-54,11.304508414321662,Chinese_Male
0,46,-53,11.372193241097754,Chinese_Male
0,46,-52,11.579722104511898,Chinese_Male
0,46,-51,11.692787216295711,Chinese_Male
0,46,-50,11.848330992762234,Chinese_Male
0,46,-49,11.978136498011443,Chinese_Male
0,46,-48,12.221678752950684,Chinese_Male
0,46,-47,12.474536405065418,Chinese_Male
0,46,-46,12.682076607046518,Chinese_Male
0,46,-45,12.845930589052855,Chinese_Male
0,46,-44,12.992094385810024,Chinese_Male
0,46,-43,13.103938687630862,Chinese_Male
0,46,-42,13.312968834583558,Chinese_Male
0,46,-41,13.442410126195611,Chinese_Male
0,46,-40,13.588158566324504,Chinese_Male
0,46,-39,13.821381204117086,Chinese_Male
0,46,-38,14.0809957341508,Chinese_Male
0,46,-37,14.111877618986624,Chinese_Male
0,46,-36,14.392648711349548,Chinese_Male
0,46,-35,14.51354801589442,Chinese_Male
0,46,-34,14.727217637727913,Chinese_Male
0,46,-33,15.003709854079073,Chinese_Male
0,46,-32,15.260320016806133,Chinese_Male
0,46,-31,15.535500026083781,Chinese_Male
0,46,-30,15.860724912561555,Chinese_Male
0,46,-29,15.852649006622515,Chinese_Male
0,46,-28,15.886362079594493,Chinese_Male
0,46,-27,16.043982434472348,Chinese_Male
0,46,-26,16.28239099762552,Chinese_Male
0,46,-25,16.38576617831873,Chinese_Male
0,46,-24,16.683632097444836,Chinese_Male
0,46,-23,16.78823264436321,Chinese_Male
0,46,-22,16.988786739100153,Chinese_Male
0,46,-21,16.895640455730764,Chinese_Male
0,46,-20,17.11846243038597,Chinese_Male
0,46,-19,17.016007782789423,Chinese_Male
0,46,-18,17.288057205877124,Chinese_Male
0,46,-17,17.315056726674065,Chinese_Male
0,46,-16,17.39756866276452,Chinese_Male
0,46,-15,17.39777221436087,Chinese_Male
0,46,-14,17.324389040194482,Chinese_Male
0,46,-13,17.330335919217234,Chinese_Male
0,46,-12,17.414571603768326,Chinese_Male
0,46,-11,17.667129091522625,Chinese_Male
0,46,-10,17.788034123366185,Chinese_Male
0,46,-9,17.75365074536051,Chinese_Male
0,46,-8,18.011102603369068,Chinese_Male
0,46,-7,18.143443649891097,Chinese_Male
0,46,-6,18.41405415898282,Chinese_Male
0,46,-5,18.464490611110023,Chinese_Male
0,46,-4,18.56752907666746,Chinese_Male
0,46,-3,18.64254298280688,Chinese_Male
0,46,-2,19.011791355702528,Chinese_Male
0,46,-1,19.19338370430876,Chinese_Male
0,47,-61,10.145583264578288,Chinese_Male
0,47,-60,10.550054435170305,Chinese_Male
0,47,-59,10.629831453554681,Chinese_Male
0,47,-58,10.723241552250665,Chinese_Male
0,47,-57,10.844548468890189,Chinese_Male
0,47,-56,10.946059083841646,Chinese_Male
0,47,-55,11.066450414874362,Chinese_Male
0,47,-54,11.14984187077264,Chinese_Male
0,47,-53,11.313222953050579,Chinese_Male
0,47,-52,11.50389187501394,Chinese_Male
0,47,-51,11.710347249659774,Chinese_Male
0,47,-50,11.686291455115049,Chinese_Male
0,47,-49,11.865416108381718,Chinese_Male
0,47,-48,12.16638666184633,Chinese_Male
0,47,-47,12.443035050507172,Chinese_Male
0,47,-46,12.460057268539652,Chinese_Male
0,47,-45,12.651759800515064,Chinese_Male
0,47,-44,12.813515791163368,Chinese_Male
0,47,-43,12.961719274680995,Chinese_Male
0,47,-42,12.99783466089243,Chinese_Male
0,47,-41,13.133125871055192,Chinese_Male
0,47,-40,13.397228681071477,Chinese_Male
0,47,-39,13.718640838361384,Chinese_Male
0,47,-38,14.005281527580285,Chinese_Male
0,47,-37,14.108217899687094,Chinese_Male
0,47,-36,14.213216370029361,Chinese_Male
0,47,-35,14.574680403473758,Chinese_Male
0,47,-34,14.786033828221075,Chinese_Male
0,47,-33,15.051407977952866,Chinese_Male
0,47,-32,15.342600049017891,Chinese_Male
0,47,-31,15.749387031144035,Chinese_Male
0,47,-30,16.02603142563817,Chinese_Male
0,47,-29,16.192397902869757,Chinese_Male
0,47,-28,16.131241865881226,Chinese_Male
0,47,-27,16.337313023191985,Chinese_Male
0,47,-26,16.600708902577516,Chinese_Male
0,47,-25,16.66293662953845,Chinese_Male
0,47,-24,16.911371439416158,Chinese_Male
0,47,-23,17.049844938408494,Chinese_Male
0,47,-22,17.103705251427776,Chinese_Male
0,47,-21,17.133656521815222,Chinese_Male
0,47,-20,17.195762548092972,Chinese_Male
0,47,-19,17.24064738657469,Chinese_Male
0,47,-18,17.384111850297057,Chinese_Male
0,47,-17,17.427794280805983,Chinese_Male
0,47,-16,17.356145880234127,Chinese_Male
0,47,-15,17.68440912884148,Chinese_Male
0,47,-14,17.682648193167484,Chinese_Male
0,47,-13,17.645432935930273,Chinese_Male
0,47,-12,17.659847260159427,Chinese_Male
0,47,-11,17.839601064826965,Chinese_Male
0,47,-10,18.00366958594208,Chinese_Male
0,47,-9,18.046470946151505,Chinese_Male
0,47,-8,18.12978560490046,Chinese_Male
0,47,-7,18.384379638017773,Chinese_Male
0,47,-6,18.43734834514219,Chinese_Male
0,47,-5,18.730786552054983,Chinese_Male
0,47,-4,18.901811852203497,Chinese_Male
0,47,-3,18.890443822471013,Chinese_Male
0,47,-2,19.092692595514027,Chinese_Male
0,47,-1,19.217888503165202,Chinese_Male
0,48,-61,10.084369094828734,Chinese_Male
0,48,-60,10.700399191248898,Chinese_Male
0,48,-59,10.73881637308326,Chinese_Male
0,48,-58,10.780346103235097,Chinese_Male
0,48,-57,11.029842012873026,Chinese_Male
0,48,-56,11.091974644181319,Chinese_Male
0,48,-55,11.29915614789742,Chinese_Male
0,48,-54,11.341443708303515,Chinese_Male
0,48,-53,11.515082785212066,Chinese_Male
0,48,-52,11.588643307982247,Chinese_Male
0,48,-51,11.629132095350982,Chinese_Male
0,48,-50,11.854812574268122,Chinese_Male
0,48,-49,11.94410770114209,Chinese_Male
0,48,-48,12.149373710737299,Chinese_Male
0,48,-47,12.436734779595522,Chinese_Male
0,48,-46,12.613603353114494,Chinese_Male
0,48,-45,12.778481788823939,Chinese_Male
0,48,-44,12.861671816686062,Chinese_Male
0,48,-43,13.123691383873897,Chinese_Male
0,48,-42,13.191168509782692,Chinese_Male
0,48,-41,13.289677160694172,Chinese_Male
0,48,-40,13.47662526701828,Chinese_Male
0,48,-39,13.784021071115014,Chinese_Male
0,48,-38,14.060682166534322,Chinese_Male
0,48,-37,14.139325513733098,Chinese_Male
0,48,-36,14.378149128212565,Chinese_Male
0,48,-35,14.475789776507183,Chinese_Male
0,48,-34,14.796727681038016,Chinese_Male
0,48,-33,15.007243048440094,Chinese_Male
0,48,-32,15.302335352403626,Chinese_Male
0,48,-31,15.58071191333229,Chinese_Male
0,48,-30,15.919887243557396,Chinese_Male
0,48,-29,15.96129966887417,Chinese_Male
0,48,-28,16.01479553394068,Chinese_Male
0,48,-27,16.280705365719776,Chinese_Male
0,48,-26,16.368422863828762,Chinese_Male
0,48,-25,16.582023516449464,Chinese_Male
0,48,-24,16.524904677283,Chinese_Male
0,48,-23,16.73279162840659,Chinese_Male
0,48,-22,16.7746204206714,Chinese_Male
0,48,-21,16.990146834911357,Chinese_Male
0,48,-20,16.939266702974297,Chinese_Male
0,48,-19,17.016007782789423,Chinese_Male
0,48,-18,17.11907218328649,Chinese_Male
0,48,-17,17.136108228051967,Chinese_Male
0,48,-16,17.255290409725347,Chinese_Male
0,48,-15,17.297993541598636,Chinese_Male
0,48,-14,17.499862911038402,Chinese_Male
0,48,-13,17.40404282371151,Chinese_Male
0,48,-12,17.607819090621923,Chinese_Male
0,48,-11,17.706497694124703,Chinese_Male
0,48,-10,17.702914861823064,Chinese_Male
0,48,-9,17.770763614237907,Chinese_Male
0,48,-8,17.980474732006122,Chinese_Male
0,48,-7,18.09525645226576,Chinese_Male
0,48,-6,18.216053576628166,Chinese_Male
0,48,-5,18.501693720506747,Chinese_Male
0,48,-4,18.607089168446873,Chinese_Male
0,48,-3,18.734506197520993,Chinese_Male
0,48,-2,18.94909289484861,Chinese_Male
0,48,-1,18.84010618746171,Chinese_Male
0,49,-61,10.153567721502142,Chinese_Male
0,49,-60,10.78075587122194,Chinese_Male
0,49,-59,10.764161703206184,Chinese_Male
0,49,-58,10.961590982446557,Chinese_Male
0,49,-57,11.0054612834016,Chinese_Male
0,49,-56,11.154168161703145,Chinese_Male
0,49,-55,11.223938133182896,Chinese_Male
0,49,-54,11.318359149564856,Chinese_Male
0,49,-53,11.530959401224768,Chinese_Male
0,49,-52,11.680085643553316,Chinese_Male
0,49,-51,11.883752579129899,Chinese_Male
0,49,-50,11.975802095711353,Chinese_Male
0,49,-49,11.969629298794104,Chinese_Male
0,49,-48,12.268464368500522,Chinese_Male
0,49,-47,12.524938572358613,Chinese_Male
0,49,-46,12.731875337178902,Chinese_Male
0,49,-45,12.798920819196338,Chinese_Male
0,49,-44,12.990087884746579,Chinese_Male
0,49,-43,13.186900011851618,Chinese_Male
0,49,-42,13.092568246848657,Chinese_Male
0,49,-41,13.268676377937725,Chinese_Male
0,49,-40,13.539008298833627,Chinese_Male
0,49,-39,13.754132964713353,Chinese_Male
0,49,-38,13.896326937637346,Chinese_Male
0,49,-37,14.208860180424162,Chinese_Male
0,49,-36,14.34552506615435,Chinese_Male
0,49,-35,14.7275113724221,Chinese_Male
0,49,-34,14.87693157716506,Chinese_Male
0,49,-33,15.21040172419885,Chinese_Male
0,49,-32,15.421378803263192,Chinese_Male
0,49,-31,15.758081624845671,Chinese_Male
0,49,-30,16.067793071047,Chinese_Male
0,49,-29,16.106167218543046,Chinese_Male
0,49,-28,16.220289060894583,Chinese_Male
0,49,-27,16.45224372169617,Chinese_Male
0,49,-26,16.593826353281255,Chinese_Male
0,49,-25,16.862637078864463,Chinese_Male
0,49,-24,16.919997929642346,Chinese_Male
0,49,-23,17.051577470157138,Chinese_Male
0,49,-22,17.148976180526535,Chinese_Male
0,49,-21,17.133656521815222,Chinese_Male
0,49,-20,17.28008994922788,Chinese_Male
0,49,-19,17.283098965242772,Chinese_Male
0,49,-18,17.375217901739656,Chinese_Male
0,49,-17,17.27031960201854,Chinese_Male
0,49,-16,17.410175596578117,Chinese_Male
0,49,-15,17.439497841152352,Chinese_Male
0,49,-14,17.419437386901606,Chinese_Male
0,49,-13,17.42984024028451,Chinese_Male
0,49,-12,17.5000464537228,Chinese_Male
0,49,-11,17.556522065164412,Chinese_Male
0,49,-10,17.523218643009816,Chinese_Male
0,49,-9,17.59012777608762,Chinese_Male
0,49,-8,17.806278713629403,Chinese_Male
0,49,-7,18.027794375590293,Chinese_Male
0,49,-6,18.054935455692515,Chinese_Male
0,49,-5,18.448826143995614,Chinese_Male
0,49,-4,18.51412295276525,Chinese_Male
0,49,-3,18.612554978008795,Chinese_Male
0,49,-2,18.746839795319865,Chinese_Male
0,49,-1,18.93199918317337,Chinese_Male
0,50,-61,10.124291379448008,Chinese_Male
0,50,-60,10.65633262481207,Chinese_Male
0,50,-59,10.807248764415156,Chinese_Male
0,50,-58,10.909452044591205,Chinese_Male
0,50,-57,11.132241076653013,Chinese_Male
0,50,-56,11.151776103336921,Chinese_Male
0,50,-55,11.308558399736738,Chinese_Male
0,50,-54,11.426856575636556,Chinese_Male
0,50,-53,11.474257201179405,Chinese_Male
0,50,-52,11.7001583513616,Chinese_Male
0,50,-51,11.879362570788885,Chinese_Male
0,50,-50,12.025494220589824,Chinese_Male
0,50,-49,12.07809608881516,Chinese_Male
0,50,-48,12.325883078493503,Chinese_Male
0,50,-47,12.432534598987756,Chinese_Male
0,50,-46,12.663402083246877,Chinese_Male
0,50,-45,12.737603728079138,Chinese_Male
0,50,-44,12.915847345399092,Chinese_Male
0,50,-43,13.105913957255167,Chinese_Male
0,50,-42,13.148635063026834,Chinese_Male
0,50,-41,13.238129784837435,Chinese_Male
0,50,-40,13.569254617289554,Chinese_Male
0,50,-39,13.892365456821027,Chinese_Male
0,50,-38,14.075455670255396,Chinese_Male
0,50,-37,14.117367197935918,Chinese_Male
0,50,-36,14.26396491100881,Chinese_Male
0,50,-35,14.438031537119944,Chinese_Male
0,50,-34,14.7646461225872,Chinese_Male
0,50,-33,14.986043882273965,Chinese_Male
0,50,-32,15.200798291376353,Chinese_Male
0,50,-31,15.599840019475891,Chinese_Male
0,50,-30,15.949468409055317,Chinese_Male
0,50,-29,16.00613962472406,Chinese_Male
0,50,-28,15.946297691622712,Chinese_Male
0,50,-27,16.18292850281323,Chinese_Male
0,50,-26,16.364981589180633,Chinese_Male
0,50,-25,16.50799662575103,Chinese_Male
0,50,-24,16.72331395248529,Chinese_Male
0,50,-23,16.8506037873144,Chinese_Male
0,50,-22,16.901727260064074,Chinese_Male
0,50,-21,17.03214967010273,Chinese_Male
0,50,-20,17.102651042673177,Chinese_Male
0,50,-19,16.994781993455383,Chinese_Male
0,50,-18,17.142196449535735,Chinese_Male
0,50,-17,17.152213592927957,Chinese_Male
0,50,-16,17.219270598829358,Chinese_Male
0,50,-15,17.256267914807154,Chinese_Male
0,50,-14,17.291487689411248,Chinese_Male
0,50,-13,17.26399970517238,Chinese_Male
0,50,-12,17.2789267331884,Chinese_Male
0,50,-11,17.455288515616214,Chinese_Male
0,50,-10,17.61212098284374,Chinese_Male
0,50,-9,17.75935503498631,Chinese_Male
0,50,-8,17.949846860643184,Chinese_Male
0,50,-7,18.00466452073013,Chinese_Male
0,50,-6,18.233524216247694,Chinese_Male
0,50,-5,18.35875545808776,Chinese_Male
0,50,-4,18.431046760028483,Chinese_Male
0,50,-3,18.608556577369054,Chinese_Male
0,50,-2,18.726614485366987,Chinese_Male
0,50,-1,19.062691443741066,Chinese_Male
0,51,-61,10.04976978149203,Chinese_Male
0,51,-60,10.614858209342112,Chinese_Male
0,51,-59,10.629831453554681,Chinese_Male
0,51,-58,10.733172778508827,Chinese_Male
0,51,-57,10.820167739418764,Chinese_Male
0,51,-56,10.864729099390026,Chinese_Male
0,51,-55,11.089956044472652,Chinese_Male
0,51,-54,11.16138415014197,Chinese_Male
0,51,-53,11.315491041052393,Chinese_Male
0,51,-52,11.508352476749113,Chinese_Male
0,51,-51,11.589622020281839,Chinese_Male
0,51,-50,11.662525656260128,Chinese_Male
0,51,-49,11.793104915034348,Chinese_Male
0,51,-48,12.051549241860366,Chinese_Male
0,51,-47,12.350631077136317,Chinese_Male
0,51,-46,12.43930779765116,Chinese_Male
0,51,-45,12.641540285328864,Chinese_Male
0,51,-44,12.705164733737309,Chinese_Male
0,51,-43,12.938016039189348,Chinese_Male
0,51,-42,13.017168045781455,Chinese_Male
0,51,-41,13.144580843467802,Chinese_Male
0,51,-40,13.340516833966614,Chinese_Male
0,51,-39,13.565464293052884,Chinese_Male
0,51,-38,13.850159738508985,Chinese_Male
0,51,-37,13.927061794360373,Chinese_Male
0,51,-36,14.186029651647516,Chinese_Male
0,51,-35,14.423647445924805,Chinese_Male
0,51,-34,14.668401447234746,Chinese_Male
0,51,-33,14.857082288096668,Chinese_Male
0,51,-32,15.206050208326038,Chinese_Male
0,51,-31,15.464204357730363,Chinese_Male
0,51,-30,15.806782787241817,Chinese_Male
0,51,-29,15.83022902869757,Chinese_Male
0,51,-28,15.89149941776834,Chinese_Male
0,51,-27,16.19665157129134,Chinese_Male
0,51,-26,16.30992119481056,Chinese_Male
0,51,-25,16.47184395820063,Chinese_Male
0,51,-24,16.611169579544864,Chinese_Male
0,51,-23,16.855801382560333,Chinese_Male
0,51,-22,16.952221757905,Chinese_Male
0,51,-21,16.93764329092214,Chinese_Male
0,51,-20,17.17643751866622,Chinese_Male
0,51,-19,17.069072256124525,Chinese_Male
0,51,-18,17.138638870112775,Chinese_Male
0,51,-17,17.030528613864927,Chinese_Male
0,51,-16,17.136425033768575,Chinese_Male
0,51,-15,17.236312180254707,Chinese_Male
0,51,-14,17.3810524776545,Chinese_Male
0,51,-13,17.509075162615858,Chinese_Male
0,51,-12,17.435011241800918,Chinese_Male
0,51,-11,17.60526414457651,Chinese_Male
0,51,-10,17.676433313787427,Chinese_Male
0,51,-9,17.862032248250685,Chinese_Male
0,51,-8,17.86944869831547,Chinese_Male
0,51,-7,18.155008577321176,Chinese_Male
0,51,-6,18.274289042026595,Chinese_Male
0,51,-5,18.298055648019425,Chinese_Male
0,51,-4,18.48445288393069,Chinese_Male
0,51,-3,18.820471811275493,Chinese_Male
0,51,-2,18.849988876079525,Chinese_Male
0,51,-1,19.02185011231366,Chinese_Male
0,52,-61,10.118968408165438,Chinese_Male
0,52,-60,10.648556171911453,Chinese_Male
0,52,-59,10.634900519579267,Chinese_Male
0,52,-58,10.70337909973434,Chinese_Male
0,52,-57,10.86405305246733,Chinese_Male
0,52,-56,10.955627317306542,Chinese_Male
0,52,-55,11.120513362950426,Chinese_Male
0,52,-54,11.256030840970475,Chinese_Male
0,52,-53,11.413018825130415,Chinese_Male
0,52,-52,11.575261502776724,Chinese_Male
0,52,-51,11.662057157908599,Chinese_Male
0,52,-50,11.80728097655828,Chinese_Male
0,52,-49,11.905825304664072,Chinese_Male
0,52,-48,12.202539182953023,Chinese_Male
0,52,-47,12.438834869899406,Chinese_Male
0,52,-46,12.588703988048305,Chinese_Male
0,52,-45,12.794833013121856,Chinese_Male
0,52,-44,12.905814840081863,Chinese_Male
0,52,-43,13.001224667167069,Chinese_Male
0,52,-42,13.148635063026834,Chinese_Male
0,52,-41,13.34886118482598,Chinese_Male
0,52,-40,13.44826934346585,Chinese_Male
0,52,-39,13.71116881176097,Chinese_Male
0,52,-38,13.973887832172998,Chinese_Male
0,52,-37,14.108217899687094,Chinese_Male
0,52,-36,14.294776525174901,Chinese_Male
0,52,-35,14.52074006149199,Chinese_Male
0,52,-34,14.623843727164168,Chinese_Male
0,52,-33,14.987810479454474,Chinese_Male
0,52,-32,15.206050208326038,Chinese_Male
0,52,-31,15.599840019475891,Chinese_Male
0,52,-30,15.879865666707268,Chinese_Male
0,52,-29,15.87851821192053,Chinese_Male
0,52,-28,15.946297691622712,Chinese_Male
0,52,-27,16.097159324825032,Chinese_Male
0,52,-26,16.268625899033,Chinese_Male
0,52,-25,16.308296176425017,Chinese_Male
0,52,-24,16.51800348510205,Chinese_Male
0,52,-23,16.746651882395742,Chinese_Male
0,52,-22,16.79203231647862,Chinese_Male
0,52,-21,16.874639038135076,Chinese_Male
0,52,-20,17.0007554329685,Chinese_Male
0,52,-19,17.0390023879013,Chinese_Male
0,52,-18,17.241808673378635,Chinese_Male
0,52,-17,17.277477541963425,Chinese_Male
0,52,-16,17.28050427735254,Chinese_Male
0,52,-15,17.472152679510902,Chinese_Male
0,52,-14,17.33901186276481,Chinese_Male
0,52,-13,17.424312222447437,Chinese_Male
0,52,-12,17.466599773305834,Chinese_Male
0,52,-11,17.57151962806044,Chinese_Male
0,52,-10,17.706697940113873,Chinese_Male
0,52,-9,17.740340736233648,Chinese_Male
0,52,-8,18.020673813169985,Chinese_Male
0,52,-7,18.035504327210347,Chinese_Male
0,52,-6,18.198582937008638,Chinese_Male
0,52,-5,18.5937224648039,Chinese_Male
0,52,-4,18.431046760028483,Chinese_Male
0,52,-3,18.620551779288284,Chinese_Male
0,52,-2,18.726614485366987,Chinese_Male
0,52,-1,18.876863385746375,Chinese_Male
0,53,-61,10.145583264578288,Chinese_Male
0,53,-60,10.65633262481207,Chinese_Male
0,53,-59,10.731212774046382,Chinese_Male
0,53,-58,10.827519427961366,Chinese_Male
0,53,-57,10.922566803198752,Chinese_Male
0,53,-56,11.032173185025714,Chinese_Male
0,53,-55,11.247443762781186,Chinese_Male
0,53,-54,11.283732311456866,Chinese_Male
0,53,-53,11.374461329099569,Chinese_Male
0,53,-52,11.550728193233267,Chinese_Male
0,53,-51,11.719127266341806,Chinese_Male
0,53,-50,11.88722048179756,Chinese_Male
0,53,-49,12.00578489546779,Chinese_Male
0,53,-48,12.198285945175764,Chinese_Male
0,53,-47,12.428334418379992,Chinese_Male
0,53,-46,12.586629040959455,Chinese_Male
0,53,-45,12.653803703552303,Chinese_Male
0,53,-44,12.861671816686062,Chinese_Male
0,53,-43,12.953818196183779,Chinese_Male
0,53,-42,13.121568324182197,Chinese_Male
0,53,-41,13.387044426201342,Chinese_Male
0,53,-40,13.571145012193048,Chinese_Male
0,53,-39,13.789625091065325,Chinese_Male
0,53,-38,13.951727576591383,Chinese_Male
0,53,-37,14.267415689216637,Chinese_Male
0,53,-36,14.22952840105847,Chinese_Male
0,53,-35,14.598054551665857,Chinese_Male
0,53,-34,14.791380754629547,Chinese_Male
0,53,-33,15.130904851075858,Chinese_Male
0,53,-32,15.375862189699241,Chinese_Male
0,53,-31,15.7406924374424,Chinese_Male
0,53,-30,16.151316361864655,Chinese_Male
0,53,-29,16.125137969094922,Chinese_Male
0,53,-28,16.194602370025343,Chinese_Male
0,53,-27,16.428228351859474,Chinese_Male
0,53,-26,16.617915275818163,Chinese_Male
0,53,-25,16.874687968047926,Chinese_Male
0,53,-24,17.04766998498991,Chinese_Male
0,53,-23,17.15206431157851,Chinese_Male
0,53,-22,17.262153503273435,Chinese_Male
0,53,-21,17.282416563118012,Chinese_Male
0,53,-20,17.35387642522092,Chinese_Male
0,53,-19,17.452905279915097,Chinese_Male
0,53,-18,17.4161300651037,Chinese_Male
0,53,-17,17.39737303604023,Chinese_Male
0,53,-16,17.444394416929313,Chinese_Male
0,53,-15,17.38870142592794,Chinese_Male
0,53,-14,17.49072364693195,Chinese_Male
0,53,-13,17.510917835228216,Chinese_Male
0,53,-12,17.53906758087593,Chinese_Male
0,53,-11,17.60713883993851,Chinese_Male
0,53,-10,17.678324852932832,Chinese_Male
0,53,-9,17.73843930635838,Chinese_Male
0,53,-8,17.69333843797856,Chinese_Male
0,53,-7,18.04899674254544,Chinese_Male
0,53,-6,18.192759390468797,Chinese_Male
0,53,-5,18.327426523858943,Chinese_Male
0,53,-4,18.383574649893188,Chinese_Male
0,53,-3,18.474610155937622,Chinese_Male
0,53,-2,18.809538256173774,Chinese_Male
0,53,-1,18.801306922605676,Chinese_Male
1,0,-61,4.103978154949938,Chinese_Female
1,0,-60,4.3278995885630955,Chinese_Female
1,0,-59,4.226281075596145,Chinese_Female
1,0,-58,4.206221340934441,Chinese_Female
1,0,-57,4.3346431863387185,Chinese_Female
1,0,-56,4.361962171013598,Chinese_Female
1,0,-55,4.333760037239614,Chinese_Female
1,0,-54,4.397007845283707,Chinese_Female
1,0,-53,4.429092047309231,Chinese_Female
1,0,-52,4.444054486827962,Chinese_Female
1,0,-51,4.618469565967356,Chinese_Female
1,0,-50,4.554212275835786,Chinese_Female
1,0,-49,4.581818181818182,Chinese_Female
1,0,-48,4.721074594639483,Chinese_Female
1,0,-47,4.818362700252302,Chinese_Female
1,0,-46,4.941224158897446,Chinese_Female
1,0,-45,4.982965073419537,Chinese_Female
1,0,-44,5.070664816154192,Chinese_Female
1,0,-43,5.161896723701374,Chinese_Female
1,0,-42,5.170770007290674,Chinese_Female
1,0,-41,5.206317613018559,Chinese_Female
1,0,-40,5.403189066059225,Chinese_Female
1,0,-39,5.5652267547244305,Chinese_Female
1,0,-38,5.705024885315008,Chinese_Female
1,0,-37,5.805332071304623,Chinese_Female
1,0,-36,5.871846007110032,Chinese_Female
1,0,-35,6.00068716715341,Chinese_Female
1,0,-34,6.181236927576649,Chinese_Female
1,0,-33,6.3153288111629164,Chinese_Female
1,0,-32,6.494610040153952,Chinese_Female
1,0,-31,6.680777880672046,Chinese_Female
1,0,-30,6.976976477051392,Chinese_Female
1,0,-29,7.00817922018198,Chinese_Female
1,0,-28,6.9146260324878694,Chinese_Female
1,0,-27,7.025852281942327,Chinese_Female
1,0,-26,7.1707783887239875,Chinese_Female
1,0,-25,7.218934911242604,Chinese_Female
1,0,-24,7.36580694379068,Chinese_Female
1,0,-23,7.411439714007149,Chinese_Female
1,0,-22,7.4726709087942575,Chinese_Female
1,0,-21,7.410195565011046,Chinese_Female
1,0,-20,7.460187161385651,Chinese_Female
1,0,-19,7.51769305640332,Chinese_Female
1,0,-18,7.458334713892846,Chinese_Female
1,0,-17,7.577902503206035,Chinese_Female
1,0,-16,7.578623194470015,Chinese_Female
1,0,-15,7.589458617496001,Chinese_Female
1,0,-14,7.597014672781737,Chinese_Female
1,0,-13,7.658017864738409,Chinese_Female
1,0,-12,7.727366184634364,Chinese_Female
1,0,-11,7.717668991231099,Chinese_Female
1,0,-10,7.772264298772526,Chinese_Female
1,0,-9,7.889446357708511,Chinese_Female
1,0,-8,7.91455518018018,Chinese_Female
1,0,-7,7.996177126473398,Chinese_Female
1,0,-6,8.082247919747697,Chinese_Female
1,0,-5,8.158529126038932,Chinese_Female
1,0,-4,8.15792819134446,Chinese_Female
1,0,-3,8.188562823667683,Chinese_Female
1,0,-2,8.299749280341722,Chinese_Female
1,0,-1,8.299120784357836,Chinese_Female
1,1,-61,4.106655244418269,Chinese_Female
1,1,-60,4.296651216082496,Chinese_Female
1,1,-59,4.335362760020294,Chinese_Female
1,1,-58,4.3103234601561535,Chinese_Female
1,1,-57,4.3152379566293115,Chinese_Female
1,1,-56,4.342976481477087,Chinese_Female
1,1,-55,4.3360875130920515,Chinese_Female
1,1,-54,4.385604816639299,Chinese_Female
1,1,-53,4.382140541507367,Chinese_Female
1,1,-52,4.365088069490447,Chinese_Female
1,1,-51,4.4632268914810584,Chinese_Female
1,1,-50,4.471639389384091,Chinese_Female
1,1,-49,4.534025974025974,Chinese_Female
1,1,-48,4.579899101044283,Chinese_Female
1,1,-47,4.695288301778425,Chinese_Female
1,1,-46,4.746655857316579,Chinese_Female
1,1,-45,4.887330397880098,Chinese_Female
1,1,-44,4.988564614813222,Chinese_Female
1,1,-43,5.102432287270775,Chinese_Female
1,1,-42,5.075430430149739,Chinese_Female
1,1,-41,5.130756897218998,Chinese_Female
1,1,-40,5.312072892938496,Chinese_Female
1,1,-39,5.5131817447640925,Chinese_Female
1,1,-38,5.674914539754512,Chinese_Female
1,1,-37,5.7282080945119285,Chinese_Female
1,1,-36,5.783404144628458,Chinese_Female
1,1,-35,5.9439958769970795,Chinese_Female
1,1,-34,6.131923070382777,Chinese_Female
1,1,-33,6.298496911346383,Chinese_Female
1,1,-32,6.452956563754811,Chinese_Female
1,1,-31,6.637782775499406,Chinese_Female
1,1,-30,6.910386388985999,Chinese_Female
1,1,-29,6.967118877902966,Chinese_Female
1,1,-28,7.013615046330105,Chinese_Female
1,1,-27,7.149112848292193,Chinese_Female
1,1,-26,7.26971923507372,Chinese_Female
1,1,-25,7.296749614979331,Chinese_Female
1,1,-24,7.339836712168676,Chinese_Female
1,1,-23,7.370815729606759,Chinese_Female
1,1,-22,7.508565834557023,Chinese_Female
1,1,-21,7.519842893380248,Chinese_Female
1,1,-20,7.463470694467247,Chinese_Female
1,1,-19,7.634821914644406,Chinese_Female
1,1,-18,7.668731983698353,Chinese_Female
1,1,-17,7.669503522475559,Chinese_Female
1,1,-16,7.757711684268666,Chinese_Female
1,1,-15,7.7275406247368865,Chinese_Female
1,1,-14,7.784866895699707,Chinese_Female
1,1,-13,7.732879625691195,Chinese_Female
1,1,-12,7.778767733534371,Chinese_Female
1,1,-11,7.88683283850031,Chinese_Female
1,1,-10,7.901105597632106,Chinese_Female
1,1,-9,7.947135639739175,Chinese_Female
1,1,-8,8.000774211711711,Chinese_Female
1,1,-7,8.040423347846094,Chinese_Female
1,1,-6,8.158865349322026,Chinese_Female
1,1,-5,8.081171518008132,Chinese_Female
1,1,-4,8.06349091041171,Chinese_Female
1,1,-3,8.166525875050501,Chinese_Female
1,1,-2,8.218033243569504,Chinese_Female
1,1,-1,8.261627580001125,Chinese_Female
1,2,-61,4.130749049633239,Chinese_Female
1,2,-60,4.325295557523045,Chinese_Female
1,2,-59,4.279553526128868,Chinese_Female
1,2,-58,4.300408972611228,Chinese_Female
1,2,-57,4.385581914325911,Chinese_Female
1,2,-56,4.359588959821535,Chinese_Female
1,2,-55,4.375654602583498,Chinese_Female
1,2,-54,4.469987228607918,Chinese_Female
1,2,-53,4.505108770988441,Chinese_Female
1,2,-52,4.584439228761324,Chinese_Female
1,2,-51,4.635718752021389,Chinese_Female
1,2,-50,4.636785162287481,Chinese_Female
1,2,-49,4.67116883116883,Chinese_Female
1,2,-48,4.764672908838001,Chinese_Female
1,2,-47,4.824516420175996,Chinese_Female
1,2,-46,4.852047020672882,Chinese_Female
1,2,-45,5.002888964156921,Chinese_Female
1,2,-44,5.025705182086518,Chinese_Female
1,2,-43,5.075577380495664,Chinese_Female
1,2,-42,5.086646850989849,Chinese_Female
1,2,-41,5.16761578297488,Chinese_Female
1,2,-40,5.25740318906606,Chinese_Female
1,2,-39,5.432422246549775,Chinese_Female
1,2,-38,5.568642731893941,Chinese_Female
1,2,-37,5.635308758829819,Chinese_Female
1,2,-36,5.864909390444811,Chinese_Female
1,2,-35,5.968046727366432,Chinese_Female
1,2,-34,6.1149182920400635,Chinese_Female
1,2,-33,6.3271111410344885,Chinese_Female
1,2,-32,6.4379613122511214,Chinese_Female
1,2,-31,6.715504696388411,Chinese_Female
1,2,-30,6.843796300920609,Chinese_Female
1,2,-29,6.912919226094669,Chinese_Female
1,2,-28,6.945458676143648,Chinese_Female
1,2,-27,7.014499335041681,Chinese_Female
1,2,-26,7.1561805589346825,Chinese_Female
1,2,-25,7.3453838048147855,Chinese_Female
1,2,-24,7.406385430700061,Chinese_Female
1,2,-23,7.422814429639259,Chinese_Female
1,2,-22,7.492249959210312,Chinese_Female
1,2,-21,7.449472219949267,Chinese_Female
1,2,-20,7.563618453455918,Chinese_Female
1,2,-19,7.562235016579508,Chinese_Female
1,2,-18,7.5643616845034956,Chinese_Female
1,2,-17,7.569575137817896,Chinese_Female
1,2,-16,7.556864779821582,Chinese_Female
1,2,-15,7.567567567567568,Chinese_Female
1,2,-14,7.691786965425036,Chinese_Female
1,2,-13,7.69715014887282,Chinese_Female
1,2,-12,7.655404016174354,Chinese_Female
1,2,-11,7.747013740247187,Chinese_Female
1,2,-10,7.8210150605031785,Chinese_Female
1,2,-9,7.845742356170131,Chinese_Female
1,2,-8,7.89695945945946,Chinese_Female
1,2,-7,7.810342996708081,Chinese_Female
1,2,-6,7.934358462662367,Chinese_Female
1,2,-5,8.129744899794913,Chinese_Female
1,2,-4,8.027168879283728,Chinese_Female
1,2,-3,8.06919601865795,Chinese_Female
1,2,-2,8.138174389451203,Chinese_Female
1,2,-1,8.122902723881296,Chinese_Female
1,3,-61,4.093269797076618,Chinese_Female
1,3,-60,4.254986719441696,Chinese_Female
1,3,-59,4.180618975139523,Chinese_Female
1,3,-58,4.248357913000372,Chinese_Female
1,3,-57,4.176975694949789,Chinese_Female
1,3,-56,4.221942710681824,Chinese_Female
1,3,-55,4.291865471895729,Chinese_Female
1,3,-54,4.2761357416529835,Chinese_Female
1,3,-53,4.330717463724372,Chinese_Female
1,3,-52,4.404571278159205,Chinese_Female
1,3,-51,4.480476077535092,Chinese_Female
1,3,-50,4.573267557324638,Chinese_Female
1,3,-49,4.615064935064935,Chinese_Female
1,3,-48,4.721074594639483,Chinese_Female
1,3,-47,4.799901540481221,Chinese_Female
1,3,-46,4.888528577219295,Chinese_Female
1,3,-45,4.891315176027574,Chinese_Female
1,3,-44,5.017886115292139,Chinese_Female
1,3,-43,5.060231719481316,Chinese_Female
1,3,-42,5.124034920456882,Chinese_Female
1,3,-41,5.18051639298944,Chinese_Female
1,3,-40,5.312072892938496,Chinese_Female
1,3,-39,5.516771055795839,Chinese_Female
1,3,-38,5.568642731893941,Chinese_Female
1,3,-37,5.777286988834551,Chinese_Female
1,3,-36,5.844099540449146,Chinese_Female
1,3,-35,5.94056004123003,Chinese_Female
1,3,-34,6.069005390514735,Chinese_Female
1,3,-33,6.261466731750012,Chinese_Female
1,3,-32,6.452956563754811,Chinese_Female
1,3,-31,6.641090091281916,Chinese_Female
1,3,-30,6.947010937421965,Chinese_Female
1,3,-29,6.995039910652695,Chinese_Female
1,3,-28,6.974668549080701,Chinese_Female
1,3,-27,7.226961627039476,Chinese_Female
1,3,-26,7.195108105039496,Chinese_Female
1,3,-25,7.243252006160331,Chinese_Female
1,3,-24,7.312243341070299,Chinese_Female
1,3,-23,7.469938251543712,Chinese_Female
1,3,-22,7.505302659487681,Chinese_Female
1,3,-21,7.596759675967597,Chinese_Female
1,3,-20,7.690034477097357,Chinese_Female
1,3,-19,7.677714172591847,Chinese_Female
1,3,-18,7.773102282893212,Chinese_Female
1,3,-17,7.731126026347784,Chinese_Female
1,3,-16,7.774448926305923,Chinese_Female
1,3,-15,7.88246190115349,Chinese_Female
1,3,-14,7.896562812029312,Chinese_Female
1,3,-13,7.8451722671203745,Chinese_Female
1,3,-12,7.984373929134398,Chinese_Female
1,3,-11,7.881654353379824,Chinese_Female
1,3,-10,7.965526247061897,Chinese_Female
1,3,-9,8.004824921769838,Chinese_Female
1,3,-8,7.958544481981981,Chinese_Female
1,3,-7,7.980248486779229,Chinese_Female
1,3,-6,8.157083548634251,Chinese_Female
1,3,-5,8.154931097758428,Chinese_Female
1,3,-4,8.136134972667671,Chinese_Female
1,3,-3,8.094905792044662,Chinese_Female
1,3,-2,8.162317763952084,Chinese_Female
1,3,-1,8.22600903586225,Chinese_Female
1,4,-61,4.095946886544948,Chinese_Female
1,4,-60,4.294047185042445,Chinese_Female
1,4,-59,4.2338914256722475,Chinese_Female
1,4,-58,4.285537241293841,Chinese_Female
1,4,-57,4.242468345219037,Chinese_Female
1,4,-56,4.295512257635807,Chinese_Female
1,4,-55,4.308157802862795,Chinese_Female
1,4,-54,4.310344827586207,Chinese_Female
1,4,-53,4.424620475328102,Chinese_Female
1,4,-52,4.437473952049836,Chinese_Female
1,4,-51,4.448133853683779,Chinese_Female
1,4,-50,4.51610171285808,Chinese_Female
1,4,-49,4.563116883116883,Chinese_Female
1,4,-48,4.596507982643719,Chinese_Female
1,4,-47,4.660417222210826,Chinese_Female
1,4,-46,4.831779489258208,Chinese_Female
1,4,-45,4.821581558446733,Chinese_Female
1,4,-44,4.951424047539926,Chinese_Female
1,4,-43,4.948975677127292,Chinese_Female
1,4,-42,5.125904323930234,Chinese_Female
1,4,-41,5.090212122887525,Chinese_Female
1,4,-40,5.259225512528474,Chinese_Female
1,4,-39,5.491645878573608,Chinese_Female
1,4,-38,5.648346587789369,Chinese_Female
1,4,-37,5.775534171180173,Chinese_Female
1,4,-36,5.828492152952398,Chinese_Female
1,4,-35,5.957739220065281,Chinese_Female
1,4,-34,6.057102045674834,Chinese_Female
1,4,-33,6.30691286125465,Chinese_Female
1,4,-32,6.447958146586914,Chinese_Female
1,4,-31,6.723772985844688,Chinese_Female
1,4,-30,7.043566565116782,Chinese_Female
1,4,-29,7.049239562460993,Chinese_Female
1,4,-28,7.060675397173133,Chinese_Female
1,4,-27,7.1345162022770765,Chinese_Female
1,4,-26,7.212949897004201,Chinese_Female
1,4,-25,7.312961011591149,Chinese_Female
1,4,-24,7.36905322274343,Chinese_Female
1,4,-23,7.469938251543712,Chinese_Female
1,4,-22,7.531408060042422,Chinese_Female
1,4,-21,7.608215366991244,Chinese_Female
1,4,-20,7.516007223772779,Chinese_Female
1,4,-19,7.6084266789844435,Chinese_Female
1,4,-18,7.582585070077201,Chinese_Female
1,4,-17,7.5745715570507794,Chinese_Female
1,4,-16,7.510000502117261,Chinese_Female
1,4,-15,7.591142544413572,Chinese_Female
1,4,-14,7.6207077459425605,Chinese_Female
1,4,-13,7.695448745214802,Chinese_Female
1,4,-12,7.64341032143102,Chinese_Female
1,4,-11,7.672788786853553,Chinese_Female
1,4,-10,7.723513537041874,Chinese_Female
1,4,-9,7.793297554324075,Chinese_Female
1,4,-8,7.861768018018019,Chinese_Female
1,4,-7,7.946621358535981,Chinese_Female
1,4,-6,8.032357500489995,Chinese_Female
1,4,-5,8.149534055337675,Chinese_Female
1,4,-4,8.205146831810834,Chinese_Female
1,4,-3,8.225291071362985,Chinese_Female
1,4,-2,8.23846225276256,Chinese_Female
1,4,-1,8.37223253285342,Chinese_Female
1,5,-61,4.085238528671628,Chinese_Female
1,5,-60,4.2758189677620955,Chinese_Female
1,5,-59,4.337899543378995,Chinese_Female
1,5,-58,4.248357913000372,Chinese_Female
1,5,-57,4.244893998932713,Chinese_Female
1,5,-56,4.288392624059615,Chinese_Female
1,5,-55,4.298847899453043,Chinese_Female
1,5,-54,4.310344827586207,Chinese_Female
1,5,-53,4.317302747780982,Chinese_Female
1,5,-52,4.384829673824826,Chinese_Female
1,5,-51,4.437353112400009,Chinese_Female
1,5,-50,4.535156994346933,Chinese_Female
1,5,-49,4.594285714285714,Chinese_Female
1,5,-48,4.679552390640895,Chinese_Female
1,5,-47,4.754774261040799,Chinese_Female
1,5,-46,4.775030401297122,Chinese_Female
1,5,-45,4.797672889561873,Chinese_Female
1,5,-44,4.904509646773658,Chinese_Female
1,5,-43,4.975830583902401,Chinese_Female
1,5,-42,5.1146879030901236,Chinese_Female
1,5,-41,5.141814562945762,Chinese_Female
1,5,-40,5.317539863325741,Chinese_Female
1,5,-39,5.344484126271962,Chinese_Female
1,5,-38,5.524362811952036,Chinese_Female
1,5,-37,5.644072847101715,Chinese_Female
1,5,-36,5.684557357149051,Chinese_Female
1,5,-35,5.785947431712764,Chinese_Female
1,5,-34,6.118319247708606,Chinese_Female
1,5,-33,6.3355270909427555,Chinese_Female
1,5,-32,6.461287259034639,Chinese_Female
1,5,-31,6.750231512104776,Chinese_Female
1,5,-30,6.961993707236677,Chinese_Female
1,5,-29,7.045954735078672,Chinese_Female
1,5,-28,6.987650714830501,Chinese_Female
1,5,-27,7.142625450063251,Chinese_Female
1,5,-26,7.30702480009083,Chinese_Female
1,5,-25,7.361595201426603,Chinese_Female
1,5,-24,7.507020078235323,Chinese_Female
1,5,-23,7.6064348391290215,Chinese_Female
1,5,-22,7.758198727361723,Chinese_Female
1,5,-21,7.9224286064970135,Chinese_Female
1,5,-20,7.923165325890659,Chinese_Female
1,5,-19,7.887226355642807,Chinese_Female
1,5,-18,7.937112753056559,Chinese_Female
1,5,-17,7.8543710340922335,Chinese_Female
1,5,-16,7.978643279160461,Chinese_Female
1,5,-15,8.059274227498527,Chinese_Female
1,5,-14,7.97610384335494,Chinese_Female
1,5,-13,8.091875797532964,Chinese_Female
1,5,-12,8.106024261531081,Chinese_Female
1,5,-11,8.054270524062694,Chinese_Female
1,5,-10,8.108296334987378,Chinese_Female
1,5,-9,8.060766043738965,Chinese_Female
1,5,-8,8.05884009009009,Chinese_Female
1,5,-7,8.176701709673994,Chinese_Female
1,5,-6,8.185592359638651,Chinese_Female
1,5,-5,8.162127154319434,Chinese_Female
1,5,-4,8.15611208978806,Chinese_Female
1,5,-3,8.111433503507548,Chinese_Female
1,5,-2,8.171603677221654,Chinese_Female
1,5,-1,8.182891850852034,Chinese_Female
1,6,-61,4.1896450179365,Chinese_Female
1,6,-60,4.278422998802146,Chinese_Female
1,6,-59,4.322678843226789,Chinese_Female
1,6,-58,4.305366216383691,Chinese_Female
1,6,-57,4.332217532625043,Chinese_Female
1,6,-56,4.342976481477087,Chinese_Female
1,6,-55,4.375654602583498,Chinese_Female
1,6,-54,4.41525269111476,Chinese_Female
1,6,-53,4.473807767120531,Chinese_Female
1,6,-52,4.487924718682138,Chinese_Female
1,6,-51,4.637874900278143,Chinese_Female
1,6,-50,4.607143613304821,Chinese_Female
1,6,-49,4.635844155844156,Chinese_Female
1,6,-48,4.698237382440261,Chinese_Female
1,6,-47,4.742466821193411,Chinese_Female
1,6,-46,4.831779489258208,Chinese_Female
1,6,-45,4.957064015460939,Chinese_Female
1,6,-44,4.9768360146216555,Chinese_Female
1,6,-43,5.0870866262564265,Chinese_Female
1,6,-42,5.150206569083806,Chinese_Female
1,6,-41,5.257920053076796,Chinese_Female
1,6,-40,5.430523917995444,Chinese_Female
1,6,-39,5.626245042264137,Chinese_Female
1,6,-38,5.722736853291769,Chinese_Female
1,6,-37,5.857916600936005,Chinese_Female
1,6,-36,5.986300182086188,Chinese_Female
1,6,-35,6.055660539426215,Chinese_Female
1,6,-34,6.18293740541092,Chinese_Female
1,6,-33,6.3590917506858995,Chinese_Female
1,6,-32,6.539595794665022,Chinese_Female
1,6,-31,6.654319354411959,Chinese_Female
1,6,-30,6.937022424212157,Chinese_Female
1,6,-29,7.016391288637783,Chinese_Female
1,6,-28,6.961686383330899,Chinese_Female
1,6,-27,7.136138051834312,Chinese_Female
1,6,-26,7.128606880443774,Chinese_Female
1,6,-25,7.254599983788604,Chinese_Female
1,6,-24,7.370676362219805,Chinese_Female
1,6,-23,7.4211894702632435,Chinese_Female
1,6,-22,7.464512971120901,Chinese_Female
1,6,-21,7.537844693560265,Chinese_Female
1,6,-20,7.612871449679856,Chinese_Female
1,6,-19,7.639771021330651,Chinese_Female
1,6,-18,7.633941883966735,Chinese_Female
1,6,-17,7.7644354879003386,Chinese_Female
1,6,-16,7.70582623395317,Chinese_Female
1,6,-15,7.710701355561168,Chinese_Female
1,6,-14,7.715480038585862,Chinese_Female
1,6,-13,7.783921735431731,Chinese_Female
1,6,-12,7.888424371187719,Chinese_Female
1,6,-11,7.840226472415936,Chinese_Female
1,6,-10,7.887176808566205,Chinese_Female
1,6,-9,7.999580441585231,Chinese_Female
1,6,-8,8.07643581081081,Chinese_Female
1,6,-7,8.137765034866023,Chinese_Female
1,6,-6,8.116102132815422,Chinese_Female
1,6,-5,8.183715324002447,Chinese_Female
1,6,-4,8.239652761382416,Chinese_Female
1,6,-3,8.27671061813641,Chinese_Female
1,6,-2,8.338750116073916,Chinese_Female
1,6,-1,8.404101756556624,Chinese_Female
1,7,-61,4.109332333886599,Chinese_Female
1,7,-60,4.353939898963596,Chinese_Female
1,7,-59,4.350583460172501,Chinese_Female
1,7,-58,4.327673813359771,Chinese_Female
1,7,-57,4.286130112065202,Chinese_Female
1,7,-56,4.3311104255167665,Chinese_Female
1,7,-55,4.3244501338298615,Chinese_Female
1,7,-54,4.378762999452655,Chinese_Female
1,7,-53,4.417913117356407,Chinese_Female
1,7,-52,4.404571278159205,Chinese_Female
1,7,-51,4.441665408913517,Chinese_Female
1,7,-50,4.526687980351888,Chinese_Female
1,7,-49,4.604675324675324,Chinese_Female
1,7,-48,4.673324060041107,Chinese_Female
1,7,-47,4.77733790076101,Chinese_Female
1,7,-46,4.839886501824077,Chinese_Female
1,7,-45,4.913231455838696,Chinese_Female
1,7,-44,4.980745548018843,Chinese_Female
1,7,-43,5.0372132279597945,Chinese_Female
1,7,-42,5.1371207447703435,Chinese_Female
1,7,-41,5.235804721623265,Chinese_Female
1,7,-40,5.441457858769931,Chinese_Female
1,7,-39,5.523949677859335,Chinese_Female
1,7,-38,5.598753077454436,Chinese_Female
1,7,-37,5.6913989237699605,Chinese_Female
1,7,-36,5.800745686291512,Chinese_Female
1,7,-35,5.9457137948806045,Chinese_Female
1,7,-34,6.111517336371521,Chinese_Female
1,7,-33,6.29681372136473,Chinese_Female
1,7,-32,6.501274596377813,Chinese_Female
1,7,-31,6.669202275433259,Chinese_Female
1,7,-30,6.985300238059565,Chinese_Female
1,7,-29,6.981900601123411,Chinese_Female
1,7,-28,6.968177466205799,Chinese_Female
1,7,-27,7.055045573972558,Chinese_Female
1,7,-26,7.128606880443774,Chinese_Female
1,7,-25,7.222177190564967,Chinese_Female
1,7,-24,7.289519388401046,Chinese_Female
1,7,-23,7.424439389015275,Chinese_Female
1,7,-22,7.506934247022352,Chinese_Female
1,7,-21,7.546027330005728,Chinese_Female
1,7,-20,7.673616811689378,Chinese_Female
1,7,-19,7.690911790421828,Chinese_Female
1,7,-18,7.713462111924721,Chinese_Female
1,7,-17,7.704478457105742,Chinese_Female
1,7,-16,7.762732856879843,Chinese_Female
1,7,-15,7.744379893912604,Chinese_Female
1,7,-14,7.690094603056406,Chinese_Female
1,7,-13,7.71246278179498,Chinese_Female
1,7,-12,7.76848742375437,Chinese_Female
1,7,-11,7.83504798729545,Chinese_Female
1,7,-10,7.7809697919387135,Chinese_Female
1,7,-9,7.894690837893117,Chinese_Female
1,7,-8,7.951506193693694,Chinese_Female
1,7,-7,7.912994230292733,Chinese_Female
1,7,-6,8.021666696363344,Chinese_Female
1,7,-5,8.120749829093658,Chinese_Female
1,7,-4,8.054410402629715,Chinese_Female
1,7,-3,8.20509053513057,Chinese_Female
1,7,-2,8.127031293527718,Chinese_Female
1,7,-1,8.181017190634197,Chinese_Female
1,8,-61,4.1120094233549285,Chinese_Female
1,8,-60,4.353939898963596,Chinese_Female
1,8,-59,4.299847792998477,Chinese_Female
1,8,-58,4.245879291114141,Chinese_Female
1,8,-57,4.278853150924174,Chinese_Female
1,8,-56,4.295512257635807,Chinese_Female
1,8,-55,4.3011753753054816,Chinese_Female
1,8,-54,4.319467250501733,Chinese_Female
1,8,-53,4.359782681601717,Chinese_Female
1,8,-52,4.3892166970102435,Chinese_Female
1,8,-51,4.465383039737812,Chinese_Female
1,8,-50,4.558446782833308,Chinese_Female
1,8,-49,4.592207792207792,Chinese_Female
1,8,-48,4.66086739884153,Chinese_Female
1,8,-47,4.7711841808373165,Chinese_Female
1,8,-46,4.825699229833806,Chinese_Female
1,8,-45,4.9172162339861725,Chinese_Female
1,8,-44,4.9611978810328985,Chinese_Female
1,8,-43,5.033376812706207,Chinese_Female
1,8,-42,5.176378217710729,Chinese_Female
1,8,-41,5.211846445881941,Chinese_Female
1,8,-40,5.326651480637813,Chinese_Female
1,8,-39,5.5472801995656935,Chinese_Female
1,8,-38,5.658973768575427,Chinese_Female
1,8,-37,5.679129200189304,Chinese_Female
1,8,-36,5.807682302956732,Chinese_Female
1,8,-35,5.868407490121972,Chinese_Female
1,8,-34,6.079208257520364,Chinese_Female
1,8,-33,6.2631499217316655,Chinese_Female
1,8,-32,6.402972392075842,Chinese_Female
1,8,-31,6.667548617542003,Chinese_Female
1,8,-30,6.978641229253026,Chinese_Female
1,8,-29,6.921131294550471,Chinese_Female
1,8,-28,6.948704217581097,Chinese_Female
1,8,-27,7.132894352719841,Chinese_Female
1,8,-26,7.165912445460886,Chinese_Female
1,8,-25,7.238388587176785,Chinese_Female
1,8,-24,7.274911133113668,Chinese_Female
1,8,-23,7.3740656483587905,Chinese_Female
1,8,-22,7.46288138358623,Chinese_Female
1,8,-21,7.490385402176582,Chinese_Female
1,8,-20,7.606304383516664,Chinese_Female
1,8,-19,7.567184123265751,Chinese_Female
1,8,-18,7.574301712998244,Chinese_Female
1,8,-17,7.546258514731109,Chinese_Female
1,8,-16,7.501631881098633,Chinese_Female
1,8,-15,7.554096152226994,Chinese_Female
1,8,-14,7.663016805158321,Chinese_Female
1,8,-13,7.608677158655891,Chinese_Female
1,8,-12,7.713659104927695,Chinese_Female
1,8,-11,7.724573638058413,Chinese_Female
1,8,-10,7.895882301732393,Chinese_Female
1,8,-9,7.877209237277766,Chinese_Female
1,8,-8,7.91455518018018,Chinese_Female
1,8,-7,7.893525892888747,Chinese_Female
1,8,-6,8.01275769292447,Chinese_Female
1,8,-5,8.138739970496168,Chinese_Female
1,8,-4,8.15611208978806,Chinese_Female
1,8,-3,8.045322657656003,Chinese_Female
1,8,-2,8.088030457795524,Chinese_Female
1,8,-1,8.169769229327184,Chinese_Female
1,9,-61,4.095946886544948,Chinese_Female
1,9,-60,4.322691526482996,Chinese_Female
1,9,-59,4.277016742770168,Chinese_Female
1,9,-58,4.340066922790928,Chinese_Female
1,9,-57,4.341920147479746,Chinese_Female
1,9,-56,4.352469326245342,Chinese_Female
1,9,-55,4.424531595484696,Chinese_Female
1,9,-54,4.4449005655902205,Chinese_Female
1,9,-53,4.500637199007311,Chinese_Female
1,9,-52,4.6261159490227906,Chinese_Female
1,9,-51,4.599064231656569,Chinese_Female
1,9,-50,4.679130232262709,Chinese_Female
1,9,-49,4.760519480519481,Chinese_Female
1,9,-48,4.829032325035812,Chinese_Female
1,9,-47,4.9496420586244385,Chinese_Female
1,9,-46,5.006080259424403,Chinese_Female
1,9,-45,5.040744356557949,Chinese_Female
1,9,-44,5.074574349551382,Chinese_Female
1,9,-43,5.144632855060232,Chinese_Female
1,9,-42,5.17824762118408,Chinese_Female
1,9,-41,5.283721273105914,Chinese_Female
1,9,-40,5.412300683371298,Chinese_Female
1,9,-39,5.491645878573608,Chinese_Female
1,9,-38,5.5739563222869695,Chinese_Female
1,9,-37,5.743983453401342,Chinese_Female
1,9,-36,5.845833694615451,Chinese_Female
1,9,-35,5.976636316784058,Chinese_Female
1,9,-34,6.160831193565392,Chinese_Female
1,9,-33,6.313645621181263,Chinese_Female
1,9,-32,6.396307835851981,Chinese_Female
1,9,-31,6.637782775499406,Chinese_Female
1,9,-30,6.935357672010521,Chinese_Female
1,9,-29,7.00817922018198,Chinese_Female
1,9,-28,6.942213134706197,Chinese_Female
1,9,-27,7.113432158033022,Chinese_Female
1,9,-26,7.237279613319708,Chinese_Female
1,9,-25,7.26919024073924,Chinese_Female
1,9,-24,7.339836712168676,Chinese_Female
1,9,-23,7.4211894702632435,Chinese_Female
1,9,-22,7.469407733724914,Chinese_Female
1,9,-21,7.514933311512969,Chinese_Female
1,9,-20,7.578394352323099,Chinese_Female
1,9,-19,7.530890674233301,Chinese_Female
1,9,-18,7.527914913356085,Chinese_Female
1,9,-17,7.4996252685575335,Chinese_Female
1,9,-16,7.513347950524713,Chinese_Female
1,9,-15,7.50357834469984,Chinese_Female
1,9,-14,7.605476484624887,Chinese_Female
1,9,-13,7.669927690344534,Chinese_Female
1,9,-12,7.52347337399767,Chinese_Female
1,9,-11,7.63653939101015,Chinese_Female
1,9,-10,7.685209367110647,Chinese_Female
1,9,-9,7.798542034508679,Chinese_Female
1,9,-8,7.856489301801801,Chinese_Female
1,9,-7,7.927153021131995,Chinese_Female
1,9,-6,8.007412290861145,Chinese_Female
1,9,-5,8.055985320044616,Chinese_Female
1,9,-4,8.061674808855312,Chinese_Female
1,9,-3,8.06185036911889,Chinese_Female
1,9,-2,8.0453152567555,Chinese_Female
1,9,-1,8.175393209980692,Chinese_Female
1,11,-61,6.194785029715693,Chinese_Female
1,11,-60,6.562158220925994,Chinese_Female
1,11,-59,6.582952815829528,Chinese_Female
1,11,-58,6.635270789441071,Chinese_Female
1,11,-57,6.56381894920681,Chinese_Female
1,11,-56,6.595153902745805,Chinese_Female
1,11,-55,6.658908413825207,Chinese_Female
1,11,-54,6.689016602809707,Chinese_Female
1,11,-53,6.832561987166589,Chinese_Female
1,11,-52,6.8327886112878105,Chinese_Female
1,11,-51,6.847926863451131,Chinese_Female
1,11,-50,6.887425631470856,Chinese_Female
1,11,-49,7.017142857142857,Chinese_Female
1,11,-48,7.168808520356261,Chinese_Female
1,11,-47,7.2306209103403,Chinese_Female
1,11,-46,7.298338062423997,Chinese_Female
1,11,-45,7.373831961905521,Chinese_Female
1,11,-44,7.418339621166215,Chinese_Female
1,11,-43,7.540474180925344,Chinese_Female
1,11,-42,7.569214663600846,Chinese_Female
1,11,-41,7.648218794345847,Chinese_Female
1,11,-40,7.808656036446469,Chinese_Female
1,11,-39,7.939556002225373,Chinese_Female
1,11,-38,8.14927646610815,Chinese_Female
1,11,-37,8.296085958177772,Chinese_Female
1,11,-36,8.35168646492673,Chinese_Female
1,11,-35,8.440130561759148,Chinese_Female
1,11,-34,8.618021664087609,Chinese_Female
1,11,-33,8.779518944303245,Chinese_Female
1,11,-32,8.9971509022143,Chinese_Female
1,11,-31,9.177801296467788,Chinese_Female
1,11,-30,9.588972681416372,Chinese_Female
1,11,-29,9.626186643891863,Chinese_Female
1,11,-28,9.735001541632183,Chinese_Female
1,11,-27,9.740828440753836,Chinese_Female
1,11,-26,9.892462653885456,Chinese_Female
1,11,-25,10.159682256626407,Chinese_Female
1,11,-24,10.107289519388402,Chinese_Female
1,11,-23,10.22586935326617,Chinese_Female
1,11,-22,10.30347528144885,Chinese_Female
1,11,-21,10.359217739955815,Chinese_Female
1,11,-20,10.380889837465112,Chinese_Female
1,11,-19,10.348582080934392,Chinese_Female
1,11,-18,10.438686590901561,Chinese_Female
1,11,-17,10.385890112086338,Chinese_Female
1,11,-16,10.326878336987631,Chinese_Female
1,11,-15,10.495916477224888,Chinese_Female
1,11,-14,10.475723061821997,Chinese_Female
1,11,-13,10.490854955338154,Chinese_Female
1,11,-12,10.521897059831403,Chinese_Female
1,11,-11,10.555478837257475,Chinese_Female
1,11,-10,10.511012448855228,Chinese_Female
1,11,-9,10.60084261314966,Chinese_Female
1,11,-8,10.60670045045045,Chinese_Female
1,11,-7,10.677498141658702,Chinese_Female
1,11,-6,10.676549721148193,Chinese_Female
1,11,-5,10.887633576799914,Chinese_Female
1,11,-4,10.825781377694641,Chinese_Female
1,11,-3,10.943181400815368,Chinese_Female
1,11,-2,11.042808060172717,Chinese_Female
1,11,-1,11.09048984871492,Chinese_Female
1,12,-61,6.200139208652353,Chinese_Female
1,12,-60,6.580386438206344,Chinese_Female
1,12,-59,6.618467782851345,Chinese_Female
1,12,-58,6.6823646052794645,Chinese_Female
1,12,-57,6.624460292048708,Chinese_Female
1,12,-56,6.687709139236301,Chinese_Female
1,12,-55,6.742697544512975,Chinese_Female
1,12,-54,6.784802043422733,Chinese_Female
1,12,-53,6.913050282826928,Chinese_Female
1,12,-52,6.896400447476365,Chinese_Female
1,12,-51,6.97298346234287,Chinese_Female
1,12,-50,6.950943236433699,Chinese_Female
1,12,-49,7.004675324675325,Chinese_Female
1,12,-48,7.160504079556543,Chinese_Female
1,12,-47,7.175237431027055,Chinese_Female
1,12,-46,7.199027158492095,Chinese_Female
1,12,-45,7.260265784702437,Chinese_Female
1,12,-44,7.377289520495729,Chinese_Female
1,12,-43,7.404281439423004,Chinese_Female
1,12,-42,7.488830314246724,Chinese_Female
1,12,-41,7.578186911409668,Chinese_Female
1,12,-40,7.706605922551253,Chinese_Female
1,12,-39,7.921609447066635,Chinese_Female
1,12,-38,8.14927646610815,Chinese_Female
1,12,-37,8.245254246200767,Chinese_Female
1,12,-36,8.313535073268014,Chinese_Female
1,12,-35,8.532898127469506,Chinese_Female
1,12,-34,8.731953678983794,Chinese_Female
1,12,-33,8.91249095285385,Chinese_Female
1,12,-32,9.063796464452924,Chinese_Female
1,12,-31,9.363010980288399,Chinese_Female
1,12,-30,9.642244751868684,Chinese_Female
1,12,-29,9.542423545642677,Chinese_Female
1,12,-28,9.556496762572417,Chinese_Female
1,12,-27,9.661357812449317,Chinese_Female
1,12,-26,9.647543509642679,Chinese_Female
1,12,-25,9.762503039636865,Chinese_Female
1,12,-24,9.78915418201886,Chinese_Female
1,12,-23,9.900877478063048,Chinese_Female
1,12,-22,9.929841736009138,Chinese_Female
1,12,-21,10.108829064724654,Chinese_Female
1,12,-20,10.11656542439665,Chinese_Female
1,12,-19,10.22650411600706,Chinese_Female
1,12,-18,10.196812564196017,Chinese_Female
1,12,-17,10.285961727428676,Chinese_Female
1,12,-16,10.365373993673323,Chinese_Female
1,12,-15,10.362886250736718,Chinese_Female
1,12,-14,10.494339047876931,Chinese_Female
1,12,-13,10.49425776265419,Chinese_Female
1,12,-12,10.564731683914742,Chinese_Female
1,12,-11,10.621072982116965,Chinese_Female
1,12,-10,10.768695046574388,Chinese_Female
1,12,-9,10.75118437844169,Chinese_Female
1,12,-8,10.780898085585585,Chinese_Female
1,12,-7,10.842094085165128,Chinese_Female
1,12,-6,10.91531101331005,Chinese_Female
1,12,-5,10.99017738279423,Chinese_Female
1,12,-4,11.011023736447342,Chinese_Female
1,12,-3,11.150696000293827,Chinese_Female
1,12,-2,11.245240969449345,Chinese_Female
1,12,-1,11.306075773766006,Chinese_Female
1,13,-61,6.200139208652353,Chinese_Female
1,13,-60,6.525701786365294,Chinese_Female
1,13,-59,6.560121765601218,Chinese_Female
1,13,-58,6.5386045358780525,Chinese_Female
1,13,-57,6.551690680638432,Chinese_Female
1,13,-56,6.5904074803616775,Chinese_Female
1,13,-55,6.612358896776446,Chinese_Female
1,13,-54,6.629720853858785,Chinese_Female
1,13,-53,6.756545263487379,Chinese_Female
1,13,-52,6.826208076509685,Chinese_Female
1,13,-51,6.923392052437525,Chinese_Female
1,13,-50,6.967881264423789,Chinese_Female
1,13,-49,7.017142857142857,Chinese_Female
1,13,-48,7.195797952955344,Chinese_Female
1,13,-47,7.271645709831594,Chinese_Female
1,13,-46,7.3794081880826905,Chinese_Female
1,13,-45,7.4694666374449605,Chinese_Female
1,13,-44,7.531716089684696,Chinese_Female
1,13,-43,7.609529655489911,Chinese_Female
1,13,-42,7.683248275475297,Chinese_Female
1,13,-41,7.736680120159968,Chinese_Female
1,13,-40,7.930751708428247,Chinese_Female
1,13,-39,8.079539132463523,Chinese_Female
1,13,-38,8.225437928408226,Chinese_Female
1,13,-37,8.369704299661706,Chinese_Female
1,13,-36,8.483482181565941,Chinese_Female
1,13,-35,8.577563992441162,Chinese_Female
1,13,-34,8.810175659360281,Chinese_Female
1,13,-33,9.026947871606268,Chinese_Female
1,13,-32,9.21708125760176,Chinese_Female
1,13,-31,9.392776822330996,Chinese_Female
1,13,-30,9.697181574522633,Chinese_Female
1,13,-29,9.775646289787472,Chinese_Female
1,13,-28,9.817762848287165,Chinese_Female
1,13,-27,9.870576405332642,Chinese_Female
1,13,-26,9.954097935218076,Chinese_Female
1,13,-25,10.05430817864959,Chinese_Female
1,13,-24,10.078073008813647,Chinese_Female
1,13,-23,10.264868378290542,Chinese_Female
1,13,-22,10.295317343775494,Chinese_Female
1,13,-21,10.405040504050406,Chinese_Female
1,13,-20,10.425217534066656,Chinese_Female
1,13,-19,10.416219872313047,Chinese_Female
1,13,-18,10.425433219575229,Chinese_Female
1,13,-17,10.37090085438769,Chinese_Female
1,13,-16,10.3703951662845,Chinese_Female
1,13,-15,10.436979035109877,Chinese_Female
1,13,-14,10.340334072331569,Chinese_Female
1,13,-13,10.56571671629094,Chinese_Female
1,13,-12,10.446508121444726,Chinese_Female
1,13,-11,10.634882275771593,Chinese_Female
1,13,-10,10.62418386001567,Chinese_Female
1,13,-9,10.740695418072479,Chinese_Female
1,13,-8,10.729870495495495,Chinese_Female
1,13,-7,10.705815723337226,Chinese_Female
1,13,-6,10.852947989237924,Chinese_Female
1,13,-5,10.966790198970964,Chinese_Female
1,13,-4,10.981966111544958,Chinese_Female
1,13,-3,11.090094391596576,Chinese_Female
1,13,-2,11.133810010214505,Chinese_Female
1,13,-1,11.231089365052584,Chinese_Female
1,14,-61,6.2402955506773035,Chinese_Female
1,14,-60,6.598614655486694,Chinese_Female
1,14,-59,6.595636732623033,Chinese_Female
1,14,-58,6.610484570578758,Chinese_Female
1,14,-57,6.6196089846213555,Chinese_Female
1,14,-56,6.5904074803616775,Chinese_Female
1,14,-55,6.745025020365414,Chinese_Female
1,14,-54,6.67989417989418,Chinese_Female
1,14,-53,6.792317839336419,Chinese_Female
1,14,-52,6.813047006953433,Chinese_Female
1,14,-51,6.865176049505164,Chinese_Female
1,14,-50,6.900129152463425,Chinese_Female
1,14,-49,6.99012987012987,Chinese_Female
1,14,-48,7.160504079556543,Chinese_Female
1,14,-47,7.164981231154233,Chinese_Female
1,14,-46,7.286177543575192,Chinese_Female
1,14,-45,7.383793907274212,Chinese_Female
1,14,-44,7.404656254276053,Chinese_Female
1,14,-43,7.5615744648200724,Chinese_Female
1,14,-42,7.578561680967604,Chinese_Female
1,14,-41,7.701664178691877,Chinese_Female
1,14,-40,7.945330296127564,Chinese_Female
1,14,-39,8.052619299725418,Chinese_Female
1,14,-38,8.276802635540834,Chinese_Female
1,14,-37,8.324131040647842,Chinese_Female
1,14,-36,8.393306164918062,Chinese_Female
1,14,-35,8.558666895722384,Chinese_Female
1,14,-34,8.669035999115751,Chinese_Female
1,14,-33,8.868728013330864,Chinese_Female
1,14,-32,9.078791715956614,Chinese_Female
1,14,-31,9.306786611985713,Chinese_Female
1,14,-30,9.612279212239258,Chinese_Female
1,14,-29,9.652465262950432,Chinese_Female
1,14,-28,9.70254612725768,Chinese_Female
1,14,-27,9.914366343377988,Chinese_Female
1,14,-26,10.009245292199893,Chinese_Female
1,14,-25,10.124017184080408,Chinese_Female
1,14,-24,10.207924166923664,Chinese_Female
1,14,-23,10.32499187520312,Chinese_Female
1,14,-22,10.447054984499918,Chinese_Female
1,14,-21,10.57523934211603,Chinese_Female
1,14,-20,10.574618289279265,Chinese_Female
1,14,-19,10.546546348384117,Chinese_Female
1,14,-18,10.536430204433254,Chinese_Female
1,14,-17,10.547441000616226,Chinese_Female
1,14,-16,10.524377793027265,Chinese_Female
1,14,-15,10.570009261598047,Chinese_Female
1,14,-14,10.695730169743946,Chinese_Female
1,14,-13,10.555508294342832,Chinese_Female
1,14,-12,10.57843876362141,Chinese_Female
1,14,-11,10.581371262859905,Chinese_Female
1,14,-10,10.64507704361452,Chinese_Female
1,14,-9,10.75468069856476,Chinese_Female
1,14,-8,10.719313063063062,Chinese_Female
1,14,-7,10.658029804254717,Chinese_Female
1,14,-6,10.858293391301249,Chinese_Female
1,14,-5,10.759903572842083,Chinese_Female
1,14,-4,10.851206799484228,Chinese_Female
1,14,-3,10.919308039813421,Chinese_Female
1,14,-2,10.944377379515275,Chinese_Female
1,14,-1,11.041748683051198,Chinese_Female
1,15,-61,6.178722492905713,Chinese_Female
1,15,-60,6.598614655486694,Chinese_Female
1,15,-59,6.661593099949265,Chinese_Female
1,15,-58,6.679885983393233,Chinese_Female
1,15,-57,6.6972299034589815,Chinese_Female
1,15,-56,6.75890547499822,Chinese_Female
1,15,-55,6.768299778889794,Chinese_Female
1,15,-54,6.878306878306878,Chinese_Female
1,15,-53,6.861627205043932,Chinese_Female
1,15,-52,6.894206935883656,Chinese_Female
1,15,-51,6.9384850902348045,Chinese_Female
1,15,-50,7.035633376384154,Chinese_Female
1,15,-49,7.002597402597402,Chinese_Female
1,15,-48,7.137666867357319,Chinese_Female
1,15,-47,7.132161391561198,Chinese_Female
1,15,-46,7.235508715038508,Chinese_Female
1,15,-45,7.3519156820944,Chinese_Female
1,15,-44,7.377289520495729,Chinese_Female
1,15,-43,7.509782858896647,Chinese_Female
1,15,-42,7.443964630886284,Chinese_Female
1,15,-41,7.602145187150993,Chinese_Female
1,15,-40,7.85239179954442,Chinese_Female
1,15,-39,8.014931533892069,Chinese_Female
1,15,-38,8.163446040489559,Chinese_Female
1,15,-37,8.29258032286901,Chinese_Female
1,15,-36,8.377698777421312,Chinese_Female
1,15,-35,8.505411441333104,Chinese_Female
1,15,-34,8.764262757834953,Chinese_Female
1,15,-33,8.981501742101631,Chinese_Female
1,15,-32,9.127109748579617,Chinese_Female
1,15,-31,9.450654848524938,Chinese_Female
1,15,-30,9.540694867568963,Chinese_Female
1,15,-29,9.654107676641592,Chinese_Female
1,15,-28,9.619784820602698,Chinese_Female
1,15,-27,9.784618378799182,Chinese_Female
1,15,-26,9.945988029779574,Chinese_Female
1,15,-25,10.083488692550862,Chinese_Female
1,15,-24,10.131636611534029,Chinese_Female
1,15,-23,10.201494962625935,Chinese_Female
1,15,-22,10.226790667319301,Chinese_Female
1,15,-21,10.270845266344816,Chinese_Female
1,15,-20,10.333278607781974,Chinese_Female
1,15,-19,10.37827672105185,Chinese_Female
1,15,-18,10.420463205327856,Chinese_Female
1,15,-17,10.359242542844296,Chinese_Female
1,15,-16,10.482534687934123,Chinese_Female
1,15,-15,10.447082596615306,Chinese_Female
1,15,-14,10.416490378919935,Chinese_Female
1,15,-13,10.506167588260315,Chinese_Female
1,15,-12,10.585292303474745,Chinese_Female
1,15,-11,10.590002071394048,Chinese_Female
1,15,-10,10.599808479150344,Chinese_Female
1,15,-9,10.642798454626504,Chinese_Female
1,15,-8,10.641891891891891,Chinese_Female
1,15,-7,10.693426781352873,Chinese_Female
1,15,-6,10.74247634659587,Chinese_Female
1,15,-5,10.785089770805598,Chinese_Female
1,15,-4,10.896609338394203,Chinese_Female
1,15,-3,10.891761854041944,Chinese_Female
1,15,-2,10.905376543783081,Chinese_Female
1,15,-1,10.931143730198901,Chinese_Female
1,16,-61,6.192107940247363,Chinese_Female
1,16,-60,6.596010624446643,Chinese_Female
1,16,-59,6.6438356164383565,Chinese_Female
1,16,-58,6.630313545668607,Chinese_Female
1,16,-57,6.58807548634357,Chinese_Female
1,16,-56,6.540570045328334,Chinese_Female
1,16,-55,6.614686372628883,Chinese_Female
1,16,-54,6.693577814267469,Chinese_Female
1,16,-53,6.682764325798734,Chinese_Female
1,16,-52,6.764789751913838,Chinese_Female
1,16,-51,6.783242415748507,Chinese_Female
1,16,-50,6.859901335986958,Chinese_Female
1,16,-49,6.992207792207792,Chinese_Female
1,16,-48,7.10029688375859,Chinese_Female
1,16,-47,7.226518430391171,Chinese_Female
1,16,-46,7.344953384677747,Chinese_Female
1,16,-45,7.429618855970194,Chinese_Female
1,16,-44,7.488711222315617,Chinese_Female
1,16,-43,7.5615744648200724,Chinese_Female
1,16,-42,7.651468416428318,Chinese_Female
1,16,-41,7.710878900130849,Chinese_Female
1,16,-40,7.958086560364465,Chinese_Female
1,16,-39,8.15491466413022,Chinese_Female
1,16,-38,8.237836305991959,Chinese_Female
1,16,-37,8.324131040647842,Chinese_Female
1,16,-36,8.429723402410474,Chinese_Female
1,16,-35,8.56725648514001,Chinese_Female
1,16,-34,8.737055112486608,Chinese_Female
1,16,-33,8.971402602211711,Chinese_Female
1,16,-32,9.220413535713691,Chinese_Female
1,16,-31,9.396084138113507,Chinese_Female
1,16,-30,9.722152857547155,Chinese_Female
1,16,-29,9.732943533817298,Chinese_Female
1,16,-28,9.796666828943739,Chinese_Female
1,16,-27,9.836517564630705,Chinese_Female
1,16,-26,10.00275736784909,Chinese_Female
1,16,-25,10.05268703898841,Chinese_Female
1,16,-24,10.207924166923664,Chinese_Female
1,16,-23,10.300617484562887,Chinese_Female
1,16,-22,10.46173927231196,Chinese_Female
1,16,-21,10.385402176581294,Chinese_Female
1,16,-20,10.389098670169101,Chinese_Female
1,16,-19,10.360129996535624,Chinese_Female
1,16,-18,10.369106391438322,Chinese_Female
1,16,-17,10.422530519794147,Chinese_Female
1,16,-16,10.35867909685842,Chinese_Female
1,16,-15,10.381409446830007,Chinese_Female
1,16,-14,10.594188427626124,Chinese_Female
1,16,-13,10.555508294342832,Chinese_Female
1,16,-12,10.566445068878076,Chinese_Female
1,16,-11,10.70565490575157,Chinese_Female
1,16,-10,10.664229128580134,Chinese_Female
1,16,-9,10.651539254934182,Chinese_Female
1,16,-8,10.803772522522523,Chinese_Female
1,16,-7,10.804927259212063,Chinese_Female
1,16,-6,10.9188746146856,Chinese_Female
1,16,-5,10.860648364696146,Chinese_Female
1,16,-4,10.94019577574778,Chinese_Female
1,16,-3,11.029492782899327,Chinese_Female
1,16,-2,11.013093137710094,Chinese_Female
1,16,-1,11.064244605665223,Chinese_Female
1,17,-61,6.269743534828934,Chinese_Female
1,17,-60,6.569970314046143,Chinese_Female
1,17,-59,6.5093860984271945,Chinese_Female
1,17,-58,6.560912132854132,Chinese_Female
1,17,-57,6.551690680638432,Chinese_Female
1,17,-56,6.561928946056909,Chinese_Female
1,17,-55,6.637961131153264,Chinese_Female
1,17,-54,6.704980842911877,Chinese_Female
1,17,-53,6.75207369150625,Chinese_Female
1,17,-52,6.723113031652373,Chinese_Female
1,17,-51,6.83714612216736,Chinese_Female
1,17,-50,6.883191124473333,Chinese_Female
1,17,-49,6.907012987012987,Chinese_Female
1,17,-48,7.025556916561131,Chinese_Female
1,17,-47,7.068572952349696,Chinese_Female
1,17,-46,7.276043777867856,Chinese_Female
1,17,-45,7.3718395728317825,Chinese_Female
1,17,-44,7.439842054850754,Chinese_Female
1,17,-43,7.4618276682268085,Chinese_Female
1,17,-42,7.5879086983343615,Chinese_Female
1,17,-41,7.607674020014375,Chinese_Female
1,17,-40,7.770387243735763,Chinese_Female
1,17,-39,7.9700651459952265,Chinese_Female
1,17,-38,8.104996546166245,Chinese_Female
1,17,-37,8.280310599288356,Chinese_Female
1,17,-36,8.38983785658545,Chinese_Female
1,17,-35,8.395464696787494,Chinese_Female
1,17,-34,8.56190589555665,Chinese_Female
1,17,-33,8.799717224083082,Chinese_Female
1,17,-32,8.950499008647261,Chinese_Female
1,17,-31,9.19103055959783,Chinese_Female
1,17,-30,9.484093292713379,Chinese_Female
1,17,-29,9.494793548599022,Chinese_Female
1,17,-28,9.520795806760463,Chinese_Female
1,17,-27,9.667845210678259,Chinese_Female
1,17,-26,9.834071334728236,Chinese_Female
1,17,-25,9.950555240333955,Chinese_Female
1,17,-24,10.014770569235013,Chinese_Female
1,17,-23,10.021124471888204,Chinese_Female
1,17,-22,10.021210637950725,Chinese_Female
1,17,-21,10.089190737255544,Chinese_Female
1,17,-20,10.101789525529469,Chinese_Female
1,17,-19,10.137420195654684,Chinese_Female
1,17,-18,10.132202378980153,Chinese_Female
1,17,-17,10.132738204286927,Chinese_Female
1,17,-16,10.099251845280936,Chinese_Female
1,17,-15,10.138923970699672,Chinese_Female
1,17,-14,10.152481849413597,Chinese_Female
1,17,-13,10.264568268821778,Chinese_Female
1,17,-12,10.259749160441368,Chinese_Female
1,17,-11,10.300006904646827,Chinese_Female
1,17,-10,10.352572473230609,Chinese_Female
1,17,-9,10.426026606996135,Chinese_Female
1,17,-8,10.518721846846848,Chinese_Female
1,17,-7,10.652720257689992,Chinese_Female
1,17,-6,10.706840332840368,Chinese_Female
1,17,-5,10.725722304177312,Chinese_Female
1,17,-4,10.796723752792255,Chinese_Female
1,17,-3,10.842178719653285,Chinese_Female
1,17,-2,10.870090073358716,Chinese_Female
1,17,-1,10.979884895862625,Chinese_Female
1,18,-61,6.2162017454623335,Chinese_Female
1,18,-60,6.554346127805843,Chinese_Female
1,18,-59,6.615930999492643,Chinese_Female
1,18,-58,6.595612839261371,Chinese_Female
1,18,-57,6.634162906903411,Chinese_Female
1,18,-56,6.611766381090253,Chinese_Female
1,18,-55,6.756662399627604,Chinese_Female
1,18,-54,6.787082649151614,Chinese_Female
1,18,-53,6.794553625326984,Chinese_Female
1,18,-52,6.892013424290948,Chinese_Female
1,18,-51,6.903986718126738,Chinese_Female
1,18,-50,6.874722110478287,Chinese_Female
1,18,-49,6.967272727272728,Chinese_Female
1,18,-48,7.143895197957108,Chinese_Female
1,18,-47,7.1280589116120705,Chinese_Female
1,18,-46,7.284150790433726,Chinese_Female
1,18,-45,7.381801518200475,Chinese_Female
1,18,-44,7.480892155521239,Chinese_Female
1,18,-43,7.53855597329855,Chinese_Female
1,18,-42,7.5879086983343615,Chinese_Female
1,18,-41,7.6316322957557,Chinese_Female
1,18,-40,7.8287015945330305,Chinese_Female
1,18,-39,7.9718598015110995,Chinese_Female
1,18,-38,8.20064117324076,Chinese_Female
1,18,-37,8.366198664352947,Chinese_Female
1,18,-36,8.481748027399636,Chinese_Female
1,18,-35,8.649716543549218,Chinese_Female
1,18,-34,8.818678048531638,Chinese_Female
1,18,-33,9.011799161771389,Chinese_Female
1,18,-32,9.233742648161416,Chinese_Female
1,18,-31,9.482074348458791,Chinese_Female
1,18,-30,9.738800379563502,Chinese_Female
1,18,-29,9.695168018920604,Chinese_Female
1,18,-28,9.744738165944533,Chinese_Female
1,18,-27,9.859223458431995,Chinese_Female
1,18,-26,10.023843121989199,Chinese_Female
1,18,-25,10.094836670179136,Chinese_Female
1,18,-24,10.207924166923664,Chinese_Female
1,18,-23,10.320116997075072,Chinese_Female
1,18,-22,10.380159895578398,Chinese_Female
1,18,-21,10.462318959168645,Chinese_Female
1,18,-20,10.479395829912987,Chinese_Female
1,18,-19,10.546546348384117,Chinese_Female
1,18,-18,10.49667009045426,Chinese_Female
1,18,-17,10.504138700597904,Chinese_Female
1,18,-16,10.470818618508043,Chinese_Female
1,18,-15,10.529595015576323,Chinese_Female
1,18,-14,10.457107075767064,Chinese_Female
1,18,-13,10.560612505316886,Chinese_Female
1,18,-12,10.619560002741416,Chinese_Female
1,18,-11,10.68148864185597,Chinese_Female
1,18,-10,10.775659441107338,Chinese_Female
1,18,-9,10.843836861703057,Chinese_Female
1,18,-8,10.76858108108108,Chinese_Female
1,18,-7,10.797847863792432,Chinese_Female
1,18,-6,10.926001817436703,Chinese_Female
1,18,-5,11.015363580757745,Chinese_Female
1,18,-4,11.001943228665347,Chinese_Female
1,18,-3,11.086421566827047,Chinese_Female
1,18,-2,11.111523818367536,Chinese_Female
1,18,-1,11.082991207843579,Chinese_Female
1,19,-61,6.234941371740644,Chinese_Female
1,19,-60,6.616842872767044,Chinese_Female
1,19,-59,6.575342465753424,Chinese_Female
1,19,-58,6.573305242285289,Chinese_Female
1,19,-57,6.6390142143307616,Chinese_Female
1,19,-56,6.652110971355341,Chinese_Female
1,19,-55,6.731060165250785,Chinese_Female
1,19,-54,6.8532202152891815,Chinese_Female
1,19,-53,6.892928208911843,Chinese_Female
1,19,-52,6.881045866327404,Chinese_Female
1,19,-51,6.92554820069428,Chinese_Female
1,19,-50,6.989053799411403,Chinese_Female
1,19,-49,7.035844155844156,Chinese_Female
1,19,-48,7.110677434758236,Chinese_Female
1,19,-47,7.206006030645525,Chinese_Female
1,19,-46,7.3044183218484,Chinese_Female
1,19,-45,7.367854794684306,Chinese_Female
1,19,-44,7.420294387864808,Chinese_Female
1,19,-43,7.527046727537788,Chinese_Female
1,19,-42,7.571084067074196,Chinese_Female
1,19,-41,7.6795488472383475,Chinese_Female
1,19,-40,7.817767653758542,Chinese_Female
1,19,-39,8.018520844923817,Chinese_Female
1,19,-38,8.138649285322092,Chinese_Female
1,19,-37,8.23824297558325,Chinese_Female
1,19,-36,8.339547385762595,Chinese_Female
1,19,-35,8.434976808108573,Chinese_Female
1,19,-34,8.655432176441579,Chinese_Female
1,19,-33,8.9141741428355,Chinese_Female
1,19,-32,9.05379963011713,Chinese_Female
1,19,-31,9.300171980420691,Chinese_Female
1,19,-30,9.64057999966705,Chinese_Female
1,19,-29,9.665604572479717,Chinese_Female
1,19,-28,9.657108547133376,Chinese_Female
1,19,-27,9.779752830127478,Chinese_Female
1,19,-26,9.848669164517542,Chinese_Female
1,19,-25,9.942449542028045,Chinese_Female
1,19,-24,10.008278011329514,Chinese_Female
1,19,-23,10.099122521936952,Chinese_Female
1,19,-22,10.199053679229891,Chinese_Female
1,19,-21,10.282300957368463,Chinese_Female
1,19,-20,10.284025611558038,Chinese_Female
1,19,-19,10.332085058646914,Chinese_Female
1,19,-18,10.30615287763825,Chinese_Female
1,19,-17,10.379228219775827,Chinese_Female
1,19,-16,10.266624265653505,Chinese_Female
1,19,-15,10.344363054643429,Chinese_Female
1,19,-14,10.431721640237608,Chinese_Female
1,19,-13,10.492556358996172,Chinese_Female
1,19,-12,10.508189980124733,Chinese_Female
1,19,-11,10.488158530691155,Chinese_Female
1,19,-10,10.51623574475494,Chinese_Female
1,19,-9,10.529168050626716,Chinese_Female
1,19,-8,10.6665259009009,Chinese_Female
1,19,-7,10.650950408835087,Chinese_Female
1,19,-6,10.722876539030345,Chinese_Female
1,19,-5,10.783290756665348,Chinese_Female
1,19,-4,10.802172057461453,Chinese_Female
1,19,-3,10.836669482498989,Chinese_Female
1,19,-2,11.007521589748352,Chinese_Female
1,19,-1,11.127983053071631,Chinese_Female
1,20,-61,6.224233013867323,Chinese_Female
1,20,-60,6.622050934847143,Chinese_Female
1,20,-59,6.598173515981736,Chinese_Female
1,20,-58,6.615441814351221,Chinese_Female
1,20,-57,6.583224178916218,Chinese_Female
1,20,-56,6.60939316989819,Chinese_Female
1,20,-55,6.598394041661818,Chinese_Female
1,20,-54,6.588669950738916,Chinese_Female
1,20,-53,6.6536991079213905,Chinese_Female
1,20,-52,6.731887078023208,Chinese_Female
1,20,-51,6.817740787856573,Chinese_Female
1,20,-50,6.9551777434312205,Chinese_Female
1,20,-49,6.985974025974026,Chinese_Female
1,20,-48,7.042165798160567,Chinese_Female
1,20,-47,7.148571311357715,Chinese_Female
1,20,-46,7.25780299959465,Chinese_Female
1,20,-45,7.3260146241358015,Chinese_Female
1,20,-44,7.422249154563403,Chinese_Female
1,20,-43,7.557738049566486,Chinese_Female
1,20,-42,7.567345260127493,Chinese_Female
1,20,-41,7.644532905770259,Chinese_Female
1,20,-40,7.846924829157176,Chinese_Female
1,20,-39,7.996984978733332,Chinese_Female
1,20,-38,8.190013992454702,Chinese_Female
1,20,-37,8.262782422744563,Chinese_Female
1,20,-36,8.426255094077865,Chinese_Female
1,20,-35,8.555231059955334,Chinese_Female
1,20,-34,8.697944122298367,Chinese_Female
1,20,-33,8.899025433000622,Chinese_Female
1,20,-32,9.047135073893267,Chinese_Female
1,20,-31,9.346474401375843,Chinese_Female
1,20,-30,9.645574256271953,Chinese_Female
1,20,-29,9.70994974214105,Chinese_Female
1,20,-28,9.637635298508673,Chinese_Female
1,20,-27,9.794349476142592,Chinese_Female
1,20,-26,9.783789921009522,Chinese_Female
1,20,-25,10.007295128475318,Chinese_Female
1,20,-24,9.94497557175088,Chinese_Female
1,20,-23,10.048748781280468,Chinese_Female
1,20,-22,10.137053352912384,Chinese_Female
1,20,-21,10.200474592913837,Chinese_Female
1,20,-20,10.216713183385323,Chinese_Female
1,20,-19,10.323836547503177,Chinese_Female
1,20,-18,10.364136377190949,Chinese_Female
1,20,-17,10.304281931282581,Chinese_Female
1,20,-16,10.38211123571058,Chinese_Female
1,20,-15,10.376357666077292,Chinese_Female
1,20,-14,10.384335493915957,Chinese_Female
1,20,-13,10.409187579753297,Chinese_Female
1,20,-12,10.439654581591391,Chinese_Female
1,20,-11,10.489884692397984,Chinese_Female
1,20,-10,10.448332898058675,Chinese_Female
1,20,-9,10.539657010995928,Chinese_Female
1,20,-8,10.601421734234235,Chinese_Female
1,20,-7,10.606704187462391,Chinese_Female
1,20,-6,10.689022325962618,Chinese_Female
1,20,-5,10.761702586982334,Chinese_Female
1,20,-4,10.834861885476636,Chinese_Female
1,20,-3,10.957872699893487,Chinese_Female
1,20,-2,10.968520754016158,Chinese_Female
1,20,-1,11.096113829368427,Chinese_Female
1,22,-61,8.46227980939123,Chinese_Female
1,22,-60,8.78339669808864,Chinese_Female
1,22,-59,8.731608320649418,Chinese_Female
1,22,-58,8.809022183665881,Chinese_Female
1,22,-57,8.829379517780042,Chinese_Female
1,22,-56,8.901915181431995,Chinese_Female
1,22,-55,8.949144652624229,Chinese_Female
1,22,-54,8.924010217113665,Chinese_Female
1,22,-53,8.978916538108972,Chinese_Female
1,22,-52,9.024106692403869,Chinese_Female
1,22,-51,9.114038681299725,Chinese_Female
1,22,-50,9.207935466113359,Chinese_Female
1,22,-49,9.311168831168832,Chinese_Female
1,22,-48,9.568791911474662,Chinese_Female
1,22,-47,9.632622920555475,Chinese_Female
1,22,-46,9.73044183218484,Chinese_Female
1,22,-45,9.82845530075113,Chinese_Female
1,22,-44,9.895029028285474,Chinese_Female
1,22,-43,10.047571549144479,Chinese_Female
1,22,-42,10.053651879685193,Chinese_Female
1,22,-41,10.248613184423434,Chinese_Female
1,22,-40,10.409111617312073,Chinese_Female
1,22,-39,10.602824787781985,Chinese_Female
1,22,-38,10.804300465824758,Chinese_Female
1,22,-37,10.944593433945068,Chinese_Female
1,22,-36,11.032688806034857,Chinese_Female
1,22,-35,11.164748325030063,Chinese_Female
1,22,-34,11.382998622612954,Chinese_Female
1,22,-33,11.614010873407281,Chinese_Female
1,22,-32,11.77127243039704,Chinese_Female
1,22,-31,11.989019711602063,Chinese_Female
1,22,-30,12.36078509713829,Chinese_Female
1,22,-29,12.28525440988076,Chinese_Female
1,22,-28,12.308715901530274,Chinese_Female
1,22,-27,12.45742644912258,Chinese_Female
1,22,-26,12.57684135402981,Chinese_Female
1,22,-25,12.709734943665396,Chinese_Female
1,22,-24,12.77897709750199,Chinese_Female
1,22,-23,12.95742606434839,Chinese_Female
1,22,-22,12.92054168706151,Chinese_Female
1,22,-21,13.026757221176663,Chinese_Female
1,22,-20,13.029059267772123,Chinese_Female
1,22,-19,13.123381229688041,Chinese_Female
1,22,-18,13.081077499088831,Chinese_Female
1,22,-17,13.120596905551022,Chinese_Female
1,22,-16,13.118650308802115,Chinese_Female
1,22,-15,13.185147764587017,Chinese_Female
1,22,-14,13.229196635583612,Chinese_Female
1,22,-13,13.342407486176095,Chinese_Female
1,22,-12,13.441505037351792,Chinese_Female
1,22,-11,13.477870606918458,Chinese_Female
1,22,-10,13.521371985722991,Chinese_Female
1,22,-9,13.522018075975037,Chinese_Female
1,22,-8,13.582136824324326,Chinese_Female
1,22,-7,13.606597996531097,Chinese_Female
1,22,-6,13.70739269105358,Chinese_Female
1,22,-5,13.870399021336308,Chinese_Female
1,22,-4,13.842326062873436,Chinese_Female
1,22,-3,13.870422742130973,Chinese_Female
1,22,-2,13.789581205311544,Chinese_Female
1,22,-1,13.909978816339539,Chinese_Female
1,23,-61,8.49975906194785,Chinese_Female
1,23,-60,8.799020884328941,Chinese_Female
1,23,-59,8.754439370877726,Chinese_Female
1,23,-58,8.813979427438344,Chinese_Female
1,23,-57,8.89487216804929,Chinese_Female
1,23,-56,8.897168759047867,Chinese_Female
1,23,-55,8.998021645525428,Chinese_Female
1,23,-54,9.113300492610838,Chinese_Female
1,23,-53,9.151072059382475,Chinese_Female
1,23,-52,9.190813573449736,Chinese_Female
1,23,-51,9.284374393583303,Chinese_Female
1,23,-50,9.315915394550188,Chinese_Female
1,23,-49,9.460779220779221,Chinese_Female
1,23,-48,9.46913862187805,Chinese_Female
1,23,-47,9.688006399868721,Chinese_Female
1,23,-46,9.66963923794082,Chinese_Female
1,23,-45,9.80454663186627,Chinese_Female
1,23,-44,9.883300428093907,Chinese_Female
1,23,-43,10.049489756771273,Chinese_Female
1,23,-42,10.177032508926402,Chinese_Female
1,23,-41,10.233869630121081,Chinese_Female
1,23,-40,10.42369020501139,Chinese_Female
1,23,-39,10.663843075321692,Chinese_Female
1,23,-38,10.93359783205512,Chinese_Female
1,23,-37,11.007694869502725,Chinese_Female
1,23,-36,11.082979276857714,Chinese_Female
1,23,-35,11.221439615186394,Chinese_Female
1,23,-34,11.417008179298382,Chinese_Female
1,23,-33,11.52985137432462,Chinese_Female
1,23,-32,11.599660107632582,Chinese_Female
1,23,-31,11.9394099748644,Chinese_Female
1,23,-30,12.295859761274535,Chinese_Female
1,23,-29,12.265545445586834,Chinese_Female
1,23,-28,12.255164467812344,Chinese_Female
1,23,-27,12.384443219047,Chinese_Female
1,23,-26,12.539535789012701,Chinese_Female
1,23,-25,12.670827591797032,Chinese_Female
1,23,-24,12.855264652891623,Chinese_Female
1,23,-23,12.902177445563861,Chinese_Female
1,23,-22,12.889541523902755,Chinese_Female
1,23,-21,13.082399149005811,Chinese_Female
1,23,-20,13.076670497455261,Chinese_Female
1,23,-19,13.164623785406734,Chinese_Female
1,23,-18,13.17716444120473,Chinese_Female
1,23,-17,13.227187182519195,Chinese_Female
1,23,-16,13.257569417711348,Chinese_Female
1,23,-15,13.228929864443884,Chinese_Female
1,23,-14,13.31381475401513,Chinese_Female
1,23,-13,13.257337303275202,Chinese_Female
1,23,-12,13.235898841751764,Chinese_Female
1,23,-11,13.300075951115101,Chinese_Female
1,23,-10,13.342038826499522,Chinese_Female
1,23,-9,13.37342447074454,Chinese_Female
1,23,-8,13.46776463963964,Chinese_Female
1,23,-7,13.457930692718842,Chinese_Female
1,23,-6,13.557721433280474,Chinese_Female
1,23,-5,13.694095635591697,Chinese_Female
1,23,-4,13.816900641083848,Chinese_Female
1,23,-3,13.84104014397473,Chinese_Female
1,23,-2,13.863868511468102,Chinese_Female
1,23,-1,13.945597360478413,Chinese_Female
1,24,-61,8.42212346736628,Chinese_Female
1,24,-60,8.788604760168742,Chinese_Female
1,24,-59,8.718924403855912,Chinese_Female
1,24,-58,8.831329780641962,Chinese_Female
1,24,-57,8.843933440062097,Chinese_Female
1,24,-56,8.873436647127228,Chinese_Female
1,24,-55,8.916559990690097,Chinese_Female
1,24,-54,8.949096880131362,Chinese_Female
1,24,-53,9.115299483533436,Chinese_Female
1,24,-52,9.241264340082038,Chinese_Female
1,24,-51,9.314560469177861,Chinese_Female
1,24,-50,9.37731574601427,Chinese_Female
1,24,-49,9.460779220779221,Chinese_Female
1,24,-48,9.545954699275438,Chinese_Female
1,24,-47,9.659289040224815,Chinese_Female
1,24,-46,9.756789623023916,Chinese_Female
1,24,-45,9.772668406686458,Chinese_Female
1,24,-44,9.773833492972614,Chinese_Female
1,24,-43,9.92864267628328,Chinese_Female
1,24,-42,9.941487671284094,Chinese_Female
1,24,-41,10.141722415731373,Chinese_Female
1,24,-40,10.159453302961277,Chinese_Female
1,24,-39,10.360546293139032,Chinese_Female
1,24,-38,10.57581607892453,Chinese_Female
1,24,-37,10.748277856654573,Chinese_Female
1,24,-36,10.834995231076043,Chinese_Female
1,24,-35,11.03418656588215,Chinese_Female
1,24,-34,11.275868519053853,Chinese_Female
1,24,-33,11.541633704196192,Chinese_Female
1,24,-32,11.772938569453007,Chinese_Female
1,24,-31,12.1064294218812,Chinese_Female
1,24,-30,12.355790840533388,Chinese_Female
1,24,-29,12.34930854383602,Chinese_Female
1,24,-28,12.368758418123104,Chinese_Female
1,24,-27,12.556359272113918,Chinese_Female
1,24,-26,12.69038003016885,Chinese_Female
1,24,-25,12.79403420604685,Chinese_Female
1,24,-24,12.74164488954536,Chinese_Female
1,24,-23,12.822554436139097,Chinese_Female
1,24,-22,13.003752651329744,Chinese_Female
1,24,-21,13.062760821536697,Chinese_Female
1,24,-20,12.904285010671481,Chinese_Female
1,24,-19,12.861078575317157,Chinese_Female
1,24,-18,12.869023557867532,Chinese_Female
1,24,-17,12.82414269773329,Chinese_Female
1,24,-16,12.854201884613452,Chinese_Female
1,24,-15,12.853414161825377,Chinese_Female
1,24,-14,12.741796273418066,Chinese_Female
1,24,-13,12.866014461931094,Chinese_Female
1,24,-12,12.857240764855046,Chinese_Female
1,24,-11,12.911689567078643,Chinese_Female
1,24,-10,12.932880647688691,Chinese_Female
1,24,-9,13.032533258745172,Chinese_Female
1,24,-8,13.020833333333334,Chinese_Female
1,24,-7,13.167675480513964,Chinese_Female
1,24,-6,13.199579495037685,Chinese_Female
1,24,-5,13.251538157089914,Chinese_Female
1,24,-4,13.243012549261755,Chinese_Female
1,24,-3,13.38193704778345,Chinese_Female
1,24,-2,13.444145231683535,Chinese_Female
1,24,-1,13.6756462891101,Chinese_Female
1,25,-61,8.4328318252396,Chinese_Female
1,25,-60,8.85891359825009,Chinese_Female
1,25,-59,8.840690005073567,Chinese_Female
1,25,-58,8.900731193456437,Chinese_Female
1,25,-57,8.965216125745888,Chinese_Female
1,25,-56,8.906661603816124,Chinese_Female
1,25,-55,9.035261259164436,Chinese_Female
1,25,-54,9.113300492610838,Chinese_Female
1,25,-53,9.193551993203211,Chinese_Female
1,25,-52,9.252231898045581,Chinese_Female
1,25,-51,9.344746544772418,Chinese_Female
1,25,-50,9.390019267006839,Chinese_Female
1,25,-49,9.388051948051949,Chinese_Female
1,25,-48,9.666369090871344,Chinese_Female
1,25,-47,9.710570039588932,Chinese_Female
1,25,-46,9.858127280097284,Chinese_Female
1,25,-45,9.930067143511785,Chinese_Female
1,25,-44,9.938033895654554,Chinese_Female
1,25,-43,10.093608532187524,Chinese_Female
1,25,-42,10.098517563045633,Chinese_Female
1,25,-41,10.222811964394317,Chinese_Female
1,25,-40,10.43097949886105,Chinese_Female
1,25,-39,10.615387376393102,Chinese_Female
1,25,-38,10.729910200322358,Chinese_Female
1,25,-37,10.881491998387407,Chinese_Female
1,25,-36,10.925171247723922,Chinese_Female
1,25,-35,11.161312489263013,Chinese_Female
1,25,-34,11.47312394782934,Chinese_Female
1,25,-33,11.580347073774217,Chinese_Female
1,25,-32,11.812925906796181,Chinese_Female
1,25,-31,12.032014816774705,Chinese_Female
1,25,-30,12.259235212838568,Chinese_Female
1,25,-29,12.208060966396216,Chinese_Female
1,25,-28,12.21946351200039,Chinese_Female
1,25,-27,12.4444516526647,Chinese_Female
1,25,-26,12.50223022399559,Chinese_Female
1,25,-25,12.484396530761126,Chinese_Female
1,25,-24,12.660487915726598,Chinese_Female
1,25,-23,12.68118297042574,Chinese_Female
1,25,-22,12.721488007831619,Chinese_Female
1,25,-21,12.800916455281891,Chinese_Female
1,25,-20,12.902643244130685,Chinese_Female
1,25,-19,12.90232113103585,Chinese_Female
1,25,-18,12.888903614857028,Chinese_Female
1,25,-17,12.957380543943506,Chinese_Female
1,25,-16,12.926172025373658,Chinese_Female
1,25,-15,12.957817630714827,Chinese_Female
1,25,-14,13.100577095567703,Chinese_Female
1,25,-13,13.146746065504042,Chinese_Female
1,25,-12,13.157083133438421,Chinese_Female
1,25,-11,13.186149278464407,Chinese_Female
1,25,-10,13.216679724906417,Chinese_Female
1,25,-9,13.28951278779085,Chinese_Female
1,25,-8,13.353392454954955,Chinese_Female
1,25,-7,13.367668401118543,Chinese_Female
1,25,-6,13.571975838782674,Chinese_Female
1,25,-5,13.582556758896125,Chinese_Female
1,25,-4,13.706118446143508,Chinese_Female
1,25,-3,13.785947772431777,Chinese_Female
1,25,-2,13.745008821617605,Chinese_Female
1,25,-1,13.838741728061787,Chinese_Female
1,26,-61,8.448894362049579,Chinese_Female
1,26,-60,8.890161970730691,Chinese_Female
1,26,-59,8.815322171486555,Chinese_Female
1,26,-58,8.905688437228902,Chinese_Female
1,26,-57,8.926405666327074,Chinese_Female
1,26,-56,9.037188219379642,Chinese_Female
1,26,-55,9.13534272081927,Chinese_Female
1,26,-54,9.154351395730705,Chinese_Female
1,26,-53,9.227088783061685,Chinese_Female
1,26,-52,9.293908618307048,Chinese_Female
1,26,-51,9.430992475042583,Chinese_Female
1,26,-50,9.485295674451102,Chinese_Female
1,26,-49,9.581298701298701,Chinese_Female
1,26,-48,9.807544584466543,Chinese_Female
1,26,-47,9.925950236918217,Chinese_Female
1,26,-46,10.018240778273206,Chinese_Female
1,26,-45,10.061564822378514,Chinese_Female
1,26,-44,10.192153566471841,Chinese_Female
1,26,-43,10.28159287961329,Chinese_Female
1,26,-42,10.240592227020358,Chinese_Female
1,26,-41,10.357346897403291,Chinese_Female
1,26,-40,10.551252847380411,Chinese_Female
1,26,-39,10.742807918020137,Chinese_Female
1,26,-38,10.9052586832923,Chinese_Female
1,26,-37,10.948099069253825,Chinese_Female
1,26,-36,11.09165004768924,Chinese_Female
1,26,-35,11.16303040714654,Chinese_Female
1,26,-34,11.348989065927526,Chinese_Female
1,26,-33,11.550049654104459,Chinese_Female
1,26,-32,11.721288258718072,Chinese_Female
1,26,-31,11.969175816906999,Chinese_Female
1,26,-30,12.307513026685978,Chinese_Female
1,26,-29,12.393653713497356,Chinese_Female
1,26,-28,12.313584213686449,Chinese_Female
1,26,-27,12.45418275000811,Chinese_Female
1,26,-26,12.557377580977406,Chinese_Female
1,26,-25,12.628677960606305,Chinese_Female
1,26,-24,12.774107679072863,Chinese_Female
1,26,-23,12.871303217419564,Chinese_Female
1,26,-22,12.936857562408225,Chinese_Female
1,26,-21,12.984207511660257,Chinese_Female
1,26,-20,13.096371695944836,Chinese_Female
1,26,-19,13.087087780655594,Chinese_Female
1,26,-18,13.216924555183725,Chinese_Female
1,26,-17,13.1372516363273,Chinese_Female
1,26,-16,13.128692654024471,Chinese_Female
1,26,-15,13.107687126378714,Chinese_Female
1,26,-14,13.195349388211003,Chinese_Female
1,26,-13,13.192683964270524,Chinese_Female
1,26,-12,13.350695634295112,Chinese_Female
1,26,-11,13.348408478906304,Chinese_Female
1,26,-10,13.4012361800296,Chinese_Female
1,26,-9,13.404891351852175,Chinese_Female
1,26,-8,13.571579391891891,Chinese_Female
1,26,-7,13.638455275919437,Chinese_Female
1,26,-6,13.682447481424727,Chinese_Female
1,26,-5,13.760659158780989,Chinese_Female
1,26,-4,13.724279461707498,Chinese_Female
1,26,-3,13.760237999045067,Chinese_Female
1,26,-2,13.865725694122016,Chinese_Female
1,26,-1,13.915602796993046,Chinese_Female
1,27,-61,8.448894362049579,Chinese_Female
1,27,-60,8.801624915368992,Chinese_Female
1,27,-59,8.858447488584476,Chinese_Female
1,27,-58,8.809022183665881,Chinese_Female
1,27,-57,8.880318245767233,Chinese_Female
1,27,-56,8.89954197023993,Chinese_Female
1,27,-55,8.979401838705924,Chinese_Female
1,27,-54,8.994708994708994,Chinese_Female
1,27,-53,9.072819549712701,Chinese_Female
1,27,-52,9.131588760446599,Chinese_Female
1,27,-51,9.232626835421204,Chinese_Female
1,27,-50,9.24181152209354,Chinese_Female
1,27,-49,9.309090909090909,Chinese_Female
1,27,-48,9.471214732077978,Chinese_Female
1,27,-47,9.47877992246313,Chinese_Female
1,27,-46,9.616943656262668,Chinese_Female
1,27,-45,9.631208782451036,Chinese_Female
1,27,-44,9.715190492014777,Chinese_Female
1,27,-43,9.826977672063224,Chinese_Female
1,27,-42,9.81436823509618,Chinese_Female
1,27,-41,9.887396104015776,Chinese_Female
1,27,-40,10.048291571753987,Chinese_Female
1,27,-39,10.269018861829473,Chinese_Female
1,27,-38,10.357958872810357,Chinese_Female
1,27,-37,10.474838302571383,Chinese_Female
1,27,-36,10.637301656117229,Chinese_Female
1,27,-35,10.836626009276756,Chinese_Female
1,27,-34,11.138129814477868,Chinese_Female
1,27,-33,11.280739257039942,Chinese_Female
1,27,-32,11.464702844099369,Chinese_Female
1,27,-31,11.664902764915993,Chinese_Female
1,27,-30,11.962909320947578,Chinese_Female
1,27,-29,11.922280984134284,Chinese_Female
1,27,-28,11.964688509160542,Chinese_Female
1,27,-27,12.129812838561095,Chinese_Female
1,27,-26,12.185943911893988,Chinese_Female
1,27,-25,12.307692307692308,Chinese_Female
1,27,-24,12.402408738982942,Chinese_Female
1,27,-23,12.531686707832304,Chinese_Female
1,27,-22,12.66927720672214,Chinese_Female
1,27,-21,12.69126912691269,Chinese_Female
1,27,-20,12.777868987030045,Chinese_Female
1,27,-19,12.702707161357374,Chinese_Female
1,27,-18,12.779563301414798,Chinese_Female
1,27,-17,12.844128374664823,Chinese_Female
1,27,-16,12.896044989706596,Chinese_Female
1,27,-15,12.94266228845668,Chinese_Female
1,27,-14,12.968572830814534,Chinese_Female
1,27,-13,12.988515525308381,Chinese_Female
1,27,-12,12.961757247618394,Chinese_Female
1,27,-11,12.96865290340399,Chinese_Female
1,27,-10,13.065204143814746,Chinese_Female
1,27,-9,13.118193101760397,Chinese_Female
1,27,-8,13.172156531531531,Chinese_Female
1,27,-7,13.24200913242009,Chinese_Female
1,27,-6,13.33855994868414,Chinese_Female
1,27,-5,13.404454359011261,Chinese_Female
1,27,-4,13.479105751593629,Chinese_Female
1,27,-3,13.538032100488486,Chinese_Female
1,27,-2,13.620577583805368,Chinese_Female
1,27,-1,13.677520949327935,Chinese_Female
1,28,-61,8.45157145151791,Chinese_Female
1,28,-60,8.835477318889641,Chinese_Female
1,28,-59,8.789954337899543,Chinese_Female
1,28,-58,8.836287024414426,Chinese_Female
1,28,-57,8.92883132004075,Chinese_Female
1,28,-56,8.944632982889148,Chinese_Female
1,28,-55,8.977074362853484,Chinese_Female
1,28,-54,9.085933223864258,Chinese_Female
1,28,-53,9.173429919288125,Chinese_Female
1,28,-52,9.258812432823706,Chinese_Female
1,28,-51,9.351214989542681,Chinese_Female
1,28,-50,9.402722787999407,Chinese_Female
1,28,-49,9.412987012987013,Chinese_Female
1,28,-48,9.639379658272262,Chinese_Female
1,28,-47,9.673647720046768,Chinese_Female
1,28,-46,9.762869882448317,Chinese_Female
1,28,-45,9.826462911677392,Chinese_Female
1,28,-44,9.834431260629044,Chinese_Female
1,28,-43,10.022634849996164,Chinese_Female
1,28,-42,10.029349634531622,Chinese_Female
1,28,-41,10.18042424577505,Chinese_Female
1,28,-40,10.283371298405466,Chinese_Female
1,28,-39,10.437716480321601,Chinese_Female
1,28,-38,10.598841637294319,Chinese_Female
1,28,-37,10.790345480359678,Chinese_Female
1,28,-36,10.909563860227173,Chinese_Female
1,28,-35,11.0101357155128,Chinese_Female
1,28,-34,11.214651317020083,Chinese_Female
1,28,-33,11.294204776893169,Chinese_Female
1,28,-32,11.518019293890267,Chinese_Female
1,28,-31,11.719473475327424,Chinese_Female
1,28,-30,12.006192878190083,Chinese_Female
1,28,-29,11.997832013927669,Chinese_Female
1,28,-28,12.026353796472096,Chinese_Female
1,28,-27,12.183333873949852,Chinese_Female
1,28,-26,12.395179472207355,Chinese_Female
1,28,-25,12.391991570073762,Chinese_Female
1,28,-24,12.567968965573211,Chinese_Female
1,28,-23,12.61780955476113,Chinese_Female
1,28,-22,12.659487681514115,Chinese_Female
1,28,-21,12.660175108419933,Chinese_Female
1,28,-20,12.674437694959776,Chinese_Female
1,28,-19,12.70600656581487,Chinese_Female
1,28,-18,12.721579801862099,Chinese_Female
1,28,-17,12.670919174591544,Chinese_Female
1,28,-16,12.73034629353775,Chinese_Female
1,28,-15,12.631135808705901,Chinese_Female
1,28,-14,12.67917886577874,Chinese_Female
1,28,-13,12.63632496809868,Chinese_Female
1,28,-12,12.764717976835035,Chinese_Female
1,28,-11,12.847821583925983,Chinese_Female
1,28,-10,12.878906590058325,Chinese_Female
1,28,-9,12.887435973637745,Chinese_Female
1,28,-8,13.040188626126126,Chinese_Female
1,28,-7,13.141127747690348,Chinese_Female
1,28,-6,13.203143096413235,Chinese_Female
1,28,-5,13.373871118626992,Chinese_Female
1,28,-4,13.468209142255235,Chinese_Female
1,28,-3,13.54721416241231,Chinese_Female
1,28,-2,13.667007150153218,Chinese_Female
1,28,-1,13.735635416080836,Chinese_Female
1,29,-61,8.46227980939123,Chinese_Female
1,29,-60,8.713087860007292,Chinese_Female
1,29,-59,8.685946220192795,Chinese_Female
1,29,-58,8.702441442557937,Chinese_Female
1,29,-57,8.81967690292534,Chinese_Female
1,29,-56,8.77376177706054,Chinese_Female
1,29,-55,8.883975328755964,Chinese_Female
1,29,-54,8.969622331691298,Chinese_Female
1,29,-53,8.987859682071232,Chinese_Female
1,29,-52,9.057009366294501,Chinese_Female
1,29,-51,9.111882533042973,Chinese_Female
1,29,-50,9.10630729817281,Chinese_Female
1,29,-49,9.215584415584416,Chinese_Female
1,29,-48,9.406855315880167,Chinese_Female
1,29,-47,9.44390884289553,Chinese_Female
1,29,-46,9.59870287798946,Chinese_Female
1,29,-45,9.77067601761272,Chinese_Female
1,29,-44,9.88916472818969,Chinese_Female
1,29,-43,9.999616358474642,Chinese_Female
1,29,-42,10.057390686631894,Chinese_Female
1,29,-41,10.2283407972577,Chinese_Female
1,29,-40,10.412756264236902,Chinese_Female
1,29,-39,10.737423951472515,Chinese_Female
1,29,-38,10.848580385766663,Chinese_Female
1,29,-37,10.948099069253825,Chinese_Female
1,29,-36,11.096852510188155,Chinese_Female
1,29,-35,11.341693867033156,Chinese_Female
1,29,-34,11.554746883874369,Chinese_Female
1,29,-33,11.804211341334096,Chinese_Female
1,29,-32,11.897898998650428,Chinese_Female
1,29,-31,12.096507474533668,Chinese_Female
1,29,-30,12.517271804091962,Chinese_Female
1,29,-29,12.487271293893507,Chinese_Female
1,29,-28,12.522921636401993,Chinese_Female
1,29,-27,12.593661811930327,Chinese_Female
1,29,-26,12.743905406062966,Chinese_Female
1,29,-25,12.852395233849395,Chinese_Female
1,29,-24,12.920190231946632,Chinese_Female
1,29,-23,12.993175170620736,Chinese_Female
1,29,-22,13.067384565181921,Chinese_Female
1,29,-21,13.000572784551181,Chinese_Female
1,29,-20,12.905926777212281,Chinese_Female
1,29,-19,13.032647607106917,Chinese_Female
1,29,-18,13.05622742785196,Chinese_Female
1,29,-17,13.058974401678796,Chinese_Female
1,29,-16,13.086849548931326,Chinese_Female
1,29,-15,13.143049591647724,Chinese_Female
1,29,-14,13.252889708744437,Chinese_Female
1,29,-13,13.356018715440237,Chinese_Female
1,29,-12,13.451785347131793,Chinese_Female
1,29,-11,13.508941517641373,Chinese_Female
1,29,-10,13.580569339253067,Chinese_Female
1,29,-9,13.654878240651714,Chinese_Female
1,29,-8,13.712345157657657,Chinese_Female
1,29,-7,13.751725602633535,Chinese_Female
1,29,-6,13.81608253300786,Chinese_Female
1,29,-5,13.886590148598568,Chinese_Female
1,29,-4,13.840509961317037,Chinese_Female
1,29,-3,13.90531457744151,Chinese_Female
1,29,-2,13.901012164546383,Chinese_Female
1,29,-1,13.979341244399452,Chinese_Female
1,30,-61,8.47566525673288,Chinese_Female
1,30,-60,8.81985313264934,Chinese_Female
1,30,-59,8.807711821410452,Chinese_Female
1,30,-58,8.868509108935433,Chinese_Female
1,30,-57,8.955513510891185,Chinese_Female
1,30,-56,8.994470417922491,Chinese_Female
1,30,-55,9.01896892819737,Chinese_Female
1,30,-54,9.081372012406495,Chinese_Female
1,30,-53,9.15330784537304,Chinese_Female
1,30,-52,9.195200596635154,Chinese_Female
1,30,-51,9.29299898661032,Chinese_Female
1,30,-50,9.394253774004362,Chinese_Female
1,30,-49,9.458701298701298,Chinese_Female
1,30,-48,9.618618556272967,Chinese_Female
1,30,-47,9.698262599741543,Chinese_Female
1,30,-46,9.756789623023916,Chinese_Female
1,30,-45,9.920105198143094,Chinese_Female
1,30,-44,10.002541196708172,Chinese_Female
1,30,-43,10.093608532187524,Chinese_Female
1,30,-42,10.10599517693904,Chinese_Female
1,30,-41,10.165680691472696,Chinese_Female
1,30,-40,10.358086560364464,Chinese_Female
1,30,-39,10.545395811274027,Chinese_Female
1,30,-38,10.703342248357215,Chinese_Female
1,30,-37,10.821896198138507,Chinese_Female
1,30,-36,10.861007543570624,Chinese_Female
1,30,-35,10.972341522075245,Chinese_Female
1,30,-34,11.260564218545412,Chinese_Female
1,30,-33,11.440642305296999,Chinese_Female
1,30,-32,11.559672770289408,Chinese_Female
1,30,-31,11.85176610662786,Chinese_Female
1,30,-30,12.107742762489803,Chinese_Female
1,30,-29,12.121013040764709,Chinese_Female
1,30,-28,12.066923064440225,Chinese_Female
1,30,-27,12.254695254468196,Chinese_Female
1,30,-26,12.413021264172059,Chinese_Female
1,30,-25,12.45197373753749,Chinese_Female
1,30,-24,12.522521060234707,Chinese_Female
1,30,-23,12.582060448488788,Chinese_Female
1,30,-22,12.687224669603525,Chinese_Female
1,30,-21,12.758366745765487,Chinese_Female
1,30,-20,12.823838450172387,Chinese_Female
1,30,-19,12.80003959285349,Chinese_Female
1,30,-18,12.761339915841091,Chinese_Female
1,30,-17,12.75918924770581,Chinese_Female
1,30,-16,12.564647597368905,Chinese_Female
1,30,-15,12.64797507788162,Chinese_Female
1,30,-14,12.85349218974767,Chinese_Female
1,30,-13,12.930667800935773,Chinese_Female
1,30,-12,12.888081694195053,Chinese_Female
1,30,-11,13.096388869709314,Chinese_Female
1,30,-10,13.143553582310439,Chinese_Female
1,30,-9,13.133926542314214,Chinese_Female
1,30,-8,13.166877815315313,Chinese_Female
1,30,-7,13.192453364482674,Chinese_Female
1,30,-6,13.313614739055291,Chinese_Female
1,30,-5,13.330694779260966,Chinese_Female
1,30,-4,13.410093892450467,Chinese_Female
1,30,-3,13.365409336320564,Chinese_Female
1,30,-2,13.494289163339216,Chinese_Female
1,30,-1,13.619406482575034,Chinese_Female
1,31,-61,8.45692563045457,Chinese_Female
1,31,-60,8.90578615697099,Chinese_Female
1,31,-59,8.891425672247589,Chinese_Female
1,31,-58,8.88338084025282,Chinese_Female
1,31,-57,8.95308785717751,Chinese_Female
1,31,-56,8.930393715736763,Chinese_Female
1,31,-55,9.056208541836378,Chinese_Female
1,31,-54,9.186279875935048,Chinese_Female
1,31,-53,9.303105506740895,Chinese_Female
1,31,-52,9.337778850161223,Chinese_Female
1,31,-51,9.405118695961534,Chinese_Female
1,31,-50,9.476826660456055,Chinese_Female
1,31,-49,9.464935064935066,Chinese_Female
1,31,-48,9.670521311271202,Chinese_Female
1,31,-47,9.685955159894156,Chinese_Female
1,31,-46,9.79935143899473,Chinese_Female
1,31,-45,9.870295471299634,Chinese_Female
1,31,-44,9.916531461970015,Chinese_Female
1,31,-43,10.064835417785622,Chinese_Female
1,31,-42,10.100386966518984,Chinese_Female
1,31,-41,10.150937137170343,Chinese_Female
1,31,-40,10.317995444191345,Chinese_Female
1,31,-39,10.509502700956551,Chinese_Female
1,31,-38,10.708655838750243,Chinese_Female
1,31,-37,10.69394050936881,Chinese_Female
1,31,-36,10.86274169773693,Chinese_Female
1,31,-35,11.078852430853805,Chinese_Female
1,31,-34,11.28267043039094,Chinese_Female
1,31,-33,11.388463415865749,Chinese_Female
1,31,-32,11.686299338542796,Chinese_Female
1,31,-31,11.85176610662786,Chinese_Female
1,31,-30,12.189315620369907,Chinese_Female
1,31,-29,12.098019249088459,Chinese_Female
1,31,-28,12.196744721938238,Chinese_Female
1,31,-27,12.316325537643129,Chinese_Female
1,31,-26,12.497364280732487,Chinese_Female
1,31,-25,12.602739726027398,Chinese_Female
1,31,-24,12.702689542112353,Chinese_Female
1,31,-23,12.754306142346442,Chinese_Female
1,31,-22,12.780225159079784,Chinese_Female
1,31,-21,12.80582603714917,Chinese_Female
1,31,-20,12.786077819734034,Chinese_Female
1,31,-19,12.795090486167245,Chinese_Female
1,31,-18,12.839203472383288,Chinese_Female
1,31,-17,12.9990173708842,Chinese_Female
1,31,-16,12.983078648300333,Chinese_Female
1,31,-15,12.996547949818979,Chinese_Female
1,31,-14,12.99734299108125,Chinese_Female
1,31,-13,13.133134836239899,Chinese_Female
1,31,-12,13.115961894318415,Chinese_Female
1,31,-11,13.243112614789753,Chinese_Female
1,31,-10,13.251501697571166,Chinese_Female
1,31,-9,13.256297746621682,Chinese_Female
1,31,-8,13.362190315315313,Chinese_Female
1,31,-7,13.404835227071606,Chinese_Female
1,31,-6,13.432995385136218,Chinese_Female
1,31,-5,13.584355773036377,Chinese_Female
1,31,-4,13.522692188947206,Chinese_Female
1,31,-3,13.54721416241231,Chinese_Female
1,31,-2,13.460859875568762,Chinese_Female
1,31,-1,13.52004949102975,Chinese_Female
1,33,-61,10.569149220966963,Chinese_Female
1,33,-60,11.11921254101349,Chinese_Female
1,33,-59,10.984271943176052,Chinese_Female
1,33,-58,11.064568100136324,Chinese_Female
1,33,-57,11.080386164071216,Chinese_Female
1,33,-56,11.227662149654698,Chinese_Female
1,33,-55,11.274293029209822,Chinese_Female
1,33,-54,11.393906221492427,Chinese_Female
1,33,-53,11.491939991504013,Chinese_Female
1,33,-52,11.632191976134594,Chinese_Female
1,33,-51,11.70357273766144,Chinese_Female
1,33,-50,11.733818890135716,Chinese_Female
1,33,-49,11.746493506493506,Chinese_Female
1,33,-48,12.026906388191085,Chinese_Female
1,33,-47,12.108469569854979,Chinese_Female
1,33,-46,12.184839886501823,Chinese_Female
1,33,-45,12.277101472375525,Chinese_Female
1,33,-44,12.410813769376624,Chinese_Female
1,33,-43,12.495204480933015,Chinese_Female
1,33,-42,12.508178640195913,Chinese_Female
1,33,-41,12.607581872799987,Chinese_Female
1,33,-40,12.821867881548975,Chinese_Female
1,33,-39,12.980743346314675,Chinese_Female
1,33,-38,13.172390584317823,Chinese_Female
1,33,-37,13.256559920071515,Chinese_Female
1,33,-36,13.399809243041707,Chinese_Female
1,33,-35,13.556090018897097,Chinese_Female
1,33,-34,13.744962334415971,Chinese_Female
1,33,-33,13.9166147683089,Chinese_Female
1,33,-32,14.183841783435245,Chinese_Female
1,33,-31,14.532345548352957,Chinese_Female
1,33,-30,14.792988063726714,Chinese_Female
1,33,-29,14.770226324606641,Chinese_Female
1,33,-28,14.76559076968015,Chinese_Female
1,33,-27,14.911284829219243,Chinese_Female
1,33,-26,15.108753831930319,Chinese_Female
1,33,-25,15.167382670017021,Chinese_Female
1,33,-24,15.275365612167052,Chinese_Female
1,33,-23,15.27624309392265,Chinese_Female
1,33,-22,15.33855441344428,Chinese_Female
1,33,-21,15.365354717289911,Chinese_Female
1,33,-20,15.365293055327534,Chinese_Female
1,33,-19,15.454410478908557,Chinese_Female
1,33,-18,15.47165435207581,Chinese_Female
1,33,-17,15.635461252768849,Chinese_Female
1,33,-16,15.614173096557149,Chinese_Female
1,33,-15,15.65210069882967,Chinese_Female
1,33,-14,15.781279087478211,Chinese_Female
1,33,-13,15.76860910250957,Chinese_Female
1,33,-12,15.886505380028785,Chinese_Female
1,33,-11,15.956638817924462,Chinese_Female
1,33,-10,16.019848524418908,Chinese_Female
1,33,-9,15.96769400206283,Chinese_Female
1,33,-8,16.06665259009009,Chinese_Female
1,33,-7,16.052529114013662,Chinese_Female
1,33,-6,16.114605420237694,Chinese_Female
1,33,-5,16.129960781491743,Chinese_Female
1,33,-4,16.103372500590233,Chinese_Female
1,33,-3,16.187975171704558,Chinese_Female
1,33,-2,16.196489924784103,Chinese_Female
1,33,-1,16.296421273644153,Chinese_Female
1,34,-61,10.585211757776944,Chinese_Female
1,34,-60,10.983802926930888,Chinese_Female
1,34,-59,10.95383054287164,Chinese_Female
1,34,-58,11.047217746932706,Chinese_Female
1,34,-57,11.165284044049871,Chinese_Female
1,34,-56,11.16358544746897,Chinese_Female
1,34,-55,11.246363318980565,Chinese_Female
1,34,-54,11.263911694946177,Chinese_Female
1,34,-53,11.313077112258814,Chinese_Female
1,34,-52,11.351422492267872,Chinese_Female
1,34,-51,11.4469910951077,Chinese_Female
1,34,-50,11.60678368021003,Chinese_Female
1,34,-49,11.682077922077921,Chinese_Female
1,34,-48,11.83175202939772,Chinese_Female
1,34,-47,11.934114172016983,Chinese_Female
1,34,-46,12.030806647750305,Chinese_Female
1,34,-45,12.135641848140105,Chinese_Female
1,34,-44,12.22315616631155,Chinese_Female
1,34,-43,12.30146551062687,Chinese_Female
1,34,-42,12.298805451180527,Chinese_Female
1,34,-41,12.380899725401301,Chinese_Female
1,34,-40,12.58861047835991,Chinese_Female
1,34,-39,12.788715206116185,Chinese_Female
1,34,-38,12.873058325510547,Chinese_Female
1,34,-37,12.888468212651837,Chinese_Female
1,34,-36,13.084193184774126,Chinese_Female
1,34,-35,13.219378113726163,Chinese_Female
1,34,-34,13.425272501572941,Chinese_Female
1,34,-33,13.701166450657285,Chinese_Female
1,34,-32,13.842283276962295,Chinese_Female
1,34,-31,14.128853022886625,Chinese_Female
1,34,-30,14.396777039737636,Chinese_Female
1,34,-29,14.505797720329797,Chinese_Female
1,34,-28,14.46213264527855,Chinese_Female
1,34,-27,14.682604041649098,Chinese_Female
1,34,-26,14.863834687687541,Chinese_Female
1,34,-25,14.869092972359569,Chinese_Female
1,34,-24,15.009170738041519,Chinese_Female
1,34,-23,15.219369515762107,Chinese_Female
1,34,-22,15.353238701256322,Chinese_Female
1,34,-21,15.465182881924555,Chinese_Female
1,34,-20,15.442456082745034,Chinese_Female
1,34,-19,15.541844697032186,Chinese_Female
1,34,-18,15.546204565786423,Chinese_Female
1,34,-17,15.59882084506104,Chinese_Female
1,34,-16,15.557266473630474,Chinese_Female
1,34,-15,15.547697229940221,Chinese_Female
1,34,-14,15.68142970772902,Chinese_Female
1,34,-13,15.819651212250108,Chinese_Female
1,34,-12,15.83167706120211,Chinese_Female
1,34,-11,15.93592487744252,Chinese_Female
1,34,-10,15.979803255854444,Chinese_Female
1,34,-9,15.930982640770589,Chinese_Female
1,34,-8,15.962837837837837,Chinese_Female
1,34,-7,16.043679869739126,Chinese_Female
1,34,-6,16.114605420237694,Chinese_Female
1,34,-5,16.178534163278524,Chinese_Female
1,34,-4,16.21778689864337,Chinese_Female
1,34,-3,16.299996327175233,Chinese_Female
1,34,-2,16.235490760516296,Chinese_Female
1,34,-1,16.36015972105056,Chinese_Female
1,35,-61,10.566472131498635,Chinese_Female
1,35,-60,11.12442060309359,Chinese_Female
1,35,-59,11.141552511415526,Chinese_Female
1,35,-58,11.230635766513819,Chinese_Female
1,35,-57,11.245330616601173,Chinese_Female
1,35,-56,11.374801243562665,Chinese_Female
1,35,-55,11.444198766437799,Chinese_Female
1,35,-54,11.507936507936508,Chinese_Female
1,35,-53,11.541127283296444,Chinese_Female
1,35,-52,11.625611441356467,Chinese_Female
1,35,-51,11.641044438215571,Chinese_Female
1,35,-50,11.750756918125807,Chinese_Female
1,35,-49,11.918961038961038,Chinese_Female
1,35,-48,12.060124151389957,Chinese_Female
1,35,-47,12.165904289142787,Chinese_Female
1,35,-46,12.383461694365625,Chinese_Female
1,35,-45,12.396644816799824,Chinese_Female
1,35,-44,12.487049670621811,Chinese_Female
1,35,-43,12.543159671602854,Chinese_Female
1,35,-42,12.581085375656627,Chinese_Female
1,35,-41,12.627854259965721,Chinese_Female
1,35,-40,12.85649202733485,Chinese_Female
1,35,-39,13.068681466592489,Chinese_Female
1,35,-38,13.18301776510388,Chinese_Female
1,35,-37,13.379257155878074,Chinese_Female
1,35,-36,13.472643718026534,Chinese_Female
1,35,-35,13.549218347362995,Chinese_Female
1,35,-34,13.704150866393455,Chinese_Female
1,35,-33,13.967110467758495,Chinese_Female
1,35,-32,14.223829120778419,Chinese_Female
1,35,-31,14.461238259028972,Chinese_Female
1,35,-30,14.814629842347967,Chinese_Female
1,35,-29,14.743947705548074,Chinese_Female
1,35,-28,14.754231374649077,Chinese_Female
1,35,-27,14.924259625677122,Chinese_Female
1,35,-26,15.014678928843688,Chinese_Female
1,35,-25,15.118748480181567,Chinese_Female
1,35,-24,15.179600383060917,Chinese_Female
1,35,-23,15.268118297042573,Chinese_Female
1,35,-22,15.248817099037362,Chinese_Female
1,35,-21,15.257343916209804,Chinese_Female
1,35,-20,15.322607125266789,Chinese_Female
1,35,-19,15.490703927941007,Chinese_Female
1,35,-18,15.55780126569696,Chinese_Female
1,35,-17,15.632130306613593,Chinese_Female
1,35,-16,15.650995029039114,Chinese_Female
1,35,-15,15.65210069882967,Chinese_Female
1,35,-14,15.744047115368343,Chinese_Female
1,35,-13,15.724372607401104,Chinese_Female
1,35,-12,15.80254951682544,Chinese_Female
1,35,-11,15.756404059932336,Chinese_Female
1,35,-10,15.843997562461915,Chinese_Female
1,35,-9,15.997412723108928,Chinese_Female
1,35,-8,15.996269707207208,Chinese_Female
1,35,-7,15.944568333864288,Chinese_Female
1,35,-6,16.030860787912264,Chinese_Female
1,35,-5,16.187529233979777,Chinese_Female
1,35,-4,16.18146486751539,Chinese_Female
1,35,-3,16.241231130862747,Chinese_Female
1,35,-2,16.252205404401522,Chinese_Female
1,35,-1,16.40515156627861,Chinese_Female
1,36,-61,10.561117952561974,Chinese_Female
1,36,-60,10.986406957970939,Chinese_Female
1,36,-59,10.97666159309995,Chinese_Female
1,36,-58,11.03730325938778,Chinese_Female
1,36,-57,10.978508708096832,Chinese_Female
1,36,-56,11.109001590051498,Chinese_Female
1,36,-55,11.139299429768416,Chinese_Female
1,36,-54,11.222860791826308,Chinese_Female
1,36,-53,11.30636975428712,Chinese_Female
1,36,-52,11.347035469082455,Chinese_Female
1,36,-51,11.39955583345911,Chinese_Female
1,36,-50,11.44163790730664,Chinese_Female
1,36,-49,11.534545454545455,Chinese_Female
1,36,-48,11.700957086802168,Chinese_Female
1,36,-47,11.808988533568542,Chinese_Female
1,36,-46,11.984191325496555,Chinese_Female
1,36,-45,12.113725568328983,Chinese_Female
1,36,-44,12.14496549836777,Chinese_Female
1,36,-43,12.286119849612522,Chinese_Female
1,36,-42,12.265156188660198,Chinese_Female
1,36,-41,12.38458561397689,Chinese_Female
1,36,-40,12.60501138952164,Chinese_Female
1,36,-39,12.85332280468764,Chinese_Female
1,36,-38,12.993499707752528,Chinese_Female
1,36,-37,13.161907766735027,Chinese_Female
1,36,-36,13.224659672244861,Chinese_Female
1,36,-35,13.466758288953788,Chinese_Female
1,36,-34,13.610624585508527,Chinese_Female
1,36,-33,13.77186042988672,Chinese_Female
1,36,-32,13.935587064096369,Chinese_Female
1,36,-31,14.173501785950524,Chinese_Female
1,36,-30,14.471690888811201,Chinese_Female
1,36,-29,14.39247117563972,Chinese_Female
1,36,-28,14.325819904905634,Chinese_Female
1,36,-27,14.476629147880244,Chinese_Female
1,36,-26,14.57512205407685,Chinese_Female
1,36,-25,14.653481397422388,Chinese_Female
1,36,-24,14.845233650927625,Chinese_Female
1,36,-23,15.01787455313617,Chinese_Female
1,36,-22,15.168869309838474,Chinese_Female
1,36,-21,15.219703788560674,Chinese_Female
1,36,-20,15.160072237727796,Chinese_Female
1,36,-19,15.233350380256363,Chinese_Female
1,36,-18,15.301017196249294,Chinese_Female
1,36,-17,15.442266375764035,Chinese_Female
1,36,-16,15.386546604850453,Chinese_Female
1,36,-15,15.399511661193904,Chinese_Female
1,36,-14,15.449576063226658,Chinese_Female
1,36,-13,15.612079965971926,Chinese_Female
1,36,-12,15.617503940785415,Chinese_Female
1,36,-11,15.673548298004558,Chinese_Female
1,36,-10,15.734308348567946,Chinese_Female
1,36,-9,15.78413719560163,Chinese_Female
1,36,-8,15.906531531531531,Chinese_Female
1,36,-7,15.955187426993737,Chinese_Female
1,36,-6,16.180532045685368,Chinese_Female
1,36,-5,16.228906559205555,Chinese_Female
1,36,-4,16.33583349980931,Chinese_Female
1,36,-3,16.426708781724024,Chinese_Female
1,36,-2,16.475067322871205,Chinese_Female
1,36,-1,16.58511894719082,Chinese_Female
1,37,-61,10.603951384055254,Chinese_Female
1,37,-60,10.91349408884954,Chinese_Female
1,37,-59,10.908168442415016,Chinese_Female
1,37,-58,10.972859090345768,Chinese_Female
1,37,-57,11.065832241789163,Chinese_Female
1,37,-56,11.075776633362603,Chinese_Female
1,37,-55,11.220761084603748,Chinese_Female
1,37,-54,11.275314723590586,Chinese_Female
1,37,-53,11.371207548013503,Chinese_Female
1,37,-52,11.44354997916164,Chinese_Female
1,37,-51,11.559110804458914,Chinese_Female
1,37,-50,11.630073468696407,Chinese_Female
1,37,-49,11.709090909090909,Chinese_Female
1,37,-48,11.873274233396309,Chinese_Female
1,37,-47,12.055137330516297,Chinese_Female
1,37,-46,12.07134171057965,Chinese_Female
1,37,-45,12.253192803490666,Chinese_Female
1,37,-44,12.315030201145493,Chinese_Female
1,37,-43,12.462594951277527,Chinese_Female
1,37,-42,12.424055483895089,Chinese_Female
1,37,-41,12.509905825546893,Chinese_Female
1,37,-40,12.792710706150343,Chinese_Female
1,37,-39,12.953823513576568,Chinese_Female
1,37,-38,13.147593829150356,Chinese_Female
1,37,-37,13.216245114020788,Chinese_Female
1,37,-36,13.354721234717767,Chinese_Female
1,37,-35,13.532039168527742,Chinese_Female
1,37,-34,13.760266634924415,Chinese_Female
1,37,-33,13.967110467758495,Chinese_Female
1,37,-32,14.080541161965376,Chinese_Female
1,37,-31,14.320677338272258,Chinese_Female
1,37,-30,14.66979640080574,Chinese_Female
1,37,-29,14.666754262063527,Chinese_Female
1,37,-28,14.62603248786979,Chinese_Female
1,37,-27,14.805864607998961,Chinese_Female
1,37,-26,14.865456668775243,Chinese_Female
1,37,-25,15.02310124017184,Chinese_Female
1,37,-24,15.001055040659644,Chinese_Female
1,37,-23,15.201494962625933,Chinese_Female
1,37,-22,15.371186164137708,Chinese_Female
1,37,-21,15.360445135422632,Chinese_Female
1,37,-20,15.49170907896897,Chinese_Female
1,37,-19,15.564940528234652,Chinese_Female
1,37,-18,15.567741294191709,Chinese_Female
1,37,-17,15.543860233499327,Chinese_Female
1,37,-16,15.542202955796943,Chinese_Female
1,37,-15,15.731245263955545,Chinese_Female
1,37,-14,15.794817986427253,Chinese_Female
1,37,-13,15.736282433007231,Chinese_Female
1,37,-12,15.769995202522102,Chinese_Female
1,37,-11,15.904853966719601,Chinese_Female
1,37,-10,15.969356664055018,Chinese_Female
1,37,-9,16.079576246001086,Chinese_Female
1,37,-8,16.11592060810811,Chinese_Female
1,37,-7,16.218894906374995,Chinese_Female
1,37,-6,16.26071307663525,Chinese_Female
1,37,-5,16.40880797323067,Chinese_Female
1,37,-4,16.344914007591306,Chinese_Female
1,37,-3,16.457927792265032,Chinese_Female
1,37,-2,16.521496889219055,Chinese_Female
1,37,-1,16.735091764617664,Chinese_Female
1,38,-61,10.614659741928575,Chinese_Female
1,38,-60,11.09317223061299,Chinese_Female
1,38,-59,10.986808726534754,Chinese_Female
1,38,-58,11.044739125046474,Chinese_Female
1,38,-57,11.034298743511377,Chinese_Female
1,38,-56,11.066283788594347,Chinese_Female
1,38,-55,11.113697195391598,Chinese_Female
1,38,-54,11.20917715745302,Chinese_Female
1,38,-53,11.25718246249469,Chinese_Female
1,38,-52,11.401873258900173,Chinese_Female
1,38,-51,11.451303391621208,Chinese_Female
1,38,-50,11.577142131227372,Chinese_Female
1,38,-49,11.634285714285713,Chinese_Female
1,38,-48,11.881578674196026,Chinese_Female
1,38,-47,11.95872905171176,Chinese_Female
1,38,-46,12.158492095662748,Chinese_Female
1,38,-45,12.23526130182702,Chinese_Female
1,38,-44,12.338487401528628,Chinese_Female
1,38,-43,12.44341287500959,Chinese_Female
1,38,-42,12.41283906305498,Chinese_Female
1,38,-41,12.493319326956746,Chinese_Female
1,38,-40,12.776309794988611,Chinese_Female
1,38,-39,12.878447981909872,Chinese_Female
1,38,-38,13.062576382861899,Chinese_Female
1,38,-37,13.239031743527722,Chinese_Female
1,38,-36,13.354721234717767,Chinese_Female
1,38,-35,13.514859989692493,Chinese_Female
1,38,-34,13.751764245753057,Chinese_Female
1,38,-33,13.879584588712529,Chinese_Female
1,38,-32,14.042219963678168,Chinese_Female
1,38,-31,14.300833443577194,Chinese_Female
1,38,-30,14.674790657410645,Chinese_Female
1,38,-29,14.650330125151923,Chinese_Female
1,38,-28,14.65848790224429,Chinese_Female
1,38,-27,14.942099970806707,Chinese_Female
1,38,-26,15.001703080142084,Chinese_Female
1,38,-25,15.060387452379024,Chinese_Female
1,38,-24,15.103312827671282,Chinese_Female
1,38,-23,15.27299317517062,Chinese_Female
1,38,-22,15.369554576603035,Chinese_Female
1,38,-21,15.393175681204486,Chinese_Female
1,38,-20,15.47693318010179,Chinese_Female
1,38,-19,15.627629212927067,Chinese_Female
1,38,-18,15.67542493621815,Chinese_Female
1,38,-17,15.647119564312243,Chinese_Female
1,38,-16,15.676100892095002,Chinese_Female
1,38,-15,15.682411383345961,Chinese_Female
1,38,-14,15.749124202474235,Chinese_Female
1,38,-13,15.72947681837516,Chinese_Female
1,38,-12,15.756288122815434,Chinese_Female
1,38,-11,15.811641234550851,Chinese_Female
1,38,-10,15.884042831026376,Chinese_Female
1,38,-9,15.969442162124365,Chinese_Female
1,38,-8,16.020903716216218,Chinese_Female
1,38,-7,16.084386393402003,Chinese_Female
1,38,-6,16.2143862587531,Chinese_Female
1,38,-5,16.228906559205555,Chinese_Female
1,38,-4,16.33220129669651,Chinese_Female
1,38,-3,16.276122966173283,Chinese_Female
1,38,-2,16.23734794317021,Chinese_Female
1,38,-1,16.40515156627861,Chinese_Female
1,39,-61,10.571826310435295,Chinese_Female
1,39,-60,11.051507733972189,Chinese_Female
1,39,-59,10.95636732623034,Chinese_Female
1,39,-58,10.975337712232,Chinese_Female
1,39,-57,10.937272594964343,Chinese_Female
1,39,-56,11.044924887865772,Chinese_Female
1,39,-55,11.199813801931805,Chinese_Female
1,39,-54,11.200054734537494,Chinese_Female
1,39,-53,11.353321260088984,Chinese_Female
1,39,-52,11.55322555879708,Chinese_Female
1,39,-51,11.608702214364259,Chinese_Female
1,39,-50,11.727467129639432,Chinese_Female
1,39,-49,11.754805194805193,Chinese_Female
1,39,-48,11.900263665995391,Chinese_Female
1,39,-47,11.971036491559147,Chinese_Female
1,39,-46,12.166599108228619,Chinese_Female
1,39,-45,12.253192803490666,Chinese_Female
1,39,-44,12.371718435404734,Chinese_Female
1,39,-43,12.474104197038287,Chinese_Female
1,39,-42,12.444618922101958,Chinese_Female
1,39,-41,12.5393929341516,Chinese_Female
1,39,-40,12.770842824601367,Chinese_Female
1,39,-39,12.97356472425118,Chinese_Female
1,39,-38,13.098000318815423,Chinese_Female
1,39,-37,13.261818373034654,Chinese_Female
1,39,-36,13.403277551374318,Chinese_Female
1,39,-35,13.538910840061845,Chinese_Female
1,39,-34,13.811280969952557,Chinese_Female
1,39,-33,13.977209607648417,Chinese_Female
1,39,-32,14.162181975707695,Chinese_Female
1,39,-31,14.396745601270009,Chinese_Female
1,39,-30,14.776340541710367,Chinese_Female
1,39,-29,14.617481851328712,Chinese_Female
1,39,-28,14.74611752105545,Chinese_Female
1,39,-27,14.838301599143664,Chinese_Female
1,39,-26,15.094156002141016,Chinese_Female
1,39,-25,15.203047742563022,Chinese_Female
1,39,-24,15.328929214887435,Chinese_Female
1,39,-23,15.441988950276242,Chinese_Female
1,39,-22,15.566976668298254,Chinese_Female
1,39,-21,15.560101464691925,Chinese_Female
1,39,-20,15.652602199967165,Chinese_Female
1,39,-19,15.624329808469572,Chinese_Female
1,39,-18,15.688678307544482,Chinese_Female
1,39,-17,15.680429025864798,Chinese_Female
1,39,-16,15.667732271076373,Chinese_Female
1,39,-15,15.833964805927423,Chinese_Female
1,39,-14,15.986054934082485,Chinese_Female
1,39,-13,15.969374734155679,Chinese_Female
1,39,-12,16.0098690973888,Chinese_Female
1,39,-11,16.048125388386385,Chinese_Female
1,39,-10,16.06337599024985,Chinese_Female
1,39,-9,16.14775448840096,Chinese_Female
1,39,-8,16.15815033783784,Chinese_Female
1,39,-7,16.23836324377898,Chinese_Female
1,39,-6,16.330203303458475,Chinese_Female
1,39,-5,16.478969524700464,Chinese_Female
1,39,-4,16.639122459727947,Chinese_Female
1,39,-3,16.656260329819663,Chinese_Female
1,39,-2,16.707215154610456,Chinese_Female
1,39,-1,16.80820351311325,Chinese_Female
1,40,-61,10.644107726080206,Chinese_Female
1,40,-60,11.048903702932138,Chinese_Female
1,40,-59,11.050228310502282,Chinese_Female
1,40,-58,11.163712975585574,Chinese_Female
1,40,-57,11.165284044049871,Chinese_Female
1,40,-56,11.208676460118186,Chinese_Female
1,40,-55,11.2300709880135,Chinese_Female
1,40,-54,11.307243203794929,Chinese_Female
1,40,-53,11.384622263956894,Chinese_Female
1,40,-52,11.452324025532475,Chinese_Female
1,40,-51,11.576359990512948,Chinese_Female
1,40,-50,11.66606677817535,Chinese_Female
1,40,-49,11.773506493506494,Chinese_Female
1,40,-48,11.989536404592355,Chinese_Female
1,40,-47,12.094110890033024,Chinese_Female
1,40,-46,12.229428455614107,Chinese_Female
1,40,-45,12.283078639596742,Chinese_Female
1,40,-44,12.316984967844089,Chinese_Female
1,40,-43,12.385866646205786,Chinese_Female
1,40,-42,12.405361449161573,Chinese_Female
1,40,-41,12.49884815982013,Chinese_Female
1,40,-40,12.770842824601367,Chinese_Female
1,40,-39,12.919725058774967,Chinese_Female
1,40,-38,13.142280238757328,Chinese_Female
1,40,-37,13.156649313771887,Chinese_Female
1,40,-36,13.269747680568802,Chinese_Female
1,40,-35,13.514859989692493,Chinese_Female
1,40,-34,13.750063767918785,Chinese_Female
1,40,-33,13.951961757923618,Chinese_Female
1,40,-32,14.157183558539796,Chinese_Female
1,40,-31,14.49761873263659,Chinese_Female
1,40,-30,14.886214187018263,Chinese_Female
1,40,-29,14.803074598429852,Chinese_Female
1,40,-28,14.832124369147884,Chinese_Female
1,40,-27,14.953452917707352,Chinese_Female
1,40,-26,15.055228456036202,Chinese_Female
1,40,-25,15.091189105941478,Chinese_Female
1,40,-24,15.288350727978056,Chinese_Female
1,40,-23,15.459863503412416,Chinese_Female
1,40,-22,15.524555392396802,Chinese_Female
1,40,-21,15.540463137222812,Chinese_Female
1,40,-20,15.659169266130357,Chinese_Female
1,40,-19,15.693617302076976,Chinese_Female
1,40,-18,15.774825221165633,Chinese_Female
1,40,-17,15.85863464517096,Chinese_Female
1,40,-16,15.815020001004235,Chinese_Female
1,40,-15,15.894586174960008,Chinese_Female
1,40,-14,15.940361150129464,Chinese_Female
1,40,-13,16.03062526584432,Chinese_Female
1,40,-12,16.083544650812147,Chinese_Female
1,40,-11,16.0671131671615,Chinese_Female
1,40,-10,16.00417863671977,Chinese_Female
1,40,-9,16.051605685016522,Chinese_Female
1,40,-8,16.01738457207207,Chinese_Female
1,40,-7,16.077306997982372,Chinese_Female
1,40,-6,16.19478645118757,Chinese_Female
1,40,-5,16.277479940992336,Chinese_Female
1,40,-4,16.324936890470916,Chinese_Female
1,40,-3,16.362434348257246,Chinese_Female
1,40,-2,16.40449438202247,Chinese_Female
1,40,-1,16.542001762180604,Chinese_Female
1,41,-61,10.566472131498635,Chinese_Female
1,41,-60,11.00463517525129,Chinese_Female
1,41,-59,11.009639776763064,Chinese_Female
1,41,-58,10.967901846573305,Chinese_Female
1,41,-57,11.04400135836608,Chinese_Female
1,41,-56,11.099508745283243,Chinese_Female
1,41,-55,11.095077388572093,Chinese_Female
1,41,-54,11.136197774128808,Chinese_Female
1,41,-53,11.205759384711696,Chinese_Female
1,41,-52,11.263682028559522,Chinese_Female
1,41,-51,11.337027534013238,Chinese_Female
1,41,-50,11.479748470284347,Chinese_Female
1,41,-49,11.561558441558443,Chinese_Female
1,41,-48,11.678119874602944,Chinese_Female
1,41,-47,11.882833172652868,Chinese_Female
1,41,-46,12.07134171057965,Chinese_Female
1,41,-45,12.10575601203403,Chinese_Female
1,41,-44,12.072639130519773,Chinese_Female
1,41,-43,12.220900790301542,Chinese_Female
1,41,-42,12.22029050529976,Chinese_Female
1,41,-41,12.373527948250125,Chinese_Female
1,41,-40,12.6250569476082,Chinese_Female
1,41,-39,12.828197627465407,Chinese_Female
1,41,-38,13.020067659717672,Chinese_Female
1,41,-37,13.08653660759671,Chinese_Female
1,41,-36,13.163964276424176,Chinese_Female
1,41,-35,13.389451984195155,Chinese_Female
1,41,-34,13.563011206148929,Chinese_Female
1,41,-33,13.862752688895997,Chinese_Female
1,41,-32,14.112197804028725,Chinese_Female
1,41,-31,14.289257838338404,Chinese_Female
1,41,-30,14.616524330353428,Chinese_Female
1,41,-29,14.491015997109352,Chinese_Female
1,41,-28,14.450773250247472,Chinese_Female
1,41,-27,14.638814103603751,Chinese_Female
1,41,-26,14.760027898074709,Chinese_Female
1,41,-25,14.878819810326661,Chinese_Female
1,41,-24,14.965345972179389,Chinese_Female
1,41,-23,15.019499512512189,Chinese_Female
1,41,-22,15.113395333659652,Chinese_Female
1,41,-21,15.19679240651338,Chinese_Female
1,41,-20,15.260219996716467,Chinese_Female
1,41,-19,15.373575069699918,Chinese_Female
1,41,-18,15.370597395712535,Chinese_Female
1,41,-17,15.493896041170494,Chinese_Female
1,41,-16,15.513749644333608,Chinese_Female
1,41,-15,15.439925907215626,Chinese_Female
1,41,-14,15.486808035336527,Chinese_Female
1,41,-13,15.484474691620587,Chinese_Female
1,41,-12,15.612363785895415,Chinese_Female
1,41,-11,15.635572740454325,Chinese_Female
1,41,-10,15.772612518499173,Chinese_Female
1,41,-9,15.803366956278516,Chinese_Female
1,41,-8,15.866061373873874,Chinese_Female
1,41,-7,15.903861810201409,Chinese_Female
1,41,-6,16.077187605794414,Chinese_Female
1,41,-5,16.115568668369733,Chinese_Female
1,41,-4,16.137878430161816,Chinese_Female
1,41,-3,16.176956697395966,Chinese_Female
1,41,-2,16.27449159624849,Chinese_Female
1,41,-1,16.33016515756519,Chinese_Female
1,42,-61,10.577180489371955,Chinese_Female
1,42,-60,10.94213843029009,Chinese_Female
1,42,-59,10.915778792491121,Chinese_Female
1,42,-58,10.987730821663156,Chinese_Female
1,42,-57,11.017319167515645,Chinese_Female
1,42,-56,11.09238911170705,Chinese_Female
1,42,-55,11.185848946817178,Chinese_Female
1,42,-54,11.216018974639665,Chinese_Female
1,42,-53,11.319784470230509,Chinese_Female
1,42,-52,11.29877821404286,Chinese_Female
1,42,-51,11.464240281161734,Chinese_Female
1,42,-50,11.585611145222417,Chinese_Female
1,42,-49,11.596883116883117,Chinese_Female
1,42,-48,11.777773164199555,Chinese_Female
1,42,-47,11.81309101351767,Chinese_Female
1,42,-46,11.913254965545196,Chinese_Female
1,42,-45,11.980235500388515,Chinese_Female
1,42,-44,12.098051097601502,Chinese_Female
1,42,-43,12.23049182843551,Chinese_Female
1,42,-42,12.261417381713494,Chinese_Female
1,42,-41,12.38458561397689,Chinese_Female
1,42,-40,12.555808656036445,Chinese_Female
1,42,-39,12.80486710575905,Chinese_Female
1,42,-38,12.933279016631538,Chinese_Female
1,42,-37,13.060244342781022,Chinese_Female
1,42,-36,13.189976588918755,Chinese_Female
1,42,-35,13.343068201339975,Chinese_Female
1,42,-34,13.566412161817471,Chinese_Female
1,42,-33,13.808890609483093,Chinese_Female
1,42,-32,13.982238957663407,Chinese_Female
1,42,-31,14.343828548749835,Chinese_Female
1,42,-30,14.658143135394297,Chinese_Female
1,42,-29,14.6388332293138,Chinese_Female
1,42,-28,14.603313697807637,Chinese_Female
1,42,-27,14.736125077037855,Chinese_Female
1,42,-26,14.834639028108931,Chinese_Female
1,42,-25,14.946907676096297,Chinese_Female
1,42,-24,15.036764109139899,Chinese_Female
1,42,-23,15.141371465713357,Chinese_Female
1,42,-22,15.214553760809268,Chinese_Female
1,42,-21,15.250797807053432,Chinese_Female
1,42,-20,15.311114759481201,Chinese_Female
1,42,-19,15.368625963013677,Chinese_Female
1,42,-18,15.542891222954838,Chinese_Female
1,42,-17,15.677098079709543,Chinese_Female
1,42,-16,15.584046060890087,Chinese_Female
1,42,-15,15.586427549044371,Chinese_Female
1,42,-14,15.657736634568195,Chinese_Female
1,42,-13,15.734581029349211,Chinese_Female
1,42,-12,15.68261256939209,Chinese_Female
1,42,-11,15.751225574811848,Chinese_Female
1,42,-10,15.743013841734136,Chinese_Female
1,42,-9,15.801618796216982,Chinese_Female
1,42,-8,15.93116554054054,Chinese_Female
1,42,-7,16.071997451417648,Chinese_Female
1,42,-6,16.152023234680968,Chinese_Female
1,42,-5,16.37642571870615,Chinese_Female
1,42,-4,16.268637742222545,Chinese_Female
1,42,-3,16.26877731663422,Chinese_Female
1,42,-2,16.28749187482589,Chinese_Female
1,42,-1,16.495135256734716,Chinese_Female
1,44,-61,12.199496707179954,Chinese_Female
1,44,-60,12.738919847924587,Chinese_Female
1,44,-59,12.754946727549468,Chinese_Female
1,44,-58,12.83430412690544,Chinese_Female
1,44,-57,12.81957987677679,Chinese_Female
1,44,-56,12.88653677290742,Chinese_Female
1,44,-55,12.998952635866404,Chinese_Female
1,44,-54,13.054187192118228,Chinese_Female
1,44,-53,13.110649048673062,Chinese_Female
1,44,-52,13.191778718550529,Chinese_Female
1,44,-51,13.301278595916255,Chinese_Female
1,44,-50,13.427621689144843,Chinese_Female
1,44,-49,13.593766233766233,Chinese_Female
1,44,-48,13.768762845931862,Chinese_Female
1,44,-47,13.93612438719206,Chinese_Female
1,44,-46,14.112282124037293,Chinese_Female
1,44,-45,14.187802594090574,Chinese_Female
1,44,-44,14.369490001368337,Chinese_Female
1,44,-43,14.436430599248062,Chinese_Female
1,44,-42,14.476660497635205,Chinese_Female
1,44,-41,14.498442712076814,Chinese_Female
1,44,-40,14.662414578587699,Chinese_Female
1,44,-39,14.91358733691068,Chinese_Female
1,44,-38,15.133105439345366,Chinese_Female
1,44,-37,15.25126641075529,Chinese_Female
1,44,-36,15.413162230122257,Chinese_Female
1,44,-35,15.59182271087442,Chinese_Female
1,44,-34,15.8144438587243,Chinese_Female
1,44,-33,16.0795138947333,Chinese_Female
1,44,-32,16.308169079791398,Chinese_Female
1,44,-31,16.632491070247386,Chinese_Female
1,44,-30,16.99711997869117,Chinese_Female
1,44,-29,16.959563774923627,Chinese_Female
1,44,-28,16.875192704022847,Chinese_Female
1,44,-27,17.0180674040676,Chinese_Female
1,44,-26,17.137852172643665,Chinese_Female
1,44,-25,17.26189511226392,Chinese_Female
1,44,-24,17.49744355532471,Chinese_Female
1,44,-23,17.48131296717582,Chinese_Female
1,44,-22,17.67498776309349,Chinese_Female
1,44,-21,17.69249652237951,Chinese_Female
1,44,-20,17.714660975209327,Chinese_Female
1,44,-19,17.760694194697855,Chinese_Female
1,44,-18,17.781054305689008,Chinese_Female
1,44,-17,17.72229901903636,Chinese_Female
1,44,-16,17.63435821045408,Chinese_Female
1,44,-15,17.772164688052538,Chinese_Female
1,44,-14,17.7867284943052,Chinese_Female
1,44,-13,17.772862611654617,Chinese_Female
1,44,-12,17.77979576451237,Chinese_Female
1,44,-11,17.891666091279433,Chinese_Female
1,44,-10,18.025594149908592,Chinese_Female
1,44,-9,18.056745275597432,Chinese_Female
1,44,-8,18.074324324324326,Chinese_Female
1,44,-7,18.07369650631836,Chinese_Female
1,44,-6,18.15120360636459,Chinese_Female
1,44,-5,18.326557046738387,Chinese_Female
1,44,-4,18.469752828578173,Chinese_Female
1,44,-3,18.481654240276196,Chinese_Female
1,44,-2,18.490110502367905,Chinese_Female
1,44,-1,18.562885477007292,Chinese_Female
1,45,-61,12.164694544091663,Chinese_Female
1,45,-60,12.777980313525337,Chinese_Female
1,45,-59,12.74226281075596,Chinese_Female
1,45,-58,12.802082042384436,Chinese_Female
1,45,-57,12.838985106486197,Chinese_Female
1,45,-56,12.955359897477276,Chinese_Female
1,45,-55,12.957058070522518,Chinese_Female
1,45,-54,13.07471264367816,Chinese_Female
1,45,-53,13.211259418248487,Chinese_Female
1,45,-52,13.268551624295336,Chinese_Female
1,45,-51,13.445740529118783,Chinese_Female
1,45,-50,13.563125913065571,Chinese_Female
1,45,-49,13.610389610389612,Chinese_Female
1,45,-48,13.822741711130027,Chinese_Female
1,45,-47,13.948431827039446,Chinese_Female
1,45,-46,14.209566274827726,Chinese_Female
1,45,-45,14.321292662031041,Chinese_Female
1,45,-44,14.34994233438239,Chinese_Female
1,45,-43,14.359702294176321,Chinese_Female
1,45,-42,14.519656777522293,Chinese_Female
1,45,-41,14.529772764969314,Chinese_Female
1,45,-40,14.791799544419135,Chinese_Female
1,45,-39,14.997936146156746,Chinese_Female
1,45,-38,15.106537487380223,Chinese_Female
1,45,-37,15.316120663967329,Chinese_Female
1,45,-36,15.37501083846354,Chinese_Female
1,45,-35,15.576361449922693,Chinese_Female
1,45,-34,15.84675293757546,Chinese_Female
1,45,-33,16.066048374880072,Chinese_Female
1,45,-32,16.259851047168397,Chinese_Female
1,45,-31,16.50019843894695,Chinese_Female
1,45,-30,16.96216018245684,Chinese_Female
1,45,-29,16.81174654271918,Chinese_Female
1,45,-28,16.785940314492965,Chinese_Female
1,45,-27,16.95157157222096,Chinese_Female
1,45,-26,17.14434009699447,Chinese_Female
1,45,-25,17.300802464132286,Chinese_Female
1,45,-24,17.328637049781687,Chinese_Female
1,45,-23,17.479688007799805,Chinese_Female
1,45,-22,17.526513297438406,Chinese_Female
1,45,-21,17.620489321659438,Chinese_Female
1,45,-20,17.681825644393367,Chinese_Female
1,45,-19,17.627068314169293,Chinese_Female
1,45,-18,17.772770948610052,Chinese_Female
1,45,-17,17.812234565228252,Chinese_Female
1,45,-16,17.820141597067636,Chinese_Female
1,45,-15,17.844573545508126,Chinese_Female
1,45,-14,17.906886222477958,Chinese_Female
1,45,-13,17.835814547001274,Chinese_Female
1,45,-12,17.91857994654239,Chinese_Female
1,45,-11,17.941724780777463,Chinese_Female
1,45,-10,17.989031078610605,Chinese_Female
1,45,-9,18.095204796951208,Chinese_Female
1,45,-8,18.11127533783784,Chinese_Female
1,45,-7,18.08962514601253,Chinese_Female
1,45,-6,18.24920264419222,Chinese_Female
1,45,-5,18.272586622530852,Chinese_Female
1,45,-4,18.34989012585584,Chinese_Female
1,45,-3,18.40819774488559,Chinese_Female
1,45,-2,18.447395301327884,Chinese_Female
1,45,-1,18.429784601540973,Chinese_Female
1,46,-61,12.215559243989935,Chinese_Female
1,46,-60,12.780584344565387,Chinese_Female
1,46,-59,12.777777777777777,Chinese_Female
1,46,-58,12.839261370677905,Chinese_Female
1,46,-57,12.880221219618686,Chinese_Female
1,46,-56,13.019436599663003,Chinese_Female
1,46,-55,13.131618759455371,Chinese_Female
1,46,-54,13.168217478562305,Chinese_Female
1,46,-53,13.340935005701255,Chinese_Female
1,46,-52,13.437452016933909,Chinese_Female
1,46,-51,13.52336186636193,Chinese_Female
1,46,-50,13.660519574008594,Chinese_Female
1,46,-49,13.73090909090909,Chinese_Female
1,46,-48,13.891253347727698,Chinese_Female
1,46,-47,14.00381530635269,Chinese_Female
1,46,-46,14.148763680583704,Chinese_Female
1,46,-45,14.255543822597676,Chinese_Female
1,46,-44,14.34994233438239,Chinese_Female
1,46,-43,14.442185222128442,Chinese_Female
1,46,-42,14.42805600732806,Chinese_Female
1,46,-41,14.684580085144026,Chinese_Female
1,46,-40,14.904783599088839,Chinese_Female
1,46,-39,15.060749089212324,Chinese_Female
1,46,-38,15.235834853610585,Chinese_Female
1,46,-37,15.426548176193231,Chinese_Female
1,46,-36,15.596982571750628,Chinese_Female
1,46,-35,15.732691977323485,Chinese_Female
1,46,-34,15.992994031322802,Chinese_Female
1,46,-33,16.185554863577455,Chinese_Female
1,46,-32,16.263183325280327,Chinese_Female
1,46,-31,16.564691096705914,Chinese_Female
1,46,-30,16.93052989062578,Chinese_Female
1,46,-29,16.813388956410343,Chinese_Female
1,46,-28,16.75835321227464,Chinese_Female
1,46,-27,16.95157157222096,Chinese_Female
1,46,-26,17.05026519390784,Chinese_Female
1,46,-25,17.221366620734376,Chinese_Female
1,46,-24,17.31078251554156,Chinese_Female
1,46,-23,17.461813454663634,Chinese_Female
1,46,-22,17.55751346059716,Chinese_Female
1,46,-21,17.735046231895918,Chinese_Female
1,46,-20,17.74913807256608,Chinese_Female
1,46,-19,17.796987643730304,Chinese_Female
1,46,-18,17.825784433915377,Chinese_Female
1,46,-17,17.903835584497777,Chinese_Female
1,46,-16,17.887090565216663,Chinese_Female
1,46,-15,18.006230529595015,Chinese_Female
1,46,-14,18.174279476721555,Chinese_Female
1,46,-13,18.18460229689494,Chinese_Female
1,46,-12,18.2561167843191,Chinese_Female
1,46,-11,18.34046813505489,Chinese_Female
1,46,-10,18.396448158788196,Chinese_Female
1,46,-9,18.518259531842734,Chinese_Female
1,46,-8,18.551168355855857,Chinese_Female
1,46,-7,18.647127535308485,Chinese_Female
1,46,-6,18.742761434705915,Chinese_Female
1,46,-5,18.846472133270968,Chinese_Female
1,46,-4,19.00005448304669,Chinese_Female
1,46,-3,19.008704594703786,Chinese_Female
1,46,-2,18.96740644442381,Chinese_Female
1,46,-1,19.110286260615265,Chinese_Female
1,47,-61,12.137923649408364,Chinese_Female
1,47,-60,12.725899692724338,Chinese_Female
1,47,-59,12.73718924403856,Chinese_Female
1,47,-58,12.769859957863428,Chinese_Female
1,47,-57,12.790472032212682,Chinese_Female
1,47,-56,12.860431449794717,Chinese_Female
1,47,-55,12.866286512277437,Chinese_Female
1,47,-54,12.90366721401204,Chinese_Female
1,47,-53,13.027924967022155,Chinese_Female
1,47,-52,13.169843602623441,Chinese_Female
1,47,-51,13.286185558118977,Chinese_Female
1,47,-50,13.404331900658468,Chinese_Female
1,47,-49,13.593766233766233,Chinese_Female
1,47,-48,13.73346897253306,Chinese_Female
1,47,-47,13.833562388463827,Chinese_Female
1,47,-46,13.990676935549251,Chinese_Female
1,47,-45,14.128030921878423,Chinese_Female
1,47,-44,14.160329964618724,Chinese_Female
1,47,-43,14.350111256042354,Chinese_Female
1,47,-42,14.287850746826688,Chinese_Female
1,47,-41,14.389708999096957,Chinese_Female
1,47,-40,14.72619589977221,Chinese_Female
1,47,-39,14.945891136196407,Chinese_Female
1,47,-38,15.095910306594165,Chinese_Female
1,47,-37,15.226726963593979,Chinese_Female
1,47,-36,15.348998525968959,Chinese_Female
1,47,-35,15.59182271087442,Chinese_Female
1,47,-34,15.792337646878774,Chinese_Female
1,47,-33,16.037434145191966,Chinese_Female
1,47,-32,16.161548842866424,Chinese_Female
1,47,-31,16.563037438814657,Chinese_Female
1,47,-30,16.98213720887646,Chinese_Female
1,47,-29,16.819958611174982,Chinese_Female
1,47,-28,16.820018499586194,Chinese_Female
1,47,-27,17.02779850141101,Chinese_Female
1,47,-26,17.11838839959126,Chinese_Female
1,47,-25,17.34295209532301,Chinese_Female
1,47,-24,17.52828320537584,Chinese_Female
1,47,-23,17.77218069548261,Chinese_Female
1,47,-22,17.843041279164627,Chinese_Female
1,47,-21,17.94288519761067,Chinese_Female
1,47,-20,17.924807092431454,Chinese_Female
1,47,-19,18.01969744461125,Chinese_Female
1,47,-18,18.01795831814718,Chinese_Female
1,47,-17,18.013756807621203,Chinese_Female
1,47,-16,18.029357122533348,Chinese_Female
1,47,-15,17.97591984507872,Chinese_Female
1,47,-14,18.040582849599758,Chinese_Female
1,47,-13,18.04678860059549,Chinese_Female
1,47,-12,18.19443492563909,Chinese_Female
1,47,-11,18.281778637022718,Chinese_Female
1,47,-10,18.25019587359624,Chinese_Female
1,47,-9,18.304984004335438,Chinese_Female
1,47,-8,18.359375,Chinese_Female
1,47,-7,18.40288839333121,Chinese_Female
1,47,-6,18.406001104716427,Chinese_Female
1,47,-5,18.64678156370309,Chinese_Female
1,47,-4,18.73671975736883,Chinese_Female
1,47,-3,18.80118999522533,Chinese_Female
1,47,-2,18.757544804531527,Chinese_Female
1,47,-1,18.780346062276212,Chinese_Female
1,48,-61,12.212882154521603,Chinese_Female
1,48,-60,12.754544034164889,Chinese_Female
1,48,-59,12.777777777777777,Chinese_Female
1,48,-58,12.789688932953277,Chinese_Female
1,48,-57,12.889923834473391,Chinese_Female
1,48,-56,12.900776040059805,Chinese_Female
1,48,-55,13.022227394390784,Chinese_Female
1,48,-54,13.118044152526911,Chinese_Female
1,48,-53,13.260446710040915,Chinese_Female
1,48,-52,13.279519182258879,Chinese_Female
1,48,-51,13.422022898294486,Chinese_Female
1,48,-50,13.544070631576718,Chinese_Female
1,48,-49,13.664415584415584,Chinese_Female
1,48,-48,13.926547221126498,Chinese_Female
1,48,-47,14.07971118541158,Chinese_Female
1,48,-46,14.248074584515605,Chinese_Female
1,48,-45,14.317307883883565,Chinese_Female
1,48,-44,14.361670934573958,Chinese_Female
1,48,-43,14.503567866185834,Chinese_Female
1,48,-42,14.547697829622566,Chinese_Female
1,48,-41,14.673522419417262,Chinese_Female
1,48,-40,14.930296127562642,Chinese_Female
1,48,-39,15.093052888498054,Chinese_Female
1,48,-38,15.301369135124604,Chinese_Female
1,48,-37,15.380974917179365,Chinese_Female
1,48,-36,15.477325934275557,Chinese_Female
1,48,-35,15.590104792990894,Chinese_Female
1,48,-34,15.867158671586715,Chinese_Female
1,48,-33,16.092979414586527,Chinese_Female
1,48,-32,16.0949032806278,Chinese_Female
1,48,-31,16.410900912819155,Chinese_Female
1,48,-30,16.82232099751952,Chinese_Female
1,48,-29,16.762474131984366,Chinese_Female
1,48,-28,16.794054168086593,Chinese_Female
1,48,-27,16.92886567841967,Chinese_Female
1,48,-26,17.008093685627625,Chinese_Female
1,48,-25,17.07222177190565,Chinese_Female
1,48,-24,17.27020402863218,Chinese_Female
1,48,-23,17.328566785830354,Chinese_Female
1,48,-22,17.35845978136727,Chinese_Female
1,48,-21,17.51247852057933,Chinese_Female
1,48,-20,17.394516499753735,Chinese_Female
1,48,-19,17.39940940660211,Chinese_Female
1,48,-18,17.40498989430436,Chinese_Female
1,48,-17,17.475809003547457,Chinese_Female
1,48,-16,17.54565082765662,Chinese_Female
1,48,-15,17.661025511492802,Chinese_Female
1,48,-14,17.64964714244614,Chinese_Female
1,48,-13,17.735431731178224,Chinese_Female
1,48,-12,17.759235144952367,Chinese_Female
1,48,-11,17.991783470275497,Chinese_Female
1,48,-10,18.00470096630974,Chinese_Female
1,48,-9,18.144153278674196,Chinese_Female
1,48,-8,18.3277027027027,Chinese_Female
1,48,-7,18.367491416233054,Chinese_Female
1,48,-6,18.561017764552858,Chinese_Female
1,48,-5,18.59281113949556,Chinese_Female
1,48,-4,18.64228247643608,Chinese_Female
1,48,-3,18.685496014985127,Chinese_Female
1,48,-2,18.71854396879933,Chinese_Female
1,48,-1,18.879703053821494,Chinese_Female
1,49,-61,12.194142528243294,Chinese_Female
1,49,-60,12.663402947763135,Chinese_Female
1,49,-59,12.701674277016743,Chinese_Female
1,49,-58,12.732680629569959,Chinese_Female
1,49,-57,12.829282491631494,Chinese_Female
1,49,-56,12.91026888482806,Chinese_Female
1,49,-55,13.047829628767602,Chinese_Female
1,49,-54,13.067870826491514,Chinese_Female
1,49,-53,13.179958414380573,Chinese_Female
1,49,-52,13.305841321371384,Chinese_Female
1,49,-51,13.406929860497208,Chinese_Female
1,49,-50,13.588532955050708,Chinese_Female
1,49,-49,13.62909090909091,Chinese_Female
1,49,-48,13.907862229327133,Chinese_Female
1,49,-47,13.952534306988573,Chinese_Female
1,49,-46,14.075800567490878,Chinese_Female
1,49,-45,14.257536211671415,Chinese_Female
1,49,-44,14.375354301464121,Chinese_Female
1,49,-43,14.495895035678663,Chinese_Female
1,49,-42,14.465444076795094,Chinese_Female
1,49,-41,14.63850647794917,Chinese_Female
1,49,-40,14.751708428246014,Chinese_Female
1,49,-39,14.936917858617038,Chinese_Female
1,49,-38,15.101223896987195,Chinese_Female
1,49,-37,15.261783316681566,Chinese_Female
1,49,-36,15.473857625942946,Chinese_Female
1,49,-35,15.60556605394262,Chinese_Female
1,49,-34,15.839951026238372,Chinese_Female
1,49,-33,16.130009594182894,Chinese_Female
1,49,-32,16.318165914127192,Chinese_Female
1,49,-31,16.624222780791108,Chinese_Female
1,49,-30,17.072033827764738,Chinese_Female
1,49,-29,16.952994120158984,Chinese_Female
1,49,-28,16.972558947146357,Chinese_Female
1,49,-27,17.138084271302993,Chinese_Female
1,49,-26,17.264366697484306,Chinese_Female
1,49,-25,17.43859933533274,Chinese_Female
1,49,-24,17.559122855426967,Chinese_Female
1,49,-23,17.694182645433866,Chinese_Female
1,49,-22,17.697829988578885,Chinese_Female
1,49,-21,17.849603142132395,Chinese_Female
1,49,-20,17.83615169922837,Chinese_Female
1,49,-19,17.932263226487617,Chinese_Female
1,49,-18,17.963288161426064,Chinese_Female
1,49,-17,17.958796196059488,Chinese_Female
1,49,-16,17.91554387668,Chinese_Female
1,49,-15,17.87993601077713,Chinese_Female
1,49,-14,17.935656382744675,Chinese_Female
1,49,-13,17.98383666524883,Chinese_Female
1,49,-12,18.089918442875746,Chinese_Female
1,49,-11,18.17130428778568,Chinese_Female
1,49,-10,18.1788108296335,Chinese_Female
1,49,-9,18.18610912015104,Chinese_Female
1,49,-8,18.35233671171171,Chinese_Female
1,49,-7,18.39580899791158,Chinese_Female
1,49,-6,18.487963936354078,Chinese_Female
1,49,-5,18.546036771849025,Chinese_Female
1,49,-4,18.560557906398127,Chinese_Female
1,49,-3,18.505527601278143,Chinese_Female
1,49,-2,18.61082737487232,Chinese_Female
1,49,-1,18.6847383911666,Chinese_Female
1,50,-61,12.204850886116613,Chinese_Female
1,50,-60,12.830060934326337,Chinese_Female
1,50,-59,12.795535261288684,Chinese_Female
1,50,-58,12.816953773701822,Chinese_Female
1,50,-57,12.94813952360161,Chinese_Female
1,50,-56,13.03367586681539,Chinese_Female
1,50,-55,13.196788083323636,Chinese_Female
1,50,-54,13.168217478562305,Chinese_Female
1,50,-53,13.20455206027679,Chinese_Female
1,50,-52,13.334356972076597,Chinese_Female
1,50,-51,13.540611052415963,Chinese_Female
1,50,-50,13.565243166564333,Chinese_Female
1,50,-49,13.666493506493508,Chinese_Female
1,50,-48,13.943156102725931,Chinese_Female
1,50,-47,14.06535250558963,Chinese_Female
1,50,-46,14.264288609647343,Chinese_Female
1,50,-45,14.454782729971507,Chinese_Female
1,50,-44,14.576695271419357,Chinese_Female
1,50,-43,14.58796900176475,Chinese_Female
1,50,-42,14.601910530349766,Chinese_Female
1,50,-41,14.776727299533734,Chinese_Female
1,50,-40,15.023234624145786,Chinese_Female
1,50,-39,15.18816963083936,Chinese_Female
1,50,-38,15.366903416638621,Chinese_Female
1,50,-37,15.563267953234824,Chinese_Female
1,50,-36,15.664614584236539,Chinese_Female
1,50,-35,15.804844528431541,Chinese_Female
1,50,-34,16.13243321373306,Chinese_Female
1,50,-33,16.385854471394186,Chinese_Female
1,50,-32,16.518102600843065,Chinese_Female
1,50,-31,16.744939806852756,Chinese_Female
1,50,-30,17.1036641195958,Chinese_Female
1,50,-29,17.11395066189272,Chinese_Female
1,50,-28,17.034224234457916,Chinese_Female
1,50,-27,17.290538129683092,Chinese_Female
1,50,-26,17.45738244692067,Chinese_Female
1,50,-25,17.625030396368647,Chinese_Female
1,50,-24,17.637033550292976,Chinese_Female
1,50,-23,17.916802079948003,Chinese_Female
1,50,-22,18.007831620166424,Chinese_Female
1,50,-21,18.037803780378038,Chinese_Female
1,50,-20,18.038088983746512,Chinese_Female
1,50,-19,17.97515548443506,Chinese_Female
1,50,-18,18.097478546105165,Chinese_Female
1,50,-17,18.06871741918292,Chinese_Female
1,50,-16,18.159907610423954,Chinese_Female
1,50,-15,18.14262860991833,Chinese_Female
1,50,-14,18.20812672409416,Chinese_Female
1,50,-13,18.317311782220333,Chinese_Female
1,50,-12,18.350352957302444,Chinese_Female
1,50,-11,18.50100117378996,Chinese_Female
1,50,-10,18.490467484983025,Chinese_Female
1,50,-9,18.546230092827297,Chinese_Female
1,50,-8,18.57228322072072,Chinese_Female
1,50,-7,18.686064210116456,Chinese_Female
1,50,-6,18.82116066496802,Chinese_Female
1,50,-5,18.808692836325694,Chinese_Female
1,50,-4,18.867479069429564,Chinese_Female
1,50,-3,18.907701913541704,Chinese_Female
1,50,-2,18.997121366886432,Chinese_Female
1,50,-1,19.018427909941323,Chinese_Female
1,51,-61,12.191465438774964,Chinese_Female
1,51,-60,12.715483568564137,Chinese_Female
1,51,-59,12.71943176052765,Chinese_Female
1,51,-58,12.688065435617796,Chinese_Female
1,51,-57,12.734681996798136,Chinese_Female
1,51,-56,12.713292355886752,Chinese_Female
1,51,-55,12.794134760851856,Chinese_Female
1,51,-54,12.910509031198686,Chinese_Female
1,51,-53,13.001095535135377,Chinese_Female
1,51,-52,13.112812301213012,Chinese_Female
1,51,-51,13.28834170637573,Chinese_Female
1,51,-50,13.374690351675806,Chinese_Female
1,51,-49,13.41090909090909,Chinese_Female
1,51,-48,13.658729005335605,Chinese_Female
1,51,-47,13.724846669811901,Chinese_Female
1,51,-46,13.869071747061207,Chinese_Female
1,51,-45,14.04036580263394,Chinese_Female
1,51,-44,14.058682096291808,Chinese_Female
1,51,-43,14.194736438272079,Chinese_Female
1,51,-42,14.15512310021872,Chinese_Female
1,51,-41,14.245959344649012,Chinese_Female
1,51,-40,14.507517084282458,Chinese_Female
1,51,-39,14.748479029450298,Chinese_Female
1,51,-38,14.966612940363804,Chinese_Female
1,51,-37,15.121557904331212,Chinese_Female
1,51,-36,15.305644671811326,Chinese_Female
1,51,-35,15.330699192578596,Chinese_Female
1,51,-34,15.625690819120171,Chinese_Female
1,51,-33,15.906145326623017,Chinese_Female
1,51,-32,16.021593162165317,Chinese_Female
1,51,-31,16.447281386426777,Chinese_Female
1,51,-30,16.782366944680284,Chinese_Female
1,51,-29,16.762474131984366,Chinese_Female
1,51,-28,16.722652256462684,Chinese_Female
1,51,-27,16.836420253657273,Chinese_Female
1,51,-26,17.034045383030833,Chinese_Female
1,51,-25,17.190564967171923,Chinese_Female
1,51,-24,17.437387394698828,Chinese_Female
1,51,-23,17.51543711407215,Chinese_Female
1,51,-22,17.58525044868657,Chinese_Female
1,51,-21,17.715407904426804,Chinese_Female
1,51,-20,17.777048103759647,Chinese_Female
1,51,-19,17.78708943035782,Chinese_Female
1,51,-18,17.8406944766575,Chinese_Female
1,51,-17,17.803907199840115,Chinese_Female
1,51,-16,17.91554387668,Chinese_Female
1,51,-15,17.906878841458283,Chinese_Female
1,51,-14,17.952580006430978,Chinese_Female
1,51,-13,18.00085070182901,Chinese_Female
1,51,-12,18.026523199232404,Chinese_Female
1,51,-11,18.047020644894012,Chinese_Female
1,51,-10,18.22756159136415,Chinese_Female
1,51,-9,18.214079681135605,Chinese_Female
1,51,-8,18.260838963963963,Chinese_Female
1,51,-7,18.353332625393794,Chinese_Female
1,51,-6,18.441637118471927,Chinese_Female
1,51,-5,18.551433814269778,Chinese_Female
1,51,-4,18.585983328187712,Chinese_Female
1,51,-3,18.619385169133583,Chinese_Female
1,51,-2,18.76868790045501,Chinese_Female
1,51,-1,18.791594023583226,Chinese_Female
1,52,-61,12.215559243989935,Chinese_Female
1,52,-60,12.751940003124837,Chinese_Female
1,52,-59,12.752409944190765,Chinese_Female
1,52,-58,12.839261370677905,Chinese_Female
1,52,-57,12.792897685926357,Chinese_Female
1,52,-56,12.791608325224862,Chinese_Female
1,52,-55,12.875596415687188,Chinese_Female
1,52,-54,12.926473271300857,Chinese_Female
1,52,-53,13.048047040937242,Chinese_Female
1,52,-52,13.106231766434886,Chinese_Female
1,52,-51,13.320683930227043,Chinese_Female
1,52,-50,13.342931549194384,Chinese_Female
1,52,-49,13.452467532467532,Chinese_Female
1,52,-48,13.602674029937509,Chinese_Female
1,52,-47,13.82535742856557,Chinese_Female
1,52,-46,13.919740575597892,Chinese_Female
1,52,-45,14.046342969855152,Chinese_Female
1,52,-44,14.10755126375667,Chinese_Female
1,52,-43,14.2772193662242,Chinese_Female
1,52,-42,14.295328360720095,Chinese_Female
1,52,-41,14.507657433515785,Chinese_Female
1,52,-40,14.76628701594533,Chinese_Female
1,52,-39,15.01947201234723,Chinese_Female
1,52,-38,15.24291964080129,Chinese_Female
1,52,-37,15.43005381150199,Chinese_Female
1,52,-36,15.489465013439697,Chinese_Female
1,52,-35,15.689744030235357,Chinese_Female
1,52,-34,15.996394986991344,Chinese_Female
1,52,-33,16.187238053559106,Chinese_Female
1,52,-32,16.41813425748513,Chinese_Female
1,52,-31,16.731710543722713,Chinese_Female
1,52,-30,17.05205680134512,Chinese_Female
1,52,-29,17.097526524981113,Chinese_Female
1,52,-28,17.006637132239586,Chinese_Female
1,52,-27,17.191605306691752,Chinese_Female
1,52,-26,17.313026130115322,Chinese_Female
1,52,-25,17.43859933533274,Chinese_Female
1,52,-24,17.586716226525347,Chinese_Female
1,52,-23,17.793305167370814,Chinese_Female
1,52,-22,17.864251917115354,Chinese_Female
1,52,-21,17.84633008755421,Chinese_Female
1,52,-20,17.99047775406337,Chinese_Female
1,52,-19,17.952059653232592,Chinese_Female
1,52,-18,17.91193134753653,Chinese_Female
1,52,-17,17.998767549922555,Chinese_Female
1,52,-16,17.91889132508745,Chinese_Female
1,52,-15,17.97591984507872,Chinese_Female
1,52,-14,18.055814110917428,Chinese_Female
1,52,-13,18.130157379838366,Chinese_Female
1,52,-12,18.196148310602425,Chinese_Female
1,52,-11,18.255886211420286,Chinese_Female
1,52,-10,18.290241142160703,Chinese_Female
1,52,-9,18.521755851965807,Chinese_Female
1,52,-8,18.542370495495494,Chinese_Female
1,52,-7,18.63296874446922,Chinese_Female
1,52,-6,18.846105874596866,Chinese_Female
1,52,-5,18.78890368078293,Chinese_Female
1,52,-4,18.85839856164757,Chinese_Female
1,52,-3,18.870973665846403,Chinese_Female
1,52,-2,18.946977435230757,Chinese_Female
1,52,-1,18.995931987327296,Chinese_Female
1,53,-61,12.210205065053275,Chinese_Female
1,53,-60,12.757148065204937,Chinese_Female
1,53,-59,12.683916793505833,Chinese_Female
1,53,-58,12.745073739001114,Chinese_Female
1,53,-57,12.824431184204144,Chinese_Female
1,53,-56,12.812967225953436,Chinese_Female
1,53,-55,12.889561270801817,Chinese_Female
1,53,-54,13.022258711913883,Chinese_Female
1,53,-53,13.094998546739106,Chinese_Female
1,53,-52,13.200552764921364,Chinese_Female
1,53,-51,13.372431488389141,Chinese_Female
1,53,-50,13.45302873112998,Chinese_Female
1,53,-49,13.593766233766233,Chinese_Female
1,53,-48,13.837274482529532,Chinese_Female
1,53,-47,14.014071506225514,Chinese_Female
1,53,-46,14.223753546817996,Chinese_Female
1,53,-45,14.257536211671415,Chinese_Female
1,53,-44,14.377309068162713,Chinese_Female
1,53,-43,14.480549374664314,Chinese_Female
1,53,-42,14.467313480268446,Chinese_Female
1,53,-41,14.535301597832698,Chinese_Female
1,53,-40,14.748063781321186,Chinese_Female
1,53,-39,14.940507169648786,Chinese_Female
1,53,-38,15.136647832940717,Chinese_Female
1,53,-37,15.337154475819881,Chinese_Female
1,53,-36,15.458250238446197,Chinese_Female
1,53,-35,15.718948634255284,Chinese_Female
1,53,-34,16.054211233356575,Chinese_Female
1,53,-33,16.222585043173822,Chinese_Female
1,53,-32,16.43312950898882,Chinese_Female
1,53,-31,16.688715438550073,Chinese_Female
1,53,-30,17.04206828813531,Chinese_Female
1,53,-29,16.920145846335775,Chinese_Female
1,53,-28,16.956331239959106,Chinese_Female
1,53,-27,17.037529598754418,Chinese_Female
1,53,-26,17.259500754221204,Chinese_Female
1,53,-25,17.479127826862285,Chinese_Female
1,53,-24,17.529906344852215,Chinese_Female
1,53,-23,17.60643483912902,Chinese_Female
1,53,-22,17.74188285201501,Chinese_Female
1,53,-21,17.713771377137714,Chinese_Female
1,53,-20,17.800032835330814,Chinese_Female
1,53,-19,17.839879901677747,Chinese_Female
1,53,-18,17.857261190815414,Chinese_Female
1,53,-17,17.80557267291774,Chinese_Female
1,53,-16,17.93060739451353,Chinese_Female
1,53,-15,17.864780668518986,Chinese_Female
1,53,-14,17.97288835485454,Chinese_Female
1,53,-13,18.10633772862612,Chinese_Female
1,53,-12,18.196148310602425,Chinese_Female
1,53,-11,18.245529241179316,Chinese_Female
1,53,-10,18.319839818925743,Chinese_Female
1,53,-9,18.353932486058426,Chinese_Female
1,53,-8,18.577561936936938,Chinese_Female
1,53,-7,18.548015999433648,Chinese_Female
1,53,-6,18.687525613384885,Chinese_Female
1,53,-5,18.841075090850214,Chinese_Female
1,53,-4,18.880191780324356,Chinese_Female
1,53,-3,18.87281007823117,Chinese_Female
1,53,-2,19.00083573219426,Chinese_Female
1,53,-1,19.10278761974392,Chinese_Female
2,0,-61,5.389980976537729,Malay_Male
2,0,-60,5.702299564947172,Malay_Male
2,0,-59,5.636169237818849,Malay_Male
2,0,-58,5.776173285198556,Malay_Male
2,0,-57,5.822935234699941,Malay_Male
2,0,-56,6.129032258064516,Malay_Male
2,0,-55,6.0324825986078885,Malay_Male
2,0,-54,6.062777698151068,Malay_Male
2,0,-53,6.181046676096181,Malay_Male
2,0,-52,6.494228897232652,Malay_Male
2,0,-51,6.357670221493026,Malay_Male
2,0,-50,6.666666666666667,Malay_Male
2,0,-49,6.53603366649132,Malay_Male
2,0,-48,6.576051779935275,Malay_Male
2,0,-47,6.741145106004824,Malay_Male
2,0,-46,6.7089868060741855,Malay_Male
2,0,-45,6.890674458242025,Malay_Male
2,0,-44,6.761904761904762,Malay_Male
2,0,-43,6.897355237096586,Malay_Male
2,0,-42,7.03311710481393,Malay_Male
2,0,-41,7.103825136612022,Malay_Male
2,0,-40,7.304290861447757,Malay_Male
2,0,-39,7.610789980732177,Malay_Male
2,0,-38,7.659976883471682,Malay_Male
2,0,-37,7.919463087248323,Malay_Male
2,0,-36,8.339258506856272,Malay_Male
2,0,-35,8.525968177724407,Malay_Male
2,0,-34,8.883423512051156,Malay_Male
2,0,-33,9.00019376089905,Malay_Male
2,0,-32,9.402771141901576,Malay_Male
2,0,-31,9.26065635609204,Malay_Male
2,0,-30,9.519805680119582,Malay_Male
2,0,-29,10.066802746335126,Malay_Male
2,0,-28,10.40994933210502,Malay_Male
2,0,-27,10.915266685027083,Malay_Male
2,0,-26,10.826627651792247,Malay_Male
2,0,-25,10.872936240080271,Malay_Male
2,0,-24,11.255805482196521,Malay_Male
2,0,-23,11.895234630774826,Malay_Male
2,0,-22,11.683348498635123,Malay_Male
2,0,-21,11.804415252691115,Malay_Male
2,0,-20,11.807206877629413,Malay_Male
2,0,-19,12.148934223767267,Malay_Male
2,0,-18,12.054719059860448,Malay_Male
2,0,-17,11.931922723091077,Malay_Male
2,0,-16,12.18724032868618,Malay_Male
2,0,-15,12.050759540570581,Malay_Male
2,0,-14,11.787107560839681,Malay_Male
2,0,-13,11.852886405959032,Malay_Male
2,0,-12,11.462413728781943,Malay_Male
2,0,-11,11.307024909040022,Malay_Male
2,0,-10,11.379761015683346,Malay_Male
2,0,-9,11.337805105272965,Malay_Male
2,0,-8,11.422976501305483,Malay_Male
2,0,-7,11.545970066003534,Malay_Male
2,0,-6,11.342592592592593,Malay_Male
2,0,-5,11.89333825429046,Malay_Male
2,0,-4,11.968011765787297,Malay_Male
2,0,-3,12.642201834862385,Malay_Male
2,0,-2,12.362737920937041,Malay_Male
2,0,-1,12.534284147010421,Malay_Male
2,1,-61,5.183893468611287,Malay_Male
2,1,-60,5.500310752019888,Malay_Male
2,1,-59,5.743088437452268,Malay_Male
2,1,-58,5.7460890493381465,Malay_Male
2,1,-57,5.674390968508615,Malay_Male
2,1,-56,5.806451612903226,Malay_Male
2,1,-55,5.872969837587007,Malay_Male
2,1,-54,5.962448043571736,Malay_Male
2,1,-53,5.9405940594059405,Malay_Male
2,1,-52,6.007509386733417,Malay_Male
2,1,-51,6.097894449001914,Malay_Male
2,1,-50,6.331321260898726,Malay_Male
2,1,-49,6.417674907943188,Malay_Male
2,1,-48,6.679611650485437,Malay_Male
2,1,-47,6.3222038847276885,Malay_Male
2,1,-46,6.41025641025641,Malay_Male
2,1,-45,6.452398344290236,Malay_Male
2,1,-44,6.5,Malay_Male
2,1,-43,6.641034603285564,Malay_Male
2,1,-42,6.805508137020598,Malay_Male
2,1,-41,6.891937102709936,Malay_Male
2,1,-40,7.293372638934381,Malay_Male
2,1,-39,7.246842217940484,Malay_Male
2,1,-38,7.470841651781024,Malay_Male
2,1,-37,7.7749096541042855,Malay_Male
2,1,-36,8.257998984255968,Malay_Male
2,1,-35,8.08565996197338,Malay_Male
2,1,-34,8.194786030496804,Malay_Male
2,1,-33,8.602983917845378,Malay_Male
2,1,-32,8.838987099856666,Malay_Male
2,1,-31,9.58129007921539,Malay_Male
2,1,-30,9.669282511210762,Malay_Male
2,1,-29,10.178140656893673,Malay_Male
2,1,-28,10.465223399355136,Malay_Male
2,1,-27,10.667401083264481,Malay_Male
2,1,-26,11.091806876371617,Malay_Male
2,1,-25,11.529690778071695,Malay_Male
2,1,-24,11.647390948001094,Malay_Male
2,1,-23,11.54056020371044,Malay_Male
2,1,-22,12.238398544131028,Malay_Male
2,1,-21,12.087210363072431,Malay_Male
2,1,-20,12.493140662154746,Malay_Male
2,1,-19,12.38678986369042,Malay_Male
2,1,-18,12.706573632023504,Malay_Male
2,1,-17,12.796688132474701,Malay_Male
2,1,-16,12.159542055211892,Malay_Male
2,1,-15,12.273064097814006,Malay_Male
2,1,-14,12.232955600966005,Malay_Male
2,1,-13,12.039106145251397,Malay_Male
2,1,-12,12.059317291550084,Malay_Male
2,1,-11,12.00671704450042,Malay_Male
2,1,-10,11.809185959671396,Malay_Male
2,1,-9,12.166946152412894,Malay_Male
2,1,-8,11.777321894815367,Malay_Male
2,1,-7,12.094450125499675,Malay_Male
2,1,-6,12.425925925925926,Malay_Male
2,1,-5,12.170142092637018,Malay_Male
2,1,-4,12.547109109293133,Malay_Male
2,1,-3,13.10091743119266,Malay_Male
2,1,-2,13.33272327964861,Malay_Male
2,1,-1,13.128542695191078,Malay_Male
2,2,-61,5.453392517438173,Malay_Male
2,2,-60,5.62461155997514,Malay_Male
2,2,-59,5.712540094699863,Malay_Male
2,2,-58,5.6558363417569195,Malay_Male
2,2,-57,5.926916221033869,Malay_Male
2,2,-56,5.747800586510264,Malay_Male
2,2,-55,5.916473317865429,Malay_Male
2,2,-54,6.005446466962878,Malay_Male
2,2,-53,5.912305516265913,Malay_Male
2,2,-52,6.2161034626616605,Malay_Male
2,2,-51,6.275635767022149,Malay_Male
2,2,-50,6.317907444668008,Malay_Male
2,2,-49,6.286165176223041,Malay_Male
2,2,-48,6.330097087378641,Malay_Male
2,2,-47,6.474546147010283,Malay_Male
2,2,-46,6.596962907642519,Malay_Male
2,2,-45,6.7932797662527395,Malay_Male
2,2,-44,6.9523809523809526,Malay_Male
2,2,-43,6.932308050798089,Malay_Male
2,2,-42,6.987595311255264,Malay_Male
2,2,-41,7.248801159808186,Malay_Male
2,2,-40,7.2606179713942565,Malay_Male
2,2,-39,7.385998715478484,Malay_Male
2,2,-38,7.712514447830198,Malay_Male
2,2,-37,7.909137842023749,Malay_Male
2,2,-36,7.993905535804976,Malay_Male
2,2,-35,8.545982187531271,Malay_Male
2,2,-34,8.578455484505657,Malay_Male
2,2,-33,9.232706839759738,Malay_Male
2,2,-32,9.163879598662207,Malay_Male
2,2,-31,9.779328555262165,Malay_Male
2,2,-30,9.85612855007474,Malay_Male
2,2,-29,10.03896826869549,Malay_Male
2,2,-28,10.419161676646707,Malay_Male
2,2,-27,11.108051041953548,Malay_Male
2,2,-26,10.991221653255304,Malay_Male
2,2,-25,11.319894189546657,Malay_Male
2,2,-24,11.966123303888535,Malay_Male
2,2,-23,12.095307384503457,Malay_Male
2,2,-22,12.356687898089172,Malay_Male
2,2,-21,12.151067323481117,Malay_Male
2,2,-20,12.246204499725627,Malay_Male
2,2,-19,12.469124508279206,Malay_Male
2,2,-18,12.467866323907455,Malay_Male
2,2,-17,12.290708371665133,Malay_Male
2,2,-16,12.224171359985228,Malay_Male
2,2,-15,12.060022230455726,Malay_Male
2,2,-14,12.186513096786179,Malay_Male
2,2,-13,12.001862197392924,Malay_Male
2,2,-12,11.863458310016787,Malay_Male
2,2,-11,11.670864819479428,Malay_Male
2,2,-10,11.65982076176251,Malay_Male
2,2,-9,11.589342276877213,Malay_Male
2,2,-8,11.637448713166728,Malay_Male
2,2,-7,11.824858231849028,Malay_Male
2,2,-6,11.546296296296296,Malay_Male
2,2,-5,12.013286584240635,Malay_Male
2,2,-4,12.07831602169317,Malay_Male
2,2,-3,12.46788990825688,Malay_Male
2,2,-2,12.783674963396779,Malay_Male
2,2,-1,13.091972938379959,Malay_Male
2,3,-61,5.453392517438173,Malay_Male
2,3,-60,5.764449968924798,Malay_Male
2,3,-59,5.773636780204674,Malay_Male
2,3,-58,6.257521058965103,Malay_Male
2,3,-57,5.897207367795603,Malay_Male
2,3,-56,5.718475073313782,Malay_Male
2,3,-55,6.206496519721578,Malay_Male
2,3,-54,6.263437007309731,Malay_Male
2,3,-53,6.124469589816124,Malay_Male
2,3,-52,6.271728549575858,Malay_Male
2,3,-51,6.070549630844955,Malay_Male
2,3,-50,6.465459423205902,Malay_Male
2,3,-49,6.325618095739085,Malay_Male
2,3,-48,6.472491909385113,Malay_Male
2,3,-47,6.664973974863527,Malay_Male
2,3,-46,6.796116504854369,Malay_Male
2,3,-45,6.732408083759435,Malay_Male
2,3,-44,6.666666666666667,Malay_Male
2,3,-43,7.118723057206106,Malay_Male
2,3,-42,7.146921588710595,Malay_Male
2,3,-41,7.003457120553139,Malay_Male
2,3,-40,6.987662408559886,Malay_Male
2,3,-39,7.08627702847356,Malay_Male
2,3,-38,7.491856677524431,Malay_Male
2,3,-37,7.423851316468766,Malay_Male
2,3,-36,7.892331132554596,Malay_Male
2,3,-35,8.20574402081457,Malay_Male
2,3,-34,8.637481554353172,Malay_Male
2,3,-33,8.767680682038364,Malay_Male
2,3,-32,8.724319159101768,Malay_Male
2,3,-31,9.39268200678989,Malay_Male
2,3,-30,9.940209267563528,Malay_Male
2,3,-29,9.909074039710521,Malay_Male
2,3,-28,10.271764163979732,Malay_Male
2,3,-27,10.795923987882126,Malay_Male
2,3,-26,11.073518653986833,Malay_Male
2,3,-25,11.602663504515187,Malay_Male
2,3,-24,11.54721792186504,Malay_Male
2,3,-23,11.622408148417607,Malay_Male
2,3,-22,11.992720655141037,Malay_Male
2,3,-21,11.995986133917167,Malay_Male
2,3,-20,12.337662337662337,Malay_Male
2,3,-19,12.487421095965603,Malay_Male
2,3,-18,12.761659933896437,Malay_Male
2,3,-17,12.134314627414904,Malay_Male
2,3,-16,12.122611023912842,Malay_Male
2,3,-15,12.097072989996295,Malay_Male
2,3,-14,11.842838565855471,Malay_Male
2,3,-13,11.880819366852887,Malay_Male
2,3,-12,11.406454019772431,Malay_Male
2,3,-11,11.418975650713687,Malay_Male
2,3,-10,11.342419716206125,Malay_Male
2,3,-9,11.26327557294578,Malay_Male
2,3,-8,11.534875046624393,Malay_Male
2,3,-7,11.294970716742586,Malay_Male
2,3,-6,11.453703703703704,Malay_Male
2,3,-5,11.985606200405979,Malay_Male
2,3,-4,12.041547936391213,Malay_Male
2,3,-3,12.174311926605505,Malay_Male
2,3,-2,12.216325036603221,Malay_Male
2,3,-1,12.771987566282682,Malay_Male
2,4,-61,5.183893468611287,Malay_Male
2,4,-60,5.935363579863269,Malay_Male
2,4,-59,6.231861921490759,Malay_Male
2,4,-58,5.851383874849579,Malay_Male
2,4,-57,6.0606060606060606,Malay_Male
2,4,-56,6.055718475073314,Malay_Male
2,4,-55,6.148491879350348,Malay_Male
2,4,-54,6.277769815106779,Malay_Male
2,4,-53,6.4780763790664775,Malay_Male
2,4,-52,6.25782227784731,Malay_Male
2,4,-51,6.24829094886519,Malay_Male
2,4,-50,6.371562709590879,Malay_Male
2,4,-49,6.351920042083115,Malay_Male
2,4,-48,6.511326860841423,Malay_Male
2,4,-47,6.931572933858068,Malay_Male
2,4,-46,6.4351506099078915,Malay_Male
2,4,-45,6.732408083759435,Malay_Male
2,4,-44,6.7023809523809526,Malay_Male
2,4,-43,7.013864616101596,Malay_Male
2,4,-42,6.805508137020598,Malay_Male
2,4,-41,7.02576112412178,Malay_Male
2,4,-40,7.075008188666885,Malay_Male
2,4,-39,7.300363947762792,Malay_Male
2,4,-38,7.702006934958495,Malay_Male
2,4,-37,7.723283427981414,Malay_Male
2,4,-36,7.790756729304215,Malay_Male
2,4,-35,8.055638947263084,Malay_Male
2,4,-34,8.598130841121495,Malay_Male
2,4,-33,8.748304592133307,Malay_Male
2,4,-32,9.383659818442428,Malay_Male
2,4,-31,9.703885326291966,Malay_Male
2,4,-30,9.84678624813154,Malay_Male
2,4,-29,10.094637223974763,Malay_Male
2,4,-28,10.271764163979732,Malay_Male
2,4,-27,10.704121913155237,Malay_Male
2,4,-26,10.735186539868325,Malay_Male
2,4,-25,11.575298732098878,Malay_Male
2,4,-24,11.54721792186504,Malay_Male
2,4,-23,11.613313932339032,Malay_Male
2,4,-22,12.010919017288444,Malay_Male
2,4,-21,12.005108556832694,Malay_Male
2,4,-20,12.365099689043351,Malay_Male
2,4,-19,12.478272802122405,Malay_Male
2,4,-18,12.623944179214103,Malay_Male
2,4,-17,12.566697332106717,Malay_Male
2,4,-16,12.178007570861418,Malay_Male
2,4,-15,12.18043719896258,Malay_Male
2,4,-14,11.619914545792309,Malay_Male
2,4,-13,11.48975791433892,Malay_Male
2,4,-12,11.882111546353293,Malay_Male
2,4,-11,11.596230991696986,Malay_Male
2,4,-10,11.342419716206125,Malay_Male
2,4,-9,11.142165082914104,Malay_Male
2,4,-8,11.320402834763147,Malay_Male
2,4,-7,11.434414799665333,Malay_Male
2,4,-6,11.36111111111111,Malay_Male
2,4,-5,11.911791843513564,Malay_Male
2,4,-4,12.243772405551981,Malay_Male
2,4,-3,12.211009174311926,Malay_Male
2,4,-2,12.518301610541727,Malay_Male
2,4,-1,12.899981715121594,Malay_Male
2,5,-61,5.342422320862397,Malay_Male
2,5,-60,5.515848353014294,Malay_Male
2,5,-59,5.895830151214296,Malay_Male
2,5,-58,6.001805054151625,Malay_Male
2,5,-57,6.1794414735591205,Malay_Male
2,5,-56,6.217008797653959,Malay_Male
2,5,-55,6.162993039443156,Malay_Male
2,5,-54,6.492761932062491,Malay_Male
2,5,-53,6.364922206506366,Malay_Male
2,5,-52,6.494228897232652,Malay_Male
2,5,-51,6.740497675690457,Malay_Male
2,5,-50,6.733735747820255,Malay_Male
2,5,-49,6.759600210415571,Malay_Male
2,5,-48,6.886731391585761,Malay_Male
2,5,-47,7.045829630570013,Malay_Male
2,5,-46,6.982823002240478,Malay_Male
2,5,-45,7.012417823228634,Malay_Male
2,5,-44,7.154761904761905,Malay_Male
2,5,-43,7.200279622509612,Malay_Male
2,5,-42,7.431432798452259,Malay_Male
2,5,-41,7.494145199063232,Malay_Male
2,5,-40,7.522655311715252,Malay_Male
2,5,-39,7.471633483194178,Malay_Male
2,5,-38,7.407796574550804,Malay_Male
2,5,-37,7.888487351574599,Malay_Male
2,5,-36,7.872016251904521,Malay_Male
2,5,-35,8.305814069848893,Malay_Male
2,5,-34,8.430890309886866,Malay_Male
2,5,-33,8.748304592133307,Malay_Male
2,5,-32,9.230769230769232,Malay_Male
2,5,-31,9.364390795926065,Malay_Male
2,5,-30,10.173766816143498,Malay_Male
2,5,-29,10.066802746335126,Malay_Male
2,5,-28,10.511285122063565,Malay_Male
2,5,-27,10.777563572936748,Malay_Male
2,5,-26,11.238112655449891,Malay_Male
2,5,-25,11.055368056189,Malay_Male
2,5,-24,11.975229942628175,Malay_Male
2,5,-23,11.849763550381958,Malay_Male
2,5,-22,11.828935395814376,Malay_Male
2,5,-21,12.068965517241379,Malay_Male
2,5,-20,11.971830985915492,Malay_Male
2,5,-19,11.9842649345897,Malay_Male
2,5,-18,12.366874770473741,Malay_Male
2,5,-17,12.125114995400184,Malay_Male
2,5,-16,12.122611023912842,Malay_Male
2,5,-15,12.124861059651723,Malay_Male
2,5,-14,12.065762585918632,Malay_Male
2,5,-13,11.992551210428305,Malay_Male
2,5,-12,11.509046819623205,Malay_Male
2,5,-11,11.680194047952234,Malay_Male
2,5,-10,11.445108289768484,Malay_Male
2,5,-9,11.421650829141047,Malay_Male
2,5,-8,11.357702349869452,Malay_Male
2,5,-7,11.64822906014688,Malay_Male
2,5,-6,11.685185185185185,Malay_Male
2,5,-5,12.280863627975641,Malay_Male
2,5,-4,12.298924533504918,Malay_Male
2,5,-3,12.137614678899082,Malay_Male
2,5,-2,12.280380673499268,Malay_Male
2,5,-1,12.909124154324376,Malay_Male
2,6,-61,5.263157894736842,Malay_Male
2,6,-60,5.842137973896831,Malay_Male
2,6,-59,5.758362608828471,Malay_Male
2,6,-58,5.82129963898917,Malay_Male
2,6,-57,6.045751633986928,Malay_Male
2,6,-56,6.158357771260997,Malay_Male
2,6,-55,6.2354988399071924,Malay_Male
2,6,-54,6.1631073527304,Malay_Male
2,6,-53,6.379066478076378,Malay_Male
2,6,-52,6.424697538589904,Malay_Male
2,6,-51,6.357670221493026,Malay_Male
2,6,-50,6.599597585513078,Malay_Male
2,6,-49,6.31246712256707,Malay_Male
2,6,-48,6.26537216828479,Malay_Male
2,6,-47,6.411070204392535,Malay_Male
2,6,-46,6.572068707991038,Malay_Male
2,6,-45,6.5619673727781835,Malay_Male
2,6,-44,6.523809523809524,Malay_Male
2,6,-43,6.734242106489573,Malay_Male
2,6,-42,6.464094685330601,Malay_Male
2,6,-41,6.914241106278577,Malay_Male
2,6,-40,7.096844633693634,Malay_Male
2,6,-39,7.385998715478484,Malay_Male
2,6,-38,7.544394241882946,Malay_Male
2,6,-37,7.785234899328859,Malay_Male
2,6,-36,7.679024885728797,Malay_Male
2,6,-35,7.965575903132192,Malay_Male
2,6,-34,8.283325135268077,Malay_Male
2,6,-33,8.874249176516178,Malay_Male
2,6,-32,8.838987099856666,Malay_Male
2,6,-31,9.63787250094304,Malay_Male
2,6,-30,9.874813153961135,Malay_Male
2,6,-29,9.89979588049731,Malay_Male
2,6,-28,10.713956701980653,Malay_Male
2,6,-27,10.68576149820986,Malay_Male
2,6,-26,11.164959765910753,Malay_Male
2,6,-25,11.584420322904315,Malay_Male
2,6,-24,11.829523722793917,Malay_Male
2,6,-23,12.186249545289197,Malay_Male
2,6,-22,12.202001819836216,Malay_Male
2,6,-21,12.424740010946907,Malay_Male
2,6,-20,12.630327419059814,Malay_Male
2,6,-19,12.597200622083982,Malay_Male
2,6,-18,12.78002203452075,Malay_Male
2,6,-17,12.33670653173873,Malay_Male
2,6,-16,12.584248915150956,Malay_Male
2,6,-15,12.801037421267136,Malay_Male
2,6,-14,12.743823146944083,Malay_Male
2,6,-13,12.299813780260708,Malay_Male
2,6,-12,12.367095691102406,Malay_Male
2,6,-11,12.351898497994215,Malay_Male
2,6,-10,12.19193427931292,Malay_Male
2,6,-9,12.23215949319918,Malay_Male
2,6,-8,12.355464378963074,Malay_Male
2,6,-7,12.317560658176072,Malay_Male
2,6,-6,12.203703703703704,Malay_Male
2,6,-5,12.631481823214616,Malay_Male
2,6,-4,12.501149002665688,Malay_Male
2,6,-3,12.577981651376147,Malay_Male
2,6,-2,13.268667642752563,Malay_Male
2,6,-1,13.119400255988298,Malay_Male
2,7,-61,5.263157894736842,Malay_Male
2,7,-60,5.919825978868863,Malay_Male
2,7,-59,5.850007637085688,Malay_Male
2,7,-58,5.98676293622142,Malay_Male
2,7,-57,5.763517528223411,Malay_Male
2,7,-56,6.070381231671554,Malay_Male
2,7,-55,5.8294663573085845,Malay_Male
2,7,-54,6.005446466962878,Malay_Male
2,7,-53,6.562942008486564,Malay_Male
2,7,-52,6.285634821304409,Malay_Male
2,7,-51,6.275635767022149,Malay_Male
2,7,-50,6.586183769282361,Malay_Male
2,7,-49,6.430825881115203,Malay_Male
2,7,-48,6.511326860841423,Malay_Male
2,7,-47,6.512631712580933,Malay_Male
2,7,-46,6.758775205377147,Malay_Male
2,7,-45,6.866325785244704,Malay_Male
2,7,-44,7.202380952380952,Malay_Male
2,7,-43,6.978911802400094,Malay_Male
2,7,-42,7.283486969386593,Malay_Male
2,7,-41,7.159585145533623,Malay_Male
2,7,-40,7.358881974014631,Malay_Male
2,7,-39,7.375294369514022,Malay_Male
2,7,-38,8.048754859724703,Malay_Male
2,7,-37,7.981414558595766,Malay_Male
2,7,-36,8.207211782630777,Malay_Male
2,7,-35,8.555989192434705,Malay_Male
2,7,-34,8.52926709296606,Malay_Male
2,7,-33,9.378027514047666,Malay_Male
2,7,-32,9.48877209746775,Malay_Male
2,7,-31,9.82648057336854,Malay_Male
2,7,-30,10.566143497757848,Malay_Male
2,7,-29,10.47504175171646,Malay_Male
2,7,-28,10.796867802855827,Malay_Male
2,7,-27,10.869365647663637,Malay_Male
2,7,-26,11.265544989027067,Malay_Male
2,7,-25,11.246921463103165,Malay_Male
2,7,-24,11.63828430926145,Malay_Male
2,7,-23,12.222626409603492,Malay_Male
2,7,-22,12.538671519563238,Malay_Male
2,7,-21,12.278781244298486,Malay_Male
2,7,-20,12.419974391805377,Malay_Male
2,7,-19,12.679535266672765,Malay_Male
2,7,-18,12.917737789203084,Malay_Male
2,7,-17,12.318307267709292,Malay_Male
2,7,-16,12.224171359985228,Malay_Male
2,7,-15,12.022971470915154,Malay_Male
2,7,-14,11.861415567527402,Malay_Male
2,7,-13,11.992551210428305,Malay_Male
2,7,-12,11.732885655661256,Malay_Male
2,7,-11,11.913424759772367,Malay_Male
2,7,-10,11.594473487677371,Malay_Male
2,7,-9,11.896776597726848,Malay_Male
2,7,-8,11.665423349496457,Malay_Male
2,7,-7,11.75978432648508,Malay_Male
2,7,-6,12.046296296296296,Malay_Male
2,7,-5,11.957925816571322,Malay_Male
2,7,-4,12.243772405551981,Malay_Male
2,7,-3,12.24770642201835,Malay_Male
2,7,-2,12.847730600292826,Malay_Male
2,7,-1,13.08283049917718,Malay_Male
2,8,-61,5.279010779961953,Malay_Male
2,8,-60,5.997513983840895,Malay_Male
2,8,-59,5.926378493966703,Malay_Male
2,8,-58,6.001805054151625,Malay_Male
2,8,-57,6.164587046939988,Malay_Male
2,8,-56,6.348973607038124,Malay_Male
2,8,-55,6.293503480278423,Malay_Male
2,8,-54,5.99111365916583,Malay_Male
2,8,-53,6.181046676096181,Malay_Male
2,8,-52,6.452510082047002,Malay_Male
2,8,-51,6.398687448728466,Malay_Male
2,8,-50,6.291079812206572,Malay_Male
2,8,-49,6.391372961599158,Malay_Male
2,8,-48,6.34304207119741,Malay_Male
2,8,-47,6.563412466675129,Malay_Male
2,8,-46,6.634304207119741,Malay_Male
2,8,-45,6.671536401266131,Malay_Male
2,8,-44,6.75,Malay_Male
2,8,-43,6.82744960969358,Malay_Male
2,8,-42,6.6006600660066,Malay_Male
2,8,-41,6.791569086651054,Malay_Male
2,8,-40,7.162353968773884,Malay_Male
2,8,-39,7.503746521087562,Malay_Male
2,8,-38,7.460334138909321,Malay_Male
2,8,-37,7.754259163655136,Malay_Male
2,8,-36,8.268156424581004,Malay_Male
2,8,-35,8.505954167917542,Malay_Male
2,8,-34,8.755533694048205,Malay_Male
2,8,-33,8.961441581088936,Malay_Male
2,8,-32,9.230769230769232,Malay_Male
2,8,-31,9.685024519049415,Malay_Male
2,8,-30,10.136397608370702,Malay_Male
2,8,-29,10.224531452959733,Malay_Male
2,8,-28,10.382312298479963,Malay_Male
2,8,-27,10.575599008537592,Malay_Male
2,8,-26,11.119239209948793,Malay_Male
2,8,-25,11.265164644714037,Malay_Male
2,8,-24,11.556324560604681,Malay_Male
2,8,-23,11.567842851946162,Malay_Male
2,8,-22,11.78343949044586,Malay_Male
2,8,-21,11.804415252691115,Malay_Male
2,8,-20,11.935247850740808,Malay_Male
2,8,-19,12.295306925258439,Malay_Male
2,8,-18,12.100624311421226,Malay_Male
2,8,-17,12.253909843606255,Malay_Male
2,8,-16,12.11337826608808,Malay_Male
2,8,-15,12.134123749536865,Malay_Male
2,8,-14,12.400148616013375,Malay_Male
2,8,-13,12.188081936685288,Malay_Male
2,8,-12,11.854131691848535,Malay_Male
2,8,-11,12.00671704450042,Malay_Male
2,8,-10,11.921209858103062,Malay_Male
2,8,-9,11.74771753307248,Malay_Male
2,8,-8,11.889220440134277,Malay_Male
2,8,-7,11.917820953797527,Malay_Male
2,8,-6,12.25925925925926,Malay_Male
2,8,-5,12.529987082487542,Malay_Male
2,8,-4,12.455188896038239,Malay_Male
2,8,-3,12.761467889908257,Malay_Male
2,8,-2,12.820278184480236,Malay_Male
2,8,-1,13.256536844029988,Malay_Male
2,9,-61,5.3265694356372855,Malay_Male
2,9,-60,6.1218147917961465,Malay_Male
2,9,-59,5.941652665342905,Malay_Male
2,9,-58,5.7460890493381465,Malay_Male
2,9,-57,5.808080808080808,Malay_Male
2,9,-56,6.070381231671554,Malay_Male
2,9,-55,6.0324825986078885,Malay_Male
2,9,-54,6.263437007309731,Malay_Male
2,9,-53,6.011315417256012,Malay_Male
2,9,-52,6.007509386733417,Malay_Male
2,9,-51,6.0568772217664755,Malay_Male
2,9,-50,6.25083836351442,Malay_Male
2,9,-49,6.233561283534981,Malay_Male
2,9,-48,6.252427184466019,Malay_Male
2,9,-47,6.601498032245779,Malay_Male
2,9,-46,6.372915110779188,Malay_Male
2,9,-45,6.610664718772827,Malay_Male
2,9,-44,6.571428571428571,Malay_Male
2,9,-43,6.594430851683561,Malay_Male
2,9,-42,6.589279617616935,Malay_Male
2,9,-41,6.568529050964648,Malay_Male
2,9,-40,6.76929795829239,Malay_Male
2,9,-39,7.139798758295868,Malay_Male
2,9,-38,7.523379216139539,Malay_Male
2,9,-37,7.847186370676304,Malay_Male
2,9,-36,8.136109700355512,Malay_Male
2,9,-35,7.99559691784249,Malay_Male
2,9,-34,8.726020659124446,Malay_Male
2,9,-33,9.00019376089905,Malay_Male
2,9,-32,9.460105112279026,Malay_Male
2,9,-31,9.619011693700491,Malay_Male
2,9,-30,10.332585949177878,Malay_Male
2,9,-29,10.465763592503247,Malay_Male
2,9,-28,10.72316904652234,Malay_Male
2,9,-27,10.832644817772882,Malay_Male
2,9,-26,11.183247988295538,Malay_Male
2,9,-25,11.602663504515187,Malay_Male
2,9,-24,11.811310445314636,Malay_Male
2,9,-23,11.895234630774826,Malay_Male
2,9,-22,12.156505914467699,Malay_Male
2,9,-21,11.749680715197956,Malay_Male
2,9,-20,12.383391256630693,Malay_Male
2,9,-19,12.496569389808801,Malay_Male
2,9,-18,12.027175908923981,Malay_Male
2,9,-17,11.904323827046918,Malay_Male
2,9,-16,11.799464500046163,Malay_Male
2,9,-15,11.921081882178584,Malay_Male
2,9,-14,11.666357049972135,Malay_Male
2,9,-13,11.54562383612663,Malay_Male
2,9,-12,11.285207983585153,Malay_Male
2,9,-11,11.325683365985633,Malay_Male
2,9,-10,11.23039581777446,Malay_Male
2,9,-9,11.533445127631824,Malay_Male
2,9,-8,11.81462140992167,Malay_Male
2,9,-7,11.387933438691086,Malay_Male
2,9,-6,12.11111111111111,Malay_Male
2,9,-5,11.921018638125116,Malay_Male
2,9,-4,12.234580384226492,Malay_Male
2,9,-3,12.24770642201835,Malay_Male
2,9,-2,12.490849194729137,Malay_Male
2,9,-1,12.717132931066008,Malay_Male
2,11,-61,8.65567533291059,Malay_Male
2,11,-60,8.856432566811684,Malay_Male
2,11,-59,8.920116083702458,Malay_Male
2,11,-58,8.98014440433213,Malay_Male
2,11,-57,9.046345811051694,Malay_Male
2,11,-56,9.222873900293255,Malay_Male
2,11,-55,9.048723897911833,Malay_Male
2,11,-54,9.258993836892646,Malay_Male
2,11,-53,9.42008486562942,Malay_Male
2,11,-52,9.345014601585316,Malay_Male
2,11,-51,9.420289855072465,Malay_Male
2,11,-50,9.416498993963783,Malay_Male
2,11,-49,9.258285113098369,Malay_Male
2,11,-48,9.25566343042071,Malay_Male
2,11,-47,9.242097245144091,Malay_Male
2,11,-46,9.410007468259895,Malay_Male
2,11,-45,9.483808132456781,Malay_Male
2,11,-44,9.535714285714286,Malay_Male
2,11,-43,9.495514388908308,Malay_Male
2,11,-42,9.878229202230568,Malay_Male
2,11,-41,9.902977584476414,Malay_Male
2,11,-40,10.175783382465335,Malay_Male
2,11,-39,10.479554699207878,Malay_Male
2,11,-38,10.73867815488074,Malay_Male
2,11,-37,10.80020650490449,Malay_Male
2,11,-36,11.030980192991366,Malay_Male
2,11,-35,11.237866506554587,Malay_Male
2,11,-34,11.46089522872602,Malay_Male
2,11,-33,12.07130401085061,Malay_Male
2,11,-32,12.06880076445294,Malay_Male
2,11,-31,12.419841569219162,Malay_Male
2,11,-30,12.911061285500747,Malay_Male
2,11,-29,13.304880311746151,Malay_Male
2,11,-28,13.468447719944725,Malay_Male
2,11,-27,13.97227577343248,Malay_Male
2,11,-26,14.401975128017558,Malay_Male
2,11,-25,14.466843017422237,Malay_Male
2,11,-24,15.016847281668335,Malay_Male
2,11,-23,14.859949072389961,Malay_Male
2,11,-22,15.131938125568697,Malay_Male
2,11,-21,15.161466885604815,Malay_Male
2,11,-20,15.428937259923176,Malay_Male
2,11,-19,15.26850242429787,Malay_Male
2,11,-18,15.571061329416086,Malay_Male
2,11,-17,15.565777368905243,Malay_Male
2,11,-16,15.446403840827255,Malay_Male
2,11,-15,15.144497962208225,Malay_Male
2,11,-14,14.945197845067806,Malay_Male
2,11,-13,15.046554934823092,Malay_Male
2,11,-12,14.941242305540012,Malay_Male
2,11,-11,14.917436328015674,Malay_Male
2,11,-10,14.292382374906648,Malay_Male
2,11,-9,14.728898826159867,Malay_Male
2,11,-8,14.901156284968295,Malay_Male
2,11,-7,15.09714604443618,Malay_Male
2,11,-6,14.981481481481481,Malay_Male
2,11,-5,15.344159439010888,Malay_Male
2,11,-4,15.42421178417134,Malay_Male
2,11,-3,15.55045871559633,Malay_Male
2,11,-2,15.474011713030746,Malay_Male
2,11,-1,15.69756811117206,Malay_Male
2,12,-61,8.544705136334812,Malay_Male
2,12,-60,8.934120571783717,Malay_Male
2,12,-59,9.1339544829693,Malay_Male
2,12,-58,9.235860409145607,Malay_Male
2,12,-57,9.194890077243018,Malay_Male
2,12,-56,9.574780058651026,Malay_Male
2,12,-55,9.23723897911833,Malay_Male
2,12,-54,9.674645263007022,Malay_Male
2,12,-53,9.957567185289957,Malay_Male
2,12,-52,9.762202753441802,Malay_Male
2,12,-51,9.474979491386382,Malay_Male
2,12,-50,9.738430583501007,Malay_Male
2,12,-49,9.587059442398738,Malay_Male
2,12,-48,9.475728155339807,Malay_Male
2,12,-47,9.82607591722737,Malay_Male
2,12,-46,10.019915359721185,Malay_Male
2,12,-45,9.995130265400535,Malay_Male
2,12,-44,10.023809523809524,Malay_Male
2,12,-43,10.35768379354538,Malay_Male
2,12,-42,10.458632070103562,Malay_Male
2,12,-41,10.360209657633545,Malay_Male
2,12,-40,10.361393165192705,Malay_Male
2,12,-39,10.597302504816955,Malay_Male
2,12,-38,10.864768309341178,Malay_Male
2,12,-37,11.306143520908622,Malay_Male
2,12,-36,11.325545962417472,Malay_Male
2,12,-35,11.458020614430101,Malay_Male
2,12,-34,11.765863256271519,Malay_Male
2,12,-33,12.303817089711297,Malay_Male
2,12,-32,12.508361204013378,Malay_Male
2,12,-31,13.089400226329687,Malay_Male
2,12,-30,13.480941704035873,Malay_Male
2,12,-29,13.740953794767119,Malay_Male
2,12,-28,13.754030400736989,Malay_Male
2,12,-27,14.523088221793811,Malay_Male
2,12,-26,14.347110460863204,Malay_Male
2,12,-25,14.95028733011037,Malay_Male
2,12,-24,14.643475093343048,Malay_Male
2,12,-23,15.13277555474718,Malay_Male
2,12,-22,15.505004549590536,Malay_Male
2,12,-21,15.562853493887976,Malay_Male
2,12,-20,15.79476861167002,Malay_Male
2,12,-19,15.771658585673773,Malay_Male
2,12,-18,15.800587587219978,Malay_Male
2,12,-17,15.942962281508741,Malay_Male
2,12,-16,16.07423137291109,Malay_Male
2,12,-15,15.589107076695072,Malay_Male
2,12,-14,15.92049043284414,Malay_Male
2,12,-13,15.204841713221601,Malay_Male
2,12,-12,15.06248834172729,Malay_Male
2,12,-11,14.824144043287621,Malay_Male
2,12,-10,14.647124719940255,Malay_Male
2,12,-9,14.859325507732438,Malay_Male
2,12,-8,14.873181648638568,Malay_Male
2,12,-7,15.078553500046482,Malay_Male
2,12,-6,15.62037037037037,Malay_Male
2,12,-5,15.768591991142278,Malay_Male
2,12,-4,15.828660722492877,Malay_Male
2,12,-3,15.752293577981652,Malay_Male
2,12,-2,16.12371888726208,Malay_Male
2,12,-1,16.511245200219417,Malay_Male
2,13,-61,8.433734939759036,Malay_Male
2,13,-60,8.903045369794905,Malay_Male
2,13,-59,9.19505116847411,Malay_Male
2,13,-58,9.280986762936221,Malay_Male
2,13,-57,9.313725490196079,Malay_Male
2,13,-56,9.501466275659824,Malay_Male
2,13,-55,9.657772621809745,Malay_Male
2,13,-54,9.674645263007022,Malay_Male
2,13,-53,9.900990099009901,Malay_Male
2,13,-52,10.109859546655542,Malay_Male
2,13,-51,9.980858627290129,Malay_Male
2,13,-50,10.207914151576123,Malay_Male
2,13,-49,10.23145712782746,Malay_Male
2,13,-48,10.071197411003237,Malay_Male
2,13,-47,10.13076044179256,Malay_Male
2,13,-46,9.982574060243964,Malay_Male
2,13,-45,10.214268322376432,Malay_Male
2,13,-44,9.964285714285715,Malay_Male
2,13,-43,10.765466620062915,Malay_Male
2,13,-42,10.29930579264823,Malay_Male
2,13,-41,10.415969666555148,Malay_Male
2,13,-40,10.699858063107326,Malay_Male
2,13,-39,10.886319845857418,Malay_Male
2,13,-38,11.179993695492277,Malay_Male
2,13,-37,11.285493030459474,Malay_Male
2,13,-36,11.315388522092434,Malay_Male
2,13,-35,11.317922545782046,Malay_Male
2,13,-34,11.637973438268569,Malay_Male
2,13,-33,11.99379965123038,Malay_Male
2,13,-32,12.709030100334449,Malay_Male
2,13,-31,12.844209732176537,Malay_Male
2,13,-30,13.153961136023916,Malay_Male
2,13,-29,13.70384115791427,Malay_Male
2,13,-28,13.984339014279135,Malay_Male
2,13,-27,14.605710089048014,Malay_Male
2,13,-26,14.456839795171907,Malay_Male
2,13,-25,14.457721426616802,Malay_Male
2,13,-24,15.28093980511793,Malay_Male
2,13,-23,15.278283012004366,Malay_Male
2,13,-22,15.505004549590536,Malay_Male
2,13,-21,15.517241379310345,Malay_Male
2,13,-20,15.346625205780134,Malay_Male
2,13,-19,15.579544414966609,Malay_Male
2,13,-18,15.433345574733751,Malay_Male
2,13,-17,15.547378104875806,Malay_Male
2,13,-16,15.427938325177731,Malay_Male
2,13,-15,15.255650240829938,Malay_Male
2,13,-14,15.567527401077466,Malay_Male
2,13,-13,15.074487895716945,Malay_Male
2,13,-12,15.043835105390786,Malay_Male
2,13,-11,15.26261778150947,Malay_Male
2,13,-10,14.777819268110532,Malay_Male
2,13,-9,14.784795975405254,Malay_Male
2,13,-8,14.668034315553898,Malay_Male
2,13,-7,14.957701961513434,Malay_Male
2,13,-6,15.148148148148149,Malay_Male
2,13,-5,15.095035984498987,Malay_Male
2,13,-4,15.06572295247725,Malay_Male
2,13,-3,15.44954128440367,Malay_Male
2,13,-2,15.657027818448025,Malay_Male
2,13,-1,15.962698848052662,Malay_Male
2,14,-61,8.719086873811035,Malay_Male
2,14,-60,8.794282162834058,Malay_Male
2,14,-59,9.011761111959677,Malay_Male
2,14,-58,9.250902527075812,Malay_Male
2,14,-57,9.417706476530006,Malay_Male
2,14,-56,9.39882697947214,Malay_Male
2,14,-55,9.324245939675174,Malay_Male
2,14,-54,9.201662605704458,Malay_Male
2,14,-53,9.533239038189533,Malay_Male
2,14,-52,9.317202058128215,Malay_Male
2,14,-51,9.693738036642056,Malay_Male
2,14,-50,9.470154258886653,Malay_Male
2,14,-49,9.205681220410309,Malay_Male
2,14,-48,9.449838187702266,Malay_Male
2,14,-47,9.648343277897677,Malay_Male
2,14,-46,9.584266865820263,Malay_Male
2,14,-45,9.678597516435355,Malay_Male
2,14,-44,9.821428571428571,Malay_Male
2,14,-43,9.87999533962484,Malay_Male
2,14,-42,10.060316376465233,Malay_Male
2,14,-41,10.293297646927623,Malay_Male
2,14,-40,10.45965716781308,Malay_Male
2,14,-39,10.597302504816955,Malay_Male
2,14,-38,10.885783335084586,Malay_Male
2,14,-37,11.017036654620547,Malay_Male
2,14,-36,11.325545962417472,Malay_Male
2,14,-35,11.448013609526669,Malay_Male
2,14,-34,11.687161829808165,Malay_Male
2,14,-33,11.867855066847511,Malay_Male
2,14,-32,12.355470616340183,Malay_Male
2,14,-31,12.872500943040363,Malay_Male
2,14,-30,13.163303437967114,Malay_Male
2,14,-29,13.406940063091483,Malay_Male
2,14,-28,13.892215568862277,Malay_Male
2,14,-27,14.256862205085834,Malay_Male
2,14,-26,14.209948792977322,Malay_Male
2,14,-25,14.421235063395056,Malay_Male
2,14,-24,14.88935433931336,Malay_Male
2,14,-23,15.160058202982905,Malay_Male
2,14,-22,15.204731574158325,Malay_Male
2,14,-21,15.298303229337712,Malay_Male
2,14,-20,15.620998719590268,Malay_Male
2,14,-19,15.72591711645778,Malay_Male
2,14,-18,15.378259272860815,Malay_Male
2,14,-17,15.685372585096596,Malay_Male
2,14,-16,15.769550364693934,Malay_Male
2,14,-15,15.570581696924787,Malay_Male
2,14,-14,15.474642392717817,Malay_Male
2,14,-13,15.651769087523276,Malay_Male
2,14,-12,15.239694086924082,Malay_Male
2,14,-11,15.187983953727027,Malay_Male
2,14,-10,15.384615384615385,Malay_Male
2,14,-9,15.39034842556363,Malay_Male
2,14,-8,15.162252890712422,Malay_Male
2,14,-7,15.534070837594124,Malay_Male
2,14,-6,15.685185185185185,Malay_Male
2,14,-5,15.833179553423141,Malay_Male
2,14,-4,16.040077212979135,Malay_Male
2,14,-3,16.486238532110093,Malay_Male
2,14,-2,16.31588579795022,Malay_Male
2,14,-1,15.926129091241542,Malay_Male
2,15,-61,8.6715282181357,Malay_Male
2,15,-60,8.91858297078931,Malay_Male
2,15,-59,9.027035283335879,Malay_Male
2,15,-58,9.160649819494585,Malay_Male
2,15,-57,9.402852049910873,Malay_Male
2,15,-56,9.35483870967742,Malay_Male
2,15,-55,9.338747099767982,Malay_Male
2,15,-54,9.402321914863123,Malay_Male
2,15,-53,9.618104667609618,Malay_Male
2,15,-52,9.609233764427758,Malay_Male
2,15,-51,9.88515176374077,Malay_Male
2,15,-50,9.564050972501677,Malay_Male
2,15,-49,9.481851657022618,Malay_Male
2,15,-48,9.825242718446601,Malay_Male
2,15,-47,9.49600101561508,Malay_Male
2,15,-46,9.609161065471746,Malay_Male
2,15,-45,9.75164353542732,Malay_Male
2,15,-44,9.880952380952381,Malay_Male
2,15,-43,10.043108470231854,Malay_Male
2,15,-42,10.492773415272563,Malay_Male
2,15,-41,10.616705698672913,Malay_Male
2,15,-40,10.612512283000328,Malay_Male
2,15,-39,10.822093770070648,Malay_Male
2,15,-38,11.12745613113376,Malay_Male
2,15,-37,11.440371708828085,Malay_Male
2,15,-36,11.884205180294567,Malay_Male
2,15,-35,11.86830781547083,Malay_Male
2,15,-34,12.169208066896212,Malay_Male
2,15,-33,12.400697539236582,Malay_Male
2,15,-32,12.976588628762542,Malay_Male
2,15,-31,13.051678611844586,Malay_Male
2,15,-30,13.462257100149477,Malay_Male
2,15,-29,13.880126182965299,Malay_Male
2,15,-28,13.929064947029019,Malay_Male
2,15,-27,14.210961167722392,Malay_Male
2,15,-26,14.392831016825165,Malay_Male
2,15,-25,14.658396424336404,Malay_Male
2,15,-24,15.016847281668335,Malay_Male
2,15,-23,15.460167333575844,Malay_Male
2,15,-22,16.096451319381256,Malay_Male
2,15,-21,15.945995256340083,Malay_Male
2,15,-20,16.178891531004208,Malay_Male
2,15,-19,16.366297685481655,Malay_Male
2,15,-18,16.15864854939405,Malay_Male
2,15,-17,16.292548298068077,Malay_Male
2,15,-16,15.54796417689964,Malay_Male
2,15,-15,15.829937013708781,Malay_Male
2,15,-14,15.46535389188185,Malay_Male
2,15,-13,15.58659217877095,Malay_Male
2,15,-12,15.221040850587578,Malay_Male
2,15,-11,15.43987312249277,Malay_Male
2,15,-10,15.347274085138164,Malay_Male
2,15,-9,15.735047512576857,Malay_Male
2,15,-8,15.106303618052966,Malay_Male
2,15,-7,15.366737938086828,Malay_Male
2,15,-6,15.259259259259258,Malay_Male
2,15,-5,15.73168481269607,Malay_Male
2,15,-4,15.920580935747772,Malay_Male
2,15,-3,16.155963302752294,Malay_Male
2,15,-2,16.379941434846266,Malay_Male
2,15,-1,16.273541780947156,Malay_Male
2,16,-61,8.497146480659481,Malay_Male
2,16,-60,9.151646985705407,Malay_Male
2,16,-59,9.08813196884069,Malay_Male
2,16,-58,9.37123947051745,Malay_Male
2,16,-57,9.38799762329174,Malay_Male
2,16,-56,9.618768328445748,Malay_Male
2,16,-55,9.324245939675174,Malay_Male
2,16,-54,9.35932349147198,Malay_Male
2,16,-53,9.702970297029703,Malay_Male
2,16,-52,9.678765123070505,Malay_Male
2,16,-51,10.035548263604047,Malay_Male
2,16,-50,9.671361502347418,Malay_Male
2,16,-49,9.876380852183061,Malay_Male
2,16,-48,9.928802588996763,Malay_Male
2,16,-47,9.800685540180272,Malay_Male
2,16,-46,9.783420463032114,Malay_Male
2,16,-45,9.775992208424642,Malay_Male
2,16,-44,9.880952380952381,Malay_Male
2,16,-43,10.054759408132355,Malay_Male
2,16,-42,10.014794582906566,Malay_Male
2,16,-41,10.293297646927623,Malay_Male
2,16,-40,10.16486515995196,Malay_Male
2,16,-39,10.42603296938557,Malay_Male
2,16,-38,10.73867815488074,Malay_Male
2,16,-37,11.006711409395974,Malay_Male
2,16,-36,11.305231081767394,Malay_Male
2,16,-35,11.387971580106074,Malay_Male
2,16,-34,11.736350221347761,Malay_Male
2,16,-33,12.13912032551831,Malay_Male
2,16,-32,12.699474438604874,Malay_Male
2,16,-31,12.985665786495662,Malay_Male
2,16,-30,13.153961136023916,Malay_Male
2,16,-29,13.406940063091483,Malay_Male
2,16,-28,13.83694150161216,Malay_Male
2,16,-27,14.376204902230791,Malay_Male
2,16,-26,14.749451353328457,Malay_Male
2,16,-25,14.941165739304935,Malay_Male
2,16,-24,15.007740642928697,Malay_Male
2,16,-23,15.08730447435431,Malay_Male
2,16,-22,15.395814376706095,Malay_Male
2,16,-21,15.462506841817186,Malay_Male
2,16,-20,15.456374611304188,Malay_Male
2,16,-19,16.02781081328332,Malay_Male
2,16,-18,15.993389643775247,Malay_Male
2,16,-17,16.163753449862007,Malay_Male
2,16,-16,15.778783122518696,Malay_Male
2,16,-15,15.561319007039645,Malay_Male
2,16,-14,15.316737878506409,Malay_Male
2,16,-13,15.595903165735567,Malay_Male
2,16,-12,15.090468196232045,Malay_Male
2,16,-11,15.094691668998975,Malay_Male
2,16,-10,14.749813293502614,Malay_Male
2,16,-9,15.008384572386808,Malay_Male
2,16,-8,14.658709436777324,Malay_Male
2,16,-7,15.022775866877383,Malay_Male
2,16,-6,15.592592592592592,Malay_Male
2,16,-5,15.537922125853479,Malay_Male
2,16,-4,15.994117106351688,Malay_Male
2,16,-3,15.889908256880734,Malay_Male
2,16,-2,16.206076134699853,Malay_Male
2,16,-1,16.21868714573048,Malay_Male
2,17,-61,8.497146480659481,Malay_Male
2,17,-60,8.607830950901182,Malay_Male
2,17,-59,9.164502825721705,Malay_Male
2,17,-58,9.265944645006016,Malay_Male
2,17,-57,9.506833036244801,Malay_Male
2,17,-56,9.750733137829911,Malay_Male
2,17,-55,9.51276102088167,Malay_Male
2,17,-54,9.803640533180449,Malay_Male
2,17,-53,9.957567185289957,Malay_Male
2,17,-52,10.040328188012793,Malay_Male
2,17,-51,10.035548263604047,Malay_Male
2,17,-50,9.939637826961771,Malay_Male
2,17,-49,9.705418200946871,Malay_Male
2,17,-48,9.786407766990292,Malay_Male
2,17,-47,9.85146629427447,Malay_Male
2,17,-46,9.945232760766741,Malay_Male
2,17,-45,9.861212563915267,Malay_Male
2,17,-44,9.821428571428571,Malay_Male
2,17,-43,9.740184084818827,Malay_Male
2,17,-42,9.957892340958233,Malay_Male
2,17,-41,10.270993643358983,Malay_Male
2,17,-40,10.372311387706082,Malay_Male
2,17,-39,10.361806893598802,Malay_Male
2,17,-38,10.843753283597772,Malay_Male
2,17,-37,10.934434692823954,Malay_Male
2,17,-36,11.081767394616557,Malay_Male
2,17,-35,11.237866506554587,Malay_Male
2,17,-34,11.500245941957699,Malay_Male
2,17,-33,11.635341987986825,Malay_Male
2,17,-32,12.460582895365505,Malay_Male
2,17,-31,12.881931346661638,Malay_Male
2,17,-30,13.350149476831092,Malay_Male
2,17,-29,13.323436630172575,Malay_Male
2,17,-28,13.77245508982036,Malay_Male
2,17,-27,14.008996603323235,Malay_Male
2,17,-26,14.447695683979516,Malay_Male
2,17,-25,14.904679376083187,Malay_Male
2,17,-24,14.716328203260176,Malay_Male
2,17,-23,15.214623499454346,Malay_Male
2,17,-22,15.122838944494996,Malay_Male
2,17,-21,15.362160189746396,Malay_Male
2,17,-20,15.22773001646241,Malay_Male
2,17,-19,15.442320007318635,Malay_Male
2,17,-18,15.58024237972824,Malay_Male
2,17,-17,15.860165593376266,Malay_Male
2,17,-16,15.50180038777583,Malay_Male
2,17,-15,15.274175620600221,Malay_Male
2,17,-14,14.945197845067806,Malay_Male
2,17,-13,15.148975791433891,Malay_Male
2,17,-12,15.0997948144003,Malay_Male
2,17,-11,15.29993469540069,Malay_Male
2,17,-10,15.25392083644511,Malay_Male
2,17,-9,15.34376746785914,Malay_Male
2,17,-8,14.994405072734054,Malay_Male
2,17,-7,15.227293855164078,Malay_Male
2,17,-6,14.981481481481481,Malay_Male
2,17,-5,15.45488097434951,Malay_Male
2,17,-4,15.654012317308577,Malay_Male
2,17,-3,15.678899082568806,Malay_Male
2,17,-2,16.041361639824306,Malay_Male
2,17,-1,16.2095447065277,Malay_Male
2,18,-61,8.592263792010147,Malay_Male
2,18,-60,8.934120571783717,Malay_Male
2,18,-59,9.301970368107531,Malay_Male
2,18,-58,9.401323706377857,Malay_Male
2,18,-57,9.655377302436126,Malay_Male
2,18,-56,9.838709677419356,Malay_Male
2,18,-55,9.831786542923433,Malay_Male
2,18,-54,10.018632650136162,Malay_Male
2,18,-53,9.717114568599717,Malay_Male
2,18,-52,10.17939090529829,Malay_Male
2,18,-51,10.226961990702762,Malay_Male
2,18,-50,10.140845070422536,Malay_Male
2,18,-49,9.968437664387164,Malay_Male
2,18,-48,9.915857605177994,Malay_Male
2,18,-47,10.079979687698362,Malay_Male
2,18,-46,10.007468259895443,Malay_Male
2,18,-45,9.934258582907232,Malay_Male
2,18,-44,9.904761904761905,Malay_Male
2,18,-43,10.206221600838868,Malay_Male
2,18,-42,10.242403550699898,Malay_Male
2,18,-41,10.10371361659418,Malay_Male
2,18,-40,10.16486515995196,Malay_Male
2,18,-39,10.458146007278955,Malay_Male
2,18,-38,10.339392665756016,Malay_Male
2,18,-37,11.068662880743418,Malay_Male
2,18,-36,11.01066531234129,Malay_Male
2,18,-35,11.177824477133994,Malay_Male
2,18,-34,11.30349237579931,Malay_Male
2,18,-33,11.887231156752568,Malay_Male
2,18,-32,12.202580028666986,Malay_Male
2,18,-31,12.353828743870238,Malay_Male
2,18,-30,13.060538116591927,Malay_Male
2,18,-29,13.110038968268695,Malay_Male
2,18,-28,13.597420543528326,Malay_Male
2,18,-27,13.614247681997613,Malay_Male
2,18,-26,14.036210680321872,Malay_Male
2,18,-25,14.640153242725532,Malay_Male
2,18,-24,14.789181313177307,Malay_Male
2,18,-23,14.869043288468534,Malay_Male
2,18,-22,15.304822565969062,Malay_Male
2,18,-21,15.28005838350666,Malay_Male
2,18,-20,15.191146881287725,Malay_Male
2,18,-19,15.579544414966609,Malay_Male
2,18,-18,15.534337128167463,Malay_Male
2,18,-17,15.832566697332107,Malay_Male
2,18,-16,15.87111070076632,Malay_Male
2,18,-15,15.589107076695072,Malay_Male
2,18,-14,15.52108489689764,Malay_Male
2,18,-13,15.167597765363128,Malay_Male
2,18,-12,15.06248834172729,Malay_Male
2,18,-11,14.936094784961284,Malay_Male
2,18,-10,14.57244212098581,Malay_Male
2,18,-9,15.166759828582075,Malay_Male
2,18,-8,14.723983588213352,Malay_Male
2,18,-7,14.957701961513434,Malay_Male
2,18,-6,15.444444444444445,Malay_Male
2,18,-5,15.68555083963831,Malay_Male
2,18,-4,15.92977295707326,Malay_Male
2,18,-3,15.944954128440367,Malay_Male
2,18,-2,16.46229868228404,Malay_Male
2,18,-1,16.246114463338817,Malay_Male
2,19,-61,8.51299936588459,Malay_Male
2,19,-60,8.980733374766936,Malay_Male
2,19,-59,9.164502825721705,Malay_Male
2,19,-58,9.356197352587245,Malay_Male
2,19,-57,9.402852049910873,Malay_Male
2,19,-56,9.428152492668621,Malay_Male
2,19,-55,9.483758700696056,Malay_Male
2,19,-54,9.68897807080407,Malay_Male
2,19,-53,9.476661951909476,Malay_Male
2,19,-52,9.52579613405646,Malay_Male
2,19,-51,9.803117309269894,Malay_Male
2,19,-50,9.604292421193831,Malay_Male
2,19,-49,9.587059442398738,Malay_Male
2,19,-48,9.6957928802589,Malay_Male
2,19,-47,9.724514409038974,Malay_Male
2,19,-46,9.970126960418222,Malay_Male
2,19,-45,9.727294862429996,Malay_Male
2,19,-44,9.964285714285715,Malay_Male
2,19,-43,10.159617849236865,Malay_Male
2,19,-42,10.117218618413565,Malay_Male
2,19,-41,10.382513661202186,Malay_Male
2,19,-40,10.656185173053826,Malay_Male
2,19,-39,10.661528580603726,Malay_Male
2,19,-38,10.9278133865714,Malay_Male
2,19,-37,11.388745482705215,Malay_Male
2,19,-36,11.762315896394108,Malay_Male
2,19,-35,11.638146702691884,Malay_Male
2,19,-34,12.090506640432858,Malay_Male
2,19,-33,12.032551831040497,Malay_Male
2,19,-32,12.632584806497851,Malay_Male
2,19,-31,12.740475292342513,Malay_Male
2,19,-30,13.639760837070252,Malay_Male
2,19,-29,13.258489515680088,Malay_Male
2,19,-28,13.542146476278214,Malay_Male
2,19,-27,14.082438263104747,Malay_Male
2,19,-26,13.999634235552305,Malay_Male
2,19,-25,14.631031651920095,Malay_Male
2,19,-24,15.03506055914762,Malay_Male
2,19,-23,14.714441615132776,Malay_Male
2,19,-22,15.059144676979072,Malay_Male
2,19,-21,15.170589308520343,Malay_Male
2,19,-20,15.035668556795317,Malay_Male
2,19,-19,15.41487512578904,Malay_Male
2,19,-18,15.313991920675726,Malay_Male
2,19,-17,15.602575896964122,Malay_Male
2,19,-16,15.446403840827255,Malay_Male
2,19,-15,15.570581696924787,Malay_Male
2,19,-14,15.3724688835222,Malay_Male
2,19,-13,15.00931098696462,Malay_Male
2,19,-12,15.025181869054279,Malay_Male
2,19,-11,14.64688870230432,Malay_Male
2,19,-10,14.712471994025393,Malay_Male
2,19,-9,14.794112166946153,Malay_Male
2,19,-8,14.71465870943678,Malay_Male
2,19,-7,14.781072789811287,Malay_Male
2,19,-6,15.0,Malay_Male
2,19,-5,14.624469459309836,Malay_Male
2,19,-4,15.286331464288997,Malay_Male
2,19,-3,15.064220183486238,Malay_Male
2,19,-2,15.949853587115667,Malay_Male
2,19,-1,16.044980800877674,Malay_Male
2,20,-61,8.402029169308815,Malay_Male
2,20,-60,8.996270975761341,Malay_Male
2,20,-59,9.057583626088284,Malay_Male
2,20,-58,9.100481347773766,Malay_Male
2,20,-57,9.105763517528223,Malay_Male
2,20,-56,9.120234604105573,Malay_Male
2,20,-55,9.222737819025523,Malay_Male
2,20,-54,9.430987530457216,Malay_Male
2,20,-53,9.335219236209335,Malay_Male
2,20,-52,9.52579613405646,Malay_Male
2,20,-51,9.57068635493574,Malay_Male
2,20,-50,9.456740442655935,Malay_Male
2,20,-49,9.442398737506576,Malay_Male
2,20,-48,9.359223300970875,Malay_Male
2,20,-47,9.318268376285388,Malay_Male
2,20,-46,9.596713965646005,Malay_Male
2,20,-45,9.569028487947406,Malay_Male
2,20,-44,9.428571428571429,Malay_Male
2,20,-43,9.635325643714319,Malay_Male
2,20,-42,9.832707408671903,Malay_Male
2,20,-41,9.82491357198617,Malay_Male
2,20,-40,10.14302871492521,Malay_Male
2,20,-39,10.2226503960608,Malay_Male
2,20,-38,10.507512871703268,Malay_Male
2,20,-37,11.037687145069695,Malay_Male
2,20,-36,11.203656678517014,Malay_Male
2,20,-35,11.267887521264885,Malay_Male
2,20,-34,11.588785046728972,Malay_Male
2,20,-33,12.080992055803138,Malay_Male
2,20,-32,12.623029144768275,Malay_Male
2,20,-31,13.353451527725388,Malay_Male
2,20,-30,13.536995515695066,Malay_Male
2,20,-29,13.83373538689924,Malay_Male
2,20,-28,14.002763703362506,Malay_Male
2,20,-27,14.357844487285412,Malay_Male
2,20,-26,15.042062911485004,Malay_Male
2,20,-25,15.160083918635411,Malay_Male
2,20,-24,14.907567616792642,Malay_Male
2,20,-23,15.37831938886868,Malay_Male
2,20,-22,15.313921747042766,Malay_Male
2,20,-21,15.197956577266922,Malay_Male
2,20,-20,15.529540881653558,Malay_Male
2,20,-19,15.616137590339402,Malay_Male
2,20,-18,15.653690782225487,Malay_Male
2,20,-17,15.501379944802206,Malay_Male
2,20,-16,15.695688302095837,Malay_Male
2,20,-15,15.19081141163394,Malay_Male
2,20,-14,15.493219394389746,Malay_Male
2,20,-13,15.15828677839851,Malay_Male
2,20,-12,15.556799104644655,Malay_Male
2,20,-11,15.271947009982275,Malay_Male
2,20,-10,15.235250186706498,Malay_Male
2,20,-9,15.558039873299794,Malay_Male
2,20,-8,15.087653860499813,Malay_Male
2,20,-7,15.273775216138327,Malay_Male
2,20,-6,15.342592592592593,Malay_Male
2,20,-5,15.371839822845542,Malay_Male
2,20,-4,15.221987315010571,Malay_Male
2,20,-3,15.944954128440367,Malay_Male
2,20,-2,16.251830161054173,Malay_Male
2,20,-1,16.136405192905467,Malay_Male
2,22,-61,10.700697526949906,Malay_Male
2,22,-60,11.218147917961467,Malay_Male
2,22,-59,11.409806018023522,Malay_Male
2,22,-58,11.732851985559567,Malay_Male
2,22,-57,12.076648841354725,Malay_Male
2,22,-56,11.994134897360704,Malay_Male
2,22,-55,12.137470997679815,Malay_Male
2,22,-54,12.3262147054608,Malay_Male
2,22,-53,12.305516265912306,Malay_Male
2,22,-52,12.571269642608819,Malay_Male
2,22,-51,12.687995624829096,Malay_Male
2,22,-50,12.944332662642521,Malay_Male
2,22,-49,12.874802735402419,Malay_Male
2,22,-48,12.983818770226538,Malay_Male
2,22,-47,12.771359654690873,Malay_Male
2,22,-46,13.01966641772467,Malay_Male
2,22,-45,13.343072802532262,Malay_Male
2,22,-44,13.547619047619047,Malay_Male
2,22,-43,13.456833275078644,Malay_Male
2,22,-42,13.280983270740867,Malay_Male
2,22,-41,13.560834169733468,Malay_Male
2,22,-40,13.571350584124906,Malay_Male
2,22,-39,13.508884607150504,Malay_Male
2,22,-38,13.796364400546391,Malay_Male
2,22,-37,14.124935467217348,Malay_Male
2,22,-36,14.027425088877605,Malay_Male
2,22,-35,14.440108075652958,Malay_Male
2,22,-34,14.54992621741269,Malay_Male
2,22,-33,15.229606665374929,Malay_Male
2,22,-32,15.709507883420926,Malay_Male
2,22,-31,16.201433421350433,Malay_Male
2,22,-30,16.666666666666664,Malay_Male
2,22,-29,17.229541658934867,Malay_Male
2,22,-28,17.15338553661907,Malay_Male
2,22,-27,17.690259799871477,Malay_Male
2,22,-26,17.77615215801024,Malay_Male
2,22,-25,18.151965702818572,Malay_Male
2,22,-24,18.650396138785176,Malay_Male
2,22,-23,18.60676609676246,Malay_Male
2,22,-22,18.926296633303004,Malay_Male
2,22,-21,19.202700237182995,Malay_Male
2,22,-20,19.251874885677704,Malay_Male
2,22,-19,19.559052236757847,Malay_Male
2,22,-18,19.684171869261842,Malay_Male
2,22,-17,19.264029438822448,Malay_Male
2,22,-16,19.988920690610286,Malay_Male
2,22,-15,19.562801037421266,Malay_Male
2,22,-14,19.171465725431915,Malay_Male
2,22,-13,18.733705772811916,Malay_Male
2,22,-12,18.662562954672634,Malay_Male
2,22,-11,18.64912771713779,Malay_Male
2,22,-10,18.147871545929796,Malay_Male
2,22,-9,18.269051611701137,Malay_Male
2,22,-8,18.342036553524803,Malay_Male
2,22,-7,18.202100957516034,Malay_Male
2,22,-6,18.73148148148148,Malay_Male
2,22,-5,18.702712677615796,Malay_Male
2,22,-4,18.816067653276956,Malay_Male
2,22,-3,19.174311926605505,Malay_Male
2,22,-2,19.27159590043924,Malay_Male
2,22,-1,19.939659901261656,Malay_Male
2,23,-61,10.827520608750794,Malay_Male
2,23,-60,11.171535114978246,Malay_Male
2,23,-59,11.531999389033144,Malay_Male
2,23,-58,11.47713598074609,Malay_Male
2,23,-57,11.76470588235294,Malay_Male
2,23,-56,12.023460410557185,Malay_Male
2,23,-55,12.311484918793504,Malay_Male
2,23,-54,12.297549089866704,Malay_Male
2,23,-53,12.560113154172562,Malay_Male
2,23,-52,12.432206925323321,Malay_Male
2,23,-51,12.223133716160788,Malay_Male
2,23,-50,12.354124748490944,Malay_Male
2,23,-49,12.440820620725933,Malay_Male
2,23,-48,12.647249190938512,Malay_Male
2,23,-47,12.593627015361179,Malay_Male
2,23,-46,12.359970126960418,Malay_Male
2,23,-45,12.880448015583152,Malay_Male
2,23,-44,12.833333333333332,Malay_Male
2,23,-43,12.804380752650587,Malay_Male
2,23,-42,13.064754751337201,Malay_Male
2,23,-41,13.025538084086094,Malay_Male
2,23,-40,13.167376351130036,Malay_Male
2,23,-39,13.273388995932347,Malay_Male
2,23,-38,13.491646527266996,Malay_Male
2,23,-37,13.742901393908106,Malay_Male
2,23,-36,14.108684611477907,Malay_Male
2,23,-35,14.460122085459822,Malay_Male
2,23,-34,14.953271028037381,Malay_Male
2,23,-33,15.307111024995157,Malay_Male
2,23,-32,15.604395604395604,Malay_Male
2,23,-31,16.19200301772916,Malay_Male
2,23,-30,16.57324364723468,Malay_Male
2,23,-29,16.83985897197996,Malay_Male
2,23,-28,17.438968217411333,Malay_Male
2,23,-27,17.58009731019921,Malay_Male
2,23,-26,18.16020482809071,Malay_Male
2,23,-25,17.914804341877225,Malay_Male
2,23,-24,18.24059739550132,Malay_Male
2,23,-23,18.506729719898143,Malay_Male
2,23,-22,19.008189262966333,Malay_Male
2,23,-21,19.038496624703523,Malay_Male
2,23,-20,19.261020669471375,Malay_Male
2,23,-19,19.357789772207486,Malay_Male
2,23,-18,19.298567756151304,Malay_Male
2,23,-17,19.199632014719413,Malay_Male
2,23,-16,19.536515557196935,Malay_Male
2,23,-15,19.05335309373842,Malay_Male
2,23,-14,18.985695708712612,Malay_Male
2,23,-13,18.705772811918063,Malay_Male
2,23,-12,18.615929863831372,Malay_Male
2,23,-11,18.527847746991323,Malay_Male
2,23,-10,18.717326362957433,Malay_Male
2,23,-9,18.623066890255263,Malay_Male
2,23,-8,18.360686311077956,Malay_Male
2,23,-7,18.425211490192435,Malay_Male
2,23,-6,18.76851851851852,Malay_Male
2,23,-5,18.462816017715443,Malay_Male
2,23,-4,18.742531482673037,Malay_Male
2,23,-3,18.944954128440365,Malay_Male
2,23,-2,18.585285505124453,Malay_Male
2,23,-1,18.988846224172608,Malay_Male
2,24,-61,10.716550412175016,Malay_Male
2,24,-60,11.389061528899939,Malay_Male
2,24,-59,11.531999389033144,Malay_Male
2,24,-58,11.582430806257522,Malay_Male
2,24,-57,11.794414735591205,Malay_Male
2,24,-56,12.390029325513197,Malay_Male
2,24,-55,12.412993039443156,Malay_Male
2,24,-54,12.627203669198797,Malay_Male
2,24,-53,12.545968882602546,Malay_Male
2,24,-52,13.071895424836603,Malay_Male
2,24,-51,12.961443806398687,Malay_Male
2,24,-50,12.729711602951038,Malay_Male
2,24,-49,13.04576538663861,Malay_Male
2,24,-48,13.216828478964402,Malay_Male
2,24,-47,13.304557572679954,Malay_Male
2,24,-46,13.61712720936022,Malay_Male
2,24,-45,13.805697589481372,Malay_Male
2,24,-44,14.202380952380953,Malay_Male
2,24,-43,14.109285797506699,Malay_Male
2,24,-42,13.872766587003527,Malay_Male
2,24,-41,13.906546225047395,Malay_Male
2,24,-40,14.40113549514139,Malay_Male
2,24,-39,14.054806251338043,Malay_Male
2,24,-38,14.626457917410947,Malay_Male
2,24,-37,14.76510067114094,Malay_Male
2,24,-36,14.819705434230574,Malay_Male
2,24,-35,15.070549384569198,Malay_Male
2,24,-34,15.43531726512543,Malay_Male
2,24,-33,15.956210036814571,Malay_Male
2,24,-32,15.99617773530817,Malay_Male
2,24,-31,16.484345529988683,Malay_Male
2,24,-30,16.946935724962632,Malay_Male
2,24,-29,17.0996474299499,Malay_Male
2,24,-28,17.494242284661446,Malay_Male
2,24,-27,18.039107683833656,Malay_Male
2,24,-26,17.831016825164596,Malay_Male
2,24,-25,18.352640700538174,Malay_Male
2,24,-24,18.37719697659594,Malay_Male
2,24,-23,18.834121498726812,Malay_Male
2,24,-22,19.253867151956324,Malay_Male
2,24,-21,19.330414158000366,Malay_Male
2,24,-20,19.279312237058715,Malay_Male
2,24,-19,19.59564541213064,Malay_Male
2,24,-18,19.610723466764597,Malay_Male
2,24,-17,19.779208831646734,Malay_Male
2,24,-16,19.51805004154741,Malay_Male
2,24,-15,19.451648758799557,Malay_Male
2,24,-14,19.199331227939812,Malay_Male
2,24,-13,18.89199255121043,Malay_Male
2,24,-12,18.9423614997202,Malay_Male
2,24,-11,18.509189290045715,Malay_Male
2,24,-10,18.343913368185213,Malay_Male
2,24,-9,18.324948760946526,Malay_Male
2,24,-8,18.547183886609474,Malay_Male
2,24,-7,18.499581667751233,Malay_Male
2,24,-6,18.89814814814815,Malay_Male
2,24,-5,18.878021775235283,Malay_Male
2,24,-4,18.93556393050832,Malay_Male
2,24,-3,19.18348623853211,Malay_Male
2,24,-2,19.72913616398243,Malay_Male
2,24,-1,19.967087218869995,Malay_Male
2,25,-61,10.748256182625237,Malay_Male
2,25,-60,11.404599129894343,Malay_Male
2,25,-59,11.684741102795174,Malay_Male
2,25,-58,11.702767749699158,Malay_Male
2,25,-57,11.675579322638146,Malay_Male
2,25,-56,12.052785923753666,Malay_Male
2,25,-55,11.963457076566126,Malay_Male
2,25,-54,12.154221011896231,Malay_Male
2,25,-53,12.093352192362094,Malay_Male
2,25,-52,12.237519121123627,Malay_Male
2,25,-51,12.250478534317747,Malay_Male
2,25,-50,12.394366197183098,Malay_Male
2,25,-49,12.546028406102053,Malay_Male
2,25,-48,12.375404530744337,Malay_Male
2,25,-47,12.504760695696332,Malay_Male
2,25,-46,12.845407020164302,Malay_Male
2,25,-45,12.880448015583152,Malay_Male
2,25,-44,12.70238095238095,Malay_Male
2,25,-43,12.722824187347081,Malay_Male
2,25,-42,13.041993854557871,Malay_Male
2,25,-41,13.058994089439055,Malay_Male
2,25,-40,13.189212796156784,Malay_Male
2,25,-39,13.273388995932347,Malay_Male
2,25,-38,13.31301880844804,Malay_Male
2,25,-37,13.722250903458958,Malay_Male
2,25,-36,13.854748603351954,Malay_Male
2,25,-35,14.029820874612229,Malay_Male
2,25,-34,14.28430890309887,Malay_Male
2,25,-33,14.687076148033325,Malay_Male
2,25,-32,15.145723841376016,Malay_Male
2,25,-31,16.06940777065258,Malay_Male
2,25,-30,16.218236173393123,Malay_Male
2,25,-29,16.67285210614214,Malay_Male
2,25,-28,16.90465223399355,Malay_Male
2,25,-27,17.4240337831635,Malay_Male
2,25,-26,17.712143379663498,Malay_Male
2,25,-25,17.94216911429353,Malay_Male
2,25,-24,17.958291594572444,Malay_Male
2,25,-23,18.397599126955257,Malay_Male
2,25,-22,18.389444949954502,Malay_Male
2,25,-21,18.755701514322205,Malay_Male
2,25,-20,19.078104993597954,Malay_Male
2,25,-19,18.927819961577168,Malay_Male
2,25,-18,19.013955196474477,Malay_Male
2,25,-17,19.236430542778287,Malay_Male
2,25,-16,19.130274212907395,Malay_Male
2,25,-15,18.988514264542424,Malay_Male
2,25,-14,18.697752182797696,Malay_Male
2,25,-13,18.6219739292365,Malay_Male
2,25,-12,18.448050736802834,Malay_Male
2,25,-11,18.23864166433436,Malay_Male
2,25,-10,18.01717699775952,Malay_Male
2,25,-9,18.63238308179616,Malay_Male
2,25,-8,18.248787765759044,Malay_Male
2,25,-7,18.39732267360788,Malay_Male
2,25,-6,18.5,Malay_Male
2,25,-5,18.693485883004243,Malay_Male
2,25,-4,19.137788399669088,Malay_Male
2,25,-3,18.926605504587158,Malay_Male
2,25,-2,19.042825768667644,Malay_Male
2,25,-1,19.11684037301152,Malay_Male
2,26,-61,10.93849080532657,Malay_Male
2,26,-60,11.528899937849596,Malay_Male
2,26,-59,11.547273560409348,Malay_Male
2,26,-58,11.432009626955475,Malay_Male
2,26,-57,11.601307189542483,Malay_Male
2,26,-56,11.700879765395895,Malay_Male
2,26,-55,11.93445475638051,Malay_Male
2,26,-54,12.197219435287373,Malay_Male
2,26,-53,12.164073550212164,Malay_Male
2,26,-52,12.293144208037825,Malay_Male
2,26,-51,12.387202625102542,Malay_Male
2,26,-50,12.394366197183098,Malay_Male
2,26,-49,12.37506575486586,Malay_Male
2,26,-48,12.517799352750808,Malay_Male
2,26,-47,12.720578900596674,Malay_Male
2,26,-46,12.720936021906896,Malay_Male
2,26,-45,12.697832968103237,Malay_Male
2,26,-44,12.976190476190478,Malay_Male
2,26,-43,13.118956075964114,Malay_Male
2,26,-42,13.167178786844202,Malay_Male
2,26,-41,13.003234080517453,Malay_Male
2,26,-40,13.232885686210286,Malay_Male
2,26,-39,13.466067223292658,Malay_Male
2,26,-38,13.911947042135125,Malay_Male
2,26,-37,13.856479091378421,Malay_Male
2,26,-36,14.271203656678516,Malay_Male
2,26,-35,14.680276193335335,Malay_Male
2,26,-34,15.130349237579932,Malay_Male
2,26,-33,15.258670800232514,Malay_Male
2,26,-32,15.77639751552795,Malay_Male
2,26,-31,16.239155035835534,Malay_Male
2,26,-30,16.545216741405085,Malay_Male
2,26,-29,16.32028205604008,Malay_Male
2,26,-28,16.858590511285122,Malay_Male
2,26,-27,17.26797025612779,Malay_Male
2,26,-26,17.54754937820044,Malay_Male
2,26,-25,17.92392593268266,Malay_Male
2,26,-24,18.295237227939168,Malay_Male
2,26,-23,18.25209166969807,Malay_Male
2,26,-22,18.698817106460417,Malay_Male
2,26,-21,19.19357781426747,Malay_Male
2,26,-20,19.14212548015365,Malay_Male
2,26,-19,19.211417070716312,Malay_Male
2,26,-18,19.151670951156813,Malay_Male
2,26,-17,18.942042318307266,Malay_Male
2,26,-16,19.06564490813406,Malay_Male
2,26,-15,18.812523156724716,Malay_Male
2,26,-14,18.948541705368754,Malay_Male
2,26,-13,18.67783985102421,Malay_Male
2,26,-12,18.737175900018656,Malay_Male
2,26,-11,18.574493889355352,Malay_Male
2,26,-10,18.764002987303957,Malay_Male
2,26,-9,18.4460592509782,Malay_Male
2,26,-8,18.640432674375234,Malay_Male
2,26,-7,18.73198847262248,Malay_Male
2,26,-6,18.287037037037038,Malay_Male
2,26,-5,19.25632035430891,Malay_Male
2,26,-4,19.220516591598493,Malay_Male
2,26,-3,19.486238532110093,Malay_Male
2,26,-2,19.527818448023424,Malay_Male
2,26,-1,19.78423843481441,Malay_Male
2,27,-61,10.653138871274571,Malay_Male
2,27,-60,11.46674953387197,Malay_Male
2,27,-59,11.470902703528333,Malay_Male
2,27,-58,11.717809867629363,Malay_Male
2,27,-57,11.76470588235294,Malay_Male
2,27,-56,12.17008797653959,Malay_Male
2,27,-55,12.16647331786543,Malay_Male
2,27,-54,12.068224165113946,Malay_Male
2,27,-53,12.432814710042432,Malay_Male
2,27,-52,12.348769294952024,Malay_Male
2,27,-51,12.633305988515175,Malay_Male
2,27,-50,12.474849094567404,Malay_Male
2,27,-49,12.427669647553918,Malay_Male
2,27,-48,12.504854368932039,Malay_Male
2,27,-47,12.733274089120222,Malay_Male
2,27,-46,12.521782424695047,Malay_Male
2,27,-45,12.539566593620647,Malay_Male
2,27,-44,12.714285714285714,Malay_Male
2,27,-43,13.025748572760106,Malay_Male
2,27,-42,12.882667577102538,Malay_Male
2,27,-41,12.702130032340806,Malay_Male
2,27,-40,13.05819412599629,Malay_Male
2,27,-39,12.888032541211732,Malay_Male
2,27,-38,13.228958705474414,Malay_Male
2,27,-37,13.205988642230254,Malay_Male
2,27,-36,13.824276282376841,Malay_Male
2,27,-35,13.94976483538477,Malay_Male
2,27,-34,14.54008853910477,Malay_Male
2,27,-33,14.745204417748498,Malay_Male
2,27,-32,15.174390826564741,Malay_Male
2,27,-31,15.682761222180307,Malay_Male
2,27,-30,15.797832585949179,Malay_Male
2,27,-29,16.53367971794396,Malay_Male
2,27,-28,16.61906955320129,Malay_Male
2,27,-27,16.97420361700174,Malay_Male
2,27,-26,17.428675932699342,Malay_Male
2,27,-25,17.759737298184803,Malay_Male
2,27,-24,18.16774428558419,Malay_Male
2,27,-23,18.53401236813387,Malay_Male
2,27,-22,18.844404003639674,Malay_Male
2,27,-21,18.728334245575624,Malay_Male
2,27,-20,18.602524236327053,Malay_Male
2,27,-19,19.028451193852348,Malay_Male
2,27,-18,19.188395152405434,Malay_Male
2,27,-17,19.190432382704692,Malay_Male
2,27,-16,18.69633459514357,Malay_Male
2,27,-15,18.58095590959615,Malay_Male
2,27,-14,18.511982166078393,Malay_Male
2,27,-13,18.063314711359403,Malay_Male
2,27,-12,18.326804700615558,Malay_Male
2,27,-11,18.359921634480827,Malay_Male
2,27,-10,18.43726661687827,Malay_Male
2,27,-9,18.418110676355507,Malay_Male
2,27,-8,18.23946288698247,Malay_Male
2,27,-7,18.778469833596727,Malay_Male
2,27,-6,18.61111111111111,Malay_Male
2,27,-5,18.99797010518546,Malay_Male
2,27,-4,19.229708612923982,Malay_Male
2,27,-3,19.220183486238533,Malay_Male
2,27,-2,19.646778916544655,Malay_Male
2,27,-1,19.701956481989395,Malay_Male
2,28,-61,10.843373493975903,Malay_Male
2,28,-60,11.482287134866377,Malay_Male
2,28,-59,11.470902703528333,Malay_Male
2,28,-58,11.657641395908543,Malay_Male
2,28,-57,11.794414735591205,Malay_Male
2,28,-56,12.038123167155424,Malay_Male
2,28,-55,12.093967517401392,Malay_Male
2,28,-54,12.154221011896231,Malay_Male
2,28,-53,12.41867043847242,Malay_Male
2,28,-52,12.181894034209428,Malay_Male
2,28,-51,12.264150943396226,Malay_Male
2,28,-50,12.166331321260898,Malay_Male
2,28,-49,12.164650184113626,Malay_Male
2,28,-48,12.440129449838187,Malay_Male
2,28,-47,12.428589564555034,Malay_Male
2,28,-46,12.359970126960418,Malay_Male
2,28,-45,12.697832968103237,Malay_Male
2,28,-44,13.083333333333332,Malay_Male
2,28,-43,13.04905044856111,Malay_Male
2,28,-42,13.189939683623535,Malay_Male
2,28,-41,13.393554142968664,Malay_Male
2,28,-40,13.189212796156784,Malay_Male
2,28,-39,13.947762791693426,Malay_Male
2,28,-38,13.743826836187875,Malay_Male
2,28,-37,14.23851316468766,Malay_Male
2,28,-36,14.362620619603861,Malay_Male
2,28,-35,14.58020614430101,Malay_Male
2,28,-34,15.150024594195768,Malay_Male
2,28,-33,15.452431699283084,Malay_Male
2,28,-32,15.8337314859054,Malay_Male
2,28,-31,16.22972463221426,Malay_Male
2,28,-30,16.732062780269057,Malay_Male
2,28,-29,16.81202449434032,Malay_Male
2,28,-28,17.411331183786274,Malay_Male
2,28,-27,17.570917102726522,Malay_Male
2,28,-26,17.757863935625455,Malay_Male
2,28,-25,18.033385022347897,Malay_Male
2,28,-24,18.313450505418448,Malay_Male
2,28,-23,18.761367770098218,Malay_Male
2,28,-22,18.498635122838945,Malay_Male
2,28,-21,18.919905126801677,Malay_Male
2,28,-20,19.169562831534662,Malay_Male
2,28,-19,18.872930198517977,Malay_Male
2,28,-18,19.170033051781125,Malay_Male
2,28,-17,18.92364305427783,Malay_Male
2,28,-16,18.871756993814053,Malay_Male
2,28,-15,18.858836606150426,Malay_Male
2,28,-14,18.97640720787665,Malay_Male
2,28,-13,18.500931098696462,Malay_Male
2,28,-12,18.578623391158366,Malay_Male
2,28,-11,18.537176975464128,Malay_Male
2,28,-10,18.595967139656462,Malay_Male
2,28,-9,18.511272591764484,Malay_Male
2,28,-8,18.416635583737413,Malay_Male
2,28,-7,18.769173561401878,Malay_Male
2,28,-6,19.34259259259259,Malay_Male
2,28,-5,19.099464845912532,Malay_Male
2,28,-4,19.340012868829856,Malay_Male
2,28,-3,19.862385321100916,Malay_Male
2,28,-2,19.967057101024892,Malay_Male
2,28,-1,19.6562442859755,Malay_Male
2,29,-61,10.93849080532657,Malay_Male
2,29,-60,11.591050341827222,Malay_Male
2,29,-59,11.547273560409348,Malay_Male
2,29,-58,11.762936221419976,Malay_Male
2,29,-57,12.076648841354725,Malay_Male
2,29,-56,12.19941348973607,Malay_Male
2,29,-55,12.311484918793504,Malay_Male
2,29,-54,12.512541206822418,Malay_Male
2,29,-53,12.659123055162661,Malay_Male
2,29,-52,12.51564455569462,Malay_Male
2,29,-51,12.400875034181023,Malay_Male
2,29,-50,12.367538564721663,Malay_Male
2,29,-49,12.401367701209889,Malay_Male
2,29,-48,12.737864077669903,Malay_Male
2,29,-47,12.872921162879269,Malay_Male
2,29,-46,13.00721931789893,Malay_Male
2,29,-45,13.47699050401753,Malay_Male
2,29,-44,13.607142857142856,Malay_Male
2,29,-43,13.142257951765119,Malay_Male
2,29,-42,13.770342551496528,Malay_Male
2,29,-41,13.61659417865507,Malay_Male
2,29,-40,13.800633256905776,Malay_Male
2,29,-39,13.701562834510812,Malay_Male
2,29,-38,13.89093201639172,Malay_Male
2,29,-37,14.383066597831698,Malay_Male
2,29,-36,14.596241747079736,Malay_Male
2,29,-35,14.54017812468728,Malay_Male
2,29,-34,14.864731923266108,Malay_Male
2,29,-33,15.239294710327457,Malay_Male
2,29,-32,15.508838987099857,Malay_Male
2,29,-31,16.041116559788758,Malay_Male
2,29,-30,16.264947683109117,Malay_Male
2,29,-29,16.49656708109111,Malay_Male
2,29,-28,16.582220175034546,Malay_Male
2,29,-27,17.32305150096392,Malay_Male
2,29,-26,17.529261155815654,Malay_Male
2,29,-25,17.53169752804889,Malay_Male
2,29,-24,17.739732264821054,Malay_Male
2,29,-23,18.13386686067661,Malay_Male
2,29,-22,18.00727934485896,Malay_Male
2,29,-21,18.217478562306148,Malay_Male
2,29,-20,18.54764953356503,Malay_Male
2,29,-19,18.726557497026803,Malay_Male
2,29,-18,18.87623944179214,Malay_Male
2,29,-17,18.850045998160073,Malay_Male
2,29,-16,18.511679438648322,Malay_Male
2,29,-15,18.423490181548722,Malay_Male
2,29,-14,18.39123165521085,Malay_Male
2,29,-13,18.044692737430168,Malay_Male
2,29,-12,18.392091027793324,Malay_Male
2,29,-11,17.772180240694095,Malay_Male
2,29,-10,18.18521284540702,Malay_Male
2,29,-9,17.989565865474194,Malay_Male
2,29,-8,18.108914584110405,Malay_Male
2,29,-7,17.92321279167054,Malay_Male
2,29,-6,18.01851851851852,Malay_Male
2,29,-5,18.38900166082303,Malay_Male
2,29,-4,18.760915525324016,Malay_Male
2,29,-3,18.91743119266055,Malay_Male
2,29,-2,18.96961932650073,Malay_Male
2,29,-1,19.48253794112269,Malay_Male
2,30,-61,10.764109067850349,Malay_Male
2,30,-60,11.591050341827222,Malay_Male
2,30,-59,11.806934473804796,Malay_Male
2,30,-58,11.80806257521059,Malay_Male
2,30,-57,12.032085561497325,Malay_Male
2,30,-56,12.272727272727273,Malay_Male
2,30,-55,12.354988399071926,Malay_Male
2,30,-54,12.713200515981079,Malay_Male
2,30,-53,12.517680339462517,Malay_Male
2,30,-52,12.47392574050897,Malay_Male
2,30,-51,12.400875034181023,Malay_Male
2,30,-50,12.313883299798793,Malay_Male
2,30,-49,12.401367701209889,Malay_Male
2,30,-48,12.323624595469255,Malay_Male
2,30,-47,12.428589564555034,Malay_Male
2,30,-46,12.857854119990042,Malay_Male
2,30,-45,12.904796688580472,Malay_Male
2,30,-44,13.023809523809524,Malay_Male
2,30,-43,12.967493883257603,Malay_Male
2,30,-42,13.053374302947537,Malay_Male
2,30,-41,12.91401806624289,Malay_Male
2,30,-40,13.22196746369691,Malay_Male
2,30,-39,13.648041104688504,Malay_Male
2,30,-38,13.796364400546391,Malay_Male
2,30,-37,14.021683014971606,Malay_Male
2,30,-36,14.504824784154394,Malay_Male
2,30,-35,14.470129090363255,Malay_Male
2,30,-34,15.110673880964093,Malay_Male
2,30,-33,15.210230575469872,Malay_Male
2,30,-32,15.690396559961778,Malay_Male
2,30,-31,16.022255752546208,Malay_Male
2,30,-30,16.283632286995516,Malay_Male
2,30,-29,16.774911857487474,Malay_Male
2,30,-28,17.033625057577154,Malay_Male
2,30,-27,17.304691086018543,Malay_Male
2,30,-26,17.675566934893926,Malay_Male
2,30,-25,17.832710024628295,Malay_Male
2,30,-24,17.985611510791365,Malay_Male
2,30,-23,18.124772644598035,Malay_Male
2,30,-22,18.307552320291173,Malay_Male
2,30,-21,18.51851851851852,Malay_Male
2,30,-20,18.73056520943845,Malay_Male
2,30,-19,18.763150672399597,Malay_Male
2,30,-18,19.105765699596034,Malay_Male
2,30,-17,18.712051517939283,Malay_Male
2,30,-16,18.483981165174036,Malay_Male
2,30,-15,18.479066320859577,Malay_Male
2,30,-14,18.326212149359094,Malay_Male
2,30,-13,18.370577281191807,Malay_Male
2,30,-12,18.19623204626003,Malay_Male
2,30,-11,17.92144789625898,Malay_Male
2,30,-10,17.989171023151606,Malay_Male
2,30,-9,17.896403950065213,Malay_Male
2,30,-8,17.941066766132042,Malay_Male
2,30,-7,18.239286046295437,Malay_Male
2,30,-6,18.40740740740741,Malay_Male
2,30,-5,18.73039306145045,Malay_Male
2,30,-4,19.128596378343598,Malay_Male
2,30,-3,19.091743119266056,Malay_Male
2,30,-2,19.573572474377745,Malay_Male
2,30,-1,19.72024136039495,Malay_Male
2,31,-61,11.001902346227013,Malay_Male
2,31,-60,11.435674331883156,Malay_Male
2,31,-59,11.531999389033144,Malay_Male
2,31,-58,11.762936221419976,Malay_Male
2,31,-57,11.838978015448603,Malay_Male
2,31,-56,12.155425219941348,Malay_Male
2,31,-55,11.963457076566126,Malay_Male
2,31,-54,12.42654436004013,Malay_Male
2,31,-53,12.065063649222065,Malay_Male
2,31,-52,12.056737588652481,Malay_Male
2,31,-51,12.51025430680886,Malay_Male
2,31,-50,12.273641851106639,Malay_Male
2,31,-49,12.506575486586009,Malay_Male
2,31,-48,12.582524271844662,Malay_Male
2,31,-47,12.619017392408278,Malay_Male
2,31,-46,12.683594722429675,Malay_Male
2,31,-45,13.123934745556367,Malay_Male
2,31,-44,12.976190476190478,Malay_Male
2,31,-43,13.515087964581149,Malay_Male
2,31,-42,13.110276544895868,Malay_Male
2,31,-41,13.393554142968664,Malay_Male
2,31,-40,13.451250136477782,Malay_Male
2,31,-39,13.712267180475274,Malay_Male
2,31,-38,13.817379426289797,Malay_Male
2,31,-37,13.897780072276717,Malay_Male
2,31,-36,14.291518537328592,Malay_Male
2,31,-35,14.360052036425497,Malay_Male
2,31,-34,14.667978357107723,Malay_Male
2,31,-33,15.07459794613447,Malay_Male
2,31,-32,15.470616340181559,Malay_Male
2,31,-31,15.805356469256884,Malay_Male
2,31,-30,16.246263079222718,Malay_Male
2,31,-29,16.23677862312117,Malay_Male
2,31,-28,16.978350990327037,Malay_Male
2,31,-27,17.139447351510146,Malay_Male
2,31,-26,17.657278712509143,Malay_Male
2,31,-25,17.805345252211985,Malay_Male
2,31,-24,18.00382478827065,Malay_Male
2,31,-23,18.106584212440886,Malay_Male
2,31,-22,18.826205641492265,Malay_Male
2,31,-21,18.86517058930852,Malay_Male
2,31,-20,19.169562831534662,Malay_Male
2,31,-19,19.12908242612753,Malay_Male
2,31,-18,19.417921410209328,Malay_Male
2,31,-17,19.15363385464581,Malay_Male
2,31,-16,18.530144954297846,Malay_Male
2,31,-15,18.31233790292701,Malay_Male
2,31,-14,18.456251161062603,Malay_Male
2,31,-13,18.13780260707635,Malay_Male
2,31,-12,17.813840701361684,Malay_Male
2,31,-11,17.72553409833007,Malay_Male
2,31,-10,17.70911127707244,Malay_Male
2,31,-9,17.78460965157444,Malay_Male
2,31,-8,17.95971652368519,Malay_Male
2,31,-7,18.322952496049083,Malay_Male
2,31,-6,18.15740740740741,Malay_Male
2,31,-5,18.638125115334933,Malay_Male
2,31,-4,19.340012868829856,Malay_Male
2,31,-3,19.128440366972477,Malay_Male
2,31,-2,19.41800878477306,Malay_Male
2,31,-1,19.802523313219965,Malay_Male
2,33,-61,12.301838934686113,Malay_Male
2,33,-60,13.859540087010567,Malay_Male
2,33,-59,13.86894760959218,Malay_Male
2,33,-58,14.004211793020458,Malay_Male
2,33,-57,14.304812834224597,Malay_Male
2,33,-56,14.69208211143695,Malay_Male
2,33,-55,14.776682134570764,Malay_Male
2,33,-54,15.035115379102768,Malay_Male
2,33,-53,14.95049504950495,Malay_Male
2,33,-52,14.921429564733696,Malay_Male
2,33,-51,14.998632759092152,Malay_Male
2,33,-50,15.197853789403085,Malay_Male
2,33,-49,15.123619147816939,Malay_Male
2,33,-48,15.585760517799352,Malay_Male
2,33,-47,15.323092547924336,Malay_Male
2,33,-46,15.48419218322131,Malay_Male
2,33,-45,15.753591429267106,Malay_Male
2,33,-44,15.726190476190476,Malay_Male
2,33,-43,15.717115227775835,Malay_Male
2,33,-42,16.02367133265051,Malay_Male
2,33,-41,16.070034571205532,Malay_Male
2,33,-40,15.951523092040615,Malay_Male
2,33,-39,16.506101477199746,Malay_Male
2,33,-38,16.65440790164968,Malay_Male
2,33,-37,17.160557563242126,Malay_Male
2,33,-36,17.145759268664296,Malay_Male
2,33,-35,17.15200640448314,Malay_Male
2,33,-34,17.520905066404328,Malay_Male
2,33,-33,17.971323386940515,Malay_Male
2,33,-32,18.26086956521739,Malay_Male
2,33,-31,18.69105997736703,Malay_Male
2,33,-30,19.105007473841553,Malay_Male
2,33,-29,19.49341250695862,Malay_Male
2,33,-28,19.871027176416398,Malay_Male
2,33,-27,19.976131460571008,Malay_Male
2,33,-26,20.601682516459398,Malay_Male
2,33,-25,20.988780443309313,Malay_Male
2,33,-24,21.336854566979326,Malay_Male
2,33,-23,21.644234267006183,Malay_Male
2,33,-22,21.49226569608735,Malay_Male
2,33,-21,21.592775041050906,Malay_Male
2,33,-20,21.428571428571427,Malay_Male
2,33,-19,21.836977403714208,Malay_Male
2,33,-18,22.117150201983108,Malay_Male
2,33,-17,21.85832566697332,Malay_Male
2,33,-16,21.74314467731511,Malay_Male
2,33,-15,21.507965913301224,Malay_Male
2,33,-14,21.61434144529073,Malay_Male
2,33,-13,21.80633147113594,Malay_Male
2,33,-12,21.246036187278495,Malay_Male
2,33,-11,21.205336318686445,Malay_Male
2,33,-10,21.004480955937264,Malay_Male
2,33,-9,21.334078628656606,Malay_Male
2,33,-8,21.391271913465122,Malay_Male
2,33,-7,21.065352793529797,Malay_Male
2,33,-6,21.39814814814815,Malay_Male
2,33,-5,21.599926185643106,Malay_Male
2,33,-4,21.867818733339462,Malay_Male
2,33,-3,21.724770642201836,Malay_Male
2,33,-2,21.907027818448025,Malay_Male
2,33,-1,21.996708721887,Malay_Male
2,34,-61,12.41280913126189,Malay_Male
2,34,-60,13.175885643256683,Malay_Male
2,34,-59,13.517641667939515,Malay_Male
2,34,-58,13.823706377858002,Malay_Male
2,34,-57,14.171122994652407,Malay_Male
2,34,-56,14.252199413489736,Malay_Male
2,34,-55,14.58816705336427,Malay_Male
2,34,-54,14.418804643829727,Malay_Male
2,34,-53,14.865629420084867,Malay_Male
2,34,-52,14.726741760534,Malay_Male
2,34,-51,14.998632759092152,Malay_Male
2,34,-50,15.29175050301811,Malay_Male
2,34,-49,15.399789584429247,Malay_Male
2,34,-48,15.236245954692556,Malay_Male
2,34,-47,15.119969531547545,Malay_Male
2,34,-46,15.521533482698532,Malay_Male
2,34,-45,15.70489408327246,Malay_Male
2,34,-44,15.559523809523808,Malay_Male
2,34,-43,15.554002097168823,Malay_Male
2,34,-42,15.591214293843178,Malay_Male
2,34,-41,15.757778521244564,Malay_Male
2,34,-40,16.11529642974124,Malay_Male
2,34,-39,16.35624063369728,Malay_Male
2,34,-38,16.68593044026479,Malay_Male
2,34,-37,16.66494579246257,Malay_Male
2,34,-36,16.901980700863383,Malay_Male
2,34,-35,17.172020414290003,Malay_Male
2,34,-34,17.589768814559765,Malay_Male
2,34,-33,17.767874442937416,Malay_Male
2,34,-32,18.09842331581462,Malay_Male
2,34,-31,18.52131271218408,Malay_Male
2,34,-30,19.030269058295964,Malay_Male
2,34,-29,18.97383559101874,Malay_Male
2,34,-28,19.37356057116536,Malay_Male
2,34,-27,19.664004406499586,Malay_Male
2,34,-26,19.806144842721288,Malay_Male
2,34,-25,20.103986135181977,Malay_Male
2,34,-24,20.535470357890905,Malay_Male
2,34,-23,20.84394325209167,Malay_Male
2,34,-22,21.328480436760692,Malay_Male
2,34,-21,21.2461229702609,Malay_Male
2,34,-20,21.419425644777757,Malay_Male
2,34,-19,21.3521178300247,Malay_Male
2,34,-18,21.57546823356592,Malay_Male
2,34,-17,21.70193192272309,Malay_Male
2,34,-16,21.43846366909796,Malay_Male
2,34,-15,21.11893293812523,Malay_Male
2,34,-14,21.205647408508266,Malay_Male
2,34,-13,21.11731843575419,Malay_Male
2,34,-12,21.18074986010073,Malay_Male
2,34,-11,20.944117921447898,Malay_Male
2,34,-10,20.85511575802838,Malay_Male
2,34,-9,21.045276690888766,Malay_Male
2,34,-8,21.148825065274153,Malay_Male
2,34,-7,21.158315515478293,Malay_Male
2,34,-6,21.305555555555557,Malay_Male
2,34,-5,21.94131758627053,Malay_Male
2,34,-4,21.950546925268867,Malay_Male
2,34,-3,22.238532110091743,Malay_Male
2,34,-2,22.5201317715959,Malay_Male
2,34,-1,22.682391662095448,Malay_Male
2,35,-61,12.23842739378567,Malay_Male
2,35,-60,13.036047234307022,Malay_Male
2,35,-59,13.33435161142508,Malay_Male
2,35,-58,13.537906137184116,Malay_Male
2,35,-57,13.784907902554961,Malay_Male
2,35,-56,13.973607038123168,Malay_Male
2,35,-55,13.935614849187935,Malay_Male
2,35,-54,14.519134298409059,Malay_Male
2,35,-53,14.71004243281471,Malay_Male
2,35,-52,14.7545543039911,Malay_Male
2,35,-51,14.820891441071918,Malay_Male
2,35,-50,14.916163648558015,Malay_Male
2,35,-49,14.952656496580746,Malay_Male
2,35,-48,15.223300970873787,Malay_Male
2,35,-47,15.399263679065633,Malay_Male
2,35,-46,15.49663928304705,Malay_Male
2,35,-45,15.777940102264425,Malay_Male
2,35,-44,16.0,Malay_Male
2,35,-43,15.77536991727834,Malay_Male
2,35,-42,15.955388642312506,Malay_Male
2,35,-41,16.01427456228393,Malay_Male
2,35,-40,16.23539687738836,Malay_Male
2,35,-39,16.40976236351959,Malay_Male
2,35,-38,16.727960491751602,Malay_Male
2,35,-37,16.706246773360867,Malay_Male
2,35,-36,16.92229558151346,Malay_Male
2,35,-35,17.2020414290003,Malay_Male
2,35,-34,17.66847024102312,Malay_Male
2,35,-33,18.261964735516372,Malay_Male
2,35,-32,18.26086956521739,Malay_Male
2,35,-31,19.12485854394568,Malay_Male
2,35,-30,19.375934230194318,Malay_Male
2,35,-29,19.400630914826497,Malay_Male
2,35,-28,19.898664210041456,Malay_Male
2,35,-27,20.104654365188654,Malay_Male
2,35,-26,20.491953182150695,Malay_Male
2,35,-25,20.78810544558971,Malay_Male
2,35,-24,20.999908933612605,Malay_Male
2,35,-23,21.02582757366315,Malay_Male
2,35,-22,21.428571428571427,Malay_Male
2,35,-21,21.538040503557745,Malay_Male
2,35,-20,21.35540515822206,Malay_Male
2,35,-19,21.61741835147745,Malay_Male
2,35,-18,21.731546088872566,Malay_Male
2,35,-17,21.88592456301748,Malay_Male
2,35,-16,21.56772227864463,Malay_Male
2,35,-15,21.730270470544646,Malay_Male
2,35,-14,21.409994426899498,Malay_Male
2,35,-13,21.089385474860336,Malay_Male
2,35,-12,20.975564260399178,Malay_Male
2,35,-11,20.757533351991793,Malay_Male
2,35,-10,20.75242718446602,Malay_Male
2,35,-9,21.11980622321595,Malay_Male
2,35,-8,20.99030212607236,Malay_Male
2,35,-7,21.158315515478293,Malay_Male
2,35,-6,20.99074074074074,Malay_Male
2,35,-5,21.120132865842407,Malay_Male
2,35,-4,20.957808622116005,Malay_Male
2,35,-3,21.688073394495415,Malay_Male
2,35,-2,22.035139092240115,Malay_Male
2,35,-1,22.11556043152313,Malay_Male
2,36,-61,12.58719086873811,Malay_Male
2,36,-60,13.595400870105657,Malay_Male
2,36,-59,13.884221780968383,Malay_Male
2,36,-58,14.139590854392297,Malay_Male
2,36,-57,14.334521687462864,Malay_Male
2,36,-56,14.780058651026392,Malay_Male
2,36,-55,14.878190255220417,Malay_Male
2,36,-54,15.035115379102768,Malay_Male
2,36,-53,15.289957567185288,Malay_Male
2,36,-52,15.42205534696148,Malay_Male
2,36,-51,15.39513262236806,Malay_Male
2,36,-50,15.439302481556002,Malay_Male
2,36,-49,15.649658074697529,Malay_Male
2,36,-48,15.754045307443365,Malay_Male
2,36,-47,15.551605941348228,Malay_Male
2,36,-46,15.72068707991038,Malay_Male
2,36,-45,15.997078159240322,Malay_Male
2,36,-44,15.904761904761905,Malay_Male
2,36,-43,16.07829430269137,Malay_Male
2,36,-42,16.035051781040174,Malay_Male
2,36,-41,15.92505854800937,Malay_Male
2,36,-40,16.082541762201114,Malay_Male
2,36,-39,16.495397131235283,Malay_Male
2,36,-38,16.48628769570243,Malay_Male
2,36,-37,16.396489416623645,Malay_Male
2,36,-36,16.983240223463685,Malay_Male
2,36,-35,17.342139497648354,Malay_Male
2,36,-34,17.914412198721102,Malay_Male
2,36,-33,18.397597364851773,Malay_Male
2,36,-32,18.795986622073578,Malay_Male
2,36,-31,19.002263296869106,Malay_Male
2,36,-30,19.796337817638264,Malay_Male
2,36,-29,19.94804230840601,Malay_Male
2,36,-28,20.221096269000462,Malay_Male
2,36,-27,20.71972826585881,Malay_Male
2,36,-26,20.99487929773226,Malay_Male
2,36,-25,21.417495211164827,Malay_Male
2,36,-24,21.518987341772153,Malay_Male
2,36,-23,21.862495452891963,Malay_Male
2,36,-22,22.074613284804368,Malay_Male
2,36,-21,21.9029374201788,Malay_Male
2,36,-20,22.2608377537955,Malay_Male
2,36,-19,22.3950233281493,Malay_Male
2,36,-18,21.96107234667646,Malay_Male
2,36,-17,22.097516099356028,Malay_Male
2,36,-16,21.576955036469396,Malay_Male
2,36,-15,21.67469433123379,Malay_Male
2,36,-14,21.437859929407395,Malay_Male
2,36,-13,21.359404096834265,Malay_Male
2,36,-12,21.134116769259467,Malay_Male
2,36,-11,21.27064091799608,Malay_Male
2,36,-10,20.780433159073937,Malay_Male
2,36,-9,21.287497670952117,Malay_Male
2,36,-8,21.353972398358824,Malay_Male
2,36,-7,21.678906758389886,Malay_Male
2,36,-6,21.62037037037037,Malay_Male
2,36,-5,21.83982284554346,Malay_Male
2,36,-4,22.04246713852376,Malay_Male
2,36,-3,22.587155963302752,Malay_Male
2,36,-2,22.602489019033676,Malay_Male
2,36,-1,22.956664838178824,Malay_Male
2,37,-61,12.492073557387444,Malay_Male
2,37,-60,13.113735239279055,Malay_Male
2,37,-59,13.303803268672674,Malay_Male
2,37,-58,13.477737665463296,Malay_Male
2,37,-57,13.770053475935828,Malay_Male
2,37,-56,13.709677419354838,Malay_Male
2,37,-55,13.906612529002322,Malay_Male
2,37,-54,13.945821986527159,Malay_Male
2,37,-53,14.32814710042433,Malay_Male
2,37,-52,14.37908496732026,Malay_Male
2,37,-51,14.383374350560569,Malay_Male
2,37,-50,14.688128772635814,Malay_Male
2,37,-49,14.452919516044188,Malay_Male
2,37,-48,14.42071197411003,Malay_Male
2,37,-47,14.485210105370063,Malay_Male
2,37,-46,14.936519790888722,Malay_Male
2,37,-45,14.901387874360847,Malay_Male
2,37,-44,14.845238095238095,Malay_Male
2,37,-43,15.227775835954793,Malay_Male
2,37,-42,15.409127119608513,Malay_Male
2,37,-41,15.300546448087433,Malay_Male
2,37,-40,15.591221749099246,Malay_Male
2,37,-39,15.767501605651896,Malay_Male
2,37,-38,16.04497215509089,Malay_Male
2,37,-37,15.849251419721218,Malay_Male
2,37,-36,16.190959878110718,Malay_Male
2,37,-35,16.73171219853898,Malay_Male
2,37,-34,16.969995081160846,Malay_Male
2,37,-33,17.496609184266614,Malay_Male
2,37,-32,17.82130912565695,Malay_Male
2,37,-31,18.27612221803093,Malay_Male
2,37,-30,18.96487294469357,Malay_Male
2,37,-29,19.23362404898868,Malay_Male
2,37,-28,19.40119760479042,Malay_Male
2,37,-27,19.976131460571008,Malay_Male
2,37,-26,20.437088514996343,Malay_Male
2,37,-25,20.45060658578856,Malay_Male
2,37,-24,20.672069938985523,Malay_Male
2,37,-23,21.216806111313204,Malay_Male
2,37,-22,21.310282074613283,Malay_Male
2,37,-21,21.17314358693669,Malay_Male
2,37,-20,21.474300347539785,Malay_Male
2,37,-19,21.55338029457506,Malay_Male
2,37,-18,21.162320969518913,Malay_Male
2,37,-17,21.867525298988042,Malay_Male
2,37,-16,21.74314467731511,Malay_Male
2,37,-15,21.8506854390515,Malay_Male
2,37,-14,21.512167936095114,Malay_Male
2,37,-13,21.21973929236499,Malay_Male
2,37,-12,21.003544114903935,Malay_Male
2,37,-11,21.09338557701278,Malay_Male
2,37,-10,21.107169529499625,Malay_Male
2,37,-9,20.942798583938885,Malay_Male
2,37,-8,20.934352853412904,Malay_Male
2,37,-7,21.009575160360697,Malay_Male
2,37,-6,21.14814814814815,Malay_Male
2,37,-5,21.452297471858277,Malay_Male
2,37,-4,21.72074639213163,Malay_Male
2,37,-3,22.174311926605505,Malay_Male
2,37,-2,22.53843338213763,Malay_Male
2,37,-1,22.682391662095448,Malay_Male
2,38,-61,12.41280913126189,Malay_Male
2,38,-60,13.31572405220634,Malay_Male
2,38,-59,13.548190010691922,Malay_Male
2,38,-58,13.778580024067388,Malay_Male
2,38,-57,13.992869875222816,Malay_Male
2,38,-56,14.39882697947214,Malay_Male
2,38,-55,14.370649651972158,Malay_Male
2,38,-54,14.50480149061201,Malay_Male
2,38,-53,14.413012729844413,Malay_Male
2,38,-52,14.448616325963009,Malay_Male
2,38,-51,14.561115668580804,Malay_Male
2,38,-50,14.674714956405097,Malay_Male
2,38,-49,14.610731194108364,Malay_Male
2,38,-48,14.96440129449838,Malay_Male
2,38,-47,15.018408023359148,Malay_Male
2,38,-46,14.86183719193428,Malay_Male
2,38,-45,15.339663988312639,Malay_Male
2,38,-44,15.630952380952381,Malay_Male
2,38,-43,15.484096469765815,Malay_Male
2,38,-42,15.45464891316718,Malay_Male
2,38,-41,15.635106501617042,Malay_Male
2,38,-40,15.820504421880118,Malay_Male
2,38,-39,16.21708413615928,Malay_Male
2,38,-38,16.118524745192815,Malay_Male
2,38,-37,16.695921528136292,Malay_Male
2,38,-36,16.597257491112238,Malay_Male
2,38,-35,16.971880316221355,Malay_Male
2,38,-34,17.51106738809641,Malay_Male
2,38,-33,17.9325712071304,Malay_Male
2,38,-32,18.165312947921645,Malay_Male
2,38,-31,18.474160694077707,Malay_Male
2,38,-30,18.946188340807176,Malay_Male
2,38,-29,18.899610317313044,Malay_Male
2,38,-28,19.30907415937356,Malay_Male
2,38,-27,19.4895804645185,Malay_Male
2,38,-26,20.03474762253109,Malay_Male
2,38,-25,20.496214539815742,Malay_Male
2,38,-24,20.44440397049449,Malay_Male
2,38,-23,20.898508548563115,Malay_Male
2,38,-22,21.173794358507735,Malay_Male
2,38,-21,21.20051085568327,Malay_Male
2,38,-20,21.5017376989208,Malay_Male
2,38,-19,21.535083706888667,Malay_Male
2,38,-18,21.841718692618436,Malay_Male
2,38,-17,21.297148114075437,Malay_Male
2,38,-16,21.419998153448436,Malay_Male
2,38,-15,21.248610596517228,Malay_Male
2,38,-14,20.834107375069664,Malay_Male
2,38,-13,21.11731843575419,Malay_Male
2,38,-12,20.93825778772617,Malay_Male
2,38,-11,20.860154865192648,Malay_Male
2,38,-10,20.771097834204628,Malay_Male
2,38,-9,20.58878330538476,Malay_Male
2,38,-8,20.74785527788139,Malay_Male
2,38,-7,20.712094450125498,Malay_Male
2,38,-6,20.685185185185183,Malay_Male
2,38,-5,21.120132865842407,Malay_Male
2,38,-4,21.34387351778656,Malay_Male
2,38,-3,21.743119266055047,Malay_Male
2,38,-2,21.724011713030748,Malay_Male
2,38,-1,22.088133113914793,Malay_Male
2,39,-61,12.365250475586556,Malay_Male
2,39,-60,13.471100062150404,Malay_Male
2,39,-59,13.502367496563311,Malay_Male
2,39,-58,13.733453670276774,Malay_Male
2,39,-57,14.304812834224597,Malay_Male
2,39,-56,14.296187683284458,Malay_Male
2,39,-55,14.617169373549885,Malay_Male
2,39,-54,14.762792030958865,Malay_Male
2,39,-53,14.681753889674681,Malay_Male
2,39,-52,15.116117368933388,Malay_Male
2,39,-51,15.244736122504785,Malay_Male
2,39,-50,15.27833668678739,Malay_Male
2,39,-49,15.32088374539716,Malay_Male
2,39,-48,15.702265372168284,Malay_Male
2,39,-47,15.488129998730482,Malay_Male
2,39,-46,15.782922579039083,Malay_Male
2,39,-45,15.607499391283175,Malay_Male
2,39,-44,15.619047619047619,Malay_Male
2,39,-43,15.62390772457183,Malay_Male
2,39,-42,15.852964606805509,Malay_Male
2,39,-41,16.070034571205532,Malay_Male
2,39,-40,16.02795064963424,Malay_Male
2,39,-39,16.195675444230357,Malay_Male
2,39,-38,16.454765157087316,Malay_Male
2,39,-37,16.788848735157462,Malay_Male
2,39,-36,16.92229558151346,Malay_Male
2,39,-35,17.222055438807164,Malay_Male
2,39,-34,17.66847024102312,Malay_Male
2,39,-33,18.12633210618097,Malay_Male
2,39,-32,18.37553750597229,Malay_Male
2,39,-31,18.80422482082233,Malay_Male
2,39,-30,19.170403587443946,Malay_Male
2,39,-29,19.465578029318984,Malay_Male
2,39,-28,19.98157531091663,Malay_Male
2,39,-27,20.104654365188654,Malay_Male
2,39,-26,20.619970738844184,Malay_Male
2,39,-25,21.17121225941804,Malay_Male
2,39,-24,21.35506784445861,Malay_Male
2,39,-23,21.626045834849037,Malay_Male
2,39,-22,21.765241128298456,Malay_Male
2,39,-21,21.84820288268564,Malay_Male
2,39,-20,22.105359429303093,Malay_Male
2,39,-19,22.111426219010156,Malay_Male
2,39,-18,22.36503856041131,Malay_Male
2,39,-17,22.34590616375345,Malay_Male
2,39,-16,22.278644631151327,Malay_Male
2,39,-15,22.19340496480178,Malay_Male
2,39,-14,22.14378599294074,Malay_Male
2,39,-13,21.69459962756052,Malay_Male
2,39,-12,21.469875023316547,Malay_Male
2,39,-11,21.69045619927232,Malay_Male
2,39,-10,21.741971620612397,Malay_Male
2,39,-9,21.492453884851873,Malay_Male
2,39,-8,21.120850428944422,Malay_Male
2,39,-7,21.372129775959838,Malay_Male
2,39,-6,21.916666666666668,Malay_Male
2,39,-5,22.024358737774495,Malay_Male
2,39,-4,22.152771394429635,Malay_Male
2,39,-3,22.192660550458715,Malay_Male
2,39,-2,22.703147877013176,Malay_Male
2,39,-1,22.92923752057049,Malay_Male
2,40,-61,12.365250475586556,Malay_Male
2,40,-60,13.471100062150404,Malay_Male
2,40,-59,13.517641667939515,Malay_Male
2,40,-58,13.808664259927797,Malay_Male
2,40,-57,13.829471182412359,Malay_Male
2,40,-56,14.237536656891495,Malay_Male
2,40,-55,14.457656612529002,Malay_Male
2,40,-54,14.605131145191343,Malay_Male
2,40,-53,14.992927864214991,Malay_Male
2,40,-52,15.060492282019192,Malay_Male
2,40,-51,15.12168444079847,Malay_Male
2,40,-50,15.331991951710261,Malay_Male
2,40,-49,15.110468174644923,Malay_Male
2,40,-48,15.44336569579288,Malay_Male
2,40,-47,15.23422622825949,Malay_Male
2,40,-46,15.621110281304457,Malay_Male
2,40,-45,15.583150718285854,Malay_Male
2,40,-44,15.619047619047619,Malay_Male
2,40,-43,15.682162414074332,Malay_Male
2,40,-42,15.80744281324684,Malay_Male
2,40,-41,15.846994535519126,Malay_Male
2,40,-40,16.04978709466099,Malay_Male
2,40,-39,16.42046670948405,Malay_Male
2,40,-38,16.46527266995902,Malay_Male
2,40,-37,16.56169334021683,Malay_Male
2,40,-36,17.06449974606399,Malay_Male
2,40,-35,17.492244571199837,Malay_Male
2,40,-34,17.983275946876535,Malay_Male
2,40,-33,18.34915714008913,Malay_Male
2,40,-32,18.614429049211658,Malay_Male
2,40,-31,18.97397208600528,Malay_Male
2,40,-30,19.562780269058297,Malay_Male
2,40,-29,19.818148079421043,Malay_Male
2,40,-28,19.852602487333026,Malay_Male
2,40,-27,20.04957312035252,Malay_Male
2,40,-26,20.565106071689833,Malay_Male
2,40,-25,21.18033385022348,Malay_Male
2,40,-24,21.555413896730716,Malay_Male
2,40,-23,21.380502000727535,Malay_Male
2,40,-22,21.810737033666967,Malay_Male
2,40,-21,22.021528918080644,Malay_Male
2,40,-20,22.25169197000183,Malay_Male
2,40,-19,22.559692617326867,Malay_Male
2,40,-18,22.47521116415718,Malay_Male
2,40,-17,22.272309107635692,Malay_Male
2,40,-16,22.121687748130366,Malay_Male
2,40,-15,21.961837717673212,Malay_Male
2,40,-14,21.827976964517926,Malay_Male
2,40,-13,21.87150837988827,Malay_Male
2,40,-12,21.53516135049431,Malay_Male
2,40,-11,21.56917622912585,Malay_Male
2,40,-10,21.023151605675878,Malay_Male
2,40,-9,21.203651947084033,Malay_Male
2,40,-8,21.428571428571427,Malay_Male
2,40,-7,21.362833503764993,Malay_Male
2,40,-6,21.564814814814813,Malay_Male
2,40,-5,21.821369256320356,Malay_Male
2,40,-4,22.290651714311977,Malay_Male
2,40,-3,22.40366972477064,Malay_Male
2,40,-2,22.68484626647145,Malay_Male
2,40,-1,22.49040043883708,Malay_Male
2,41,-61,12.476220672162333,Malay_Male
2,41,-60,13.300186451211932,Malay_Male
2,41,-59,13.624560867572935,Malay_Male
2,41,-58,13.718411552346572,Malay_Male
2,41,-57,13.933452168746285,Malay_Male
2,41,-56,13.914956011730206,Malay_Male
2,41,-55,14.008120649651973,Malay_Male
2,41,-54,14.146481295685826,Malay_Male
2,41,-53,14.285714285714285,Malay_Male
2,41,-52,14.518147684605756,Malay_Male
2,41,-51,14.916598304621273,Malay_Male
2,41,-50,14.88933601609658,Malay_Male
2,41,-49,14.623882167280378,Malay_Male
2,41,-48,14.77022653721683,Malay_Male
2,41,-47,14.662942744699759,Malay_Male
2,41,-46,15.210355987055015,Malay_Male
2,41,-45,15.096177258339422,Malay_Male
2,41,-44,14.94047619047619,Malay_Male
2,41,-43,14.93650238844227,Malay_Male
2,41,-42,15.522931603505178,Malay_Male
2,41,-41,15.813538530166166,Malay_Male
2,41,-40,15.744076864286495,Malay_Male
2,41,-39,15.756797259687433,Malay_Male
2,41,-38,16.349690028370283,Malay_Male
2,41,-37,16.84047496128033,Malay_Male
2,41,-36,17.18638902996445,Malay_Male
2,41,-35,17.342139497648354,Malay_Male
2,41,-34,17.48155435317265,Malay_Male
2,41,-33,17.73881030807983,Malay_Male
2,41,-32,18.11753463927377,Malay_Male
2,41,-31,18.530743115805357,Malay_Male
2,41,-30,19.076980568011958,Malay_Male
2,41,-29,19.391352755613287,Malay_Male
2,41,-28,19.68678028558268,Malay_Male
2,41,-27,19.9853116680437,Malay_Male
2,41,-26,20.318215069495245,Malay_Male
2,41,-25,20.751619082367963,Malay_Male
2,41,-24,21.336854566979326,Malay_Male
2,41,-23,21.253182975627503,Malay_Male
2,41,-22,21.583257506824385,Malay_Male
2,41,-21,21.492428388980116,Malay_Male
2,41,-20,21.803548564111942,Malay_Male
2,41,-19,22.010794986734975,Malay_Male
2,41,-18,22.126331252295262,Malay_Male
2,41,-17,22.106715731370745,Malay_Male
2,41,-16,21.955498107284647,Malay_Male
2,41,-15,21.998888477213782,Malay_Male
2,41,-14,21.70722645365038,Malay_Male
2,41,-13,21.601489757914337,Malay_Male
2,41,-12,21.79630665920537,Malay_Male
2,41,-11,21.559847000653047,Malay_Male
2,41,-10,21.377893950709485,Malay_Male
2,41,-9,21.296813862493014,Malay_Male
2,41,-8,21.568444610220066,Malay_Male
2,41,-7,21.790462024728082,Malay_Male
2,41,-6,21.73148148148148,Malay_Male
2,41,-5,21.83982284554346,Malay_Male
2,41,-4,22.125195330453167,Malay_Male
2,41,-3,22.18348623853211,Malay_Male
2,41,-2,22.547584187408493,Malay_Male
2,41,-1,22.600109709270434,Malay_Male
2,42,-61,12.381103360811668,Malay_Male
2,42,-60,13.144810441267868,Malay_Male
2,42,-59,13.4412708110585,Malay_Male
2,42,-58,13.477737665463296,Malay_Male
2,42,-57,13.799762329174095,Malay_Male
2,42,-56,14.076246334310852,Malay_Male
2,42,-55,14.385150812064964,Malay_Male
2,42,-54,14.361473412641537,Malay_Male
2,42,-53,14.3988684582744,Malay_Male
2,42,-52,14.629397858434153,Malay_Male
2,42,-51,14.73885698660104,Malay_Male
2,42,-50,14.741784037558686,Malay_Male
2,42,-49,14.978958442924775,Malay_Male
2,42,-48,14.860841423948221,Malay_Male
2,42,-47,14.99301764631205,Malay_Male
2,42,-46,15.247697286532238,Malay_Male
2,42,-45,15.619673727781835,Malay_Male
2,42,-44,15.321428571428571,Malay_Male
2,42,-43,15.192823022253291,Malay_Male
2,42,-42,15.443268464777512,Malay_Male
2,42,-41,15.501282480205198,Malay_Male
2,42,-40,15.722240419259744,Malay_Male
2,42,-39,15.885249411260972,Malay_Male
2,42,-38,16.255122412524955,Malay_Male
2,42,-37,16.726897263810013,Malay_Male
2,42,-36,16.769933976637887,Malay_Male
2,42,-35,16.99189432602822,Malay_Male
2,42,-34,17.21593703885883,Malay_Male
2,42,-33,17.4578570044565,Malay_Male
2,42,-32,18.146201624462492,Malay_Male
2,42,-31,18.417578272350056,Malay_Male
2,42,-30,18.60052316890882,Malay_Male
2,42,-29,18.62126554091668,Malay_Male
2,42,-28,19.10640257945647,Malay_Male
2,42,-27,19.526301294409254,Malay_Male
2,42,-26,19.9067300658376,Malay_Male
2,42,-25,19.8850679558515,Malay_Male
2,42,-24,20.781349603861216,Malay_Male
2,42,-23,20.925791196798833,Malay_Male
2,42,-22,20.91901728844404,Malay_Male
2,42,-21,21.255245393176427,Malay_Male
2,42,-20,21.456008779952445,Malay_Male
2,42,-19,21.782087640655018,Malay_Male
2,42,-18,21.841718692618436,Malay_Male
2,42,-17,21.996320147194112,Malay_Male
2,42,-16,22.103222232480842,Malay_Male
2,42,-15,22.01741385698407,Malay_Male
2,42,-14,22.06018948541705,Malay_Male
2,42,-13,21.992551210428303,Malay_Male
2,42,-12,21.74034695019586,Malay_Male
2,42,-11,21.69045619927232,Malay_Male
2,42,-10,21.125840179238235,Malay_Male
2,42,-9,20.849636668529907,Malay_Male
2,42,-8,21.44722118612458,Malay_Male
2,42,-7,21.604536580831088,Malay_Male
2,42,-6,21.685185185185183,Malay_Male
2,42,-5,22.015131943162945,Malay_Male
2,42,-4,21.978122989245335,Malay_Male
2,42,-3,22.31192660550459,Malay_Male
2,42,-2,22.822108345534406,Malay_Male
2,42,-1,23.148656061437194,Malay_Male
2,44,-61,14.933417882054535,Malay_Male
2,44,-60,15.50652579241765,Malay_Male
2,44,-59,15.793493202993739,Malay_Male
2,44,-58,16.125150421179303,Malay_Male
2,44,-57,16.39928698752228,Malay_Male
2,44,-56,16.627565982404693,Malay_Male
2,44,-55,16.864849187935036,Malay_Male
2,44,-54,17.08470689408055,Malay_Male
2,44,-53,17.185289957567186,Malay_Male
2,44,-52,17.36893338895842,Malay_Male
2,44,-51,17.487011211375446,Malay_Male
2,44,-50,17.263581488933603,Malay_Male
2,44,-49,17.79326670173593,Malay_Male
2,44,-48,17.78640776699029,Malay_Male
2,44,-47,17.836739875587153,Malay_Male
2,44,-46,17.874035349763506,Malay_Male
2,44,-45,18.054541027514002,Malay_Male
2,44,-44,18.5,Malay_Male
2,44,-43,18.163812186881042,Malay_Male
2,44,-42,18.45908728803915,Malay_Male
2,44,-41,18.6349949815992,Malay_Male
2,44,-40,18.74658805546457,Malay_Male
2,44,-39,19.02162277884821,Malay_Male
2,44,-38,19.302301145318904,Malay_Male
2,44,-37,19.669592152813628,Malay_Male
2,44,-36,19.918740477399695,Malay_Male
2,44,-35,20.08405884118883,Malay_Male
2,44,-34,20.61977373339892,Malay_Male
2,44,-33,20.926177097461732,Malay_Male
2,44,-32,21.070234113712374,Malay_Male
2,44,-31,21.718219539796305,Malay_Male
2,44,-30,21.954409566517192,Malay_Male
2,44,-29,22.15624420115049,Malay_Male
2,44,-28,22.607093505297097,Malay_Male
2,44,-27,22.730193702377672,Malay_Male
2,44,-26,22.98829553767374,Malay_Male
2,44,-25,23.43336677916629,Malay_Male
2,44,-24,23.832073581641016,Malay_Male
2,44,-23,24.163332120771187,Malay_Male
2,44,-22,24.513193812556867,Malay_Male
2,44,-21,24.694398832329867,Malay_Male
2,44,-20,24.55642948600695,Malay_Male
2,44,-19,25.212697831854356,Malay_Male
2,44,-18,24.834741094381197,Malay_Male
2,44,-17,24.452621895124196,Malay_Male
2,44,-16,25.03923922075524,Malay_Male
2,44,-15,24.425713227121157,Malay_Male
2,44,-14,24.335872190228496,Malay_Male
2,44,-13,23.7243947858473,Malay_Male
2,44,-12,23.78287632904309,Malay_Male
2,44,-11,23.89215411885437,Malay_Male
2,44,-10,23.66504854368932,Malay_Male
2,44,-9,23.63517793925843,Malay_Male
2,44,-8,23.86236478925774,Malay_Male
2,44,-7,23.640420191503207,Malay_Male
2,44,-6,24.00925925925926,Malay_Male
2,44,-5,24.229562649935414,Malay_Male
2,44,-4,24.18420810736281,Malay_Male
2,44,-3,24.431192660550458,Malay_Male
2,44,-2,24.917642752562223,Malay_Male
2,44,-1,25.086853172426405,Malay_Male
2,45,-61,14.949270767279646,Malay_Male
2,45,-60,15.832815413300185,Malay_Male
2,45,-59,16.358637543913243,Malay_Male
2,45,-58,16.51624548736462,Malay_Male
2,45,-57,16.830065359477125,Malay_Male
2,45,-56,17.111436950146626,Malay_Male
2,45,-55,17.357888631090486,Malay_Male
2,45,-54,17.514691127991973,Malay_Male
2,45,-53,17.765205091937766,Malay_Male
2,45,-52,17.96690307328605,Malay_Male
2,45,-51,18.102269619907027,Malay_Male
2,45,-50,18.484238765928907,Malay_Male
2,45,-49,18.253550762756444,Malay_Male
2,45,-48,18.563106796116504,Malay_Male
2,45,-47,18.636536752570777,Malay_Male
2,45,-46,18.844909136171275,Malay_Male
2,45,-45,18.93109325541758,Malay_Male
2,45,-44,19.214285714285715,Malay_Male
2,45,-43,18.758010019806594,Malay_Male
2,45,-42,19.08501194947081,Malay_Male
2,45,-41,19.025315044050405,Malay_Male
2,45,-40,19.390763183753684,Malay_Male
2,45,-39,19.567544423035752,Malay_Male
2,45,-38,19.796154250288957,Malay_Male
2,45,-37,20.17552916881776,Malay_Male
2,45,-36,20.548501777552055,Malay_Male
2,45,-35,20.184128890223157,Malay_Male
2,45,-34,20.5607476635514,Malay_Male
2,45,-33,21.119937996512302,Malay_Male
2,45,-32,21.223124701385572,Malay_Male
2,45,-31,21.66163711806865,Malay_Male
2,45,-30,22.290732436472346,Malay_Male
2,45,-29,22.462423455186492,Malay_Male
2,45,-28,22.66236757254721,Malay_Male
2,45,-27,23.00559992655834,Malay_Male
2,45,-26,23.070592538405265,Malay_Male
2,45,-25,23.31478609869561,Malay_Male
2,45,-24,23.87760677533922,Malay_Male
2,45,-23,24.090578392142596,Malay_Male
2,45,-22,24.476797088262057,Malay_Male
2,45,-21,24.78562306148513,Malay_Male
2,45,-20,24.766782513261386,Malay_Male
2,45,-19,24.80102460891044,Malay_Male
2,45,-18,25.201983106867427,Malay_Male
2,45,-17,24.921803127874888,Malay_Male
2,45,-16,24.771489243837134,Malay_Male
2,45,-15,24.72211930344572,Malay_Male
2,45,-14,24.679546721159205,Malay_Male
2,45,-13,24.059590316573555,Malay_Male
2,45,-12,23.801529565379592,Malay_Male
2,45,-11,24.041421774419256,Malay_Male
2,45,-10,24.206497386109035,Malay_Male
2,45,-9,24.12893609092603,Malay_Male
2,45,-8,24.16076091010817,Malay_Male
2,45,-7,24.309751789532395,Malay_Male
2,45,-6,24.712962962962962,Malay_Male
2,45,-5,24.884665067355602,Malay_Male
2,45,-4,24.928761834727457,Malay_Male
2,45,-3,24.89908256880734,Malay_Male
2,45,-2,25.109809663250367,Malay_Male
2,45,-1,25.324556591698666,Malay_Male
2,46,-61,14.8858592263792,Malay_Male
2,46,-60,16.00372902423866,Malay_Male
2,46,-59,16.312815029784634,Malay_Male
2,46,-58,16.546329723225032,Malay_Male
2,46,-57,16.81521093285799,Malay_Male
2,46,-56,16.93548387096774,Malay_Male
2,46,-55,17.256380510440835,Malay_Male
2,46,-54,17.615020782571307,Malay_Male
2,46,-53,18.147100424328148,Malay_Male
2,46,-52,17.813934084272006,Malay_Male
2,46,-51,18.280010937927262,Malay_Male
2,46,-50,18.229376257545272,Malay_Male
2,46,-49,17.924776433456074,Malay_Male
2,46,-48,18.09708737864078,Malay_Male
2,46,-47,18.420718547670432,Malay_Male
2,46,-46,18.35947224296739,Malay_Male
2,46,-45,18.675432188945702,Malay_Male
2,46,-44,18.392857142857146,Malay_Male
2,46,-43,18.897821274612607,Malay_Male
2,46,-42,19.164675088198475,Malay_Male
2,46,-41,18.89149102263856,Malay_Male
2,46,-40,19.270662736106562,Malay_Male
2,46,-39,19.588953114964674,Malay_Male
2,46,-38,19.985289481979613,Malay_Male
2,46,-37,19.886422302529684,Malay_Male
2,46,-36,20.32503809040122,Malay_Male
2,46,-35,20.304212949064347,Malay_Male
2,46,-34,20.472208558780128,Malay_Male
2,46,-33,21.081185816702188,Malay_Male
2,46,-32,21.40468227424749,Malay_Male
2,46,-31,21.897397208600527,Malay_Male
2,46,-30,22.09454409566517,Malay_Male
2,46,-29,22.249025793282613,Malay_Male
2,46,-28,22.892676186089357,Malay_Male
2,46,-27,23.859359221518407,Malay_Male
2,46,-26,23.920994879297734,Malay_Male
2,46,-25,24.354647450515372,Malay_Male
2,46,-24,24.269192241143795,Malay_Male
2,46,-23,24.84539832666424,Malay_Male
2,46,-22,25.577797998180163,Malay_Male
2,46,-21,25.351213282247762,Malay_Male
2,46,-20,25.297237973294312,Malay_Male
2,46,-19,25.73415058091666,Malay_Male
2,46,-18,25.716121924348144,Malay_Male
2,46,-17,25.584176632934685,Malay_Male
2,46,-16,25.888652940633367,Malay_Male
2,46,-15,25.37977028529085,Malay_Male
2,46,-14,25.004644250417986,Malay_Male
2,46,-13,25.456238361266294,Malay_Male
2,46,-12,24.98601007274762,Malay_Male
2,46,-11,24.591846254314767,Malay_Male
2,46,-10,24.60791635548917,Malay_Male
2,46,-9,24.90217998882057,Malay_Male
2,46,-8,24.561730697500934,Malay_Male
2,46,-7,24.495677233429394,Malay_Male
2,46,-6,24.435185185185183,Malay_Male
2,46,-5,25.004613397305775,Malay_Male
2,46,-4,25.305634709072528,Malay_Male
2,46,-3,25.779816513761467,Malay_Male
2,46,-2,25.558199121522694,Malay_Male
2,46,-1,25.763393673432073,Malay_Male
2,47,-61,14.933417882054535,Malay_Male
2,47,-60,16.00372902423866,Malay_Male
2,47,-59,16.373911715289445,Malay_Male
2,47,-58,16.546329723225032,Malay_Male
2,47,-57,16.80035650623886,Malay_Male
2,47,-56,17.44868035190616,Malay_Male
2,47,-55,17.34338747099768,Malay_Male
2,47,-54,17.500358320194927,Malay_Male
2,47,-53,17.77934936350778,Malay_Male
2,47,-52,17.688777638715063,Malay_Male
2,47,-51,18.211648892534864,Malay_Male
2,47,-50,18.47082494969819,Malay_Male
2,47,-49,18.621778011572857,Malay_Male
2,47,-48,18.692556634304207,Malay_Male
2,47,-47,18.611146375523678,Malay_Male
2,47,-46,18.857356235997013,Malay_Male
2,47,-45,18.79717555393231,Malay_Male
2,47,-44,18.857142857142858,Malay_Male
2,47,-43,18.8162647093091,Malay_Male
2,47,-42,19.01672925913281,Malay_Male
2,47,-41,18.89149102263856,Malay_Male
2,47,-40,19.368926738726934,Malay_Male
2,47,-39,19.27852708199529,Malay_Male
2,47,-38,19.764631711673847,Malay_Male
2,47,-37,20.15487867836861,Malay_Male
2,47,-36,20.284408329101066,Malay_Male
2,47,-35,20.434304012808965,Malay_Male
2,47,-34,20.865715691096902,Malay_Male
2,47,-33,21.27494671575276,Malay_Male
2,47,-32,21.930243669374107,Malay_Male
2,47,-31,22.170878913617504,Malay_Male
2,47,-30,22.524289985052317,Malay_Male
2,47,-29,22.935609575060308,Malay_Male
2,47,-28,22.809765085214188,Malay_Male
2,47,-27,23.620673827228494,Malay_Male
2,47,-26,23.847841989758596,Malay_Male
2,47,-25,24.117486089574022,Malay_Male
2,47,-24,24.424005099717693,Malay_Male
2,47,-23,24.654419789014188,Malay_Male
2,47,-22,25.232029117379433,Malay_Male
2,47,-21,25.342090859332238,Malay_Male
2,47,-20,25.30638375708798,Malay_Male
2,47,-19,25.423108590247917,Malay_Male
2,47,-18,25.13771575468234,Malay_Male
2,47,-17,25.078196872125112,Malay_Male
2,47,-16,25.24235989290001,Malay_Male
2,47,-15,24.740644683216008,Malay_Male
2,47,-14,24.93033624373026,Malay_Male
2,47,-13,24.590316573556798,Malay_Male
2,47,-12,24.202574146614438,Malay_Male
2,47,-11,24.08806791678328,Malay_Male
2,47,-10,23.991784914115012,Malay_Male
2,47,-9,24.315259921743994,Malay_Male
2,47,-8,24.011562849682953,Malay_Male
2,47,-7,24.421307055870596,Malay_Male
2,47,-6,24.09259259259259,Malay_Male
2,47,-5,24.515593282893523,Malay_Male
2,47,-4,24.37724055519809,Malay_Male
2,47,-3,24.48623853211009,Malay_Male
2,47,-2,24.871888726207906,Malay_Male
2,47,-1,24.931431705979154,Malay_Male
2,48,-61,15.01268230818009,Malay_Male
2,48,-60,16.1124922311995,Malay_Male
2,48,-59,16.40446005804185,Malay_Male
2,48,-58,16.68170878459687,Malay_Male
2,48,-57,16.562685680332738,Malay_Male
2,48,-56,16.818181818181817,Malay_Male
2,48,-55,17.227378190255223,Malay_Male
2,48,-54,17.357030242224454,Malay_Male
2,48,-53,17.326732673267326,Malay_Male
2,48,-52,17.507996106243915,Malay_Male
2,48,-51,17.582718074924802,Malay_Male
2,48,-50,17.773306505700873,Malay_Male
2,48,-49,17.766964755391896,Malay_Male
2,48,-48,17.851132686084142,Malay_Male
2,48,-47,18.103338834581695,Malay_Male
2,48,-46,18.284789644012946,Malay_Male
2,48,-45,18.285853420988555,Malay_Male
2,48,-44,18.785714285714285,Malay_Male
2,48,-43,18.420132820692064,Malay_Male
2,48,-42,18.743598497780813,Malay_Male
2,48,-41,19.025315044050405,Malay_Male
2,48,-40,19.336172071186812,Malay_Male
2,48,-39,19.225005352172982,Malay_Male
2,48,-38,19.52295891562467,Malay_Male
2,48,-37,19.617965926690758,Malay_Male
2,48,-36,19.746063991874045,Malay_Male
2,48,-35,20.174121885319725,Malay_Male
2,48,-34,20.668962124938513,Malay_Male
2,48,-33,21.042433636892074,Malay_Male
2,48,-32,21.60535117056856,Malay_Male
2,48,-31,21.42587702753678,Malay_Male
2,48,-30,22.32810164424514,Malay_Male
2,48,-29,22.378920022267582,Malay_Male
2,48,-28,22.69000460617227,Malay_Male
2,48,-27,23.051500963921782,Malay_Male
2,48,-26,23.573518653986834,Malay_Male
2,48,-25,23.597555413664143,Malay_Male
2,48,-24,24.032419633913122,Malay_Male
2,48,-23,24.14514368861404,Malay_Male
2,48,-22,24.758871701546862,Malay_Male
2,48,-21,24.548440065681447,Malay_Male
2,48,-20,24.903969270166453,Malay_Male
2,48,-19,25.011435367303996,Malay_Male
2,48,-18,25.284612559676827,Malay_Male
2,48,-17,25.0229990800368,Malay_Male
2,48,-16,24.84535130643523,Malay_Male
2,48,-15,24.16635791033716,Malay_Male
2,48,-14,24.308006687720603,Malay_Male
2,48,-13,24.525139664804467,Malay_Male
2,48,-12,23.922775601566872,Malay_Male
2,48,-11,24.17203097303853,Malay_Male
2,48,-10,24.122479462285288,Malay_Male
2,48,-9,24.02645798397615,Malay_Male
2,48,-8,24.142111152555017,Malay_Male
2,48,-7,24.18890025099935,Malay_Male
2,48,-6,24.333333333333336,Malay_Male
2,48,-5,24.653995202066803,Malay_Male
2,48,-4,24.69896130159022,Malay_Male
2,48,-3,24.908256880733944,Malay_Male
2,48,-2,24.935944363103953,Malay_Male
2,48,-1,25.26970195648199,Malay_Male
2,49,-61,14.8858592263792,Malay_Male
2,49,-60,16.17464263517713,Malay_Male
2,49,-59,16.098976630517793,Malay_Male
2,49,-58,16.636582430806257,Malay_Male
2,49,-57,16.770647653000594,Malay_Male
2,49,-56,17.126099706744867,Malay_Male
2,49,-55,17.430394431554525,Malay_Male
2,49,-54,17.715350437150637,Malay_Male
2,49,-53,17.82178217821782,Malay_Male
2,49,-52,17.827840356000557,Malay_Male
2,49,-51,18.266338528848785,Malay_Male
2,49,-50,17.9476861167002,Malay_Male
2,49,-49,18.306154655444505,Malay_Male
2,49,-48,18.51132686084142,Malay_Male
2,49,-47,18.712707883712074,Malay_Male
2,49,-46,18.633308439133682,Malay_Male
2,49,-45,18.991964937910886,Malay_Male
2,49,-44,19.238095238095237,Malay_Male
2,49,-43,19.130840032622626,Malay_Male
2,49,-42,19.187435984977807,Malay_Male
2,49,-41,19.449091111854578,Malay_Male
2,49,-40,19.63096407904793,Malay_Male
2,49,-39,19.62106615285806,Malay_Male
2,49,-38,19.67006409582852,Malay_Male
2,49,-37,20.15487867836861,Malay_Male
2,49,-36,20.507872016251905,Malay_Male
2,49,-35,20.74452116481537,Malay_Male
2,49,-34,20.983767830791933,Malay_Male
2,49,-33,21.294322805657817,Malay_Male
2,49,-32,21.366459627329192,Malay_Male
2,49,-31,21.803093172387776,Malay_Male
2,49,-30,22.159940209267564,Malay_Male
2,49,-29,22.397476340694006,Malay_Male
2,49,-28,22.892676186089357,Malay_Male
2,49,-27,23.060681171394474,Malay_Male
2,49,-26,23.683247988295538,Malay_Male
2,49,-25,23.80735200218918,Malay_Male
2,49,-24,23.832073581641016,Malay_Male
2,49,-23,23.96325936704256,Malay_Male
2,49,-22,24.558689717925386,Malay_Male
2,49,-21,24.55756248859697,Malay_Male
2,49,-20,24.821657216023414,Malay_Male
2,49,-19,24.77357972738084,Malay_Male
2,49,-18,24.889827396254134,Malay_Male
2,49,-17,25.133394664213434,Malay_Male
2,49,-16,24.66992890776475,Malay_Male
2,49,-15,24.666543164134865,Malay_Male
2,49,-14,24.65168121865131,Malay_Male
2,49,-13,24.525139664804467,Malay_Male
2,49,-12,24.034695019585897,Malay_Male
2,49,-11,23.929471032745592,Malay_Male
2,49,-10,23.83308439133682,Malay_Male
2,49,-9,24.07303894168064,Malay_Male
2,49,-8,23.787765759045133,Malay_Male
2,49,-7,24.0122710792972,Malay_Male
2,49,-6,23.824074074074076,Malay_Male
2,49,-5,23.998892784646614,Malay_Male
2,49,-4,24.68057725893924,Malay_Male
2,49,-3,24.587155963302752,Malay_Male
2,49,-2,25.100658857979504,Malay_Male
2,49,-1,25.10513805083196,Malay_Male
2,50,-61,15.01268230818009,Malay_Male
2,50,-60,16.12802983219391,Malay_Male
2,50,-59,16.236444172903617,Malay_Male
2,50,-58,16.456077015643803,Malay_Male
2,50,-57,16.81521093285799,Malay_Male
2,50,-56,17.023460410557185,Malay_Male
2,50,-55,17.24187935034803,Malay_Male
2,50,-54,17.14203812526874,Malay_Male
2,50,-53,17.12871287128713,Malay_Male
2,50,-52,17.36893338895842,Malay_Male
2,50,-51,17.445993984140003,Malay_Male
2,50,-50,17.33065057008719,Malay_Male
2,50,-49,17.59600210415571,Malay_Male
2,50,-48,17.55339805825243,Malay_Male
2,50,-47,17.684397613304558,Malay_Male
2,50,-46,18.147871545929796,Malay_Male
2,50,-45,18.371073776479182,Malay_Male
2,50,-44,18.44047619047619,Malay_Male
2,50,-43,18.431783758592566,Malay_Male
2,50,-42,18.45908728803915,Malay_Male
2,50,-41,18.757667001226718,Malay_Male
2,50,-40,18.943116060705318,Malay_Male
2,50,-39,19.07514450867052,Malay_Male
2,50,-38,18.976568246296104,Malay_Male
2,50,-37,19.59731543624161,Malay_Male
2,50,-36,19.400711020822754,Malay_Male
2,50,-35,19.513659561693185,Malay_Male
2,50,-34,19.773733398917855,Malay_Male
2,50,-33,20.199573726022088,Malay_Male
2,50,-32,20.774008600095556,Malay_Male
2,50,-31,21.246699358732553,Malay_Male
2,50,-30,21.41255605381166,Malay_Male
2,50,-29,21.720170718129523,Malay_Male
2,50,-28,21.916167664670656,Malay_Male
2,50,-27,22.42724685577894,Malay_Male
2,50,-26,22.512801755669347,Malay_Male
2,50,-25,23.050259965337954,Malay_Male
2,50,-24,23.62262089062927,Malay_Male
2,50,-23,23.726809748999635,Malay_Male
2,50,-22,24.504094631483166,Malay_Male
2,50,-21,24.35686918445539,Malay_Male
2,50,-20,24.501554783244924,Malay_Male
2,50,-19,24.517427499771294,Malay_Male
2,50,-18,24.605214836577304,Malay_Male
2,50,-17,24.81140754369825,Malay_Male
2,50,-16,24.688394423414273,Malay_Male
2,50,-15,24.314560948499444,Malay_Male
2,50,-14,24.326583689392532,Malay_Male
2,50,-13,24.078212290502794,Malay_Male
2,50,-12,24.2678604737922,Malay_Male
2,50,-11,24.134714059147306,Malay_Male
2,50,-10,24.206497386109035,Malay_Male
2,50,-9,24.091671324762437,Malay_Male
2,50,-8,24.403207758299143,Malay_Male
2,50,-7,24.170307706609652,Malay_Male
2,50,-6,24.324074074074073,Malay_Male
2,50,-5,24.35873777449714,Malay_Male
2,50,-4,24.450776725802005,Malay_Male
2,50,-3,25.08256880733945,Malay_Male
2,50,-2,24.63396778916545,Malay_Male
2,50,-1,25.050283415615286,Malay_Male
2,51,-61,14.87000634115409,Malay_Male
2,51,-60,15.910503418272217,Malay_Male
2,51,-59,16.389185886665647,Malay_Male
2,51,-58,16.51624548736462,Malay_Male
2,51,-57,16.785502079619725,Malay_Male
2,51,-56,16.979472140762464,Malay_Male
2,51,-55,17.096867749419953,Malay_Male
2,51,-54,17.14203812526874,Malay_Male
2,51,-53,16.987270155586987,Malay_Male
2,51,-52,17.257683215130022,Malay_Male
2,51,-51,17.66475252939568,Malay_Male
2,51,-50,17.57209926224011,Malay_Male
2,51,-49,17.83271962125197,Malay_Male
2,51,-48,17.902912621359224,Malay_Male
2,51,-47,18.344547416529135,Malay_Male
2,51,-46,18.38436644261887,Malay_Male
2,51,-45,18.809349890430973,Malay_Male
2,51,-44,18.261904761904763,Malay_Male
2,51,-43,18.443434696493068,Malay_Male
2,51,-42,18.515989529987483,Malay_Male
2,51,-41,18.77997100479536,Malay_Male
2,51,-40,18.855770280598318,Malay_Male
2,51,-39,19.128666238492826,Malay_Male
2,51,-38,19.764631711673847,Malay_Male
2,51,-37,19.752194114610223,Malay_Male
2,51,-36,20.091416962925344,Malay_Male
2,51,-35,20.20414290003002,Malay_Male
2,51,-34,20.511559272011805,Malay_Male
2,51,-33,21.13931408641736,Malay_Male
2,51,-32,21.347348303870042,Malay_Male
2,51,-31,21.82195397963033,Malay_Male
2,51,-30,22.10388639760837,Malay_Male
2,51,-29,22.3139729077751,Malay_Male
2,51,-28,22.70842929525564,Malay_Male
2,51,-27,22.812815569631873,Malay_Male
2,51,-26,23.491221653255305,Malay_Male
2,51,-25,23.670528140107635,Malay_Male
2,51,-24,23.822966942901374,Malay_Male
2,51,-23,24.0542015278283,Malay_Male
2,51,-22,24.340309372156508,Malay_Male
2,51,-21,24.594052180259077,Malay_Male
2,51,-20,24.657033107737334,Malay_Male
2,51,-19,24.563168968987284,Malay_Male
2,51,-18,24.84392214469335,Malay_Male
2,51,-17,24.71021159153634,Malay_Male
2,51,-16,24.660696149939987,Malay_Male
2,51,-15,24.555390885513155,Malay_Male
2,51,-14,24.772431729518857,Malay_Male
2,51,-13,24.366852886405958,Malay_Male
2,51,-12,24.258533855623952,Malay_Male
2,51,-11,24.144043287620114,Malay_Male
2,51,-10,24.169156086631816,Malay_Male
2,51,-9,24.184833240171418,Malay_Male
2,51,-8,23.871689668034314,Malay_Male
2,51,-7,24.1610114344148,Malay_Male
2,51,-6,24.305555555555554,Malay_Male
2,51,-5,24.275696622993173,Malay_Male
2,51,-4,24.937953856052946,Malay_Male
2,51,-3,24.467889908256883,Malay_Male
2,51,-2,24.670571010248903,Malay_Male
2,51,-1,24.785152678734686,Malay_Male
2,52,-61,15.155358275206087,Malay_Male
2,52,-60,15.755127408328153,Malay_Male
2,52,-59,16.160073316022604,Malay_Male
2,52,-58,16.305655836341757,Malay_Male
2,52,-57,16.547831253713607,Malay_Male
2,52,-56,16.627565982404693,Malay_Male
2,52,-55,16.83584686774942,Malay_Male
2,52,-54,17.52902393578902,Malay_Male
2,52,-53,17.227722772277225,Malay_Male
2,52,-52,17.36893338895842,Malay_Male
2,52,-51,17.309269893355207,Malay_Male
2,52,-50,17.303822937625753,Malay_Male
2,52,-49,17.4118884797475,Malay_Male
2,52,-48,17.29449838187702,Malay_Male
2,52,-47,17.341627523168718,Malay_Male
2,52,-46,17.61264625342295,Malay_Male
2,52,-45,17.908448989530072,Malay_Male
2,52,-44,17.80952380952381,Malay_Male
2,52,-43,18.024000932075033,Malay_Male
2,52,-42,18.25423921702515,Malay_Male
2,52,-41,18.23352291736367,Malay_Male
2,52,-40,18.451796047603448,Malay_Male
2,52,-39,18.700492399914364,Malay_Male
2,52,-38,18.74540296311863,Malay_Male
2,52,-37,19.122354155911204,Malay_Male
2,52,-36,19.542915185373285,Malay_Male
2,52,-35,19.743820674472133,Malay_Male
2,52,-34,19.872110181997048,Malay_Male
2,52,-33,20.218949815927147,Malay_Male
2,52,-32,20.76445293836598,Malay_Male
2,52,-31,21.152395322519805,Malay_Male
2,52,-30,21.795590433482808,Malay_Male
2,52,-29,21.91501206160698,Malay_Male
2,52,-28,22.450483648088436,Malay_Male
2,52,-27,22.867896814468004,Malay_Male
2,52,-26,22.933430870519388,Malay_Male
2,52,-25,23.29654291708474,Malay_Male
2,52,-24,23.513341225753575,Malay_Male
2,52,-23,23.954165150963988,Malay_Male
2,52,-22,23.96724294813467,Malay_Male
2,52,-21,23.93723773034118,Malay_Male
2,52,-20,24.28205597219682,Malay_Male
2,52,-19,24.398499679809717,Malay_Male
2,52,-18,24.605214836577304,Malay_Male
2,52,-17,24.351425942962283,Malay_Male
2,52,-16,24.392946173021883,Malay_Male
2,52,-15,24.286772878844015,Malay_Male
2,52,-14,23.95504365595393,Malay_Male
2,52,-13,24.106145251396647,Malay_Male
2,52,-12,23.484424547659017,Malay_Male
2,52,-11,24.078738688310477,Malay_Male
2,52,-10,23.777072442120986,Malay_Male
2,52,-9,23.709707471585617,Malay_Male
2,52,-8,23.797090637821707,Malay_Male
2,52,-7,23.928604629543553,Malay_Male
2,52,-6,24.14814814814815,Malay_Male
2,52,-5,24.26646982838162,Malay_Male
2,52,-4,24.50592885375494,Malay_Male
2,52,-3,24.678899082568808,Malay_Male
2,52,-2,25.0,Malay_Male
2,52,-1,25.443408301334795,Malay_Male
2,53,-61,14.980976537729868,Malay_Male
2,53,-60,16.143567433188316,Malay_Male
2,53,-59,16.312815029784634,Malay_Male
2,53,-58,16.380866425992778,Malay_Male
2,53,-57,16.830065359477125,Malay_Male
2,53,-56,16.964809384164223,Malay_Male
2,53,-55,16.980858468677496,Malay_Male
2,53,-54,17.170703740862837,Malay_Male
2,53,-53,17.100424328147103,Malay_Male
2,53,-52,17.521902377972467,Malay_Male
2,53,-51,17.459666393218484,Malay_Male
2,53,-50,17.50503018108652,Malay_Male
2,53,-49,17.819568648079958,Malay_Male
2,53,-48,17.915857605177994,Malay_Male
2,53,-47,17.65900723625746,Malay_Male
2,53,-46,17.936270848892207,Malay_Male
2,53,-45,18.285853420988555,Malay_Male
2,53,-44,18.321428571428573,Malay_Male
2,53,-43,18.257019690085052,Malay_Male
2,53,-42,18.32252190736315,Malay_Male
2,53,-41,18.333890933422552,Malay_Male
2,53,-40,18.877606725625068,Malay_Male
2,53,-39,18.978805394990367,Malay_Male
2,53,-38,19.49143637700956,Malay_Male
2,53,-37,19.84512132163139,Malay_Male
2,53,-36,19.776536312849164,Malay_Male
2,53,-35,20.104072850995696,Malay_Male
2,53,-34,20.245941957697983,Malay_Male
2,53,-33,20.74210424336369,Malay_Male
2,53,-32,21.012900143334925,Malay_Male
2,53,-31,21.388155413051678,Malay_Male
2,53,-30,22.253363228699552,Malay_Male
2,53,-29,22.202634997216553,Malay_Male
2,53,-28,22.911100875172732,Malay_Male
2,53,-27,22.99641971908565,Malay_Male
2,53,-26,23.280907095830287,Malay_Male
2,53,-25,23.478974733193468,Malay_Male
2,53,-24,23.750113832984248,Malay_Male
2,53,-23,24.48162968352128,Malay_Male
2,53,-22,24.37670609645132,Malay_Male
2,53,-21,24.758255792738552,Malay_Male
2,53,-20,24.574721053594292,Malay_Male
2,53,-19,24.94739731040161,Malay_Male
2,53,-18,24.752111641571794,Malay_Male
2,53,-17,24.977000919963203,Malay_Male
2,53,-16,24.67916166558951,Malay_Male
2,53,-15,24.518340125972582,Malay_Male
2,53,-14,24.112948170165335,Malay_Male
2,53,-13,24.236499068901303,Malay_Male
2,53,-12,24.062674874090657,Malay_Male
2,53,-11,23.73355723481668,Malay_Male
2,53,-10,23.562359970126963,Malay_Male
2,53,-9,23.942612260108067,Malay_Male
2,53,-8,23.983588213353226,Malay_Male
2,53,-7,24.170307706609652,Malay_Male
2,53,-6,24.23148148148148,Malay_Male
2,53,-5,24.26646982838162,Malay_Male
2,53,-4,24.487544811103962,Malay_Male
2,53,-3,24.605504587155963,Malay_Male
2,53,-2,24.68887262079063,Malay_Male
2,53,-1,24.977143901993053,Malay_Male
3,0,-61,4.436860068259386,Malay_Female
3,0,-60,4.958677685950414,Malay_Female
3,0,-59,5.055390856607895,Malay_Female
3,0,-58,4.980842911877394,Malay_Female
3,0,-57,5.095733453942409,Malay_Female
3,0,-56,5.10688836104513,Malay_Female
3,0,-55,5.092931362505488,Malay_Female
3,0,-54,5.383172174917015,Malay_Female
3,0,-53,5.178039438218187,Malay_Female
3,0,-52,5.334261838440112,Malay_Female
3,0,-51,5.6162886034435635,Malay_Female
3,0,-50,5.5622409413023135,Malay_Female
3,0,-49,5.394082220476565,Malay_Female
3,0,-48,5.544809800128949,Malay_Female
3,0,-47,5.554854185077642,Malay_Female
3,0,-46,5.510935376251081,Malay_Female
3,0,-45,5.5113362276893385,Malay_Female
3,0,-44,5.605381165919283,Malay_Female
3,0,-43,5.764787430683919,Malay_Female
3,0,-42,5.712350417701513,Malay_Female
3,0,-41,5.577689243027888,Malay_Female
3,0,-40,5.577256944444445,Malay_Female
3,0,-39,5.690883948516115,Malay_Female
3,0,-38,5.862681575922249,Malay_Female
3,0,-37,5.99609174123213,Malay_Female
3,0,-36,6.18796840186348,Malay_Female
3,0,-35,6.548390311970498,Malay_Female
3,0,-34,6.740027510316368,Malay_Female
3,0,-33,6.92292796281952,Malay_Female
3,0,-32,7.112089595099072,Malay_Female
3,0,-31,7.479198184568834,Malay_Female
3,0,-30,7.533345857599098,Malay_Female
3,0,-29,7.785820341499629,Malay_Female
3,0,-28,7.957266531589611,Malay_Female
3,0,-27,8.012467913458012,Malay_Female
3,0,-26,8.251850498035274,Malay_Female
3,0,-25,8.361417251115766,Malay_Female
3,0,-24,8.377296707294889,Malay_Female
3,0,-23,8.604693469165,Malay_Female
3,0,-22,8.662780105665876,Malay_Female
3,0,-21,8.693270021002649,Malay_Female
3,0,-20,8.908624793993775,Malay_Female
3,0,-19,8.85808702037819,Malay_Female
3,0,-18,8.79161302188707,Malay_Female
3,0,-17,8.879064198213134,Malay_Female
3,0,-16,8.792529585798817,Malay_Female
3,0,-15,8.480074142724744,Malay_Female
3,0,-14,8.828175820091069,Malay_Female
3,0,-13,8.555203872649415,Malay_Female
3,0,-12,8.42911877394636,Malay_Female
3,0,-11,8.658616493494337,Malay_Female
3,0,-10,8.516638465877044,Malay_Female
3,0,-9,8.501034417904833,Malay_Female
3,0,-8,8.523849844764325,Malay_Female
3,0,-7,8.34506711724397,Malay_Female
3,0,-6,8.500280846283466,Malay_Female
3,0,-5,8.646475976818097,Malay_Female
3,0,-4,8.864421013343286,Malay_Female
3,0,-3,8.566629339305711,Malay_Female
3,0,-2,8.793360686311077,Malay_Female
3,0,-1,8.860287259839582,Malay_Female
3,1,-61,4.5181212416707295,Malay_Female
3,1,-60,4.783852511125239,Malay_Female
3,1,-59,4.836948041816196,Malay_Female
3,1,-58,4.842911877394636,Malay_Female
3,1,-57,4.944972109151213,Malay_Female
3,1,-56,5.10688836104513,Malay_Female
3,1,-55,5.019757061320065,Malay_Female
3,1,-54,5.224419108096407,Malay_Female
3,1,-53,5.5326996737125835,Malay_Female
3,1,-52,5.417827298050139,Malay_Female
3,1,-51,5.6299535392183655,Malay_Female
3,1,-50,5.522128626821768,Malay_Female
3,1,-49,5.315527625032731,Malay_Female
3,1,-48,5.18375241779497,Malay_Female
3,1,-47,5.340234818836006,Malay_Female
3,1,-46,5.103175583837884,Malay_Female
3,1,-45,5.258080077182827,Malay_Female
3,1,-44,5.3929667217370785,Malay_Female
3,1,-43,5.371996303142329,Malay_Female
3,1,-42,5.305938135019192,Malay_Female
3,1,-41,5.400619743249226,Malay_Female
3,1,-40,5.479600694444445,Malay_Female
3,1,-39,5.754706946069567,Malay_Female
3,1,-38,5.935834465461386,Malay_Female
3,1,-37,6.047516198704104,Malay_Female
3,1,-36,6.248734049017622,Malay_Female
3,1,-35,6.538423203428685,Malay_Female
3,1,-34,6.779327962271566,Malay_Female
3,1,-33,6.990704879938033,Malay_Female
3,1,-32,7.073801091222361,Malay_Female
3,1,-31,7.4508320726172474,Malay_Female
3,1,-30,7.833928235957168,Malay_Female
3,1,-29,7.869339272457313,Malay_Female
3,1,-28,7.994105728495119,Malay_Female
3,1,-27,8.14998166483315,Malay_Female
3,1,-26,8.452892259892169,Malay_Female
3,1,-25,8.580016394935788,Malay_Female
3,1,-24,8.732035655812261,Malay_Female
3,1,-23,9.07767873385483,Malay_Female
3,1,-22,9.336855529240298,Malay_Female
3,1,-21,9.378138982741302,Malay_Female
3,1,-20,9.55868888481963,Malay_Female
3,1,-19,9.46392509638333,Malay_Female
3,1,-18,9.821592790141622,Malay_Female
3,1,-17,9.394860458690246,Malay_Female
3,1,-16,9.365754437869821,Malay_Female
3,1,-15,9.360518999073216,Malay_Female
3,1,-14,9.097667503020165,Malay_Female
3,1,-13,8.918264755166636,Malay_Female
3,1,-12,8.821605457433884,Malay_Female
3,1,-11,8.817747823645043,Malay_Female
3,1,-10,8.394435044181236,Malay_Female
3,1,-9,8.388188828286628,Malay_Female
3,1,-8,8.335685389030012,Malay_Female
3,1,-7,8.260583873087393,Malay_Female
3,1,-6,8.266242276727205,Malay_Female
3,1,-5,8.291269396148813,Malay_Female
3,1,-4,8.435196416907717,Malay_Female
3,1,-3,8.585293019783501,Malay_Female
3,1,-2,8.522939201790376,Malay_Female
3,1,-1,8.81365416899832,Malay_Female
3,2,-61,4.5018690069884615,Malay_Female
3,2,-60,4.879211697393516,Malay_Female
3,2,-59,4.961772507411453,Malay_Female
3,2,-58,5.026819923371647,Malay_Female
3,2,-57,5.080657319463289,Malay_Female
3,2,-56,5.344418052256532,Malay_Female
3,2,-55,5.444168008195522,Malay_Female
3,2,-54,5.469764756819165,Malay_Female
3,2,-53,5.702936586749894,Malay_Female
3,2,-52,5.821727019498607,Malay_Female
3,2,-51,5.8622574473899975,Malay_Female
3,2,-50,5.883139457146677,Malay_Female
3,2,-49,5.996334118879288,Malay_Female
3,2,-48,5.8542875564152155,Malay_Female
3,2,-47,5.832596894331524,Malay_Female
3,2,-46,5.881626096626714,Malay_Female
3,2,-45,5.957549445248432,Malay_Female
3,2,-44,6.018409251829125,Malay_Female
3,2,-43,5.984288354898337,Malay_Female
3,2,-42,5.994581169564236,Malay_Female
3,2,-41,5.8322266489597165,Malay_Female
3,2,-40,5.924479166666666,Malay_Female
3,2,-39,5.9461759387299224,Malay_Female
3,2,-38,5.894032814296165,Malay_Female
3,2,-37,6.109225547670472,Malay_Female
3,2,-36,6.1373303625683615,Malay_Female
3,2,-35,6.259344164257949,Malay_Female
3,2,-34,6.464924346629987,Malay_Female
3,2,-33,6.6905499612703325,Malay_Female
3,2,-32,6.911074949746339,Malay_Female
3,2,-31,7.063161875945537,Malay_Female
3,2,-30,7.46759346233327,Malay_Female
3,2,-29,7.57238307349666,Malay_Female
3,2,-28,7.754650948609321,Malay_Female
3,2,-27,7.902456912357902,Malay_Female
3,2,-26,8.297541807548205,Malay_Female
3,2,-25,8.161034702614081,Malay_Female
3,2,-24,8.186283427323996,Malay_Female
3,2,-23,8.559214116790976,Malay_Female
3,2,-22,8.635452723629076,Malay_Female
3,2,-21,8.88503333028947,Malay_Female
3,2,-20,8.936092290789233,Malay_Female
3,2,-19,9.004956856985496,Malay_Female
3,2,-18,9.104285451535773,Malay_Female
3,2,-17,9.302753983605047,Malay_Female
3,2,-16,9.22707100591716,Malay_Female
3,2,-15,8.878591288229842,Malay_Female
3,2,-14,8.846761453396525,Malay_Female
3,2,-13,9.002048035747533,Malay_Female
3,2,-12,8.877674983646388,Malay_Female
3,2,-11,8.75222315828887,Malay_Female
3,2,-10,8.76104530926866,Malay_Female
3,2,-9,8.64209140492759,Malay_Female
3,2,-8,8.288644275096434,Malay_Female
3,2,-7,8.326293062986952,Malay_Female
3,2,-6,8.575173188541472,Malay_Female
3,2,-5,8.506262852869694,Malay_Female
3,2,-4,8.64047774563777,Malay_Female
3,2,-3,8.706606942889138,Malay_Female
3,2,-2,8.709436777321896,Malay_Female
3,2,-1,9.093452714045887,Malay_Female
3,3,-61,4.583130180399805,Malay_Female
3,3,-60,4.815638906547997,Malay_Female
3,3,-59,4.914963332813231,Malay_Female
3,3,-58,4.919540229885057,Malay_Female
3,3,-57,5.05050505050505,Malay_Female
3,3,-56,5.136579572446555,Malay_Female
3,3,-55,5.034391921557149,Malay_Female
3,3,-54,5.195554914129023,Malay_Female
3,3,-53,5.248971485317067,Malay_Female
3,3,-52,5.43175487465181,Malay_Female
3,3,-51,5.5479639245695545,Malay_Female
3,3,-50,5.548870169808798,Malay_Female
3,3,-49,5.577376276512176,Malay_Female
3,3,-48,5.544809800128949,Malay_Female
3,3,-47,5.466481504860497,Malay_Female
3,3,-46,5.251451871988138,Malay_Female
3,3,-45,5.342498794018331,Malay_Female
3,3,-44,5.475572338919046,Malay_Female
3,3,-43,5.452865064695009,Malay_Female
3,3,-42,5.463987356062317,Malay_Female
3,3,-41,5.5002213368747235,Malay_Female
3,3,-40,5.653211805555555,Malay_Female
3,3,-39,5.892990107435379,Malay_Female
3,3,-38,5.810429511965723,Malay_Female
3,3,-37,6.1812197881312345,Malay_Female
3,3,-36,6.2791168725946935,Malay_Female
3,3,-35,6.65802850593043,Malay_Female
3,3,-34,6.592650815484379,Malay_Female
3,3,-33,6.913245546088303,Malay_Female
3,3,-32,7.064228965253183,Malay_Female
3,3,-31,7.431921331316188,Malay_Female
3,3,-30,7.730603043396581,Malay_Female
3,3,-29,7.887899034892354,Malay_Female
3,3,-28,8.067784122306133,Malay_Female
3,3,-27,8.186651998533186,Malay_Female
3,3,-26,8.087361783788724,Malay_Female
3,3,-25,8.288550869842426,Malay_Female
3,3,-24,8.377296707294889,Malay_Female
3,3,-23,8.650172821539021,Malay_Female
3,3,-22,8.835853525232283,Malay_Female
3,3,-21,8.793717468724317,Malay_Female
3,3,-20,8.817066471342246,Malay_Female
3,3,-19,9.05085368092528,Malay_Female
3,3,-18,9.076696707743242,Malay_Female
3,3,-17,8.879064198213134,Malay_Female
3,3,-16,8.93121301775148,Malay_Female
3,3,-15,8.76737720111214,Malay_Female
3,3,-14,8.670197936994702,Malay_Female
3,3,-13,8.555203872649415,Malay_Female
3,3,-12,8.419773852910943,Malay_Female
3,3,-11,8.41523916502855,Malay_Female
3,3,-10,8.338033464937018,Malay_Female
3,3,-9,8.454015422230581,Malay_Female
3,3,-8,8.175745601655846,Malay_Female
3,3,-7,8.382615225758002,Malay_Female
3,3,-6,8.612619359670473,Malay_Female
3,3,-5,8.440830061693774,Malay_Female
3,3,-4,8.761780348978258,Malay_Female
3,3,-3,8.743934303844718,Malay_Female
3,3,-2,8.821335322640806,Malay_Female
3,3,-1,8.98153329602686,Malay_Female
3,4,-61,4.453112302941655,Malay_Female
3,4,-60,4.847425301970756,Malay_Female
3,4,-59,4.899360274613825,Malay_Female
3,4,-58,4.812260536398467,Malay_Female
3,4,-57,5.005276647067692,Malay_Female
3,4,-56,5.092042755344418,Malay_Female
3,4,-55,5.1368359432167425,Malay_Female
3,4,-54,5.152258623177948,Malay_Female
3,4,-53,5.2773443041566175,Malay_Female
3,4,-52,5.362116991643454,Malay_Female
3,4,-51,5.37031975949713,Malay_Female
3,4,-50,5.308196282925525,Malay_Female
3,4,-49,5.511914113642315,Malay_Female
3,4,-48,5.36428110896196,Malay_Female
3,4,-47,5.516980179270294,Malay_Female
3,4,-46,5.7333498084764605,Malay_Female
3,4,-45,5.535455861070912,Malay_Female
3,4,-44,5.475572338919046,Malay_Female
3,4,-43,5.591497227356747,Malay_Female
3,4,-42,5.791375028223075,Malay_Female
3,4,-41,5.5002213368747235,Malay_Female
3,4,-40,5.631510416666666,Malay_Female
3,4,-39,5.797255611105202,Malay_Female
3,4,-38,5.852231163130943,Malay_Female
3,4,-37,6.129795330659261,Malay_Female
3,4,-36,5.9955438525420295,Malay_Female
3,4,-35,6.199541513007077,Malay_Female
3,4,-34,6.5140499115739825,Malay_Female
3,4,-33,6.622773044151821,Malay_Female
3,4,-32,6.824925816023739,Malay_Female
3,4,-31,7.167170953101362,Malay_Female
3,4,-30,7.589705053541236,Malay_Female
3,4,-29,7.80438010393467,Malay_Female
3,4,-28,7.966476330815989,Malay_Female
3,4,-27,8.113311331133113,Malay_Female
3,4,-26,8.288403545645618,Malay_Female
3,4,-25,8.315875762819928,Malay_Female
3,4,-24,8.704748044387848,Malay_Female
3,4,-23,9.07767873385483,Malay_Female
3,4,-22,9.01803607214429,Malay_Female
3,4,-21,9.40553374121085,Malay_Female
3,4,-20,9.549533052554478,Malay_Female
3,4,-19,9.372131448503763,Malay_Female
3,4,-18,9.508920360492919,Malay_Female
3,4,-17,9.514598876301005,Malay_Female
3,4,-16,9.310281065088757,Malay_Female
3,4,-15,9.304911955514365,Malay_Female
3,4,-14,9.069789053061983,Malay_Female
3,4,-13,9.039285049339044,Malay_Female
3,4,-12,9.07391832539015,Malay_Female
3,4,-11,8.845829823083404,Malay_Female
3,4,-10,9.052453468697124,Malay_Female
3,4,-9,9.149896558209516,Malay_Female
3,4,-8,8.83432119672594,Malay_Female
3,4,-7,8.720548202384306,Malay_Female
3,4,-6,9.052611870436248,Malay_Female
3,4,-5,8.665171060011218,Malay_Female
3,4,-4,9.013716525146963,Malay_Female
3,4,-3,9.29451287793953,Malay_Female
3,4,-2,9.278254382693026,Malay_Female
3,4,-1,9.522477149785487,Malay_Female
3,5,-61,4.550625711035267,Malay_Female
3,5,-60,4.783852511125239,Malay_Female
3,5,-59,4.883757216414417,Malay_Female
3,5,-58,4.904214559386974,Malay_Female
3,5,-57,5.035428916025931,Malay_Female
3,5,-56,4.958432304038005,Malay_Female
3,5,-55,5.107566222742572,Malay_Female
3,5,-54,5.181122817145331,Malay_Female
3,5,-53,5.305717122996169,Malay_Female
3,5,-52,5.389972144846797,Malay_Female
3,5,-51,5.5069691172451485,Malay_Female
3,5,-50,5.548870169808798,Malay_Female
3,5,-49,5.577376276512176,Malay_Female
3,5,-48,5.609284332688588,Malay_Female
3,5,-47,5.27711147582376,Malay_Female
3,5,-46,5.337946373409119,Malay_Female
3,5,-45,5.209840810419681,Malay_Female
3,5,-44,5.251357092282275,Malay_Female
3,5,-43,5.383548983364141,Malay_Female
3,5,-42,5.339805825242718,Malay_Female
3,5,-41,5.555555555555555,Malay_Female
3,5,-40,5.783420138888888,Malay_Female
3,5,-39,5.871715774917561,Malay_Female
3,5,-38,5.988086529417911,Malay_Female
3,5,-37,6.140080222153657,Malay_Female
3,5,-36,6.218351225440551,Malay_Female
3,5,-35,6.677962723014054,Malay_Female
3,5,-34,6.828453527215562,Malay_Female
3,5,-33,6.990704879938033,Malay_Female
3,5,-32,7.169522350914138,Malay_Female
3,5,-31,7.290090771558246,Malay_Female
3,5,-30,7.730603043396581,Malay_Female
3,5,-29,7.795100222717149,Malay_Female
3,5,-28,8.095413519985264,Malay_Female
3,5,-27,8.379171250458379,Malay_Female
3,5,-26,8.37978616467148,Malay_Female
3,5,-25,8.680207669186629,Malay_Female
3,5,-24,8.732035655812261,Malay_Female
3,5,-23,8.93214480625796,Malay_Female
3,5,-22,9.163782109673893,Malay_Female
3,5,-21,9.213770431924024,Malay_Female
3,5,-20,9.229078923274125,Malay_Female
3,5,-19,9.261979071048284,Malay_Female
3,5,-18,9.352584145668567,Malay_Female
3,5,-17,9.431703048724325,Malay_Female
3,5,-16,9.375,Malay_Female
3,5,-15,9.054680259499538,Malay_Female
3,5,-14,9.05120341975653,Malay_Female
3,5,-13,9.08583131632843,Malay_Female
3,5,-12,8.933744509858892,Malay_Female
3,5,-11,8.49948516334363,Malay_Female
3,5,-10,8.535438992291784,Malay_Female
3,5,-9,8.463419221365431,Malay_Female
3,5,-8,8.523849844764325,Malay_Female
3,5,-7,8.420163334272036,Malay_Female
3,5,-6,8.734319415839732,Malay_Female
3,5,-5,8.721256309590578,Malay_Female
3,5,-4,9.228328823364748,Malay_Female
3,5,-3,9.135871593878313,Malay_Female
3,5,-2,9.604625139873182,Malay_Female
3,5,-1,9.335944786420445,Malay_Female
3,6,-61,4.453112302941655,Malay_Female
3,6,-60,4.958677685950414,Malay_Female
3,6,-59,4.883757216414417,Malay_Female
3,6,-58,5.042145593869732,Malay_Female
3,6,-57,5.020352781546811,Malay_Female
3,6,-56,5.062351543942993,Malay_Female
3,6,-55,4.990487340845895,Malay_Female
3,6,-54,5.311011689998557,Malay_Female
3,6,-53,5.546886083132359,Malay_Female
3,6,-52,5.64066852367688,Malay_Female
3,6,-51,5.452309374145941,Malay_Female
3,6,-50,5.5622409413023135,Malay_Female
3,6,-49,5.446451950772453,Malay_Female
3,6,-48,5.635074145712444,Malay_Female
3,6,-47,5.479106173462946,Malay_Female
3,6,-46,5.436797232175954,Malay_Female
3,6,-45,5.342498794018331,Malay_Female
3,6,-44,5.345763511918811,Malay_Female
3,6,-43,5.475970425138632,Malay_Female
3,6,-42,5.384962745540754,Malay_Female
3,6,-41,5.245683930942895,Malay_Female
3,6,-40,5.381944444444445,Malay_Female
3,6,-39,5.456866290820125,Malay_Female
3,6,-38,5.716375796843975,Malay_Female
3,6,-37,5.913812609276972,Malay_Female
3,6,-36,6.117075146850314,Malay_Female
3,6,-35,6.368982358217881,Malay_Female
3,6,-34,6.582825702495579,Malay_Female
3,6,-33,6.6905499612703325,Malay_Female
3,6,-32,7.064228965253183,Malay_Female
3,6,-31,7.233358547655068,Malay_Female
3,6,-30,7.420627465714823,Malay_Female
3,6,-29,7.312546399406088,Malay_Female
3,6,-28,7.5428255664026524,Malay_Female
3,6,-27,8.16831683168317,Malay_Female
3,6,-26,8.270127021840445,Malay_Female
3,6,-25,8.434283632389107,Malay_Female
3,6,-24,8.531926505366563,Malay_Female
3,6,-23,8.486447152992541,Malay_Female
3,6,-22,8.945163053379487,Malay_Female
3,6,-21,9.003743950324171,Malay_Female
3,6,-20,9.229078923274125,Malay_Female
3,6,-19,9.243620341472369,Malay_Female
3,6,-18,9.187051682913372,Malay_Female
3,6,-17,9.293543336096526,Malay_Female
3,6,-16,9.264053254437869,Malay_Female
3,6,-15,9.138090824837814,Malay_Female
3,6,-14,9.497258619087445,Malay_Female
3,6,-13,9.206851610500838,Malay_Female
3,6,-12,9.167367535744322,Malay_Female
3,6,-11,9.182813816343725,Malay_Female
3,6,-10,8.75164504606129,Malay_Female
3,6,-9,8.698514199736694,Malay_Female
3,6,-8,8.881362310659515,Malay_Female
3,6,-7,8.758096310898338,Malay_Female
3,6,-6,8.968357985395993,Malay_Female
3,6,-5,8.93624976631146,Malay_Female
3,6,-4,8.883082952318746,Malay_Female
3,6,-3,8.827920865994775,Malay_Female
3,6,-2,8.85863483774711,Malay_Female
3,6,-1,9.270658459242679,Malay_Female
3,7,-61,4.5018690069884615,Malay_Female
3,7,-60,4.926891290527654,Malay_Female
3,7,-59,4.946169449212046,Malay_Female
3,7,-58,5.042145593869732,Malay_Female
3,7,-57,5.4877129503995175,Malay_Female
3,7,-56,5.656175771971497,Malay_Female
3,7,-55,5.546612029855115,Malay_Female
3,7,-54,5.541925241737625,Malay_Female
3,7,-53,5.589445311391686,Malay_Female
3,7,-52,5.766016713091922,Malay_Female
3,7,-51,5.7666028969663845,Malay_Female
3,7,-50,5.7494317422115255,Malay_Female
3,7,-49,5.943964388583399,Malay_Female
3,7,-48,5.506125080593165,Malay_Female
3,7,-47,5.655851533897235,Malay_Female
3,7,-46,5.708637093784752,Malay_Female
3,7,-45,5.656054027978775,Malay_Female
3,7,-44,5.593580363464715,Malay_Female
3,7,-43,5.568391866913124,Malay_Female
3,7,-42,5.373673515466245,Malay_Female
3,7,-41,5.5002213368747235,Malay_Female
3,7,-40,5.316840277777778,Malay_Female
3,7,-39,5.456866290820125,Malay_Female
3,7,-38,5.6641237328874485,Malay_Female
3,7,-37,5.852103260310604,Malay_Female
3,7,-36,5.904395381810816,Malay_Female
3,7,-35,6.040067776338084,Malay_Female
3,7,-34,6.170170956966005,Malay_Female
3,7,-33,6.545313710302092,Malay_Female
3,7,-32,6.671771800516894,Malay_Female
3,7,-31,7.148260211800303,Malay_Female
3,7,-30,7.007326695472478,Malay_Female
3,7,-29,7.6002227171492205,Malay_Female
3,7,-28,7.644133357892797,Malay_Female
3,7,-27,7.893289328932894,Malay_Female
3,7,-26,7.877181760029242,Malay_Female
3,7,-25,8.406958739411605,Malay_Female
3,7,-24,8.495543023467347,Malay_Female
3,7,-23,8.677460432963436,Malay_Female
3,7,-22,8.954272180725088,Malay_Female
3,7,-21,9.177244087297963,Malay_Female
3,7,-20,9.375572239516572,Malay_Female
3,7,-19,9.43638700201946,Malay_Female
3,7,-18,9.223836674636749,Malay_Female
3,7,-17,9.063277148383532,Malay_Female
3,7,-16,8.93121301775148,Malay_Female
3,7,-15,8.906394810009267,Malay_Female
3,7,-14,9.07908186971471,Malay_Female
3,7,-13,8.843790727983615,Malay_Female
3,7,-12,8.784225773292215,Malay_Female
3,7,-11,8.855190489562856,Malay_Female
3,7,-10,9.005452152660274,Malay_Female
3,7,-9,8.604476208388188,Malay_Female
3,7,-8,8.693197854925204,Malay_Female
3,7,-7,8.57035576832817,Malay_Female
3,7,-6,8.54708856019472,Malay_Female
3,7,-5,8.524957936062815,Malay_Female
3,7,-4,8.612484837174582,Malay_Female
3,7,-3,8.697275102650243,Malay_Female
3,7,-2,8.756061171204774,Malay_Female
3,7,-1,8.990859914195113,Malay_Female
3,8,-61,4.583130180399805,Malay_Female
3,8,-60,4.910998092816275,Malay_Female
3,8,-59,4.821344983616789,Malay_Female
3,8,-58,5.042145593869732,Malay_Female
3,8,-57,4.990200512588572,Malay_Female
3,8,-56,5.136579572446555,Malay_Female
3,8,-55,5.268549685350505,Malay_Female
3,8,-54,5.253283302063791,Malay_Female
3,8,-53,5.433394807774152,Malay_Female
3,8,-52,5.334261838440112,Malay_Female
3,8,-51,5.493304181470347,Malay_Female
3,8,-50,5.495387083834737,Malay_Female
3,8,-49,5.60356114166012,Malay_Female
3,8,-48,5.660863958736299,Malay_Female
3,8,-47,5.542229516475192,Malay_Female
3,8,-46,5.622142592363772,Malay_Female
3,8,-45,5.788712011577424,Malay_Female
3,8,-44,5.723389190464951,Malay_Female
3,8,-43,5.7532347504621075,Malay_Female
3,8,-42,5.520433506434861,Malay_Female
3,8,-41,5.566622399291722,Malay_Female
3,8,-40,5.772569444444445,Malay_Female
3,8,-39,5.839804276140836,Malay_Female
3,8,-38,6.113491482913576,Malay_Female
3,8,-37,6.098940656176078,Malay_Female
3,8,-36,6.218351225440551,Malay_Female
3,8,-35,6.179607295923453,Malay_Female
3,8,-34,6.455099233641187,Malay_Female
3,8,-33,6.719597211463982,Malay_Female
3,8,-32,6.98765195749976,Malay_Female
3,8,-31,7.167170953101362,Malay_Female
3,8,-30,7.495773060304339,Malay_Female
3,8,-29,7.887899034892354,Malay_Female
3,8,-28,7.892797937004974,Malay_Female
3,8,-27,7.957462412907958,Malay_Female
3,8,-26,8.178744402814585,Malay_Female
3,8,-25,8.224792786228253,Malay_Female
3,8,-24,8.350009095870476,Malay_Female
3,8,-23,8.786610878661087,Malay_Female
3,8,-22,8.799417015849881,Malay_Female
3,8,-21,9.104191398045842,Malay_Female
3,8,-20,9.274858084599892,Malay_Female
3,8,-19,9.280337800624197,Malay_Female
3,8,-18,9.01232297222733,Malay_Female
3,8,-17,9.12775168094317,Malay_Female
3,8,-16,9.236316568047338,Malay_Female
3,8,-15,9.063948100092677,Malay_Female
3,8,-14,9.023324969798347,Malay_Female
3,8,-13,8.82517222118786,Malay_Female
3,8,-12,8.877674983646388,Malay_Female
3,8,-11,8.83646915660395,Malay_Female
3,8,-10,8.591840571536002,Malay_Female
3,8,-9,8.41640022569118,Malay_Female
3,8,-8,8.55207451312447,Malay_Female
3,8,-7,8.298131981601427,Malay_Female
3,8,-6,8.36921924733196,Malay_Female
3,8,-5,8.338007104131613,Malay_Female
3,8,-4,8.220584118689931,Malay_Female
3,8,-3,8.43598357596118,Malay_Female
3,8,-2,8.392390898918315,Malay_Female
3,8,-1,8.701734750979295,Malay_Female
3,9,-61,4.64813911912888,Malay_Female
3,9,-60,4.783852511125239,Malay_Female
3,9,-59,4.774535809018567,Malay_Female
3,9,-58,4.674329501915709,Malay_Female
3,9,-57,4.869591436755616,Malay_Female
3,9,-56,4.973277909738718,Malay_Female
3,9,-55,4.946582760134641,Malay_Female
3,9,-54,4.935777168422572,Malay_Female
3,9,-53,5.149666619378635,Malay_Female
3,9,-52,5.027855153203343,Malay_Female
3,9,-51,5.356654823722328,Malay_Female
3,9,-50,5.495387083834737,Malay_Female
3,9,-49,5.36789735532862,Malay_Female
3,9,-48,5.428755641521599,Malay_Female
3,9,-47,5.26448680722131,Malay_Female
3,9,-46,5.362659088100828,Malay_Female
3,9,-45,5.330438977327544,Malay_Female
3,9,-44,5.31036110455511,Malay_Female
3,9,-43,5.4182070240295745,Malay_Female
3,9,-42,5.3172273650937,Malay_Female
3,9,-41,5.455953961930057,Malay_Female
3,9,-40,5.403645833333334,Malay_Female
3,9,-39,5.807892777364111,Malay_Female
3,9,-38,6.061239418957049,Malay_Female
3,9,-37,6.01666152422092,Malay_Female
3,9,-36,6.177840794004457,Malay_Female
3,9,-35,6.31914681550882,Malay_Female
3,9,-34,6.425623894674788,Malay_Female
3,9,-33,6.661502711076685,Malay_Female
3,9,-32,6.853642193931273,Malay_Female
3,9,-31,7.2617246596066565,Malay_Female
3,9,-30,7.627277850835995,Malay_Female
3,9,-29,7.637342242019302,Malay_Female
3,9,-28,7.57966476330816,Malay_Female
3,9,-27,8.003300330033003,Malay_Female
3,9,-26,8.160467879009413,Malay_Female
3,9,-25,8.334092358138264,Malay_Female
3,9,-24,8.595597598690196,Malay_Female
3,9,-23,8.977624158631981,Malay_Female
3,9,-22,8.972490435416287,Malay_Female
3,9,-21,8.839375399506896,Malay_Female
3,9,-20,9.21076725874382,Malay_Female
3,9,-19,9.170185423168716,Malay_Female
3,9,-18,9.370976641530255,Malay_Female
3,9,-17,9.311964631113568,Malay_Female
3,9,-16,9.291789940828403,Malay_Female
3,9,-15,9.165894346617238,Malay_Female
3,9,-14,8.893225536660161,Malay_Female
3,9,-13,8.843790727983615,Malay_Female
3,9,-12,8.830950378469302,Malay_Female
3,9,-11,8.611813161097071,Malay_Female
3,9,-10,8.168828727204362,Malay_Female
3,9,-9,8.359977430882076,Malay_Female
3,9,-8,8.185153824442564,Malay_Female
3,9,-7,8.373228198629494,Malay_Female
3,9,-6,8.406665418460962,Malay_Female
3,9,-5,8.590390727238736,Malay_Female
3,9,-4,8.575160959223663,Malay_Female
3,9,-3,8.753266144083613,Malay_Female
3,9,-2,9.22230511003357,Malay_Female
3,9,-1,9.326618168252192,Malay_Female
3,11,-61,5.688282138794084,Malay_Female
3,11,-60,6.102987921169739,Malay_Female
3,11,-59,6.553284443750976,Malay_Female
3,11,-58,6.758620689655172,Malay_Female
3,11,-57,7.025478667269712,Malay_Female
3,11,-56,7.289192399049882,Malay_Female
3,11,-55,7.214986096882775,Malay_Female
3,11,-54,7.475826237552316,Malay_Female
3,11,-53,7.476237764221875,Malay_Female
3,11,-52,7.506963788300835,Malay_Female
3,11,-51,7.857338070511069,Malay_Female
3,11,-50,7.995721353122074,Malay_Female
3,11,-49,8.222047656454569,Malay_Female
3,11,-48,8.033526756931012,Malay_Female
3,11,-47,8.218659260194421,Malay_Female
3,11,-46,8.254046707030767,Malay_Female
3,11,-45,8.200675349734684,Malay_Female
3,11,-44,8.17795610101487,Malay_Female
3,11,-43,8.133086876155268,Malay_Female
3,11,-42,8.094377963422893,Malay_Female
3,11,-41,7.857459052678176,Malay_Female
3,11,-40,8.040364583333332,Malay_Female
3,11,-39,8.413998510796723,Malay_Female
3,11,-38,8.37078064583551,Malay_Female
3,11,-37,8.464465699886867,Malay_Female
3,11,-36,8.892039700222808,Malay_Female
3,11,-35,9.119904315758,Malay_Female
3,11,-34,9.284731774415405,Malay_Female
3,11,-33,9.450038729666925,Malay_Female
3,11,-32,9.76356848856131,Malay_Female
3,11,-31,10.145612708018154,Malay_Female
3,11,-30,10.473417245913959,Malay_Female
3,11,-29,10.458426132145508,Malay_Female
3,11,-28,10.821514090992816,Malay_Female
3,11,-27,10.946094609460946,Malay_Female
3,11,-26,11.495933473453348,Malay_Female
3,11,-25,11.613079515438566,Malay_Female
3,11,-24,11.4789885392032,Malay_Female
3,11,-23,12.0884118610151,Malay_Female
3,11,-22,12.033157223537986,Malay_Female
3,11,-21,12.190667518948041,Malay_Female
3,11,-20,12.378685222486723,Malay_Female
3,11,-19,12.731778960895907,Malay_Female
3,11,-18,12.681625896634174,Malay_Female
3,11,-17,12.68306161923183,Malay_Female
3,11,-16,12.564718934911243,Malay_Female
3,11,-15,12.669138090824838,Malay_Female
3,11,-14,12.415203048043862,Malay_Female
3,11,-13,12.20443120461739,Malay_Female
3,11,-12,12.372675450892439,Malay_Female
3,11,-11,12.253112421604419,Malay_Female
3,11,-10,12.10753901109231,Malay_Female
3,11,-9,12.206131277035922,Malay_Female
3,11,-8,12.042525166995954,Malay_Female
3,11,-7,11.91213742607716,Malay_Female
3,11,-6,12.048305560756413,Malay_Female
3,11,-5,12.011590951579734,Malay_Female
3,11,-4,11.775683493514977,Malay_Female
3,11,-3,12.000746547219112,Malay_Female
3,11,-2,11.963819470346886,Malay_Female
3,11,-1,12.29248274575639,Malay_Female
3,12,-61,5.7370388428408905,Malay_Female
3,12,-60,6.182453909726638,Malay_Female
3,12,-59,6.490872210953347,Malay_Female
3,12,-58,6.46743295019157,Malay_Female
3,12,-57,6.663651439770843,Malay_Female
3,12,-56,6.918052256532066,Malay_Female
3,12,-55,7.214986096882775,Malay_Female
3,12,-54,7.3459373646990915,Malay_Female
3,12,-53,7.320187260604341,Malay_Female
3,12,-52,7.590529247910864,Malay_Female
3,12,-51,7.584039355015032,Malay_Female
3,12,-50,7.64808129429068,Malay_Female
3,12,-49,7.580518460329929,Malay_Female
3,12,-48,7.582205029013539,Malay_Female
3,12,-47,7.562176492867062,Malay_Female
3,12,-46,7.821574199925861,Malay_Female
3,12,-45,7.645923781958515,Malay_Female
3,12,-44,7.812131224923295,Malay_Female
3,12,-43,7.902033271719039,Malay_Female
3,12,-42,7.789568751411154,Malay_Female
3,12,-41,7.791057990261177,Malay_Female
3,12,-40,7.888454861111111,Malay_Female
3,12,-39,8.12679502180619,Malay_Female
3,12,-38,8.287177343505068,Malay_Female
3,12,-37,8.45418080839247,Malay_Female
3,12,-36,8.578083856593073,Malay_Female
3,12,-35,8.74115419116914,Malay_Female
3,12,-34,8.891727254863431,Malay_Female
3,12,-33,8.975600309837334,Malay_Female
3,12,-32,9.59127022111611,Malay_Female
3,12,-31,9.833585476550681,Malay_Female
3,12,-30,10.18222806687958,Malay_Female
3,12,-29,10.449146250927988,Malay_Female
3,12,-28,10.839933689445571,Malay_Female
3,12,-27,10.946094609460946,Malay_Female
3,12,-26,11.075573425934387,Malay_Female
3,12,-25,11.139448037161854,Malay_Female
3,12,-24,11.579043114426051,Malay_Female
3,12,-23,11.64271420774968,Malay_Female
3,12,-22,11.978502459464384,Malay_Female
3,12,-21,12.190667518948041,Malay_Female
3,12,-20,12.11316608679729,Malay_Female
3,12,-19,12.190196438406463,Malay_Female
3,12,-18,12.06547728526761,Malay_Female
3,12,-17,12.24095053882288,Malay_Female
3,12,-16,12.231878698224852,Malay_Female
3,12,-15,12.27062094531974,Malay_Female
3,12,-14,11.904098132143853,Malay_Female
3,12,-13,11.90653509588531,Malay_Female
3,12,-12,11.783945425661154,Malay_Female
3,12,-11,11.47617710380979,Malay_Female
3,12,-10,11.336717428087987,Malay_Female
3,12,-9,10.99304118864021,Malay_Female
3,12,-8,11.289867344058708,Malay_Female
3,12,-7,11.405237961137708,Malay_Female
3,12,-6,11.524059164950383,Malay_Female
3,12,-5,11.497476163768928,Malay_Female
3,12,-4,11.868993188392274,Malay_Female
3,12,-3,11.98208286674132,Malay_Female
3,12,-2,12.019768743006342,Malay_Female
3,12,-1,12.227196418578623,Malay_Female
3,13,-61,5.785795546887697,Malay_Female
3,13,-60,6.484424666242848,Malay_Female
3,13,-59,6.5844905601497885,Malay_Female
3,13,-58,6.727969348659004,Malay_Female
3,13,-57,6.995326398311473,Malay_Female
3,13,-56,7.096199524940618,Malay_Female
3,13,-55,7.244255817356944,Malay_Female
3,13,-54,7.41809784961755,Malay_Female
3,13,-53,7.419492126542772,Malay_Female
3,13,-52,7.367688022284123,Malay_Female
3,13,-51,7.611369226564635,Malay_Female
3,13,-50,7.67482283727771,Malay_Female
3,13,-49,7.567426027755957,Malay_Female
3,13,-48,7.427466150870406,Malay_Female
3,13,-47,7.385431132432774,Malay_Female
3,13,-46,7.463239836896084,Malay_Female
3,13,-45,7.537385431741438,Malay_Female
3,13,-44,7.469907953740855,Malay_Female
3,13,-43,7.636321626617375,Malay_Female
3,13,-42,7.51862722962294,Malay_Female
3,13,-41,7.591854803010182,Malay_Female
3,13,-40,7.693142361111111,Malay_Female
3,13,-39,7.892777364110201,Malay_Female
3,13,-38,8.245375692339847,Malay_Female
3,13,-37,8.29990743597655,Malay_Female
3,13,-36,8.466680170143812,Malay_Female
3,13,-35,8.661417322834646,Malay_Female
3,13,-34,8.970328158773826,Malay_Female
3,13,-33,9.450038729666925,Malay_Female
3,13,-32,9.447688331578444,Malay_Female
3,13,-31,9.975416036308623,Malay_Female
3,13,-30,10.313732857411233,Malay_Female
3,13,-29,10.328507795100222,Malay_Female
3,13,-28,10.60047890955977,Malay_Female
3,13,-27,10.643564356435643,Malay_Female
3,13,-26,10.801425568856803,Malay_Female
3,13,-25,10.993715274615175,Malay_Female
3,13,-24,11.378933963980353,Malay_Female
3,13,-23,11.39712570492996,Malay_Female
3,13,-22,11.714337766441975,Malay_Female
3,13,-21,11.651903935713634,Malay_Female
3,13,-20,11.70115363486541,Malay_Female
3,13,-19,11.841380576464108,Malay_Female
3,13,-18,12.037888541475079,Malay_Female
3,13,-17,11.881735285990604,Malay_Female
3,13,-16,11.889792899408285,Malay_Female
3,13,-15,11.668211306765523,Malay_Female
3,13,-14,11.783291515658396,Malay_Female
3,13,-13,11.72035002792776,Malay_Female
3,13,-12,11.58770208391739,Malay_Female
3,13,-11,11.719554432275578,Malay_Female
3,13,-10,11.355517954502726,Malay_Female
3,13,-9,11.16230957306752,Malay_Female
3,13,-8,11.082886442750963,Malay_Female
3,13,-7,11.15178822866798,Malay_Female
3,13,-6,10.887474255757349,Malay_Female
3,13,-5,11.46943353897925,Malay_Female
3,13,-4,11.691704768125408,Malay_Female
3,13,-3,11.674132138857782,Malay_Female
3,13,-2,11.833271167474821,Malay_Female
3,13,-1,11.994030964372318,Malay_Female
3,14,-61,5.688282138794084,Malay_Female
3,14,-60,6.277813095994913,Malay_Female
3,14,-59,6.428459978155719,Malay_Female
3,14,-58,6.789272030651341,Malay_Female
3,14,-57,6.874717322478517,Malay_Female
3,14,-56,7.066508313539193,Malay_Female
3,14,-55,7.434509000439046,Malay_Female
3,14,-54,7.519122528503392,Malay_Female
3,14,-53,7.561356220740531,Malay_Female
3,14,-52,7.674094707520891,Malay_Female
3,14,-51,7.775348455862257,Malay_Female
3,14,-50,7.9288674956545,Malay_Female
3,14,-49,7.999476302697041,Malay_Female
3,14,-48,7.891682785299807,Malay_Female
3,14,-47,8.054538568362581,Malay_Female
3,14,-46,7.908068701346843,Malay_Female
3,14,-45,7.88712011577424,Malay_Female
3,14,-44,7.918338447014397,Malay_Female
3,14,-43,7.9713493530499075,Malay_Female
3,14,-42,8.116956423571912,Malay_Female
3,14,-41,8.045595396193006,Malay_Female
3,14,-40,8.170572916666668,Malay_Female
3,14,-39,8.456547175832359,Malay_Female
3,14,-38,8.799247570279025,Malay_Female
3,14,-37,8.875861359662656,Malay_Female
3,14,-36,9.09459185740328,Malay_Female
3,14,-35,9.319246486594238,Malay_Female
3,14,-34,9.3633326783258,Malay_Female
3,14,-33,9.595274980635168,Malay_Female
3,14,-32,9.916722504068154,Malay_Female
3,14,-31,10.344175491679273,Malay_Female
3,14,-30,10.44523764794289,Malay_Female
3,14,-29,10.579064587973273,Malay_Female
3,14,-28,10.89519248480383,Malay_Female
3,14,-27,11.147781444811148,Malay_Female
3,14,-26,11.386274330622316,Malay_Female
3,14,-25,11.758812277985244,Malay_Female
3,14,-24,11.733672912497726,Malay_Female
3,14,-23,11.64271420774968,Malay_Female
3,14,-22,11.823647294589177,Malay_Female
3,14,-21,11.861930417313488,Malay_Female
3,14,-20,11.865958615638162,Malay_Female
3,14,-19,12.300348815861941,Malay_Female
3,14,-18,12.074673533198455,Malay_Female
3,14,-17,11.992263056092844,Malay_Female
3,14,-16,12.139423076923077,Malay_Female
3,14,-15,12.233549582947173,Malay_Female
3,14,-14,12.164296998420221,Malay_Female
3,14,-13,12.185812697821635,Malay_Female
3,14,-12,11.79329034669657,Malay_Female
3,14,-11,11.944210427782458,Malay_Female
3,14,-10,11.797330325249106,Malay_Female
3,14,-9,11.698326123753997,Malay_Female
3,14,-8,11.628563364380469,Malay_Female
3,14,-7,11.602365530836384,Malay_Female
3,14,-6,11.879797790675903,Malay_Female
3,14,-5,11.600299121331089,Malay_Female
3,14,-4,11.906317066343194,Malay_Female
3,14,-3,11.860768943635685,Malay_Female
3,14,-2,12.094367773218947,Malay_Female
3,14,-1,12.105950382391345,Malay_Female
3,15,-61,5.672029904111815,Malay_Female
3,15,-60,6.2619198982835345,Malay_Female
3,15,-59,6.397253861756905,Malay_Female
3,15,-58,6.360153256704981,Malay_Female
3,15,-57,6.859641187999396,Malay_Female
3,15,-56,7.021971496437055,Malay_Female
3,15,-55,7.097907214986098,Malay_Female
3,15,-54,7.244912685813248,Malay_Female
3,15,-53,7.362746488863668,Malay_Female
3,15,-52,7.242339832869081,Malay_Female
3,15,-51,7.584039355015032,Malay_Female
3,15,-50,7.607968979810136,Malay_Female
3,15,-49,7.7245352186436245,Malay_Female
3,15,-48,7.659574468085106,Malay_Female
3,15,-47,7.764171190506248,Malay_Female
3,15,-46,7.84628691461757,Malay_Female
3,15,-45,7.718282682103232,Malay_Female
3,15,-44,7.894736842105263,Malay_Female
3,15,-43,7.809611829944547,Malay_Female
3,15,-42,7.879882592007226,Malay_Female
3,15,-41,7.835325365205843,Malay_Female
3,15,-40,8.159722222222223,Malay_Female
3,15,-39,8.296989681948729,Malay_Female
3,15,-38,8.485735186539868,Malay_Female
3,15,-37,8.53645994034763,Malay_Female
3,15,-36,8.90216730808183,Malay_Female
3,15,-35,9.169739858467059,Malay_Female
3,15,-34,9.225781096482608,Malay_Female
3,15,-33,9.440356312935709,Malay_Female
3,15,-32,9.773140614530487,Malay_Female
3,15,-31,10.04160363086233,Malay_Female
3,15,-30,10.276160060116474,Malay_Female
3,15,-29,10.773942093541203,Malay_Female
3,15,-28,11.143857063916007,Malay_Female
3,15,-27,11.001100110011002,Malay_Female
3,15,-26,11.240062140180937,Malay_Female
3,15,-25,11.640404408416067,Malay_Female
3,15,-24,11.806439876296162,Malay_Female
3,15,-23,12.106603601964707,Malay_Female
3,15,-22,12.087811987611587,Malay_Female
3,15,-21,12.39156241439138,Malay_Female
3,15,-20,12.287126899835195,Malay_Female
3,15,-19,12.33706627501377,Malay_Female
3,15,-18,12.221813500091963,Malay_Female
3,15,-17,12.14884406373768,Malay_Female
3,15,-16,12.222633136094675,Malay_Female
3,15,-15,11.723818350324375,Malay_Female
3,15,-14,11.91339094879658,Malay_Female
3,15,-13,11.83206106870229,Malay_Female
3,15,-12,11.559667320811139,Malay_Female
3,15,-11,11.448095104371431,Malay_Female
3,15,-10,11.60932506110171,Malay_Female
3,15,-9,11.425615948843333,Malay_Female
3,15,-8,11.383949571925864,Malay_Female
3,15,-7,11.311367689852624,Malay_Female
3,15,-6,11.458528365474631,Malay_Female
3,15,-5,11.59095157973453,Malay_Female
3,15,-4,11.710366707100867,Malay_Female
3,15,-3,11.571481896229937,Malay_Female
3,15,-2,11.81462140992167,Malay_Female
3,15,-1,12.227196418578623,Malay_Female
3,16,-61,5.639525434747278,Malay_Female
3,16,-60,6.40495867768595,Malay_Female
3,16,-59,6.787330316742081,Malay_Female
3,16,-58,6.973180076628352,Malay_Female
3,16,-57,7.115935474144429,Malay_Female
3,16,-56,7.170427553444181,Malay_Female
3,16,-55,7.171081516171521,Malay_Female
3,16,-54,7.706739789291383,Malay_Female
3,16,-53,7.5897290395800825,Malay_Female
3,16,-52,7.618384401114206,Malay_Female
3,16,-51,7.474719868816616,Malay_Female
3,16,-50,7.64808129429068,Malay_Female
3,16,-49,7.711442786069651,Malay_Female
3,16,-48,7.620889748549323,Malay_Female
3,16,-47,7.726297184698902,Malay_Female
3,16,-46,7.84628691461757,Malay_Female
3,16,-45,8.031837916063676,Malay_Female
3,16,-44,7.9773424592872315,Malay_Female
3,16,-43,8.133086876155268,Malay_Female
3,16,-42,8.286294874689547,Malay_Female
3,16,-41,8.078795927401504,Malay_Female
3,16,-40,8.289930555555555,Malay_Female
3,16,-39,8.318264014466546,Malay_Female
3,16,-38,8.360330233044206,Malay_Female
3,16,-37,8.742157770235524,Malay_Female
3,16,-36,8.760380798055499,Malay_Female
3,16,-35,9.149805641383434,Malay_Female
3,16,-34,9.304382000393005,Malay_Female
3,16,-33,9.53718048024787,Malay_Female
3,16,-32,9.907150378098976,Malay_Female
3,16,-31,10.211800302571861,Malay_Female
3,16,-30,10.764606424948338,Malay_Female
3,16,-29,10.690423162583519,Malay_Female
3,16,-28,10.81230429176644,Malay_Female
3,16,-27,10.845251191785845,Malay_Female
3,16,-26,11.057296902129215,Malay_Female
3,16,-25,11.066581655888514,Malay_Female
3,16,-24,11.469892668728397,Malay_Female
3,16,-23,11.451700927778788,Malay_Female
3,16,-22,11.960284204773183,Malay_Female
3,16,-21,11.998904209661218,Malay_Female
3,16,-20,12.003296099615456,Malay_Female
3,16,-19,12.08922342573894,Malay_Female
3,16,-18,12.129851020783521,Malay_Female
3,16,-17,12.038316293635443,Malay_Female
3,16,-16,11.982248520710058,Malay_Female
3,16,-15,11.658943466172381,Malay_Female
3,16,-14,11.653192082520212,Malay_Female
3,16,-13,11.599329733755352,Malay_Female
3,16,-12,11.503597794598635,Malay_Female
3,16,-11,11.504259103248152,Malay_Female
3,16,-10,11.336717428087987,Malay_Female
3,16,-9,10.955425992100809,Malay_Female
3,16,-8,11.02643710603067,Malay_Female
3,16,-7,11.133014174410965,Malay_Female
3,16,-6,11.252574424265118,Malay_Female
3,16,-5,11.534866330155168,Malay_Female
3,16,-4,11.495754408883082,Malay_Female
3,16,-3,11.366181410974244,Malay_Female
3,16,-2,11.236478925773966,Malay_Female
3,16,-1,11.294534601753405,Malay_Female
3,17,-61,5.704534373476354,Malay_Female
3,17,-60,6.2619198982835345,Malay_Female
3,17,-59,6.490872210953347,Malay_Female
3,17,-58,6.574712643678161,Malay_Female
3,17,-57,6.7842605156037985,Malay_Female
3,17,-56,6.858669833729217,Malay_Female
3,17,-55,7.1564466559344355,Malay_Female
3,17,-54,7.17275220089479,Malay_Female
3,17,-53,7.362746488863668,Malay_Female
3,17,-52,7.4233983286908085,Malay_Female
3,17,-51,7.543044547690626,Malay_Female
3,17,-50,7.902125952667468,Malay_Female
3,17,-49,7.907829274679236,Malay_Female
3,17,-48,7.775628626692456,Malay_Female
3,17,-47,7.978790556747885,Malay_Female
3,17,-46,7.710366983813172,Malay_Female
3,17,-45,7.959479015918958,Malay_Female
3,17,-44,8.083549681378335,Malay_Female
3,17,-43,8.202402957486136,Malay_Female
3,17,-42,8.04922104312486,Malay_Female
3,17,-41,8.233731739707835,Malay_Female
3,17,-40,8.311631944444445,Malay_Female
3,17,-39,8.36081267950218,Malay_Female
3,17,-38,8.454383948165953,Malay_Female
3,17,-37,8.71130309575234,Malay_Female
3,17,-36,8.841401660927689,Malay_Female
3,17,-35,9.259443835343367,Malay_Female
3,17,-34,9.53035959913539,Malay_Female
3,17,-33,9.759876065065841,Malay_Female
3,17,-32,9.907150378098976,Malay_Female
3,17,-31,10.41036308623298,Malay_Female
3,17,-30,10.576742438474545,Malay_Female
3,17,-29,10.820341499628805,Malay_Female
3,17,-28,10.968870878614846,Malay_Female
3,17,-27,11.092775944261092,Malay_Female
3,17,-26,11.56903956867404,Malay_Female
3,17,-25,11.385372073959378,Malay_Female
3,17,-24,11.779152264871747,Malay_Female
3,17,-23,12.097507731489904,Malay_Female
3,17,-22,12.16979413372199,Malay_Female
3,17,-21,12.683773171399872,Malay_Female
3,17,-20,12.552646035524628,Malay_Female
3,17,-19,12.539012300348814,Malay_Female
3,17,-18,12.617252161118264,Malay_Female
3,17,-17,12.572533849129593,Malay_Female
3,17,-16,12.60170118343195,Malay_Female
3,17,-15,12.502316960148285,Malay_Female
3,17,-14,12.42449586469659,Malay_Female
3,17,-13,12.493018059951593,Malay_Female
3,17,-12,12.344640687786189,Malay_Female
3,17,-11,12.196948422727697,Malay_Female
3,17,-10,11.919533746944914,Malay_Female
3,17,-9,11.641903328944894,Malay_Female
3,17,-8,11.534481136513312,Malay_Female
3,17,-7,11.846428236177603,Malay_Female
3,17,-6,11.861074705111402,Malay_Female
3,17,-5,12.002243409983175,Malay_Female
3,17,-4,12.04628160865914,Malay_Female
3,17,-3,12.131392310563644,Malay_Female
3,17,-2,12.579261469600894,Malay_Female
3,17,-1,12.497668345457937,Malay_Female
3,18,-61,5.7370388428408905,Malay_Female
3,18,-60,6.309599491417674,Malay_Female
3,18,-59,6.678108909346232,Malay_Female
3,18,-58,6.835249042145594,Malay_Female
3,18,-57,6.980250263832353,Malay_Female
3,18,-56,7.081353919239905,Malay_Female
3,18,-55,7.244255817356944,Malay_Female
3,18,-54,7.59128301342185,Malay_Female
3,18,-53,7.703220314938289,Malay_Female
3,18,-52,7.701949860724235,Malay_Female
3,18,-51,7.8026783274118605,Malay_Female
3,18,-50,8.062575210589651,Malay_Female
3,18,-49,8.130400628436764,Malay_Female
3,18,-48,8.149580915538362,Malay_Female
3,18,-47,7.9661658881454365,Malay_Female
3,18,-46,7.858643271963425,Malay_Female
3,18,-45,7.923299565846599,Malay_Female
3,18,-44,7.90653764455983,Malay_Female
3,18,-43,8.202402957486136,Malay_Female
3,18,-42,8.116956423571912,Malay_Female
3,18,-41,7.968127490039841,Malay_Female
3,18,-40,8.257378472222223,Malay_Female
3,18,-39,8.275715349430913,Malay_Female
3,18,-38,8.579788901661615,Malay_Female
3,18,-37,8.47475059138126,Malay_Female
3,18,-36,8.922422523799879,Malay_Female
3,18,-35,9.269410943885179,Malay_Female
3,18,-34,9.69738651994498,Malay_Female
3,18,-33,9.83733539891557,Malay_Female
3,18,-32,10.089020771513352,Malay_Female
3,18,-31,10.41036308623298,Malay_Female
3,18,-30,10.745820026300958,Malay_Female
3,18,-29,10.820341499628805,Malay_Female
3,18,-28,11.060968870878614,Malay_Female
3,18,-27,11.046938027136047,Malay_Female
3,18,-26,11.669560449602486,Malay_Female
3,18,-25,11.685945896711905,Malay_Female
3,18,-24,12.15208295433873,Malay_Female
3,18,-23,12.142987083863927,Malay_Female
3,18,-22,12.18801238841319,Malay_Female
3,18,-21,12.583325723678204,Malay_Female
3,18,-20,12.378685222486723,Malay_Female
3,18,-19,12.658344042592255,Malay_Female
3,18,-18,12.745999632150081,Malay_Female
3,18,-17,12.480427374044394,Malay_Female
3,18,-16,12.5,Malay_Female
3,18,-15,12.798887859128824,Malay_Female
3,18,-14,12.20146826503113,Malay_Female
3,18,-13,11.999627629864085,Malay_Female
3,18,-12,11.914774320156994,Malay_Female
3,18,-11,11.944210427782458,Malay_Female
3,18,-10,11.778529798834366,Malay_Female
3,18,-9,11.444423547113033,Malay_Female
3,18,-8,11.628563364380469,Malay_Female
3,18,-7,11.6211395850934,Malay_Female
3,18,-6,11.748736191724396,Malay_Female
3,18,-5,11.787249953262293,Malay_Female
3,18,-4,12.074274517122328,Malay_Female
3,18,-3,12.262038073908174,Malay_Female
3,18,-2,12.140992167101828,Malay_Female
3,18,-1,12.25517627308338,Malay_Female
3,19,-61,5.867056720299041,Malay_Female
3,19,-60,6.198347107438017,Malay_Female
3,19,-59,6.397253861756905,Malay_Female
3,19,-58,6.482758620689655,Malay_Female
3,19,-57,6.573194632896126,Malay_Female
3,19,-56,6.799287410926366,Malay_Female
3,19,-55,6.863749451192741,Malay_Female
3,19,-54,7.08615961899264,Malay_Female
3,19,-53,7.079018300468151,Malay_Female
3,19,-52,7.270194986072423,Malay_Female
3,19,-51,7.297075703744192,Malay_Female
3,19,-50,7.287070463965771,Malay_Female
3,19,-49,7.253207645980623,Malay_Female
3,19,-48,7.4919406834300455,Malay_Female
3,19,-47,7.44855447544502,Malay_Female
3,19,-46,7.537377980971209,Malay_Female
3,19,-45,7.633863965267727,Malay_Female
3,19,-44,7.481708756195421,Malay_Female
3,19,-43,7.8558225508317925,Malay_Female
3,19,-42,8.116956423571912,Malay_Female
3,19,-41,8.089862771137673,Malay_Female
3,19,-40,8.246527777777777,Malay_Female
3,19,-39,8.616104669715988,Malay_Female
3,19,-38,8.558888076079004,Malay_Female
3,19,-37,8.629023963797183,Malay_Female
3,19,-36,8.892039700222808,Malay_Female
3,19,-35,8.990331904714441,Malay_Female
3,19,-34,9.06857928866182,Malay_Female
3,19,-33,9.285437645236252,Malay_Female
3,19,-32,9.581698095146931,Malay_Female
3,19,-31,10.287443267776098,Malay_Female
3,19,-30,10.238587262821717,Malay_Female
3,19,-29,10.263548626577581,Malay_Female
3,19,-28,10.775465094860932,Malay_Female
3,19,-27,10.872753942060873,Malay_Female
3,19,-26,11.102988211642145,Malay_Female
3,19,-25,11.312505692686036,Malay_Female
3,19,-24,11.287975259232308,Malay_Female
3,19,-23,11.651810078224486,Malay_Female
3,19,-22,11.641464747677173,Malay_Female
3,19,-21,11.944114692722126,Malay_Female
3,19,-20,12.11316608679729,Malay_Female
3,19,-19,12.428859922893336,Malay_Female
3,19,-18,12.4793084421556,Malay_Female
3,19,-17,12.452795431518835,Malay_Female
3,19,-16,12.795857988165679,Malay_Female
3,19,-15,12.761816496756257,Malay_Female
3,19,-14,12.917015147291144,Malay_Female
3,19,-13,12.735058648296407,Malay_Female
3,19,-12,12.568918792636202,Malay_Female
3,19,-11,12.374801085837312,Malay_Female
3,19,-10,12.286144012032336,Malay_Female
3,19,-9,12.083881888282866,Malay_Female
3,19,-8,12.258914291090413,Malay_Female
3,19,-7,12.372101755374073,Malay_Female
3,19,-6,12.432128814828685,Malay_Female
3,19,-5,12.55374836418022,Malay_Female
3,19,-4,12.624801716898384,Malay_Female
3,19,-3,12.458006718924972,Malay_Female
3,19,-2,12.709809772472958,Malay_Female
3,19,-1,12.852079835851521,Malay_Female
3,20,-61,5.720786608158622,Malay_Female
3,20,-60,6.230133502860776,Malay_Female
3,20,-59,6.428459978155719,Malay_Female
3,20,-58,6.436781609195402,Malay_Female
3,20,-57,6.633499170812604,Malay_Female
3,20,-56,6.725059382422803,Malay_Female
3,20,-55,6.92228889214108,Malay_Female
3,20,-54,6.884110261220955,Malay_Female
3,20,-53,6.88040856859129,Malay_Female
3,20,-52,7.311977715877438,Malay_Female
3,20,-51,7.351735446843399,Malay_Female
3,20,-50,7.20684583500468,Malay_Female
3,20,-49,7.0699135899450125,Malay_Female
3,20,-48,7.362991618310767,Malay_Female
3,20,-47,7.297058452215629,Malay_Female
3,20,-46,7.599159767700482,Malay_Female
3,20,-45,7.69416304872166,Malay_Female
3,20,-44,7.5879159782865235,Malay_Female
3,20,-43,7.740295748613677,Malay_Female
3,20,-42,7.958907202528788,Malay_Female
3,20,-41,7.934926958831341,Malay_Female
3,20,-40,8.062065972222223,Malay_Female
3,20,-39,7.956600361663653,Malay_Female
3,20,-38,8.214024453965932,Malay_Female
3,20,-37,8.351331893448524,Malay_Female
3,20,-36,8.699615150901357,Malay_Female
3,20,-35,8.88069371075451,Malay_Female
3,20,-34,8.911377480841029,Malay_Female
3,20,-33,9.36289697908598,Malay_Female
3,20,-32,9.62955872499282,Malay_Female
3,20,-31,9.824130105900151,Malay_Female
3,20,-30,10.276160060116474,Malay_Female
3,20,-29,10.783221974758723,Malay_Female
3,20,-28,10.803094492540062,Malay_Female
3,20,-27,10.946094609460946,Malay_Female
3,20,-26,11.267476925888696,Malay_Female
3,20,-25,11.166772930139357,Malay_Female
3,20,-24,11.23340003638348,Malay_Female
3,20,-23,11.651810078224486,Malay_Female
3,20,-22,11.805429039897977,Malay_Female
3,20,-21,11.971509451191672,Malay_Female
3,20,-20,12.067386925471526,Malay_Female
3,20,-19,12.217734532770333,Malay_Female
3,20,-18,12.212617252161117,Malay_Female
3,20,-17,12.056737588652481,Malay_Female
3,20,-16,12.093195266272188,Malay_Female
3,20,-15,11.899907321594068,Malay_Female
3,20,-14,11.922683765449307,Malay_Female
3,20,-13,11.83206106870229,Malay_Female
3,20,-12,11.877394636015326,Malay_Female
3,20,-11,11.888046428905739,Malay_Female
3,20,-10,11.816130851663846,Malay_Female
3,20,-9,11.989843896934362,Malay_Female
3,20,-8,11.863768934048357,Malay_Female
3,20,-7,12.090490941518821,Malay_Female
3,20,-6,12.113836360232167,Malay_Female
3,20,-5,12.067676201159095,Malay_Female
3,20,-4,12.186246150975085,Malay_Female
3,20,-3,11.879432624113475,Malay_Female
3,20,-2,11.805296531145096,Malay_Female
3,20,-1,11.975377728035815,Malay_Female
3,22,-61,8.48366650414432,Malay_Female
3,22,-60,9.043229497774952,Malay_Female
3,22,-59,9.315025745046029,Malay_Female
3,22,-58,9.471264367816092,Malay_Female
3,22,-57,9.950248756218906,Malay_Female
3,22,-56,10.243467933491686,Malay_Female
3,22,-55,10.434655349041416,Malay_Female
3,22,-54,10.43440611920912,Malay_Female
3,22,-53,10.427010923535253,Malay_Female
3,22,-52,10.821727019498608,Malay_Female
3,22,-51,10.658649904345449,Malay_Female
3,22,-50,10.816954138253777,Malay_Female
3,22,-49,10.866719036396963,Malay_Female
3,22,-48,10.84461637653127,Malay_Female
3,22,-47,10.907713672516097,Malay_Female
3,22,-46,10.96008896577289,Malay_Female
3,22,-45,11.095031355523396,Malay_Female
3,22,-44,11.18716072692943,Malay_Female
3,22,-43,11.286968576709796,Malay_Female
3,22,-42,11.142470083540303,Malay_Female
3,22,-41,11.33244798583444,Malay_Female
3,22,-40,11.23046875,Malay_Female
3,22,-39,11.530688224656952,Malay_Female
3,22,-38,11.505904483227088,Malay_Female
3,22,-37,11.611642497171655,Malay_Female
3,22,-36,11.869556410775775,Malay_Female
3,22,-35,12.020332901425297,Malay_Female
3,22,-34,12.212615445077619,Malay_Female
3,22,-33,12.54841208365608,Malay_Female
3,22,-32,12.759643916913946,Malay_Female
3,22,-31,13.379349470499244,Malay_Female
3,22,-30,13.779823407852716,Malay_Female
3,22,-29,13.929101707498143,Malay_Female
3,22,-28,14.155461410941243,Malay_Female
3,22,-27,14.246424642464248,Malay_Female
3,22,-26,14.712601663163666,Malay_Female
3,22,-25,14.773658803169686,Malay_Female
3,22,-24,15.044569765326543,Malay_Female
3,22,-23,15.035473894851737,Malay_Female
3,22,-22,15.303333940608491,Malay_Female
3,22,-21,15.642407086110858,Malay_Female
3,22,-20,15.58322651529024,Malay_Female
3,22,-19,15.779328070497522,Malay_Female
3,22,-18,15.927901416222182,Malay_Female
3,22,-17,15.81468177212858,Malay_Female
3,22,-16,15.671227810650887,Malay_Female
3,22,-15,15.77386468952734,Malay_Female
3,22,-14,15.686274509803921,Malay_Female
3,22,-13,15.378886613293613,Malay_Female
3,22,-12,15.47518923465097,Malay_Female
3,22,-11,15.435739024618552,Malay_Female
3,22,-10,15.219026132731717,Malay_Female
3,22,-9,15.055482414895618,Malay_Female
3,22,-8,14.742685106783329,Malay_Female
3,22,-7,15.028630432741952,Malay_Female
3,22,-6,15.27803782063284,Malay_Female
3,22,-5,15.470181342306974,Malay_Female
3,22,-4,15.218811234487264,Malay_Female
3,22,-3,15.21089958939903,Malay_Female
3,22,-2,15.031704587840359,Malay_Female
3,22,-1,15.435553068457377,Malay_Female
3,23,-61,8.402405330732975,Malay_Female
3,23,-60,9.42466624284806,Malay_Female
3,23,-59,9.549071618037134,Malay_Female
3,23,-58,9.793103448275863,Malay_Female
3,23,-57,9.980401025177144,Malay_Female
3,23,-56,10.139548693586699,Malay_Female
3,23,-55,10.53709937070101,Malay_Female
3,23,-54,10.737480155866647,Malay_Female
3,23,-53,10.568875017733012,Malay_Female
3,23,-52,10.793871866295264,Malay_Female
3,23,-51,11.205247335337525,Malay_Female
3,23,-50,11.244818826046263,Malay_Female
3,23,-49,11.37732390678188,Malay_Female
3,23,-48,11.386202450032238,Malay_Female
3,23,-47,11.198081050372426,Malay_Female
3,23,-46,11.367848758186087,Malay_Female
3,23,-45,11.456825856246985,Malay_Female
3,23,-44,11.446778380929903,Malay_Female
3,23,-43,11.425600739371534,Malay_Female
3,23,-42,11.594039286520658,Malay_Female
3,23,-41,11.409915891987605,Malay_Female
3,23,-40,11.577690972222223,Malay_Female
3,23,-39,11.583874055951494,Malay_Female
3,23,-38,11.80896645417494,Malay_Female
3,23,-37,12.084747505913812,Malay_Female
3,23,-36,12.122746607251367,Malay_Female
3,23,-35,12.389115917472342,Malay_Female
3,23,-34,12.595794851640793,Malay_Female
3,23,-33,12.606506584043379,Malay_Female
3,23,-32,12.99894706614339,Malay_Female
3,23,-31,13.483358547655069,Malay_Female
3,23,-30,13.723464211910578,Malay_Female
3,23,-29,14.105419450631032,Malay_Female
3,23,-28,13.89758703260269,Malay_Female
3,23,-27,14.237257059039237,Malay_Female
3,23,-26,14.30137987754729,Malay_Female
3,23,-25,14.427543492121323,Malay_Female
3,23,-24,14.889939967254866,Malay_Female
3,23,-23,14.7535019101328,Malay_Female
3,23,-22,14.993623610858082,Malay_Female
3,23,-21,15.158433019815543,Malay_Female
3,23,-20,15.482512360373557,Malay_Female
3,23,-19,15.485588397282907,Malay_Female
3,23,-18,15.458892771749127,Malay_Female
3,23,-17,15.473887814313347,Malay_Female
3,23,-16,15.477071005917159,Malay_Female
3,23,-15,15.449490268767377,Malay_Female
3,23,-14,15.379611560263918,Malay_Female
3,23,-13,15.146155278346676,Malay_Female
3,23,-12,15.176151761517614,Malay_Female
3,23,-11,14.874099035851351,Malay_Female
3,23,-10,14.833615341229557,Malay_Female
3,23,-9,14.641715252962198,Malay_Female
3,23,-8,14.563928873835733,Malay_Female
3,23,-7,14.784567727400733,Malay_Female
3,23,-6,14.444860513012545,Malay_Female
3,23,-5,14.610207515423443,Malay_Female
3,23,-4,14.780255668563964,Malay_Female
3,23,-3,14.604329973870847,Malay_Female
3,23,-2,15.00372995151063,Malay_Female
3,23,-1,15.015855250886029,Malay_Female
3,24,-61,8.386153096050707,Malay_Female
3,24,-60,9.265734265734265,Malay_Female
3,24,-59,9.377437977843657,Malay_Female
3,24,-58,9.440613026819923,Malay_Female
3,24,-57,9.648726066636515,Malay_Female
3,24,-56,9.931710213776721,Malay_Female
3,24,-55,10.068783843114298,Malay_Female
3,24,-54,10.030307403665754,Malay_Female
3,24,-53,10.001418640941978,Malay_Female
3,24,-52,10.30640668523677,Malay_Female
3,24,-51,10.358021317299809,Malay_Female
3,24,-50,10.61639256585105,Malay_Female
3,24,-49,10.748887143231213,Malay_Female
3,24,-48,10.651192778852353,Malay_Female
3,24,-47,10.794091655094054,Malay_Female
3,24,-46,10.923019893735326,Malay_Female
3,24,-45,10.926193921852388,Malay_Female
3,24,-44,11.045551097474627,Malay_Female
3,24,-43,10.998151571164511,Malay_Female
3,24,-42,11.187627003838339,Malay_Female
3,24,-41,11.100044267374946,Malay_Female
3,24,-40,11.1328125,Malay_Female
3,24,-39,11.424316562067865,Malay_Female
3,24,-38,11.662660675096665,Malay_Female
3,24,-37,11.848195001542734,Malay_Female
3,24,-36,11.859428802916751,Malay_Female
3,24,-35,12.219675072261536,Malay_Female
3,24,-34,12.556494399685597,Malay_Female
3,24,-33,12.964756003098374,Malay_Female
3,24,-32,13.247822341342012,Malay_Female
3,24,-31,13.502269288956125,Malay_Female
3,24,-30,13.836182603794853,Malay_Female
3,24,-29,13.799183370452859,Malay_Female
3,24,-28,14.164671210167617,Malay_Female
3,24,-27,14.310597726439312,Malay_Female
3,24,-26,14.794846020286942,Malay_Female
3,24,-25,14.80098369614719,Malay_Female
3,24,-24,15.053665635801346,Malay_Female
3,24,-23,15.335637620520284,Malay_Female
3,24,-22,15.6130442703589,Malay_Female
3,24,-21,15.815907223084649,Malay_Female
3,24,-20,15.857901483244827,Malay_Female
3,24,-19,15.549843950798605,Malay_Female
3,24,-18,15.753172705536143,Malay_Female
3,24,-17,15.777839182094503,Malay_Female
3,24,-16,15.72670118343195,Malay_Female
3,24,-15,15.597775718257644,Malay_Female
3,24,-14,15.453954093485736,Malay_Female
3,24,-13,15.378886613293613,Malay_Female
3,24,-12,15.064012709092609,Malay_Female
3,24,-11,14.89282036881026,Malay_Female
3,24,-10,14.617409287460049,Malay_Female
3,24,-9,14.70754184690615,Malay_Female
3,24,-8,14.554520651049016,Malay_Female
3,24,-7,14.700084483244158,Malay_Female
3,24,-6,14.71634525369781,Malay_Female
3,24,-5,14.619555057020003,Malay_Female
3,24,-4,14.780255668563964,Malay_Female
3,24,-3,14.809630459126542,Malay_Female
3,24,-2,14.966430436404327,Malay_Female
3,24,-1,15.025181869054279,Malay_Female
3,25,-61,8.48366650414432,Malay_Female
3,25,-60,9.027336300063572,Malay_Female
3,25,-59,9.299422686846622,Malay_Female
3,25,-58,9.241379310344827,Malay_Female
3,25,-57,9.739182873511233,Malay_Female
3,25,-56,10.228622327790973,Malay_Female
3,25,-55,10.22976730572223,Malay_Female
3,25,-54,10.463270313176505,Malay_Female
3,25,-53,10.512129380053908,Malay_Female
3,25,-52,10.696378830083566,Malay_Female
3,25,-51,10.754304454769063,Malay_Female
3,25,-50,11.00414493916299,Malay_Female
3,25,-49,11.036920659858602,Malay_Female
3,25,-48,10.754352030947775,Malay_Female
3,25,-47,10.566847620249968,Malay_Female
3,25,-46,10.638823674780674,Malay_Female
3,25,-45,11.070911722141824,Malay_Female
3,25,-44,11.045551097474627,Malay_Female
3,25,-43,11.15988909426987,Malay_Female
3,25,-42,11.097313163242267,Malay_Female
3,25,-41,11.277113767153608,Malay_Female
3,25,-40,11.20876736111111,Malay_Female
3,25,-39,11.647697053504945,Malay_Female
3,25,-38,11.798516041383635,Malay_Female
3,25,-37,11.827625218553944,Malay_Female
3,25,-36,12.072108567956247,Malay_Female
3,25,-35,12.249576397886973,Malay_Female
3,25,-34,12.517193947730398,Malay_Female
3,25,-33,12.596824167312162,Malay_Female
3,25,-32,12.644778405283812,Malay_Female
3,25,-31,12.92549167927383,Malay_Female
3,25,-30,13.178658651136576,Malay_Female
3,25,-29,13.288789903489235,Malay_Female
3,25,-28,13.42788727205747,Malay_Female
3,25,-27,13.778877887788779,Malay_Female
3,25,-26,14.118614639495568,Malay_Female
3,25,-25,14.445760087439657,Malay_Female
3,25,-24,14.635255593960341,Malay_Female
3,25,-23,14.698926687283972,Malay_Female
3,25,-22,14.929859719438879,Malay_Female
3,25,-21,15.432380604511003,Malay_Female
3,25,-20,15.281084050540194,Malay_Female
3,25,-19,15.36625665503947,Malay_Female
3,25,-18,15.688798970020231,Malay_Female
3,25,-17,15.446255871787788,Malay_Female
3,25,-16,15.569526627218936,Malay_Female
3,25,-15,15.569972196478222,Malay_Female
3,25,-14,15.47253972679119,Malay_Female
3,25,-13,15.06237199776578,Malay_Female
3,25,-12,14.923838893561351,Malay_Female
3,25,-11,14.771131704577368,Malay_Female
3,25,-10,14.51400639217898,Malay_Female
3,25,-9,14.359601278916681,Malay_Female
3,25,-8,14.385172640888136,Malay_Female
3,25,-7,14.324603398103822,Malay_Female
3,25,-6,14.491668226923798,Malay_Female
3,25,-5,14.684987848195924,Malay_Female
3,25,-4,14.649622095735747,Malay_Female
3,25,-3,14.641657334826427,Malay_Female
3,25,-2,14.873181648638568,Malay_Female
3,25,-1,14.913262451035255,Malay_Female
3,26,-61,8.418657565415245,Malay_Female
3,26,-60,9.44055944055944,Malay_Female
3,26,-59,9.51786550163832,Malay_Female
3,26,-58,9.639846743295019,Malay_Female
3,26,-57,10.13116236996834,Malay_Female
3,26,-56,10.480997624703088,Malay_Female
3,26,-55,10.53709937070101,Malay_Female
3,26,-54,10.751912252850339,Malay_Female
3,26,-53,10.739111930770322,Malay_Female
3,26,-52,10.668523676880223,Malay_Female
3,26,-51,11.041268106039901,Malay_Female
3,26,-50,10.95066185318893,Malay_Female
3,26,-49,11.076197957580519,Malay_Female
3,26,-48,11.063829787234042,Malay_Female
3,26,-47,11.16020704456508,Malay_Female
3,26,-46,11.096008896577288,Malay_Female
3,26,-45,11.070911722141824,Malay_Female
3,26,-44,11.092754307292896,Malay_Female
3,26,-43,11.171441774491681,Malay_Female
3,26,-42,11.052156242944232,Malay_Female
3,26,-41,11.044710048694112,Malay_Female
3,26,-40,10.904947916666668,Malay_Female
3,26,-39,11.07329007552388,Malay_Female
3,26,-38,11.39094994252273,Malay_Female
3,26,-37,11.488223799238918,Malay_Female
3,26,-36,11.687259469313348,Malay_Female
3,26,-35,11.79108940496362,Malay_Female
3,26,-34,12.084888976223226,Malay_Female
3,26,-33,12.37412858249419,Malay_Female
3,26,-32,12.769216042883125,Malay_Female
3,26,-31,12.90658093797277,Malay_Female
3,26,-30,13.178658651136576,Malay_Female
3,26,-29,13.548626577579807,Malay_Female
3,26,-28,13.667342051943269,Malay_Female
3,26,-27,14.145581224789144,Malay_Female
3,26,-26,14.155167687105912,Malay_Female
3,26,-25,14.582384552327172,Malay_Female
3,26,-24,14.580680371111516,Malay_Female
3,26,-23,14.698926687283972,Malay_Female
3,26,-22,14.929859719438879,Malay_Female
3,26,-21,15.249748881380695,Malay_Female
3,26,-20,15.262772386009887,Malay_Female
3,26,-19,15.448870938131082,Malay_Female
3,26,-18,15.495677763472504,Malay_Female
3,26,-17,15.575204936907063,Malay_Female
3,26,-16,15.671227810650887,Malay_Female
3,26,-15,15.384615384615385,Malay_Female
3,26,-14,15.230926493820277,Malay_Female
3,26,-13,14.978588717184882,Malay_Female
3,26,-12,14.877114288384263,Malay_Female
3,26,-11,14.733689038659554,Malay_Female
3,26,-10,14.890016920473773,Malay_Female
3,26,-9,14.463043069400038,Malay_Female
3,26,-8,14.582745319409163,Malay_Female
3,26,-7,14.653149347601616,Malay_Female
3,26,-6,14.74442988204456,Malay_Female
3,26,-5,14.544774724247523,Malay_Female
3,26,-4,14.686945973686665,Malay_Female
3,26,-3,14.996267263904443,Malay_Female
3,26,-2,14.742633345766503,Malay_Female
3,26,-1,15.10912143256855,Malay_Female
3,27,-61,8.499918738826588,Malay_Female
3,27,-60,9.313413858868405,Malay_Female
3,27,-59,9.439850210641286,Malay_Female
3,27,-58,9.471264367816092,Malay_Female
3,27,-57,9.814563545906829,Malay_Female
3,27,-56,9.783254156769598,Malay_Female
3,27,-55,10.054148982877214,Malay_Female
3,27,-54,10.131332082551594,Malay_Female
3,27,-53,10.285146829337496,Malay_Female
3,27,-52,10.571030640668523,Malay_Female
3,27,-51,10.713309647444657,Malay_Female
3,27,-50,10.72335873779917,Malay_Female
3,27,-49,10.971458496988742,Malay_Female
3,27,-48,10.61250805931657,Malay_Female
3,27,-47,10.69309430627446,Malay_Female
3,27,-46,10.638823674780674,Malay_Female
3,27,-45,10.697057404727447,Malay_Female
3,27,-44,10.679726221383055,Malay_Female
3,27,-43,10.824861367837338,Malay_Female
3,27,-42,10.724768570783473,Malay_Female
3,27,-41,10.779105799026118,Malay_Female
3,27,-40,10.970052083333332,Malay_Female
3,27,-39,11.07329007552388,Malay_Female
3,27,-38,10.99383425645313,Malay_Female
3,27,-37,11.313380643834208,Malay_Female
3,27,-36,11.778407940044563,Malay_Female
3,27,-35,11.811023622047244,Malay_Female
3,27,-34,12.389467478876007,Malay_Female
3,27,-33,12.654918667699459,Malay_Female
3,27,-32,12.96065856226668,Malay_Female
3,27,-31,13.464447806354011,Malay_Female
3,27,-30,13.854969002442234,Malay_Female
3,27,-29,14.021900519673347,Malay_Female
3,27,-28,14.201510407073126,Malay_Female
3,27,-27,14.411441144114413,Malay_Female
3,27,-26,14.46586859179384,Malay_Female
3,27,-25,14.964933054012205,Malay_Female
3,27,-24,14.889939967254866,Malay_Female
3,27,-23,15.181007822448608,Malay_Female
3,27,-22,15.339770449990892,Malay_Female
3,27,-21,15.596749155328279,Malay_Female
3,27,-20,15.64731734114631,Malay_Female
3,27,-19,15.448870938131082,Malay_Female
3,27,-18,15.606032738642634,Malay_Female
3,27,-17,15.418623929262226,Malay_Female
3,27,-16,15.458579881656807,Malay_Female
3,27,-15,15.217794253938832,Malay_Female
3,27,-14,15.137998327293003,Malay_Female
3,27,-13,14.773785142431578,Malay_Female
3,27,-12,14.708905709746753,Malay_Female
3,27,-11,14.480951043714313,Malay_Female
3,27,-10,14.532806918593721,Malay_Female
3,27,-9,14.481850667669738,Malay_Female
3,27,-8,14.563928873835733,Malay_Female
3,27,-7,14.606214211959074,Malay_Female
3,27,-6,14.678899082568808,Malay_Female
3,27,-5,14.778463264161527,Malay_Female
3,27,-4,14.798917607539424,Malay_Female
3,27,-3,14.594998133631954,Malay_Female
3,27,-2,14.966430436404327,Malay_Female
3,27,-1,15.05316172355904,Malay_Female
3,28,-61,8.499918738826588,Malay_Female
3,28,-60,9.249841068022887,Malay_Female
3,28,-59,9.377437977843657,Malay_Female
3,28,-58,9.471264367816092,Malay_Female
3,28,-57,9.648726066636515,Malay_Female
3,28,-56,9.73871733966746,Malay_Female
3,28,-55,10.185862725010976,Malay_Female
3,28,-54,10.304517246355896,Malay_Female
3,28,-53,10.384451695275926,Malay_Female
3,28,-52,10.598885793871867,Malay_Female
3,28,-51,10.877288876742279,Malay_Female
3,28,-50,11.137852654098142,Malay_Female
3,28,-49,10.984550929562714,Malay_Female
3,28,-48,10.883301096067054,Malay_Female
3,28,-47,10.958212346925892,Malay_Female
3,28,-46,10.8488817496602,Malay_Female
3,28,-45,11.107091172214183,Malay_Female
3,28,-44,10.903941468019825,Malay_Female
3,28,-43,11.032809611829943,Malay_Female
3,28,-42,11.221494694061866,Malay_Female
3,28,-41,11.188579017264276,Malay_Female
3,28,-40,11.176215277777777,Malay_Female
3,28,-39,11.488139559621317,Malay_Female
3,28,-38,11.652210262305362,Malay_Female
3,28,-37,11.704206520621208,Malay_Female
3,28,-36,11.697387077172372,Malay_Female
3,28,-35,11.671484102461875,Malay_Female
3,28,-34,11.976812733346435,Malay_Female
3,28,-33,12.1998450813323,Malay_Female
3,28,-32,12.663922657222168,Malay_Female
3,28,-31,12.868759455370652,Malay_Female
3,28,-30,13.244411046402405,Malay_Female
3,28,-29,13.41870824053452,Malay_Female
3,28,-28,13.648922453490513,Malay_Female
3,28,-27,14.154748808214155,Malay_Female
3,28,-26,14.2282737823266,Malay_Female
3,28,-25,14.400218599143821,Malay_Female
3,28,-24,14.780789521557214,Malay_Female
3,28,-23,14.726214298708387,Malay_Female
3,28,-22,14.784113681909272,Malay_Female
3,28,-21,15.00319605515478,Malay_Female
3,28,-20,15.006409082585606,Malay_Female
3,28,-19,15.072516981824858,Malay_Female
3,28,-18,15.081846606584515,Malay_Female
3,28,-17,15.004144791378835,Malay_Female
3,28,-16,15.171967455621301,Malay_Female
3,28,-15,15.282669138090824,Malay_Female
3,28,-14,15.203048043862093,Malay_Female
3,28,-13,15.136846024948799,Malay_Female
3,28,-12,14.802354920100925,Malay_Female
3,28,-11,14.958345034166431,Malay_Female
3,28,-10,14.880616657266405,Malay_Female
3,28,-9,14.594696257287945,Malay_Female
3,28,-8,14.883808448584062,Malay_Female
3,28,-7,14.887825025814324,Malay_Female
3,28,-6,14.969106908818574,Malay_Female
3,28,-5,15.00280426247897,Malay_Female
3,28,-4,15.069515722683589,Malay_Female
3,28,-3,15.033594624860022,Malay_Female
3,28,-2,15.143603133159269,Malay_Female
3,28,-1,15.221040850587578,Malay_Female
3,29,-61,8.418657565415245,Malay_Female
3,29,-60,9.42466624284806,Malay_Female
3,29,-59,9.486659385239507,Malay_Female
3,29,-58,9.53256704980843,Malay_Female
3,29,-57,9.648726066636515,Malay_Female
3,29,-56,9.961401425178147,Malay_Female
3,29,-55,9.98097468169179,Malay_Female
3,29,-54,10.131332082551594,Malay_Female
3,29,-53,10.20002837281884,Malay_Female
3,29,-52,10.236768802228411,Malay_Female
3,29,-51,10.52200054659743,Malay_Female
3,29,-50,10.696617194812141,Malay_Female
3,29,-49,10.5655930871956,Malay_Female
3,29,-48,10.431979368149582,Malay_Female
3,29,-47,10.52897361444262,Malay_Female
3,29,-46,10.663536389472384,Malay_Female
3,29,-45,10.5643994211288,Malay_Female
3,29,-44,10.77413264101959,Malay_Female
3,29,-43,10.697781885397411,Malay_Female
3,29,-42,10.55543011966584,Malay_Female
3,29,-41,10.701637892872954,Malay_Female
3,29,-40,10.7421875,Malay_Female
3,29,-39,10.91373258164025,Malay_Female
3,29,-38,11.234193750653152,Malay_Female
3,29,-37,11.251671294867839,Malay_Female
3,29,-36,11.55560056714604,Malay_Female
3,29,-35,11.9405960330908,Malay_Female
3,29,-34,12.143839654156023,Malay_Female
3,29,-33,12.577459333849728,Malay_Female
3,29,-32,12.845793050636548,Malay_Female
3,29,-31,13.332072617246595,Malay_Female
3,29,-30,13.67649821529213,Malay_Female
3,29,-29,13.882702301410543,Malay_Female
3,29,-28,13.943636028734574,Malay_Female
3,29,-27,14.118078474514117,Malay_Female
3,29,-26,14.310518139449876,Malay_Female
3,29,-25,14.47308498041716,Malay_Female
3,29,-24,14.953611060578497,Malay_Female
3,29,-23,14.835364744406041,Malay_Female
3,29,-22,15.01184186554928,Malay_Female
3,29,-21,15.140169847502511,Malay_Female
3,29,-20,15.491668192638711,Malay_Female
3,29,-19,15.485588397282907,Malay_Female
3,29,-18,15.449696523818282,Malay_Female
3,29,-17,15.483098461821864,Malay_Female
3,29,-16,15.393860946745564,Malay_Female
3,29,-15,15.588507877664505,Malay_Female
3,29,-14,15.593346343276648,Malay_Female
3,29,-13,15.360268106497859,Malay_Female
3,29,-12,15.23222128773012,Malay_Female
3,29,-11,15.11747636431714,Malay_Female
3,29,-10,14.814814814814813,Malay_Female
3,29,-9,14.651119052097048,Malay_Female
3,29,-8,14.752093329570043,Malay_Female
3,29,-7,15.019243405613441,Malay_Female
3,29,-6,15.193783935592586,Malay_Female
3,29,-5,14.928023929706487,Malay_Female
3,29,-4,15.209480264999534,Malay_Female
3,29,-3,15.164240388204552,Malay_Female
3,29,-2,15.404699738903393,Malay_Female
3,29,-1,15.519492631971646,Malay_Female
3,30,-61,8.516170973508858,Malay_Female
3,30,-60,9.345200254291164,Malay_Female
3,30,-59,9.439850210641286,Malay_Female
3,30,-58,9.563218390804598,Malay_Female
3,30,-57,9.829639680385949,Malay_Female
3,30,-56,9.946555819477435,Malay_Female
3,30,-55,10.185862725010976,Malay_Female
3,30,-54,10.34781353730697,Malay_Female
3,30,-53,10.63980706483189,Malay_Female
3,30,-52,10.682451253481894,Malay_Female
3,30,-51,10.822629133643073,Malay_Female
3,30,-50,10.857066452734323,Malay_Female
3,30,-49,10.801256873527102,Malay_Female
3,30,-48,10.651192778852353,Malay_Female
3,30,-47,10.781466986491605,Malay_Female
3,30,-46,10.997158037810454,Malay_Female
3,30,-45,10.865894838398455,Malay_Female
3,30,-44,11.045551097474627,Malay_Female
3,30,-43,10.940388170055453,Malay_Female
3,30,-42,10.995710092571686,Malay_Female
3,30,-41,11.07791057990261,Malay_Female
3,30,-40,11.219618055555555,Malay_Female
3,30,-39,11.179661738112967,Malay_Female
3,30,-38,11.317797052983593,Malay_Female
3,30,-37,11.426514450272549,Malay_Female
3,30,-36,11.60623860644116,Malay_Female
3,30,-35,11.900727598923552,Malay_Female
3,30,-34,12.261741010021614,Malay_Female
3,30,-33,12.412858249419054,Malay_Female
3,30,-32,12.549057145592036,Malay_Female
3,30,-31,12.89712556732224,Malay_Female
3,30,-30,13.206838249107648,Malay_Female
3,30,-29,13.437268002969564,Malay_Female
3,30,-28,13.51077546509486,Malay_Female
3,30,-27,13.797213054638796,Malay_Female
3,30,-26,13.80791373480764,Malay_Female
3,30,-25,14.108753074050458,Malay_Female
3,30,-24,14.48972166636347,Malay_Female
3,30,-23,14.353283609241405,Malay_Female
3,30,-22,14.738568045181271,Malay_Female
3,30,-21,14.701853711989774,Malay_Female
3,30,-20,14.89653909540377,Malay_Female
3,30,-19,14.879750321277768,Malay_Female
3,30,-18,14.778370424866655,Malay_Female
3,30,-17,15.21598968407479,Malay_Female
3,30,-16,15.153476331360945,Malay_Female
3,30,-15,14.995366079703428,Malay_Female
3,30,-14,14.74770002787845,Malay_Female
3,30,-13,14.98789797058276,Malay_Female
3,30,-12,14.690215867675919,Malay_Female
3,30,-11,14.406065711878686,Malay_Female
3,30,-10,14.278999811994735,Malay_Female
3,30,-9,14.472446868534888,Malay_Female
3,30,-8,14.253457521874118,Malay_Female
3,30,-7,14.474795832159955,Malay_Female
3,30,-6,14.238906571803033,Malay_Female
3,30,-5,14.675640306599364,Malay_Female
3,30,-4,14.780255668563964,Malay_Female
3,30,-3,14.800298618887645,Malay_Female
3,30,-2,15.022379709063783,Malay_Female
3,30,-1,15.202387614251073,Malay_Female
3,31,-61,8.451162034779783,Malay_Female
3,31,-60,9.329307056579784,Malay_Female
3,31,-59,9.502262443438914,Malay_Female
3,31,-58,9.425287356321839,Malay_Female
3,31,-57,9.724106739032113,Malay_Female
3,31,-56,10.139548693586699,Malay_Female
3,31,-55,10.22976730572223,Malay_Female
3,31,-54,10.34781353730697,Malay_Female
3,31,-53,10.554688608313235,Malay_Female
3,31,-52,10.919220055710307,Malay_Female
3,31,-51,10.849959005192677,Malay_Female
3,31,-50,11.057628025137051,Malay_Female
3,31,-49,11.37732390678188,Malay_Female
3,31,-48,11.270148291424888,Malay_Female
3,31,-47,11.00871102133569,Malay_Female
3,31,-46,11.046583467193871,Malay_Female
3,31,-45,11.070911722141824,Malay_Female
3,31,-44,11.057351899929195,Malay_Female
3,31,-43,11.06746765249538,Malay_Female
3,31,-42,11.086023933167757,Malay_Female
3,31,-41,10.978308986277113,Malay_Female
3,31,-40,11.143663194444445,Malay_Female
3,31,-39,11.14775023933624,Malay_Female
3,31,-38,11.453652419270561,Malay_Female
3,31,-37,11.632212280160445,Malay_Female
3,31,-36,11.889811626493822,Malay_Female
3,31,-35,12.309379049137844,Malay_Female
3,31,-34,12.5270190607192,Malay_Female
3,31,-33,12.596824167312162,Malay_Female
3,31,-32,12.941514310328323,Malay_Female
3,31,-31,13.360438729198185,Malay_Female
3,31,-30,13.62953221867368,Malay_Female
3,31,-29,13.82702301410542,Malay_Female
3,31,-28,14.063363418677474,Malay_Female
3,31,-27,14.200586725339202,Malay_Female
3,31,-26,14.612080782235218,Malay_Female
3,31,-25,14.919391565716367,Malay_Female
3,31,-24,14.99909041295252,Malay_Female
3,31,-23,15.12643259959978,Malay_Female
3,31,-22,15.303333940608491,Malay_Female
3,31,-21,15.286275226006756,Malay_Female
3,31,-20,15.33601904413111,Malay_Female
3,31,-19,15.43051220855517,Malay_Female
3,31,-18,15.495677763472504,Malay_Female
3,31,-17,15.483098461821864,Malay_Female
3,31,-16,15.2551775147929,Malay_Female
3,31,-15,15.227062094531973,Malay_Female
3,31,-14,15.268097760431187,Malay_Female
3,31,-13,15.229938558927575,Malay_Female
3,31,-12,14.877114288384263,Malay_Female
3,31,-11,15.070673031919874,Malay_Female
3,31,-10,14.899417183681143,Malay_Female
3,31,-9,14.641715252962198,Malay_Female
3,31,-8,14.723868661209897,Malay_Female
3,31,-7,14.568666103445038,Malay_Female
3,31,-6,14.753791424826812,Malay_Female
3,31,-5,14.946719012899607,Malay_Female
3,31,-4,14.742931790613046,Malay_Female
3,31,-3,14.809630459126542,Malay_Female
3,31,-2,15.022379709063783,Malay_Female
3,31,-1,15.118448050736802,Malay_Female
3,33,-61,10.580204778156997,Malay_Female
3,33,-60,11.15702479338843,Malay_Female
3,33,-59,11.530660009361835,Malay_Female
3,33,-58,11.78544061302682,Malay_Female
3,33,-57,12.106135986733001,Malay_Female
3,33,-56,12.173396674584323,Malay_Female
3,33,-55,12.659154105078297,Malay_Female
3,33,-54,12.642516957713957,Malay_Female
3,33,-53,12.69683643069939,Malay_Female
3,33,-52,12.994428969359332,Malay_Female
3,33,-51,13.2276578300082,Malay_Female
3,33,-50,13.33065917903463,Malay_Female
3,33,-49,13.563760146635245,Malay_Female
3,33,-48,13.642811089619599,Malay_Female
3,33,-47,13.508395404620629,Malay_Female
3,33,-46,13.85147658470283,Malay_Female
3,33,-45,13.784370477568741,Malay_Female
3,33,-44,13.759735662025019,Malay_Female
3,33,-43,13.84011090573013,Malay_Female
3,33,-42,13.727703770602846,Malay_Female
3,33,-41,13.988490482514388,Malay_Female
3,33,-40,14.04079861111111,Malay_Female
3,33,-39,14.189979789384108,Malay_Female
3,33,-38,14.306615111296898,Malay_Female
3,33,-37,14.460557441118995,Malay_Female
3,33,-36,14.89771116062386,Malay_Female
3,33,-35,15.020432572510714,Malay_Female
3,33,-34,15.19944979367263,Malay_Female
3,33,-33,15.24012393493416,Malay_Female
3,33,-32,15.765291471235763,Malay_Female
3,33,-31,16.036308623298034,Malay_Female
3,33,-30,16.456885215104265,Malay_Female
3,33,-29,16.583147735708984,Malay_Female
3,33,-28,17.028918769570822,Malay_Female
3,33,-27,17.15254858819215,Malay_Female
3,33,-26,17.262176733985196,Malay_Female
3,33,-25,17.72474724473996,Malay_Female
3,33,-24,18.064398762961613,Malay_Female
3,33,-23,18.25541204293251,Malay_Female
3,33,-22,18.400437238112588,Malay_Female
3,33,-21,18.58277782850881,Malay_Female
3,33,-20,18.687053653177074,Malay_Female
3,33,-19,18.551496236460437,Malay_Female
3,33,-18,18.668383299613758,Malay_Female
3,33,-17,18.633139909735654,Malay_Female
3,33,-16,18.389423076923077,Malay_Female
3,33,-15,18.378127896200187,Malay_Female
3,33,-14,18.362605705789427,Malay_Female
3,33,-13,18.14373487246323,Malay_Female
3,33,-12,17.97028315110737,Malay_Female
3,33,-11,17.75718431152298,Malay_Female
3,33,-10,17.822899041173155,Malay_Female
3,33,-9,17.923641151025013,Malay_Female
3,33,-8,17.81917395803933,Malay_Female
3,33,-7,17.825964517037455,Malay_Female
3,33,-6,17.861823628533983,Malay_Female
3,33,-5,18.209011030099084,Malay_Female
3,33,-4,18.120742745171224,Malay_Female
3,33,-3,18.187756625606568,Malay_Female
3,33,-2,18.360686311077956,Malay_Female
3,33,-1,18.224211900764782,Malay_Female
3,34,-61,10.450186900698846,Malay_Female
3,34,-60,11.061665607120153,Malay_Female
3,34,-59,11.218598845373693,Malay_Female
3,34,-58,11.494252873563218,Malay_Female
3,34,-57,11.623699683401176,Malay_Female
3,34,-56,11.787410926365796,Malay_Female
3,34,-55,11.912776232986975,Malay_Female
3,34,-54,12.137393563284746,Malay_Female
3,34,-53,12.242871329266562,Malay_Female
3,34,-52,12.256267409470752,Malay_Female
3,34,-51,12.380431811970483,Malay_Female
3,34,-50,12.394705174488568,Malay_Female
3,34,-49,12.581827703587326,Malay_Female
3,34,-48,12.675693101225017,Malay_Female
3,34,-47,12.586794596641838,Malay_Female
3,34,-46,12.54170270604226,Malay_Female
3,34,-45,12.674867342016402,Malay_Female
3,34,-44,12.721265046023131,Malay_Female
3,34,-43,12.673290203327173,Malay_Female
3,34,-42,12.982614585685257,Malay_Female
3,34,-41,13.081009296148737,Malay_Female
3,34,-40,13.25954861111111,Malay_Female
3,34,-39,13.47728965003723,Malay_Female
3,34,-38,13.752743233357718,Malay_Female
3,34,-37,14.121156021803971,Malay_Female
3,34,-36,14.35082033623658,Malay_Female
3,34,-35,14.581879796670986,Malay_Female
3,34,-34,14.84574572607585,Malay_Female
3,34,-33,15.046475600309837,Malay_Female
3,34,-32,15.344117928591942,Malay_Female
3,34,-31,15.90393343419062,Malay_Female
3,34,-30,16.26902122863047,Malay_Female
3,34,-29,16.57386785449146,Malay_Female
3,34,-28,16.614477804383863,Malay_Female
3,34,-27,16.82251558489182,Malay_Female
3,34,-26,17.070273234030886,Malay_Female
3,34,-25,17.56990618453411,Malay_Female
3,34,-24,17.946152446789156,Malay_Female
3,34,-23,18.28269965435692,Malay_Female
3,34,-22,18.327564219347785,Malay_Female
3,34,-21,18.555383070039266,Malay_Female
3,34,-20,18.403222852957335,Malay_Female
3,34,-19,18.54231687167248,Malay_Female
3,34,-18,18.714364539267976,Malay_Female
3,34,-17,18.669982499769734,Malay_Female
3,34,-16,18.694526627218934,Malay_Female
3,34,-15,18.452270620945317,Malay_Female
3,34,-14,18.20462782269306,Malay_Female
3,34,-13,18.199590392850492,Malay_Female
3,34,-12,18.269320624240727,Malay_Female
3,34,-11,18.169053636618926,Malay_Female
3,34,-10,17.91690167324685,Malay_Female
3,34,-9,18.18694752680083,Malay_Female
3,34,-8,18.120237087214225,Malay_Female
3,34,-7,18.473669388904533,Malay_Female
3,34,-6,18.339262310428758,Malay_Female
3,34,-5,18.311833987661245,Malay_Female
3,34,-4,18.493981524680414,Malay_Female
3,34,-3,18.49570735349011,Malay_Female
3,34,-2,18.687057068258113,Malay_Female
3,34,-1,18.47603059130759,Malay_Female
3,35,-61,10.433934666016578,Malay_Female
3,35,-60,11.045772409408773,Malay_Female
3,35,-59,11.000156030581994,Malay_Female
3,35,-58,11.14176245210728,Malay_Female
3,35,-57,11.47293833860998,Malay_Female
3,35,-56,11.579572446555819,Malay_Female
3,35,-55,11.766427630616128,Malay_Female
3,35,-54,11.76215904170876,Malay_Female
3,35,-53,11.959143140871046,Malay_Female
3,35,-52,11.7966573816156,Malay_Female
3,35,-51,11.929488931402023,Malay_Female
3,35,-50,12.154031287605296,Malay_Female
3,35,-49,12.110500130924326,Malay_Female
3,35,-48,12.314635718891038,Malay_Female
3,35,-47,12.24592854437571,Malay_Female
3,35,-46,12.356357345854443,Malay_Female
3,35,-45,12.228654124457309,Malay_Female
3,35,-44,12.213830540476753,Malay_Female
3,35,-43,12.18807763401109,Malay_Female
3,35,-42,12.474599232332356,Malay_Female
3,35,-41,12.538733953076584,Malay_Female
3,35,-40,12.727864583333334,Malay_Female
3,35,-39,13.190086161046697,Malay_Female
3,35,-38,13.481032500783781,Malay_Female
3,35,-37,13.596626555589838,Malay_Female
3,35,-36,13.976098845452704,Malay_Female
3,35,-35,14.262932323333002,Malay_Female
3,35,-34,14.590292788367066,Malay_Female
3,35,-33,14.659178931061193,Malay_Female
3,35,-32,15.123959031300851,Malay_Female
3,35,-31,15.412254160363087,Malay_Female
3,35,-30,15.940259252301333,Malay_Female
3,35,-29,16.06347438752784,Malay_Female
3,35,-28,16.236876036102412,Malay_Female
3,35,-27,16.675834250091675,Malay_Female
3,35,-26,16.841816686466235,Malay_Female
3,35,-25,17.050733217961564,Malay_Female
3,35,-24,17.23667454975441,Malay_Female
3,35,-23,17.573221757322173,Malay_Female
3,35,-22,17.635270541082164,Malay_Female
3,35,-21,17.989224728335312,Malay_Female
3,35,-20,18.07361289141183,Malay_Female
3,35,-19,18.285294657609693,Malay_Female
3,35,-18,18.374103365826745,Malay_Female
3,35,-17,18.568665377176018,Malay_Female
3,35,-16,18.40791420118343,Malay_Female
3,35,-15,18.368860055607044,Malay_Female
3,35,-14,18.15816373942942,Malay_Female
3,35,-13,18.004096071495066,Malay_Female
3,35,-12,17.820764414540697,Malay_Female
3,35,-11,17.963118974070955,Malay_Female
3,35,-10,17.888700883624743,Malay_Female
3,35,-9,17.641527176979498,Malay_Female
3,35,-8,17.72509173017217,Malay_Female
3,35,-7,17.86351262555149,Malay_Female
3,35,-6,17.852462085751732,Malay_Female
3,35,-5,18.06879790615068,Malay_Female
3,35,-4,18.074087897732575,Malay_Female
3,35,-3,18.001119820828666,Malay_Female
3,35,-2,18.3047370384185,Malay_Female
3,35,-1,18.280171609774296,Malay_Female
3,36,-61,10.498943604745653,Malay_Female
3,36,-60,11.45899554990464,Malay_Female
3,36,-59,11.499453892963022,Malay_Female
3,36,-58,11.632183908045977,Malay_Female
3,36,-57,11.804613297150611,Malay_Female
3,36,-56,11.935866983372922,Malay_Female
3,36,-55,12.351822040099517,Malay_Female
3,36,-54,12.382739212007504,Malay_Female
3,36,-53,12.484040289402753,Malay_Female
3,36,-52,12.715877437325906,Malay_Female
3,36,-51,12.72205520634053,Malay_Female
3,36,-50,12.728974461826448,Malay_Female
3,36,-49,12.5949201361613,Malay_Female
3,36,-48,12.727272727272727,Malay_Female
3,36,-47,12.801413962883473,Malay_Female
3,36,-46,12.739404423575929,Malay_Female
3,36,-45,12.976362759286058,Malay_Female
3,36,-44,12.803870663205096,Malay_Female
3,36,-43,13.112292051756008,Malay_Female
3,36,-42,12.903589975163692,Malay_Female
3,36,-41,12.992474546259405,Malay_Female
3,36,-40,13.40060763888889,Malay_Female
3,36,-39,13.445378151260504,Malay_Female
3,36,-38,13.752743233357718,Malay_Female
3,36,-37,14.172580479275943,Malay_Female
3,36,-36,14.371075551954629,Malay_Female
3,36,-35,14.611781122296422,Malay_Female
3,36,-34,14.423265867557477,Malay_Female
3,36,-33,14.81409759876065,Malay_Female
3,36,-32,15.114386905331676,Malay_Female
3,36,-31,15.393343419062028,Malay_Female
3,36,-30,15.620890475295887,Malay_Female
3,36,-29,15.794357832219747,Malay_Female
3,36,-28,15.831644870141831,Malay_Female
3,36,-27,16.208287495416208,Malay_Female
3,36,-26,16.512839257973134,Malay_Female
3,36,-25,16.79570088350487,Malay_Female
3,36,-24,17.163907585955975,Malay_Female
3,36,-23,17.263962161178824,Malay_Female
3,36,-22,17.48952450355256,Malay_Female
3,36,-21,17.77006666057894,Malay_Female
3,36,-20,17.908807910639077,Malay_Female
3,36,-19,18.037451808334865,Malay_Female
3,36,-18,17.86830972963031,Malay_Female
3,36,-17,18.043658469190387,Malay_Female
3,36,-16,17.954881656804734,Malay_Female
3,36,-15,18.211306765523634,Malay_Female
3,36,-14,17.749279806709414,Malay_Female
3,36,-13,18.013405324892943,Malay_Female
3,36,-12,17.577796467619848,Malay_Female
3,36,-11,17.60741364785173,Malay_Female
3,36,-10,17.44688851287836,Malay_Female
3,36,-9,17.27477901072033,Malay_Female
3,36,-8,16.972433907234922,Malay_Female
3,36,-7,17.27212991645546,Malay_Female
3,36,-6,17.234600262123198,Malay_Female
3,36,-5,17.535988035146758,Malay_Female
3,36,-4,17.542222636931978,Malay_Female
3,36,-3,17.263904441955955,Malay_Female
3,36,-2,17.549421857515853,Malay_Female
3,36,-1,17.70192128334266,Malay_Female
3,37,-61,10.547700308792459,Malay_Female
3,37,-60,11.188811188811188,Malay_Female
3,37,-59,11.265408019971915,Malay_Female
3,37,-58,11.432950191570882,Malay_Female
3,37,-57,11.729232624755012,Malay_Female
3,37,-56,12.010095011876484,Malay_Female
3,37,-55,12.23474315820284,Malay_Female
3,37,-54,12.050800981382595,Malay_Female
3,37,-53,12.313803376365442,Malay_Female
3,37,-52,12.298050139275766,Malay_Female
3,37,-51,12.325772068871277,Malay_Female
3,37,-50,12.60863751838481,Malay_Female
3,37,-49,12.621105001309244,Malay_Female
3,37,-48,12.791747259832368,Malay_Female
3,37,-47,12.990783991920212,Malay_Female
3,37,-46,12.974175213147166,Malay_Female
3,37,-45,13.084901109503136,Malay_Female
3,37,-44,12.9100778852962,Malay_Female
3,37,-43,13.066081330868762,Malay_Female
3,37,-42,13.197109957100924,Malay_Female
3,37,-41,13.180610889774236,Malay_Female
3,37,-40,13.30295138888889,Malay_Female
3,37,-39,13.5623869801085,Malay_Female
3,37,-38,13.89904901243599,Malay_Female
3,37,-37,13.925743083410469,Malay_Female
3,37,-36,13.996354061170752,Malay_Female
3,37,-35,14.103458586664008,Malay_Female
3,37,-34,14.275889172725487,Malay_Female
3,37,-33,14.610766847405113,Malay_Female
3,37,-32,14.922944385948119,Malay_Female
3,37,-31,15.33661119515885,Malay_Female
3,37,-30,15.705429269209093,Malay_Female
3,37,-29,15.85003711952487,Malay_Female
3,37,-28,16.236876036102412,Malay_Female
3,37,-27,16.574990832416574,Malay_Female
3,37,-26,16.95147582929727,Malay_Female
3,37,-25,17.005191729665725,Malay_Female
3,37,-24,17.37311260687648,Malay_Female
3,37,-23,17.309441513552848,Malay_Female
3,37,-22,17.544179267626163,Malay_Female
3,37,-21,17.633092868231213,Malay_Female
3,37,-20,17.991210401025455,Malay_Female
3,37,-19,17.954837525243253,Malay_Female
3,37,-18,17.895898473422843,Malay_Female
3,37,-17,17.887077461545548,Malay_Female
3,37,-16,17.945636094674555,Malay_Female
3,37,-15,17.775718257645966,Malay_Female
3,37,-14,18.01877148963851,Malay_Female
3,37,-13,17.87376652392478,Malay_Female
3,37,-12,17.867489019717784,Malay_Female
3,37,-11,17.944397641112047,Malay_Female
3,37,-10,17.738296672306824,Malay_Female
3,37,-9,17.754372766597708,Malay_Female
3,37,-8,17.72509173017217,Malay_Female
3,37,-7,17.647611001595795,Malay_Female
3,37,-6,17.64650814454222,Malay_Female
3,37,-5,17.498597868760516,Malay_Female
3,37,-4,17.840813660539332,Malay_Female
3,37,-3,17.86114221724524,Malay_Female
3,37,-2,17.726594554270793,Malay_Female
3,37,-1,17.82316731952994,Malay_Female
3,38,-61,10.450186900698846,Malay_Female
3,38,-60,10.998092816274635,Malay_Female
3,38,-59,11.202995787174286,Malay_Female
3,38,-58,11.448275862068966,Malay_Female
3,38,-57,11.774461028192372,Malay_Female
3,38,-56,11.950712589073634,Malay_Female
3,38,-55,12.132299136543246,Malay_Female
3,38,-54,12.238418242170587,Malay_Female
3,38,-53,12.640090793020287,Malay_Female
3,38,-52,12.827298050139277,Malay_Female
3,38,-51,12.845039628313748,Malay_Female
3,38,-50,13.210322235592994,Malay_Female
3,38,-49,13.170987169416076,Malay_Female
3,38,-48,13.127014829142489,Malay_Female
3,38,-47,13.533644741825526,Malay_Female
3,38,-46,13.54256765105647,Malay_Female
3,38,-45,13.36227689339122,Malay_Female
3,38,-44,13.452914798206278,Malay_Female
3,38,-43,13.424214417744917,Malay_Female
3,38,-42,13.298713027771505,Malay_Female
3,38,-41,13.501549358123063,Malay_Female
3,38,-40,13.4765625,Malay_Female
3,38,-39,13.594298478885225,Malay_Female
3,38,-38,13.89904901243599,Malay_Female
3,38,-37,14.152010696287153,Malay_Female
3,38,-36,14.46222402268584,Malay_Female
3,38,-35,14.5918469052128,Malay_Female
3,38,-34,14.580467675378268,Malay_Female
3,38,-33,14.775367931835786,Malay_Female
3,38,-32,15.028237771609074,Malay_Female
3,38,-31,15.35552193645991,Malay_Female
3,38,-30,15.874506857035506,Malay_Female
3,38,-29,16.035634743875278,Malay_Female
3,38,-28,16.347393626818935,Malay_Female
3,38,-27,16.419141914191417,Malay_Female
3,38,-26,16.723019281732615,Malay_Female
3,38,-25,16.877675562437382,Malay_Female
3,38,-24,17.163907585955975,Malay_Female
3,38,-23,17.427687829725304,Malay_Female
3,38,-22,17.334669338677354,Malay_Female
3,38,-21,17.541777006666056,Malay_Female
3,38,-20,17.460172129646583,Malay_Female
3,38,-19,17.982375619607126,Malay_Female
3,38,-18,17.64759977929005,Malay_Female
3,38,-17,17.63838997881551,Malay_Female
3,38,-16,17.686760355029584,Malay_Female
3,38,-15,17.72937905468026,Malay_Female
3,38,-14,17.87008642319487,Malay_Female
3,38,-13,17.585179668590577,Malay_Female
3,38,-12,17.50303709933651,Malay_Female
3,38,-11,17.64485631376954,Malay_Female
3,38,-10,17.59729272419628,Malay_Female
3,38,-9,17.42523979687794,Malay_Female
3,38,-8,17.25468059083639,Malay_Female
3,38,-7,17.366000187740543,Malay_Female
3,38,-6,17.534169631155212,Malay_Female
3,38,-5,17.638810992708915,Malay_Female
3,38,-4,17.86880656900252,Malay_Female
3,38,-3,17.945128779395297,Malay_Female
3,38,-2,18.024990675121224,Malay_Female
3,38,-1,17.87912702853945,Malay_Female
3,39,-61,10.41768243133431,Malay_Female
3,39,-60,11.681500317863955,Malay_Female
3,39,-59,11.546263067561242,Malay_Female
3,39,-58,11.78544061302682,Malay_Female
3,39,-57,12.000603045379163,Malay_Female
3,39,-56,12.33669833729216,Malay_Female
3,39,-55,12.585979803892872,Malay_Female
3,39,-54,12.58478856977919,Malay_Female
3,39,-53,12.640090793020287,Malay_Female
3,39,-52,12.952646239554316,Malay_Female
3,39,-51,13.050013664935776,Malay_Female
3,39,-50,13.116726835138387,Malay_Female
3,39,-49,13.026970411102381,Malay_Female
3,39,-48,13.23017408123791,Malay_Female
3,39,-47,13.053907334932457,Malay_Female
3,39,-46,13.344865933522797,Malay_Female
3,39,-45,13.470815243608298,Malay_Female
3,39,-44,13.44111399575171,Malay_Female
3,39,-43,13.67837338262477,Malay_Female
3,39,-42,13.772860690900881,Malay_Female
3,39,-41,13.966356795042053,Malay_Female
3,39,-40,13.899739583333334,Malay_Female
3,39,-39,14.33890011700883,Malay_Female
3,39,-38,14.337966349670811,Malay_Female
3,39,-37,14.563406356062943,Malay_Female
3,39,-36,14.62426574843022,Malay_Female
3,39,-35,14.701485099172729,Malay_Female
3,39,-34,14.816270387109451,Malay_Female
3,39,-33,15.220759101471728,Malay_Female
3,39,-32,15.535560447975497,Malay_Female
3,39,-31,15.89447806354009,Malay_Female
3,39,-30,16.175089235393575,Malay_Female
3,39,-29,16.592427616926503,Malay_Female
3,39,-28,16.807883588137777,Malay_Female
3,39,-27,16.97836450311698,Malay_Female
3,39,-26,17.280453257790366,Malay_Female
3,39,-25,17.56990618453411,Malay_Female
3,39,-24,17.66418046207022,Malay_Female
3,39,-23,17.937056576314355,Malay_Female
3,39,-22,18.291127709965384,Malay_Female
3,39,-21,18.464067208474113,Malay_Female
3,39,-20,18.568027833730085,Malay_Female
3,39,-19,18.634110519552046,Malay_Female
3,39,-18,18.466065845135184,Malay_Female
3,39,-17,18.467348254582298,Malay_Female
3,39,-16,18.528106508875737,Malay_Female
3,39,-15,18.526413345690454,Malay_Female
3,39,-14,18.41836260570579,Malay_Female
3,39,-13,18.553342021969836,Malay_Female
3,39,-12,18.25997570320531,Malay_Female
3,39,-11,17.991200973509315,Malay_Female
3,39,-10,17.869900357210003,Malay_Female
3,39,-9,17.83900695881136,Malay_Female
3,39,-8,17.593376611158153,Malay_Female
3,39,-7,17.929221815451047,Malay_Female
3,39,-6,17.552892716719715,Malay_Female
3,39,-5,18.124883155730043,Malay_Female
3,39,-4,18.28870019595036,Malay_Female
3,39,-3,18.253079507278834,Malay_Female
3,39,-2,18.14621409921671,Malay_Female
3,39,-1,18.68121619100914,Malay_Female
3,40,-61,10.40143019665204,Malay_Female
3,40,-60,11.17291799109981,Malay_Female
3,40,-59,11.171789670775471,Malay_Female
3,40,-58,11.340996168582375,Malay_Female
3,40,-57,11.653851952359414,Malay_Female
3,40,-56,12.010095011876484,Malay_Female
3,40,-55,12.278647738914094,Malay_Female
3,40,-54,12.397171308991197,Malay_Female
3,40,-53,12.654277202440062,Malay_Female
3,40,-52,12.688022284122564,Malay_Female
3,40,-51,12.872369499863352,Malay_Female
3,40,-50,12.849311405268086,Malay_Female
3,40,-49,12.725844461901021,Malay_Female
3,40,-48,12.688588007736945,Malay_Female
3,40,-47,12.700416614063881,Malay_Female
3,40,-46,12.689978994192513,Malay_Female
3,40,-45,12.831644958996623,Malay_Female
3,40,-44,12.68586263865943,Malay_Female
3,40,-43,12.823475046210723,Malay_Female
3,40,-42,13.016482275908784,Malay_Female
3,40,-41,13.20274457724657,Malay_Female
3,40,-40,13.411458333333334,Malay_Female
3,40,-39,13.413466652483777,Malay_Female
3,40,-38,13.773644058940329,Malay_Female
3,40,-37,13.956597757893654,Malay_Female
3,40,-36,14.097630139760989,Malay_Female
3,40,-35,14.36260340875112,Malay_Female
3,40,-34,14.727844370210258,Malay_Female
3,40,-33,14.81409759876065,Malay_Female
3,40,-32,15.21968029099263,Malay_Female
3,40,-31,15.695915279878973,Malay_Female
3,40,-30,16.184482434717264,Malay_Female
3,40,-29,16.184112843355607,Malay_Female
3,40,-28,16.27371523300792,Malay_Female
3,40,-27,16.611661166116612,Malay_Female
3,40,-26,16.686466234122268,Malay_Female
3,40,-25,17.13270789689407,Malay_Female
3,40,-24,17.254866290704022,Malay_Female
3,40,-23,17.709659814444244,Malay_Female
3,40,-22,17.926762616141374,Malay_Female
3,40,-21,18.22664596840471,Malay_Female
3,40,-20,18.38491118842703,Malay_Female
3,40,-19,18.386267670277217,Malay_Female
3,40,-18,18.50285083685856,Malay_Female
3,40,-17,18.623929262227136,Malay_Female
3,40,-16,18.49112426035503,Malay_Female
3,40,-15,18.591288229842444,Malay_Female
3,40,-14,18.576340488802156,Malay_Female
3,40,-13,18.4043939676038,Malay_Female
3,40,-12,18.38145967666573,Malay_Female
3,40,-11,18.253299634934006,Malay_Female
3,40,-10,17.832299304380523,Malay_Female
3,40,-9,17.87662215535076,Malay_Female
3,40,-8,17.866215071972906,Malay_Female
3,40,-7,18.060640195250162,Malay_Female
3,40,-6,17.992885227485488,Malay_Female
3,40,-5,17.975322490185082,Malay_Female
3,40,-4,18.008771111318467,Malay_Female
3,40,-3,18.197088465845464,Malay_Female
3,40,-2,18.28608728086535,Malay_Female
3,40,-1,18.130945719082263,Malay_Female
3,41,-61,10.466439135381114,Malay_Female
3,41,-60,11.045772409408773,Malay_Female
3,41,-59,11.124980496177251,Malay_Female
3,41,-58,11.080459770114942,Malay_Female
3,41,-57,11.367405397256142,Malay_Female
3,41,-56,11.564726840855107,Malay_Female
3,41,-55,11.663983608956533,Malay_Female
3,41,-54,11.84875162361091,Malay_Female
3,41,-53,12.044261597389701,Malay_Female
3,41,-52,12.130919220055711,Malay_Female
3,41,-51,12.544411041268106,Malay_Female
3,41,-50,12.461559031956144,Malay_Female
3,41,-49,12.817491489918828,Malay_Female
3,41,-48,12.662798194713087,Malay_Female
3,41,-47,12.990783991920212,Malay_Female
3,41,-46,12.986531570493018,Malay_Female
3,41,-45,13.205499276410999,Malay_Female
3,41,-44,13.110691527023837,Malay_Female
3,41,-43,13.29713493530499,Malay_Female
3,41,-42,13.287423797696999,Malay_Female
3,41,-41,13.069942452412572,Malay_Female
3,41,-40,13.0859375,Malay_Female
3,41,-39,13.5623869801085,Malay_Female
3,41,-38,13.878148186853382,Malay_Female
3,41,-37,13.956597757893654,Malay_Female
3,41,-36,14.360947944095603,Malay_Female
3,41,-35,14.5918469052128,Malay_Female
3,41,-34,14.934171742975044,Malay_Female
3,41,-33,15.123934934159566,Malay_Female
3,41,-32,15.573848951852206,Malay_Female
3,41,-31,15.53517397881997,Malay_Female
3,41,-30,15.968438850272404,Malay_Female
3,41,-29,16.341870824053455,Malay_Female
3,41,-28,16.402652422177198,Malay_Female
3,41,-27,16.694169416941694,Malay_Female
3,41,-26,16.914922781686922,Malay_Female
3,41,-25,17.46971491028327,Malay_Female
3,41,-24,17.545934145897764,Malay_Female
3,41,-23,17.618701109696197,Malay_Female
3,41,-22,17.853889597376572,Malay_Female
3,41,-21,17.888777280613645,Malay_Female
3,41,-20,17.76231459439663,Malay_Female
3,41,-19,17.77125022948412,Malay_Female
3,41,-18,17.684384771013427,Malay_Female
3,41,-17,18.089711706732984,Malay_Female
3,41,-16,18.102810650887573,Malay_Female
3,41,-15,17.859128822984243,Malay_Female
3,41,-14,17.907257689805782,Malay_Female
3,41,-13,17.808601750139637,Malay_Female
3,41,-12,17.484347257265675,Malay_Female
3,41,-11,17.6729383132079,Malay_Female
3,41,-10,17.49388982891521,Malay_Female
3,41,-9,17.359413202933986,Malay_Female
3,41,-8,17.452253269357417,Malay_Female
3,41,-7,17.666385055852814,Malay_Female
3,41,-6,17.599700430630968,Malay_Female
3,41,-5,17.657506075902038,Malay_Female
3,41,-4,17.812820752076142,Malay_Female
3,41,-3,17.86114221724524,Malay_Female
3,41,-2,17.801193584483403,Malay_Female
3,41,-1,17.95373997388547,Malay_Female
3,42,-61,10.368925727287502,Malay_Female
3,42,-60,11.236490781945326,Malay_Female
3,42,-59,11.34342331096895,Malay_Female
3,42,-58,11.693486590038313,Malay_Female
3,42,-57,11.879993969546208,Malay_Female
3,42,-56,12.203087885985749,Malay_Female
3,42,-55,12.249378018439923,Malay_Female
3,42,-54,12.137393563284746,Malay_Female
3,42,-53,12.398921832884097,Malay_Female
3,42,-52,12.646239554317548,Malay_Female
3,42,-51,12.913364307187756,Malay_Female
3,42,-50,12.8626821767616,Malay_Female
3,42,-49,12.961508248232523,Malay_Female
3,42,-48,12.778852353320438,Malay_Female
3,42,-47,12.649917939654085,Malay_Female
3,42,-46,12.801186210305202,Malay_Female
3,42,-45,13.241678726483357,Malay_Female
3,42,-44,13.087089922114703,Malay_Female
3,42,-43,13.308687615526802,Malay_Female
3,42,-42,13.411605328516597,Malay_Female
3,42,-41,13.435148295706064,Malay_Female
3,42,-40,13.519965277777779,Malay_Female
3,42,-39,13.594298478885225,Malay_Female
3,42,-38,13.784094471731635,Malay_Female
3,42,-37,14.193150262264734,Malay_Female
3,42,-36,14.067247316183916,Malay_Female
3,42,-35,14.06359015249676,Malay_Female
3,42,-34,14.560817449400668,Malay_Female
3,42,-33,14.746320681642139,Malay_Female
3,42,-32,15.238824542930985,Malay_Female
3,42,-31,15.658093797276853,Malay_Female
3,42,-30,16.175089235393575,Malay_Female
3,42,-29,16.156273199703044,Malay_Female
3,42,-28,16.36581322527169,Malay_Female
3,42,-27,17.05170517051705,Malay_Female
3,42,-26,17.17993237686192,Malay_Female
3,42,-25,17.342198743054922,Malay_Female
3,42,-24,17.53683827542296,Malay_Female
3,42,-23,17.800618519192287,Malay_Female
3,42,-22,18.327564219347785,Malay_Female
3,42,-21,18.436672450004565,Malay_Female
3,42,-20,18.57718366599524,Malay_Female
3,42,-19,18.26693592803378,Malay_Female
3,42,-18,18.548832076512785,Malay_Female
3,42,-17,18.47655890209082,Malay_Female
3,42,-16,18.555843195266274,Malay_Female
3,42,-15,18.535681186283597,Malay_Female
3,42,-14,18.409069789053063,Malay_Female
3,42,-13,18.49748650158257,Malay_Female
3,42,-12,18.568358097374077,Malay_Female
3,42,-11,18.178414303098382,Malay_Female
3,42,-10,18.330513254371123,Malay_Female
3,42,-9,18.21515892420538,Malay_Female
3,42,-8,18.101420641640793,Malay_Female
3,42,-7,18.060640195250162,Malay_Female
3,42,-6,18.17075454034825,Malay_Female
3,42,-5,17.93793232379884,Malay_Female
3,42,-4,18.008771111318467,Malay_Female
3,42,-3,18.03844718178425,Malay_Female
3,42,-2,18.127564341663557,Malay_Female
3,42,-1,18.065659391904497,Malay_Female
3,44,-61,12.985535511132781,Malay_Female
3,44,-60,13.715829624920534,Malay_Female
3,44,-59,14.089561554064597,Malay_Female
3,44,-58,14.099616858237548,Malay_Female
3,44,-57,14.473089099954773,Malay_Female
3,44,-56,14.801068883610451,Malay_Female
3,44,-55,15.030001463486023,Malay_Female
3,44,-54,15.225862317794775,Malay_Female
3,44,-53,15.26457653567882,Malay_Female
3,44,-52,15.473537604456824,Malay_Female
3,44,-51,15.96064498496857,Malay_Female
3,44,-50,16.138521192672815,Malay_Female
3,44,-49,16.208431526577638,Malay_Female
3,44,-48,15.950999355254675,Malay_Female
3,44,-47,16.210074485544755,Malay_Female
3,44,-46,16.162115408377613,Malay_Female
3,44,-45,16.196333815726003,Malay_Female
3,44,-44,16.049091338211,Malay_Female
3,44,-43,16.012014787430683,Malay_Female
3,44,-42,16.132309776473246,Malay_Female
3,44,-41,15.858787073926518,Malay_Female
3,44,-40,16.06987847222222,Malay_Female
3,44,-39,16.242952877353474,Malay_Female
3,44,-38,16.438499320723167,Malay_Female
3,44,-37,16.610099763447494,Malay_Female
3,44,-36,16.720680575248124,Malay_Female
3,44,-35,17.143426691916673,Malay_Female
3,44,-34,17.390449990174886,Malay_Female
3,44,-33,17.70914020139427,Malay_Female
3,44,-32,18.02431319996171,Malay_Female
3,44,-31,18.52307110438729,Malay_Female
3,44,-30,18.861544241968815,Malay_Female
3,44,-29,19.060876020786935,Malay_Female
3,44,-28,19.193221587769386,Malay_Female
3,44,-27,19.343601026769345,Malay_Female
3,44,-26,19.857443114319658,Malay_Female
3,44,-25,20.074688040805174,Malay_Female
3,44,-24,20.30198289976351,Malay_Female
3,44,-23,20.774968164453337,Malay_Female
3,44,-22,20.941883767535067,Malay_Female
3,44,-21,21.24006940005479,Malay_Female
3,44,-20,21.22321919062443,Malay_Female
3,44,-19,21.149256471452173,Malay_Female
3,44,-18,21.03181901784072,Malay_Female
3,44,-17,20.70553559915262,Malay_Female
3,44,-16,20.87647928994083,Malay_Female
3,44,-15,20.611677479147357,Malay_Female
3,44,-14,20.630052969054923,Malay_Female
3,44,-13,20.601377769502886,Malay_Female
3,44,-12,20.45603214652836,Malay_Female
3,44,-11,20.247121595057568,Malay_Female
3,44,-10,20.069561947734538,Malay_Female
3,44,-9,19.94545796501787,Malay_Female
3,44,-8,19.907799416690185,Malay_Female
3,44,-7,19.984980756594386,Malay_Female
3,44,-6,20.080509267927354,Malay_Female
3,44,-5,20.200037390166386,Malay_Female
3,44,-4,19.90295791732761,Malay_Female
3,44,-3,20.110115714818964,Malay_Female
3,44,-2,20.30958597538232,Malay_Female
3,44,-1,20.630479388173846,Malay_Female
3,45,-61,13.034292215179589,Malay_Female
3,45,-60,13.82708200890019,Malay_Female
3,45,-59,14.011546263067562,Malay_Female
3,45,-58,14.25287356321839,Malay_Female
3,45,-57,14.714307251620685,Malay_Female
3,45,-56,15.157363420427552,Malay_Female
3,45,-55,15.51295185130982,Malay_Female
3,45,-54,15.456775869533843,Malay_Female
3,45,-53,15.832032912469854,Malay_Female
3,45,-52,16.128133704735376,Malay_Female
3,45,-51,16.138289150040993,Malay_Female
3,45,-50,16.111779649685786,Malay_Female
3,45,-49,15.972767740246137,Malay_Female
3,45,-48,16.10573823339781,Malay_Female
3,45,-47,15.944956444893322,Malay_Female
3,45,-46,16.112689978994194,Malay_Female
3,45,-45,16.063675832127352,Malay_Female
3,45,-44,16.178900165211235,Malay_Female
3,45,-43,15.954251386321626,Malay_Female
3,45,-42,15.646872883269362,Malay_Female
3,45,-41,15.74811863656485,Malay_Female
3,45,-40,15.852864583333334,Malay_Female
3,45,-39,16.189767046058932,Malay_Female
3,45,-38,16.375796843975337,Malay_Female
3,45,-37,16.36326236758202,Malay_Female
3,45,-36,16.629532104516915,Malay_Female
3,45,-35,16.983952955247684,Malay_Female
3,45,-34,17.017095696600514,Malay_Female
3,45,-33,17.447714949651434,Malay_Female
3,45,-32,17.804154302670625,Malay_Female
3,45,-31,18.16376701966717,Malay_Female
3,45,-30,18.617321059552882,Malay_Female
3,45,-29,18.903118040089087,Malay_Female
3,45,-28,19.220850985448518,Malay_Female
3,45,-27,19.37110377704437,Malay_Female
3,45,-26,19.66553961436535,Malay_Female
3,45,-25,19.655706348483466,Malay_Female
3,45,-24,20.14735310169183,Malay_Female
3,45,-23,20.438420956885576,Malay_Female
3,45,-22,20.61395518309346,Malay_Female
3,45,-21,21.148753538489636,Malay_Female
3,45,-20,21.159128364768357,Malay_Female
3,45,-19,21.360381861575178,Malay_Female
3,45,-18,21.372080191281956,Malay_Female
3,45,-17,21.53449387491941,Malay_Female
3,45,-16,21.32026627218935,Malay_Female
3,45,-15,21.223354958294717,Malay_Female
3,45,-14,20.862373385373107,Malay_Female
3,45,-13,20.89927387823497,Malay_Female
3,45,-12,20.764414540697132,Malay_Female
3,45,-11,20.574744921838434,Malay_Female
3,45,-10,20.652378266591466,Malay_Female
3,45,-9,20.19936054165883,Malay_Female
3,45,-8,20.143004986358076,Malay_Female
3,45,-7,20.003754810851404,Malay_Female
3,45,-6,20.089870810709602,Malay_Female
3,45,-5,20.162647223780144,Malay_Female
3,45,-4,20.229541849398153,Malay_Female
3,45,-3,20.296752519596865,Malay_Female
3,45,-2,20.40283476314808,Malay_Female
3,45,-1,20.705092333519865,Malay_Female
3,46,-61,12.85551763367463,Malay_Female
3,46,-60,13.699936427209156,Malay_Female
3,46,-59,13.980340146668746,Malay_Female
3,46,-58,14.022988505747128,Malay_Female
3,46,-57,14.1866425448515,Malay_Female
3,46,-56,14.459619952494062,Malay_Female
3,46,-55,14.664129957558906,Malay_Female
3,46,-54,14.951652475104632,Malay_Female
3,46,-53,15.151085260320613,Malay_Female
3,46,-52,15.32033426183844,Malay_Female
3,46,-51,15.632686526373327,Malay_Female
3,46,-50,15.724027276373848,Malay_Female
3,46,-49,15.671641791044777,Malay_Female
3,46,-48,15.512572533849129,Malay_Female
3,46,-47,15.439969700795352,Malay_Female
3,46,-46,15.704930186580995,Malay_Female
3,46,-45,15.77424023154848,Malay_Female
3,46,-44,15.742270474392258,Malay_Female
3,46,-43,15.723197781885398,Malay_Female
3,46,-42,15.409799051704672,Malay_Female
3,46,-41,15.382912793271359,Malay_Female
3,46,-40,15.679253472222221,Malay_Female
3,46,-39,15.934475055845123,Malay_Female
3,46,-38,16.030933221862263,Malay_Female
3,46,-37,16.22955877815489,Malay_Female
3,46,-36,16.5383836337857,Malay_Female
3,46,-35,16.605202830658826,Malay_Female
3,46,-34,17.144822165454904,Malay_Female
3,46,-33,17.370255615801707,Malay_Female
3,46,-32,17.536134775533647,Malay_Female
3,46,-31,18.069213313161875,Malay_Female
3,46,-30,18.41067067443171,Malay_Female
3,46,-29,18.828878990348922,Malay_Female
3,46,-28,18.898508012525326,Malay_Female
3,46,-27,18.967730106343968,Malay_Female
3,46,-26,19.46449785250845,Malay_Female
3,46,-25,19.46443209764095,Malay_Female
3,46,-24,19.91995633982172,Malay_Female
3,46,-23,20.192832454065854,Malay_Female
3,46,-22,20.286026598651848,Malay_Female
3,46,-21,20.70130581682038,Malay_Female
3,46,-20,20.69218091924556,Malay_Female
3,46,-19,20.827978703873693,Malay_Female
3,46,-18,21.086996505425788,Malay_Female
3,46,-17,20.677903656627063,Malay_Female
3,46,-16,20.80251479289941,Malay_Female
3,46,-15,20.898980537534754,Malay_Female
3,46,-14,20.88095901867856,Malay_Female
3,46,-13,20.564140755911374,Malay_Female
3,46,-12,20.577516119988786,Malay_Female
3,46,-11,20.38753159224937,Malay_Female
3,46,-10,20.078962210941906,Malay_Female
3,46,-9,19.879631371073913,Malay_Female
3,46,-8,19.92661586226362,Malay_Female
3,46,-7,19.86294940392378,Malay_Female
3,46,-6,19.855832241153344,Malay_Female
3,46,-5,19.854178351093662,Malay_Female
3,46,-4,20.024260520668097,Malay_Female
3,46,-3,20.390070921985814,Malay_Female
3,46,-2,20.32823573293547,Malay_Female
3,46,-1,20.76105204252938,Malay_Female
3,47,-61,12.85551763367463,Malay_Female
3,47,-60,13.572790845518117,Malay_Female
3,47,-59,13.793103448275861,Malay_Female
3,47,-58,13.762452107279694,Malay_Female
3,47,-57,14.020805065581184,Malay_Female
3,47,-56,14.429928741092638,Malay_Female
3,47,-55,14.649495097321822,Malay_Female
3,47,-54,14.8361956992351,Malay_Female
3,47,-53,15.207830897999717,Malay_Female
3,47,-52,15.64066852367688,Malay_Female
3,47,-51,15.701011205247337,Malay_Female
3,47,-50,15.563578018451665,Malay_Female
3,47,-49,15.710919088766692,Malay_Female
3,47,-48,15.783365570599614,Malay_Female
3,47,-47,15.717712410049236,Malay_Female
3,47,-46,15.96441369084394,Malay_Female
3,47,-45,16.123974915581282,Malay_Female
3,47,-44,15.96648572102903,Malay_Female
3,47,-43,15.965804066543438,Malay_Female
3,47,-42,15.838789794536012,Malay_Female
3,47,-41,15.991589198760515,Malay_Female
3,47,-40,15.972222222222221,Malay_Female
3,47,-39,16.125944048505477,Malay_Female
3,47,-38,16.271292716062284,Malay_Female
3,47,-37,16.671809112413865,Malay_Female
3,47,-36,16.852339477415434,Malay_Female
3,47,-35,16.993920063789496,Malay_Female
3,47,-34,17.105521713499705,Malay_Female
3,47,-33,17.563903950426027,Malay_Female
3,47,-32,17.966880444146646,Malay_Female
3,47,-31,18.0124810892587,Malay_Female
3,47,-30,18.76761224873192,Malay_Female
3,47,-29,18.7268002969562,Malay_Female
3,47,-28,18.787990421808804,Malay_Female
3,47,-27,19.16941694169417,Malay_Female
3,47,-26,19.455359590605866,Malay_Female
3,47,-25,19.692139539120138,Malay_Female
3,47,-24,19.728943059850828,Malay_Female
3,47,-23,19.974531562670546,Malay_Female
3,47,-22,20.05829841501184,Malay_Female
3,47,-21,20.326910784403253,Malay_Female
3,47,-20,20.53653177073796,Malay_Female
3,47,-19,20.61685331375069,Malay_Female
3,47,-18,20.709950340261173,Malay_Female
3,47,-17,20.521322648982224,Malay_Female
3,47,-16,20.599112426035504,Malay_Female
3,47,-15,20.444856348470804,Malay_Female
3,47,-14,20.583588885791286,Malay_Female
3,47,-13,20.25693539378142,Malay_Female
3,47,-12,20.399962620315858,Malay_Female
3,47,-11,20.378170925769915,Malay_Female
3,47,-10,19.90035721000188,Malay_Female
3,47,-9,19.983073161557268,Malay_Female
3,47,-8,19.983065198983912,Malay_Female
3,47,-7,19.984980756594386,Malay_Female
3,47,-6,20.17412469574986,Malay_Female
3,47,-5,20.26547018134231,Malay_Female
3,47,-4,20.34151348325091,Malay_Female
3,47,-3,20.530048525569242,Malay_Female
3,47,-2,20.65460649011563,Malay_Female
3,47,-1,20.8543182242119,Malay_Female
3,48,-61,13.001787745815049,Malay_Female
3,48,-60,13.82708200890019,Malay_Female
3,48,-59,14.214386019659852,Malay_Female
3,48,-58,14.17624521072797,Malay_Female
3,48,-57,14.53339363787125,Malay_Female
3,48,-56,14.890142517814727,Malay_Female
3,48,-55,15.073906044197278,Malay_Female
3,48,-54,15.139269735892624,Malay_Female
3,48,-53,15.392254220456802,Malay_Female
3,48,-52,15.51532033426184,Malay_Female
3,48,-51,15.714676141022139,Malay_Female
3,48,-50,15.830993448321967,Malay_Female
3,48,-49,16.038229903116,Malay_Female
3,48,-48,15.950999355254675,Malay_Female
3,48,-47,15.869208433278626,Malay_Female
3,48,-46,16.174471765723464,Malay_Female
3,48,-45,16.063675832127352,Malay_Female
3,48,-44,15.96648572102903,Malay_Female
3,48,-43,15.942698706099815,Malay_Female
3,48,-42,15.929103635132083,Malay_Female
3,48,-41,15.803452855245684,Malay_Female
3,48,-40,16.25434027777778,Malay_Female
3,48,-39,16.349324539942558,Malay_Female
3,48,-38,16.39669766955795,Malay_Female
3,48,-37,16.754088244369022,Malay_Female
3,48,-36,17.095402066032005,Malay_Female
3,48,-35,17.17332801754211,Malay_Female
3,48,-34,17.429750442130086,Malay_Female
3,48,-33,17.728505034856703,Malay_Female
3,48,-32,18.215755719345267,Malay_Female
3,48,-31,18.645990922844174,Malay_Female
3,48,-30,18.92729663723464,Malay_Female
3,48,-29,19.1815144766147,Malay_Female
3,48,-28,19.349788174617792,Malay_Female
3,48,-27,19.352768610194353,Malay_Female
3,48,-26,19.601571781047245,Malay_Female
3,48,-25,20.129337826760178,Malay_Female
3,48,-24,20.24740767691468,Malay_Female
3,48,-23,20.620338366381663,Malay_Female
3,48,-22,20.796137730005466,Malay_Female
3,48,-21,20.719568989133414,Malay_Female
3,48,-20,20.921076725874382,Malay_Female
3,48,-19,20.901413622177344,Malay_Female
3,48,-18,20.857090307154678,Malay_Female
3,48,-17,21.221331859629732,Malay_Female
3,48,-16,21.033653846153847,Malay_Female
3,48,-15,20.778498609823913,Malay_Female
3,48,-14,20.85308056872038,Malay_Female
3,48,-13,20.74101657047105,Malay_Female
3,48,-12,21.11017661900757,Malay_Female
3,48,-11,20.67771225311242,Malay_Female
3,48,-10,20.689979319420942,Malay_Female
3,48,-9,20.490878314839193,Malay_Female
3,48,-8,20.56637501176028,Malay_Female
3,48,-7,20.41678400450577,Malay_Female
3,48,-6,20.660924920426886,Malay_Female
3,48,-5,20.845017760329032,Malay_Female
3,48,-4,20.78006904917421,Malay_Female
3,48,-3,20.74468085106383,Malay_Female
3,48,-2,20.906378217083176,Malay_Female
3,48,-1,21.115463532922963,Malay_Female
3,49,-61,12.904274337721436,Malay_Female
3,49,-60,13.82708200890019,Malay_Female
3,49,-59,14.073958495865192,Malay_Female
3,49,-58,14.130268199233717,Malay_Female
3,49,-57,14.427860696517413,Malay_Female
3,49,-56,14.860451306413303,Malay_Female
3,49,-55,15.176350065856873,Malay_Female
3,49,-54,15.500072160484917,Malay_Female
3,49,-53,15.562491133494113,Malay_Female
3,49,-52,15.54317548746518,Malay_Female
3,49,-51,15.769335884121343,Malay_Female
3,49,-50,15.96470116325712,Malay_Female
3,49,-49,16.247708824299558,Malay_Female
3,49,-48,15.976789168278529,Malay_Female
3,49,-47,15.98283045070067,Malay_Female
3,49,-46,16.07562090695663,Malay_Female
3,49,-45,16.148094548962856,Malay_Female
3,49,-44,16.226103375029503,Malay_Female
3,49,-43,16.127541589648796,Malay_Female
3,49,-42,15.88394671483405,Malay_Female
3,49,-41,16.03585657370518,Malay_Female
3,49,-40,16.03732638888889,Malay_Female
3,49,-39,16.125944048505477,Malay_Female
3,49,-38,16.16678858814923,Malay_Female
3,49,-37,16.46611128252597,Malay_Female
3,49,-36,16.80170143812032,Malay_Female
3,49,-35,17.033788497956742,Malay_Female
3,49,-34,17.115346826488505,Malay_Female
3,49,-33,17.35089078233927,Malay_Female
3,49,-32,17.76586579879391,Malay_Female
3,49,-31,18.305597579425115,Malay_Female
3,49,-30,18.617321059552882,Malay_Female
3,49,-29,19.014476614699333,Malay_Female
3,49,-28,19.21164118622214,Malay_Female
3,49,-27,19.71030436376971,Malay_Female
3,49,-26,19.957963995248104,Malay_Female
3,49,-25,20.102012933782675,Malay_Female
3,49,-24,20.320174640713116,Malay_Female
3,49,-23,20.456612697835183,Malay_Female
3,49,-22,20.604846055747856,Malay_Female
3,49,-21,20.66477947219432,Malay_Female
3,49,-20,20.847830067753158,Malay_Female
3,49,-19,20.60767394896273,Malay_Female
3,49,-18,20.663969100606952,Malay_Female
3,49,-17,20.677903656627063,Malay_Female
3,49,-16,20.91346153846154,Malay_Female
3,49,-15,20.648748841519925,Malay_Female
3,49,-14,20.59288170244401,Malay_Female
3,49,-13,20.4710482219326,Malay_Female
3,49,-12,20.334548173067937,Malay_Female
3,49,-11,19.9194982682767,Malay_Female
3,49,-10,19.731152472269223,Malay_Female
3,49,-9,19.484671807410194,Malay_Female
3,49,-8,19.399755386207545,Malay_Female
3,49,-7,19.31850183047029,Malay_Female
3,49,-6,19.284778131436063,Malay_Female
3,49,-5,19.45223406244158,Malay_Female
3,49,-4,19.427078473453392,Malay_Female
3,49,-3,19.419559537140724,Malay_Female
3,49,-2,19.889966430436402,Malay_Female
3,49,-1,19.968289498227943,Malay_Female
3,50,-61,12.8717698683569,Malay_Female
3,50,-60,13.954227590591229,Malay_Female
3,50,-59,14.214386019659852,Malay_Female
3,50,-58,14.314176245210728,Malay_Female
3,50,-57,14.729383386099803,Malay_Female
3,50,-56,15.112826603325416,Malay_Female
3,50,-55,15.630030733206498,Malay_Female
3,50,-54,15.658825227305528,Malay_Female
3,50,-53,16.144133919704924,Malay_Female
3,50,-52,16.239554317548745,Malay_Female
3,50,-51,16.438917737086637,Malay_Female
3,50,-50,16.45941970851718,Malay_Female
3,50,-49,16.601204503796804,Malay_Female
3,50,-48,16.44100580270793,Malay_Female
3,50,-47,16.44994318899129,Malay_Female
3,50,-46,16.60694427282837,Malay_Female
3,50,-45,16.570188133140377,Malay_Female
3,50,-44,16.674533868303048,Malay_Female
3,50,-43,16.46256931608133,Malay_Female
3,50,-42,16.211334386994807,Malay_Female
3,50,-41,16.212926073483843,Malay_Female
3,50,-40,16.200086805555554,Malay_Female
3,50,-39,16.604616530156367,Malay_Female
3,50,-38,16.772912530044938,Malay_Female
3,50,-37,16.867222050807364,Malay_Female
3,50,-36,16.933360340287624,Malay_Female
3,50,-35,17.193262234625735,Malay_Female
3,50,-34,17.616427588917272,Malay_Female
3,50,-33,17.82532920216886,Malay_Female
3,50,-32,18.254044223221978,Malay_Female
3,50,-31,18.797276853252647,Malay_Female
3,50,-30,19.19969941762164,Malay_Female
3,50,-29,19.487750556792875,Malay_Female
3,50,-28,19.607662552956345,Malay_Female
3,50,-27,19.884488448844884,Malay_Female
3,50,-26,20.13159097139724,Malay_Female
3,50,-25,20.429911649512704,Malay_Female
3,50,-24,20.547571402583227,Malay_Female
3,50,-23,20.583954884482445,Malay_Female
3,50,-22,20.823465112042268,Malay_Female
3,50,-21,20.96612181535933,Malay_Female
3,50,-20,21.131660867972897,Malay_Female
3,50,-19,21.085000917936476,Malay_Female
3,50,-18,21.362883943351115,Malay_Female
3,50,-17,21.37791286727457,Malay_Female
3,50,-16,21.45894970414201,Malay_Female
3,50,-15,21.34383688600556,Malay_Female
3,50,-14,20.983180001858564,Malay_Female
3,50,-13,21.122695959784025,Malay_Female
3,50,-12,21.016727408653395,Malay_Female
3,50,-11,20.72451558550969,Malay_Female
3,50,-10,20.595976687347246,Malay_Female
3,50,-9,20.34982132781644,Malay_Female
3,50,-8,20.321761219305674,Malay_Female
3,50,-7,20.144560217779027,Malay_Female
3,50,-6,20.286463209136866,Malay_Female
3,50,-5,20.42437838848383,Malay_Female
3,50,-4,20.37883736120183,Malay_Female
3,50,-3,20.968645016797314,Malay_Female
3,50,-2,21.08355091383812,Malay_Female
3,50,-1,21.171423241932473,Malay_Female
3,51,-61,12.85551763367463,Malay_Female
3,51,-60,14.049586776859504,Malay_Female
3,51,-59,14.229989077859258,Malay_Female
3,51,-58,14.590038314176246,Malay_Female
3,51,-57,14.880144730890999,Malay_Female
3,51,-56,15.246437054631828,Malay_Female
3,51,-55,15.600761012732328,Malay_Female
3,51,-54,15.615528936354453,Malay_Female
3,51,-53,15.77528727479075,Malay_Female
3,51,-52,15.821727019498608,Malay_Female
3,51,-51,16.1792839573654,Malay_Female
3,51,-50,16.24548736462094,Malay_Female
3,51,-49,16.182246661429694,Malay_Female
3,51,-48,16.10573823339781,Malay_Female
3,51,-47,15.944956444893322,Malay_Female
3,51,-46,16.236253552452737,Malay_Female
3,51,-45,16.40135069946937,Malay_Female
3,51,-44,16.49752183148454,Malay_Female
3,51,-43,16.31238447319778,Malay_Female
3,51,-42,16.245202077218334,Malay_Female
3,51,-41,16.25719344842851,Malay_Female
3,51,-40,16.46050347222222,Malay_Female
3,51,-39,16.50888203382619,Malay_Female
3,51,-38,16.78336294283624,Malay_Female
3,51,-37,17.000925640234495,Malay_Female
3,51,-36,17.095402066032005,Malay_Female
3,51,-35,17.37267018837835,Malay_Female
3,51,-34,17.79327962271566,Malay_Female
3,51,-33,18.09643687064291,Malay_Female
3,51,-32,18.29233272709869,Malay_Female
3,51,-31,18.816187594553707,Malay_Female
3,51,-30,19.180913018974262,Malay_Female
3,51,-29,19.329992576095027,Malay_Female
3,51,-28,19.5063547614662,Malay_Female
3,51,-27,19.82031536486982,Malay_Female
3,51,-26,20.13159097139724,Malay_Female
3,51,-25,20.59386100737772,Malay_Female
3,51,-24,21.02965253774786,Malay_Female
3,51,-23,21.08422776059669,Malay_Female
3,51,-22,21.397340134815085,Malay_Female
3,51,-21,21.523148570906766,Malay_Female
3,51,-20,21.54367331990478,Malay_Female
3,51,-19,21.791812006609142,Malay_Female
3,51,-18,21.831892587824168,Malay_Female
3,51,-17,21.709496177581283,Malay_Female
3,51,-16,21.736316568047336,Malay_Female
3,51,-15,21.612604263206673,Malay_Female
3,51,-14,21.457113651147665,Malay_Female
3,51,-13,21.29026252094582,Malay_Female
3,51,-12,21.16624614522007,Malay_Female
3,51,-11,20.911728915098752,Malay_Female
3,51,-10,20.83098326753149,Malay_Female
3,51,-9,20.867030280233216,Malay_Female
3,51,-8,20.98974503716248,Malay_Female
3,51,-7,21.02694076785882,Malay_Female
3,51,-6,20.866878861636398,Malay_Female
3,51,-5,21.125444008225834,Malay_Female
3,51,-4,21.17196976765886,Malay_Female
3,51,-3,20.884658454647255,Malay_Female
3,51,-2,21.102200671391273,Malay_Female
3,51,-1,21.35795560529752,Malay_Female
3,52,-61,12.920526572403707,Malay_Female
3,52,-60,13.763509218054674,Malay_Female
3,52,-59,13.793103448275861,Malay_Female
3,52,-58,13.992337164750959,Malay_Female
3,52,-57,14.1866425448515,Malay_Female
3,52,-56,14.474465558194774,Malay_Female
3,52,-55,14.854383140641007,Malay_Female
3,52,-54,14.994948766055707,Malay_Female
3,52,-53,15.151085260320613,Malay_Female
3,52,-52,15.696378830083566,Malay_Female
3,52,-51,15.687346269472533,Malay_Female
3,52,-50,15.857734991309,Malay_Female
3,52,-49,15.776381251636554,Malay_Female
3,52,-48,15.873629916183107,Malay_Female
3,52,-47,15.843959096073728,Malay_Female
3,52,-46,16.038551834919065,Malay_Female
3,52,-45,16.087795465508925,Malay_Female
3,52,-44,16.00188812839273,Malay_Female
3,52,-43,15.965804066543438,Malay_Female
3,52,-42,16.06457439602619,Malay_Female
3,52,-41,16.179725542275346,Malay_Female
3,52,-40,16.221788194444446,Malay_Female
3,52,-39,16.242952877353474,Malay_Female
3,52,-38,16.595255512592747,Malay_Female
3,52,-37,16.980355857245705,Malay_Female
3,52,-36,17.014381203159815,Malay_Female
3,52,-35,17.322834645669293,Malay_Female
3,52,-34,17.645902927883668,Malay_Female
3,52,-33,17.989930286599535,Malay_Female
3,52,-32,18.23489997128362,Malay_Female
3,52,-31,18.608169440242055,Malay_Female
3,52,-30,19.058801427766298,Malay_Female
3,52,-29,19.033036377134373,Malay_Female
3,52,-28,19.368207773070548,Malay_Female
3,52,-27,19.352768610194353,Malay_Female
3,52,-26,19.692954400073106,Malay_Female
3,52,-25,20.12022952910101,Malay_Female
3,52,-24,19.965435692195744,Malay_Female
3,52,-23,20.265599417864287,Malay_Female
3,52,-22,20.55930041901986,Malay_Female
3,52,-21,20.54606885215962,Malay_Female
3,52,-20,20.582310932063724,Malay_Female
3,52,-19,20.864696163025517,Malay_Female
3,52,-18,21.16056648887254,Malay_Female
3,52,-17,21.193699917104173,Malay_Female
3,52,-16,21.218565088757398,Malay_Female
3,52,-15,20.88971269694161,Malay_Female
3,52,-14,21.21550041817675,Malay_Female
3,52,-13,21.085458946192514,Malay_Female
3,52,-12,20.988692645547143,Malay_Female
3,52,-11,20.790040250865864,Malay_Female
3,52,-10,20.577176160932506,Malay_Female
3,52,-9,20.566108707917998,Malay_Female
3,52,-8,20.28412832815881,Malay_Female
3,52,-7,20.47310616727682,Malay_Female
3,52,-6,20.782624976596143,Malay_Female
3,52,-5,20.50850626285287,Malay_Female
3,52,-4,20.50947093403005,Malay_Female
3,52,-3,20.58603956700261,Malay_Female
3,52,-2,20.486758672137263,Malay_Female
3,52,-1,20.751725424361126,Malay_Female
3,53,-61,13.066796684544125,Malay_Female
3,53,-60,13.890654799745707,Malay_Female
3,53,-59,13.715088157278826,Malay_Female
3,53,-58,13.82375478927203,Malay_Female
3,53,-57,14.216794813809738,Malay_Female
3,53,-56,14.548693586698338,Malay_Female
3,53,-55,14.649495097321822,Malay_Female
3,53,-54,14.720738923365564,Malay_Female
3,53,-53,14.867357071925097,Malay_Female
3,53,-52,15.12534818941504,Malay_Female
3,53,-51,15.578026783274119,Malay_Female
3,53,-50,15.710656504880333,Malay_Female
3,53,-49,15.894213144802304,Malay_Female
3,53,-48,15.731785944551902,Malay_Female
3,53,-47,15.629339729832093,Malay_Female
3,53,-46,15.593722970468308,Malay_Female
3,53,-45,15.60540279787747,Malay_Female
3,53,-44,15.742270474392258,Malay_Female
3,53,-43,15.50369685767098,Malay_Female
3,53,-42,15.793632874237979,Malay_Female
3,53,-41,15.914121292607348,Malay_Female
3,53,-40,16.145833333333336,Malay_Female
3,53,-39,16.317413041165835,Malay_Female
3,53,-38,16.574354687010135,Malay_Female
3,53,-37,16.661524220919468,Malay_Female
3,53,-36,17.156167713186147,Malay_Female
3,53,-35,17.103558257749427,Malay_Female
3,53,-34,17.34132442523089,Malay_Female
3,53,-33,17.93183578621224,Malay_Female
3,53,-32,18.359337608882935,Malay_Female
3,53,-31,18.683812405446293,Malay_Female
3,53,-30,18.955476235205712,Malay_Female
3,53,-29,18.98663697104677,Malay_Female
3,53,-28,19.230060784674894,Malay_Female
3,53,-27,19.765309864319764,Malay_Female
3,53,-26,19.939687471442934,Malay_Female
3,53,-25,20.284178886966025,Malay_Female
3,53,-24,20.547571402583227,Malay_Female
3,53,-23,20.556667273058032,Malay_Female
3,53,-22,21.023865913645473,Malay_Female
3,53,-21,21.25833257236782,Malay_Female
3,53,-20,21.14081670023805,Malay_Female
3,53,-19,21.27776757848357,Malay_Female
3,53,-18,21.51002391024462,Malay_Female
3,53,-17,21.110804089527495,Malay_Female
3,53,-16,21.32026627218935,Malay_Female
3,53,-15,21.29749768303985,Malay_Female
3,53,-14,21.21550041817675,Malay_Female
3,53,-13,20.973747905417987,Malay_Female
3,53,-12,20.745724698626297,Malay_Female
3,53,-11,20.481138257043902,Malay_Female
3,53,-10,20.445572476029326,Malay_Female
3,53,-9,20.472070716569494,Malay_Female
3,53,-8,20.41584344717283,Malay_Female
3,53,-7,20.24781751619262,Malay_Female
3,53,-6,20.13667852462086,Malay_Female
3,53,-5,20.601981678818472,Malay_Female
3,53,-4,20.43482317812821,Malay_Female
3,53,-3,20.39940276222471,Malay_Female
3,53,-2,20.65460649011563,Malay_Female
3,53,-1,20.751725424361126,Malay_Female
4,0,-61,7.408397967370956,Indian_Male
4,0,-60,7.617032531076434,Indian_Male
4,0,-59,7.636174094344541,Indian_Male
4,0,-58,7.484567901234568,Indian_Male
4,0,-57,8.134820070957932,Indian_Male
4,0,-56,7.690393230462917,Indian_Male
4,0,-55,7.832201745877788,Indian_Male
4,0,-54,7.484113909155095,Indian_Male
4,0,-53,6.9138048669547425,Indian_Male
4,0,-52,6.843853820598006,Indian_Male
4,0,-51,6.978779260555677,Indian_Male
4,0,-50,6.721240844463592,Indian_Male
4,0,-49,6.546134663341646,Indian_Male
4,0,-48,6.326488280439743,Indian_Male
4,0,-47,6.233661773577317,Indian_Male
4,0,-46,5.819500095401641,Indian_Male
4,0,-45,5.6071363553613685,Indian_Male
4,0,-44,5.816788575409265,Indian_Male
4,0,-43,5.873544093178037,Indian_Male
4,0,-42,5.659213569776407,Indian_Male
4,0,-41,5.634647085268994,Indian_Male
4,0,-40,5.535000739973361,Indian_Male
4,0,-39,5.622079439252337,Indian_Male
4,0,-38,6.20759347480872,Indian_Male
4,0,-37,6.320445141960336,Indian_Male
4,0,-36,7.1186918522695235,Indian_Male
4,0,-35,6.963438459391572,Indian_Male
4,0,-34,7.518278383225272,Indian_Male
4,0,-33,7.285850469835217,Indian_Male
4,0,-32,8.281629349878608,Indian_Male
4,0,-31,8.402240597492664,Indian_Male
4,0,-30,8.774724545333864,Indian_Male
4,0,-29,8.819327185348747,Indian_Male
4,0,-28,9.241766658156752,Indian_Male
4,0,-27,8.972576772399849,Indian_Male
4,0,-26,9.714928732183045,Indian_Male
4,0,-25,10.113748763600396,Indian_Male
4,0,-24,10.485056344928957,Indian_Male
4,0,-23,11.041009463722396,Indian_Male
4,0,-22,10.706534844465878,Indian_Male
4,0,-21,10.955123590112791,Indian_Male
4,0,-20,11.211832061068701,Indian_Male
4,0,-19,11.214175288381496,Indian_Male
4,0,-18,11.814295891712183,Indian_Male
4,0,-17,12.081652029432709,Indian_Male
4,0,-16,11.977253879872054,Indian_Male
4,0,-15,12.535612535612536,Indian_Male
4,0,-14,12.694639248781648,Indian_Male
4,0,-13,12.690657769304098,Indian_Male
4,0,-12,12.671846981470413,Indian_Male
4,0,-11,13.086805138672108,Indian_Male
4,0,-10,12.58158085569253,Indian_Male
4,0,-9,12.950779727095515,Indian_Male
4,0,-8,13.173359451518118,Indian_Male
4,0,-7,13.631326191355745,Indian_Male
4,0,-6,13.761810044753853,Indian_Male
4,0,-5,13.619755575154342,Indian_Male
4,0,-4,14.002289202594428,Indian_Male
4,0,-3,13.585343826603019,Indian_Male
4,0,-2,13.421500589236611,Indian_Male
4,0,-1,13.405893283780197,Indian_Male
4,1,-61,6.953730944102701,Indian_Male
4,1,-60,7.564136471832848,Indian_Male
4,1,-59,7.792546260099035,Indian_Male
4,1,-58,7.716049382716049,Indian_Male
4,1,-57,7.6786619361378605,Indian_Male
4,1,-56,7.665505226480835,Indian_Male
4,1,-55,7.75945683802134,Indian_Male
4,1,-54,7.3664391621558005,Indian_Male
4,1,-53,7.027518762792813,Indian_Male
4,1,-52,7.331118493909192,Indian_Male
4,1,-51,7.306935025158609,Indian_Male
4,1,-50,7.0228349849202925,Indian_Male
4,1,-49,7.273482959268495,Indian_Male
4,1,-48,6.762082555486414,Indian_Male
4,1,-47,6.997788055499699,Indian_Male
4,1,-46,6.563632894485785,Indian_Male
4,1,-45,6.1532860003640995,Indian_Male
4,1,-44,6.078021595262975,Indian_Male
4,1,-43,6.023294509151414,Indian_Male
4,1,-42,5.751734772552044,Indian_Male
4,1,-41,5.469803686497827,Indian_Male
4,1,-40,5.727393813822703,Indian_Male
4,1,-39,5.972546728971963,Indian_Male
4,1,-38,5.933304460805544,Indian_Male
4,1,-37,6.249108289342274,Indian_Male
4,1,-36,6.315195940231182,Indian_Male
4,1,-35,6.865754953949205,Indian_Male
4,1,-34,7.187198234239206,Indian_Male
4,1,-33,7.285850469835217,Indian_Male
4,1,-32,7.634205557054222,Indian_Male
4,1,-31,8.468925046679114,Indian_Male
4,1,-30,8.376476835258197,Indian_Male
4,1,-29,8.546564488894662,Indian_Male
4,1,-28,8.590758233341843,Indian_Male
4,1,-27,9.061038796916467,Indian_Male
4,1,-26,9.252313078269566,Indian_Male
4,1,-25,9.235905044510385,Indian_Male
4,1,-24,9.566389024987751,Indian_Male
4,1,-23,9.8277117204562,Indian_Male
4,1,-22,10.248372317337836,Indian_Male
4,1,-21,10.619150467962562,Indian_Male
4,1,-20,10.889790076335878,Indian_Male
4,1,-19,11.237959329290046,Indian_Male
4,1,-18,11.1612443600095,Indian_Male
4,1,-17,11.559458817944458,Indian_Male
4,1,-16,12.178651818504918,Indian_Male
4,1,-15,12.5,Indian_Male
4,1,-14,12.27861642695828,Indian_Male
4,1,-13,12.619161105815063,Indian_Male
4,1,-12,12.791392707710699,Indian_Male
4,1,-11,13.074798895425621,Indian_Male
4,1,-10,12.859560067681894,Indian_Male
4,1,-9,13.31627680311891,Indian_Male
4,1,-8,13.479431929480901,Indian_Male
4,1,-7,13.360423593153554,Indian_Male
4,1,-6,13.649925410243661,Indian_Male
4,1,-5,14.237117298727478,Indian_Male
4,1,-4,13.68434439781254,Indian_Male
4,1,-3,13.81757192620307,Indian_Male
4,1,-2,14.08930208196936,Indian_Male
4,1,-1,13.724449163790814,Indian_Male
4,2,-61,7.408397967370956,Indian_Male
4,2,-60,7.7228246495636075,Indian_Male
4,2,-59,7.922856398227782,Indian_Male
4,2,-58,7.79320987654321,Indian_Male
4,2,-57,7.805372529143437,Indian_Male
4,2,-56,7.9392732702837225,Indian_Male
4,2,-55,7.613967022308439,Indian_Male
4,2,-54,7.295834313956225,Indian_Male
4,2,-53,7.163975437798499,Indian_Male
4,2,-52,6.6002214839424145,Indian_Male
4,2,-51,6.825639903740975,Indian_Male
4,2,-50,6.699698405859543,Indian_Male
4,2,-49,6.546134663341646,Indian_Male
4,2,-48,6.741339970960382,Indian_Male
4,2,-47,6.354313291775589,Indian_Male
4,2,-46,6.067544361763022,Indian_Male
4,2,-45,5.91662115419625,Indian_Male
4,2,-44,5.816788575409265,Indian_Male
4,2,-43,5.707154742096506,Indian_Male
4,2,-42,5.736314572089437,Indian_Male
4,2,-41,6.009291173385284,Indian_Male
4,2,-40,5.756992748261062,Indian_Male
4,2,-39,6.396028037383178,Indian_Male
4,2,-38,6.27977479428324,Indian_Male
4,2,-37,6.334712512483949,Indian_Male
4,2,-36,6.456160135325627,Indian_Male
4,2,-35,7.005302818866871,Indian_Male
4,2,-34,7.504483377017519,Indian_Male
4,2,-33,7.653547596350266,Indian_Male
4,2,-32,8.160237388724036,Indian_Male
4,2,-31,8.495598826353694,Indian_Male
4,2,-30,8.655250232311165,Indian_Male
4,2,-29,8.624496687881543,Indian_Male
4,2,-28,8.846055654837887,Indian_Male
4,2,-27,9.111588525211676,Indian_Male
4,2,-26,9.02725681420355,Indian_Male
4,2,-25,9.742828882294758,Indian_Male
4,2,-24,9.78686918177364,Indian_Male
4,2,-23,10.313030817762678,Indian_Male
4,2,-22,10.778876296117677,Indian_Male
4,2,-21,11.243100551955845,Indian_Male
4,2,-20,11.307251908396946,Indian_Male
4,2,-19,11.487691758829826,Indian_Male
4,2,-18,11.743053906435525,Indian_Male
4,2,-17,11.713743175884169,Indian_Male
4,2,-16,12.060182442838526,Indian_Male
4,2,-15,12.606837606837606,Indian_Male
4,2,-14,12.27861642695828,Indian_Male
4,2,-13,12.857483317445187,Indian_Male
4,2,-12,13.030484160191271,Indian_Male
4,2,-11,13.35094249009485,Indian_Male
4,2,-10,12.690355329949238,Indian_Male
4,2,-9,13.486842105263158,Indian_Male
4,2,-8,13.112144955925565,Indian_Male
4,2,-7,13.64363994581948,Indian_Male
4,2,-6,13.562904027846843,Indian_Male
4,2,-5,13.682751669396499,Indian_Male
4,2,-4,13.671626605621265,Indian_Male
4,2,-3,13.701457876403044,Indian_Male
4,2,-2,13.866701584391777,Indian_Male
4,2,-1,13.604990708786833,Indian_Male
4,3,-61,7.3281626103236155,Indian_Male
4,3,-60,7.669928590320022,Indian_Male
4,3,-59,8.183476674485275,Indian_Male
4,3,-58,7.638888888888889,Indian_Male
4,3,-57,8.109477952356817,Indian_Male
4,3,-56,7.665505226480835,Indian_Male
4,3,-55,7.7352085354025215,Indian_Male
4,3,-54,7.648858554954106,Indian_Male
4,3,-53,7.505117125312713,Indian_Male
4,3,-52,7.176079734219269,Indian_Male
4,3,-51,7.372566178079194,Indian_Male
4,3,-50,7.087462300732443,Indian_Male
4,3,-49,7.294264339152119,Indian_Male
4,3,-48,6.824310309064509,Indian_Male
4,3,-47,6.83691936456867,Indian_Male
4,3,-46,6.697195191757298,Indian_Male
4,3,-45,6.608410704533043,Indian_Male
4,3,-44,6.199930337861372,Indian_Male
4,3,-43,5.840266222961731,Indian_Male
4,3,-42,5.566692367000771,Indian_Male
4,3,-41,5.439832159448524,Indian_Male
4,3,-40,5.919786887672044,Indian_Male
4,3,-39,5.884929906542056,Indian_Male
4,3,-38,5.91886819691064,Indian_Male
4,3,-37,6.548723070338136,Indian_Male
4,3,-36,7.0059204961939665,Indian_Male
4,3,-35,7.7449065029305055,Indian_Male
4,3,-34,7.476893364602014,Indian_Male
4,3,-33,7.721639656816015,Indian_Male
4,3,-32,7.998381440517939,Indian_Male
4,3,-31,8.402240597492664,Indian_Male
4,3,-30,8.562325766626842,Indian_Male
4,3,-29,9.221976880114301,Indian_Male
4,3,-28,8.973704365585908,Indian_Male
4,3,-27,9.414886894982939,Indian_Male
4,3,-26,9.602400600150037,Indian_Male
4,3,-25,10.002472799208704,Indian_Male
4,3,-24,9.84811366976972,Indian_Male
4,3,-23,10.397961659791314,Indian_Male
4,3,-22,10.959729925247167,Indian_Male
4,3,-21,11.435085193184545,Indian_Male
4,3,-20,11.474236641221374,Indian_Male
4,3,-19,11.618503983826853,Indian_Male
4,3,-18,11.790548563286631,Indian_Male
4,3,-17,12.093520056966533,Indian_Male
4,3,-16,12.285274256604668,Indian_Male
4,3,-15,12.274453941120608,Indian_Male
4,3,-14,12.456911922025435,Indian_Male
4,3,-13,12.464251668255482,Indian_Male
4,3,-12,12.97071129707113,Indian_Male
4,3,-11,13.002761435946692,Indian_Male
4,3,-10,13.040850858109742,Indian_Male
4,3,-9,13.24317738791423,Indian_Male
4,3,-8,12.940744368266405,Indian_Male
4,3,-7,13.077207240487626,Indian_Male
4,3,-6,13.426156141223272,Indian_Male
4,3,-5,13.115786821217085,Indian_Male
4,3,-4,13.442706346178305,Indian_Male
4,3,-3,13.056379821958458,Indian_Male
4,3,-2,13.421500589236611,Indian_Male
4,3,-1,13.312981152110433,Indian_Male
4,4,-61,6.846750468039582,Indian_Male
4,4,-60,8.040201005025125,Indian_Male
4,4,-59,8.209538702111024,Indian_Male
4,4,-58,8.101851851851851,Indian_Male
4,4,-57,7.957425240750126,Indian_Male
4,4,-56,8.16326530612245,Indian_Male
4,4,-55,8.098933074684773,Indian_Male
4,4,-54,8.14309249235114,Indian_Male
4,4,-53,7.300432112804185,Indian_Male
4,4,-52,7.198228128460686,Indian_Male
4,4,-51,7.066287464449792,Indian_Male
4,4,-50,7.087462300732443,Indian_Male
4,4,-49,7.231920199501247,Indian_Male
4,4,-48,6.886538062642606,Indian_Male
4,4,-47,6.756485019103158,Indian_Male
4,4,-46,6.525472238122496,Indian_Male
4,4,-45,6.408155834698707,Indian_Male
4,4,-44,6.4959944270289105,Indian_Male
4,4,-43,6.356073211314476,Indian_Male
4,4,-42,6.1526599845798,Indian_Male
4,4,-41,6.1591488086318,Indian_Male
4,4,-40,6.008583690987124,Indian_Male
4,4,-39,6.4982476635514015,Indian_Male
4,4,-38,6.539627544391512,Indian_Male
4,4,-37,6.834070480810387,Indian_Male
4,4,-36,7.104595432760079,Indian_Male
4,4,-35,7.409991627128106,Indian_Male
4,4,-34,7.352738308732238,Indian_Male
4,4,-33,8.198284080076263,Indian_Male
4,4,-32,8.632317237658484,Indian_Male
4,4,-31,8.708989063750334,Indian_Male
4,4,-30,8.920748705694942,Indian_Male
4,4,-29,8.533575789063514,Indian_Male
4,4,-28,9.22900178708195,Indian_Male
4,4,-27,9.768734993049412,Indian_Male
4,4,-26,9.814953738434609,Indian_Male
4,4,-25,9.965380811078141,Indian_Male
4,4,-24,11.09750122488976,Indian_Male
4,4,-23,10.616355253579227,Indian_Male
4,4,-22,11.176754280202555,Indian_Male
4,4,-21,11.183105351571875,Indian_Male
4,4,-20,11.59351145038168,Indian_Male
4,4,-19,11.689856106552503,Indian_Male
4,4,-18,11.885537876988838,Indian_Male
4,4,-17,12.591977213387134,Indian_Male
4,4,-16,12.38004975713778,Indian_Male
4,4,-15,12.618708452041785,Indian_Male
4,4,-14,12.55200285272792,Indian_Male
4,4,-13,12.988560533841753,Indian_Male
4,4,-12,13.197848176927677,Indian_Male
4,4,-11,13.42297994957378,Indian_Male
4,4,-10,12.932076383853033,Indian_Male
4,4,-9,13.255360623781677,Indian_Male
4,4,-8,13.112144955925565,Indian_Male
4,4,-7,13.717522472601896,Indian_Male
4,4,-6,13.575335653903531,Indian_Male
4,4,-5,13.4433665112763,Indian_Male
4,4,-4,13.086608164822586,Indian_Male
4,4,-3,13.107986066314023,Indian_Male
4,4,-2,13.473877176901924,Indian_Male
4,4,-1,12.835147332094504,Indian_Male
4,5,-61,7.087456539181599,Indian_Male
4,5,-60,8.013752975403332,Indian_Male
4,5,-59,8.02710450873078,Indian_Male
4,5,-58,7.921810699588478,Indian_Male
4,5,-57,7.780030410542321,Indian_Male
4,5,-56,7.8148332503733196,Indian_Male
4,5,-55,7.75945683802134,Indian_Male
4,5,-54,7.225229465756648,Indian_Male
4,5,-53,7.073004321128042,Indian_Male
4,5,-52,7.065337763012182,Indian_Male
4,5,-51,7.306935025158609,Indian_Male
4,5,-50,7.044377423524343,Indian_Male
4,5,-49,7.169576059850375,Indian_Male
4,5,-48,6.533914125700062,Indian_Male
4,5,-47,6.575507741805751,Indian_Male
4,5,-46,6.239267315397825,Indian_Male
4,5,-45,6.22610595303113,Indian_Male
4,5,-44,6.182514803204459,Indian_Male
4,5,-43,5.640599001663894,Indian_Male
4,5,-42,5.4587509637625296,Indian_Male
4,5,-41,5.769518956990859,Indian_Male
4,5,-40,5.919786887672044,Indian_Male
4,5,-39,6.074766355140187,Indian_Male
4,5,-38,6.250902266493432,Indian_Male
4,5,-37,6.777000998715936,Indian_Male
4,5,-36,7.034113335212856,Indian_Male
4,5,-35,7.186715043259838,Indian_Male
4,5,-34,7.6838184577183055,Indian_Male
4,5,-33,7.544600299605066,Indian_Male
4,5,-32,8.456973293768547,Indian_Male
4,5,-31,8.202187249933315,Indian_Male
4,5,-30,8.841099163679809,Indian_Male
4,5,-29,9.260942979607742,Indian_Male
4,5,-28,8.884350268062292,Indian_Male
4,5,-27,9.339062302540125,Indian_Male
4,5,-26,9.639909977494373,Indian_Male
4,5,-25,9.86646884272997,Indian_Male
4,5,-24,10.06859382655561,Indian_Male
4,5,-23,10.094637223974763,Indian_Male
4,5,-22,10.754762478900409,Indian_Male
4,5,-21,10.919126469882409,Indian_Male
4,5,-20,11.068702290076336,Indian_Male
4,5,-19,11.463907717921275,Indian_Male
4,5,-18,11.469959629541677,Indian_Male
4,5,-17,11.939235699026822,Indian_Male
4,5,-16,12.391896694704418,Indian_Male
4,5,-15,12.298195631528964,Indian_Male
4,5,-14,12.54011648639011,Indian_Male
4,5,-13,12.726406101048617,Indian_Male
4,5,-12,12.6240286909743,Indian_Male
4,5,-11,12.978748949453717,Indian_Male
4,5,-10,13.343002175489485,Indian_Male
4,5,-9,13.54775828460039,Indian_Male
4,5,-8,13.308031341821744,Indian_Male
4,5,-7,13.335796084226082,Indian_Male
4,5,-6,12.991049229239184,Indian_Male
4,5,-5,13.493763386670027,Indian_Male
4,5,-4,13.201068294544067,Indian_Male
4,5,-3,13.495032898980778,Indian_Male
4,5,-2,12.976299594081445,Indian_Male
4,5,-1,13.724449163790814,Indian_Male
4,6,-61,6.846750468039582,Indian_Male
4,6,-60,7.431896323723882,Indian_Male
4,6,-59,7.766484232473286,Indian_Male
4,6,-58,7.716049382716049,Indian_Male
4,6,-57,7.704004054738976,Indian_Male
4,6,-56,7.964161274265804,Indian_Male
4,6,-55,7.589718719689621,Indian_Male
4,6,-54,7.6253236055542475,Indian_Male
4,6,-53,7.004775983625199,Indian_Male
4,6,-52,6.932447397563676,Indian_Male
4,6,-51,6.650623495952745,Indian_Male
4,6,-50,7.065919862128394,Indian_Male
4,6,-49,6.733167082294264,Indian_Male
4,6,-48,6.969508400746734,Indian_Male
4,6,-47,6.474964809973859,Indian_Male
4,6,-46,6.277427971761114,Indian_Male
4,6,-45,6.135081012197342,Indian_Male
4,6,-44,6.199930337861372,Indian_Male
4,6,-43,5.89018302828619,Indian_Male
4,6,-42,5.612952968388589,Indian_Male
4,6,-41,5.769518956990859,Indian_Male
4,6,-40,5.904987420452864,Indian_Male
4,6,-39,6.425233644859812,Indian_Male
4,6,-38,6.683990183340552,Indian_Male
4,6,-37,6.67712940505065,Indian_Male
4,6,-36,7.0059204961939665,Indian_Male
4,6,-35,7.172760256768071,Indian_Male
4,6,-34,7.145813215615947,Indian_Male
4,6,-33,8.279994552635163,Indian_Male
4,6,-32,8.49743728082007,Indian_Male
4,6,-31,8.548946385702855,Indian_Male
4,6,-30,8.973848400371697,Indian_Male
4,6,-29,8.754383686193012,Indian_Male
4,6,-28,8.884350268062292,Indian_Male
4,6,-27,9.478074055351952,Indian_Male
4,6,-26,9.739934983745936,Indian_Male
4,6,-25,9.804648862512364,Indian_Male
4,6,-24,10.276825085742283,Indian_Male
4,6,-23,10.495025479252607,Indian_Male
4,6,-22,10.827103930552207,Indian_Male
4,6,-21,11.051115910727141,Indian_Male
4,6,-20,11.426526717557252,Indian_Male
4,6,-19,11.52336782019265,Indian_Male
4,6,-18,11.754927570648302,Indian_Male
4,6,-17,11.832423451222407,Indian_Male
4,6,-16,12.522213007937449,Indian_Male
4,6,-15,12.179487179487179,Indian_Male
4,6,-14,12.718411981457267,Indian_Male
4,6,-13,13.608198284080075,Indian_Male
4,6,-12,12.791392707710699,Indian_Male
4,6,-11,12.762636571016927,Indian_Male
4,6,-10,13.016678752719363,Indian_Male
4,6,-9,13.827972709551656,Indian_Male
4,6,-8,12.855044074436828,Indian_Male
4,6,-7,13.385051102081025,Indian_Male
4,6,-6,13.550472401790154,Indian_Male
4,6,-5,12.926798538490614,Indian_Male
4,6,-4,13.048454788248758,Indian_Male
4,6,-3,13.275706360469616,Indian_Male
4,6,-2,13.041770328663087,Indian_Male
4,6,-1,13.166976373772233,Indian_Male
4,7,-61,7.140946777213158,Indian_Male
4,7,-60,7.008727849775191,Indian_Male
4,7,-59,7.5319259838415435,Indian_Male
4,7,-58,7.7674897119341555,Indian_Male
4,7,-57,7.247845919918905,Indian_Male
4,7,-56,7.192633150821304,Indian_Male
4,7,-55,7.2017458777885555,Indian_Male
4,7,-54,7.272299364556366,Indian_Male
4,7,-53,6.8455765294518995,Indian_Male
4,7,-52,6.9988925802879285,Indian_Male
4,7,-51,6.3443447823233425,Indian_Male
4,7,-50,6.376561826798794,Indian_Male
4,7,-49,6.691604322527016,Indian_Male
4,7,-48,6.181290188757519,Indian_Male
4,7,-47,6.113010255379047,Indian_Male
4,7,-46,5.838580423583286,Indian_Male
4,7,-45,6.116876024030585,Indian_Male
4,7,-44,5.729710902124696,Indian_Male
4,7,-43,5.490848585690515,Indian_Male
4,7,-42,5.3508095605242865,Indian_Male
4,7,-41,5.499775213547131,Indian_Male
4,7,-40,5.47580287109664,Indian_Male
4,7,-39,5.490654205607477,Indian_Male
4,7,-38,6.019922044174968,Indian_Male
4,7,-37,6.092167213582536,Indian_Male
4,7,-36,6.34338877925007,Indian_Male
4,7,-35,6.907619313424504,Indian_Male
4,7,-34,7.118223203200441,Indian_Male
4,7,-33,7.517363475418766,Indian_Male
4,7,-32,7.674669544105746,Indian_Male
4,7,-31,8.295545478794345,Indian_Male
4,7,-30,8.110978361874418,Indian_Male
4,7,-29,8.494609689570073,Indian_Male
4,7,-28,8.960939494511106,Indian_Male
4,7,-27,8.972576772399849,Indian_Male
4,7,-26,9.477369342335585,Indian_Male
4,7,-25,9.643916913946587,Indian_Male
4,7,-24,9.811366976972073,Indian_Male
4,7,-23,10.44649356952196,Indian_Male
4,7,-22,10.742705570291777,Indian_Male
4,7,-21,10.715142788576912,Indian_Male
4,7,-20,10.842080152671755,Indian_Male
4,7,-19,11.511475799738376,Indian_Male
4,7,-18,11.315601994775589,Indian_Male
4,7,-17,11.511986707809161,Indian_Male
4,7,-16,11.633692690439522,Indian_Male
4,7,-15,12.606837606837606,Indian_Male
4,7,-14,12.789730179484133,Indian_Male
4,7,-13,12.642993326978075,Indian_Male
4,7,-12,13.126120741183502,Indian_Male
4,7,-11,13.0988113819186,Indian_Male
4,7,-10,13.270485859318345,Indian_Male
4,7,-9,13.64522417153996,Indian_Male
4,7,-8,13.76101860920666,Indian_Male
4,7,-7,13.286541066371136,Indian_Male
4,7,-6,13.51317752362009,Indian_Male
4,7,-5,13.770946201335518,Indian_Male
4,7,-4,13.124761541396413,Indian_Male
4,7,-3,13.765965681847502,Indian_Male
4,7,-2,14.351185020295928,Indian_Male
4,7,-1,13.67135651712238,Indian_Male
4,8,-61,7.3281626103236155,Indian_Male
4,8,-60,7.7228246495636075,Indian_Male
4,8,-59,7.740422204847537,Indian_Male
4,8,-58,7.510288065843622,Indian_Male
4,8,-57,7.6533198175367465,Indian_Male
4,8,-56,7.4166251866600295,Indian_Male
4,8,-55,7.371483996120272,Indian_Male
4,8,-54,7.225229465756648,Indian_Male
4,8,-53,7.755287696156471,Indian_Male
4,8,-52,7.397563676633443,Indian_Male
4,8,-51,6.978779260555677,Indian_Male
4,8,-50,7.195174493752693,Indian_Male
4,8,-49,7.356608478802992,Indian_Male
4,8,-48,6.679112217382285,Indian_Male
4,8,-47,6.635833500904886,Indian_Male
4,8,-46,6.410990269032628,Indian_Male
4,8,-45,6.044056071363554,Indian_Male
4,8,-44,6.2347614071752,Indian_Male
4,8,-43,5.823627287853577,Indian_Male
4,8,-42,5.535851966075559,Indian_Male
4,8,-41,5.859433538138768,Indian_Male
4,8,-40,6.023383158206305,Indian_Male
4,8,-39,6.629672897196262,Indian_Male
4,8,-38,6.669553919445647,Indian_Male
4,8,-37,6.306177771436724,Indian_Male
4,8,-36,6.498449393853961,Indian_Male
4,8,-35,6.949483672899805,Indian_Male
4,8,-34,7.490688370809767,Indian_Male
4,8,-33,7.735258068909165,Indian_Male
4,8,-32,7.661181548421904,Indian_Male
4,8,-31,8.082155241397707,Indian_Male
4,8,-30,8.695075003318731,Indian_Male
4,8,-29,8.442654890245487,Indian_Male
4,8,-28,8.87158539698749,Indian_Male
4,8,-27,9.035763932768862,Indian_Male
4,8,-26,9.777444361090271,Indian_Male
4,8,-25,10.126112759643917,Indian_Male
4,8,-24,10.436060754532091,Indian_Male
4,8,-23,10.215966998301383,Indian_Male
4,8,-22,10.923559199421268,Indian_Male
4,8,-21,11.195104391648668,Indian_Male
4,8,-20,11.557729007633588,Indian_Male
4,8,-19,11.951480556546558,Indian_Male
4,8,-18,11.84991688435051,Indian_Male
4,8,-17,12.23593638737242,Indian_Male
4,8,-16,12.297121194171307,Indian_Male
4,8,-15,12.381291547958215,Indian_Male
4,8,-14,12.658980149768215,Indian_Male
4,8,-13,13.000476644423259,Indian_Male
4,8,-12,13.114166168559475,Indian_Male
4,8,-11,13.170848841397525,Indian_Male
4,8,-10,13.403432438965435,Indian_Male
4,8,-9,13.462475633528264,Indian_Male
4,8,-8,13.442703232125366,Indian_Male
4,8,-7,13.311168575298609,Indian_Male
4,8,-6,13.774241670810541,Indian_Male
4,8,-5,13.405568854731007,Indian_Male
4,8,-4,13.671626605621265,Indian_Male
4,8,-3,13.701457876403044,Indian_Male
4,8,-2,13.67028938064685,Indian_Male
4,8,-1,14.202282983806743,Indian_Male
4,9,-61,6.793260230008023,Indian_Male
4,9,-60,7.458344353345677,Indian_Male
4,9,-59,7.740422204847537,Indian_Male
4,9,-58,7.690329218106997,Indian_Male
4,9,-57,7.2225038013177905,Indian_Male
4,9,-56,7.44151319064211,Indian_Male
4,9,-55,7.444228903976721,Indian_Male
4,9,-54,7.131089668157213,Indian_Male
4,9,-53,7.027518762792813,Indian_Male
4,9,-52,7.109634551495017,Indian_Male
4,9,-51,6.978779260555677,Indian_Male
4,9,-50,6.915122791900043,Indian_Male
4,9,-49,6.587697423108894,Indian_Male
4,9,-48,6.222775357809583,Indian_Male
4,9,-47,5.952141564448019,Indian_Male
4,9,-46,5.914901736309865,Indian_Male
4,9,-45,5.497906426360823,Indian_Male
4,9,-44,5.764541971438524,Indian_Male
4,9,-43,5.757071547420965,Indian_Male
4,9,-42,5.273708558211257,Indian_Male
4,9,-41,5.499775213547131,Indian_Male
4,9,-40,5.608998076069262,Indian_Male
4,9,-39,5.884929906542056,Indian_Male
4,9,-38,6.27977479428324,Indian_Male
4,9,-37,6.520188329290912,Indian_Male
4,9,-36,6.6676064279672955,Indian_Male
4,9,-35,6.642478370080938,Indian_Male
4,9,-34,7.40791833356325,Indian_Male
4,9,-33,7.7624948930954645,Indian_Male
4,9,-32,7.755597518208794,Indian_Male
4,9,-31,8.615630834889304,Indian_Male
4,9,-30,8.46940130094252,Indian_Male
4,9,-29,8.715417586699571,Indian_Male
4,9,-28,9.522593821802399,Indian_Male
4,9,-27,9.32642487046632,Indian_Male
4,9,-26,9.277319329832459,Indian_Male
4,9,-25,10.175568743818001,Indian_Male
4,9,-24,9.78686918177364,Indian_Male
4,9,-23,10.32516379519534,Indian_Male
4,9,-22,10.417169037858693,Indian_Male
4,9,-21,11.123110151187905,Indian_Male
4,9,-20,10.842080152671755,Indian_Male
4,9,-19,11.606611963372577,Indian_Male
4,9,-18,11.4580859653289,Indian_Male
4,9,-17,11.464514597673867,Indian_Male
4,9,-16,12.439284444970975,Indian_Male
4,9,-15,12.286324786324785,Indian_Male
4,9,-14,12.623321050754784,Indian_Male
4,9,-13,12.714489990467111,Indian_Male
4,9,-12,12.528392109982068,Indian_Male
4,9,-11,12.942730219714251,Indian_Male
4,9,-10,12.823301909596326,Indian_Male
4,9,-9,12.999512670565302,Indian_Male
4,9,-8,13.087659157688542,Indian_Male
4,9,-7,13.101834749415097,Indian_Male
4,9,-6,13.003480855295873,Indian_Male
4,9,-5,13.455965730124733,Indian_Male
4,9,-4,13.671626605621265,Indian_Male
4,9,-3,13.59824538769191,Indian_Male
4,9,-2,13.709571821395835,Indian_Male
4,9,-1,13.100610565436687,Indian_Male
4,11,-61,9.441027012570206,Indian_Male
4,11,-60,10.208939434012168,Indian_Male
4,11,-59,10.112066718790722,Indian_Male
4,11,-58,10.673868312757202,Indian_Male
4,11,-57,10.593005575266092,Indian_Male
4,11,-56,10.876057740169239,Indian_Male
4,11,-55,10.475266731328807,Indian_Male
4,11,-54,10.425982584137444,Indian_Male
4,11,-53,10.006822833750284,Indian_Male
4,11,-52,9.966777408637874,Indian_Male
4,11,-51,10.194705753664406,Indian_Male
4,11,-50,10.25420077552779,Indian_Male
4,11,-49,10.120532003325021,Indian_Male
4,11,-48,9.583074051026758,Indian_Male
4,11,-47,9.209732555801327,Indian_Male
4,11,-46,9.33028048082427,Indian_Male
4,11,-45,9.248133988712908,Indian_Male
4,11,-44,8.881922675026123,Indian_Male
4,11,-43,8.70216306156406,Indian_Male
4,11,-42,8.650732459521974,Indian_Male
4,11,-41,8.24216993855837,Indian_Male
4,11,-40,8.539292585466923,Indian_Male
4,11,-39,8.615654205607477,Indian_Male
4,11,-38,9.080409989894616,Indian_Male
4,11,-37,8.945641318305036,Indian_Male
4,11,-36,9.853397237101776,Indian_Male
4,11,-35,9.90789840915434,Indian_Male
4,11,-34,10.153124568906057,Indian_Male
4,11,-33,10.036769712651505,Indian_Male
4,11,-32,11.073644456433772,Indian_Male
4,11,-31,10.762870098692986,Indian_Male
4,11,-30,11.150935882118677,Indian_Male
4,11,-29,11.15729315495519,Indian_Male
4,11,-28,11.19479193260148,Indian_Male
4,11,-27,11.60116264375079,Indian_Male
4,11,-26,12.040510127531883,Indian_Male
4,11,-25,12.388724035608309,Indian_Male
4,11,-24,12.751102400783928,Indian_Male
4,11,-23,13.552535792283427,Indian_Male
4,11,-22,13.021461297323366,Indian_Male
4,11,-21,13.654907607391408,Indian_Male
4,11,-20,13.967080152671757,Indian_Male
4,11,-19,14.7579973837555,Indian_Male
4,11,-18,14.462123011161243,Indian_Male
4,11,-17,14.039876572513649,Indian_Male
4,11,-16,14.832365833432057,Indian_Male
4,11,-15,14.755460588793923,Indian_Male
4,11,-14,15.690003565909901,Indian_Male
4,11,-13,15.264537654909438,Indian_Male
4,11,-12,15.768081291093845,Indian_Male
4,11,-11,15.656141193420577,Indian_Male
4,11,-10,16.01401982112642,Indian_Male
4,11,-9,15.752923976608187,Indian_Male
4,11,-8,16.148383937316357,Indian_Male
4,11,-7,16.50043098140623,Indian_Male
4,11,-6,16.335156638488314,Indian_Male
4,11,-5,16.42938137835454,Indian_Male
4,11,-4,16.240620628258934,Indian_Male
4,11,-3,16.810734098825957,Indian_Male
4,11,-2,15.699882152677752,Indian_Male
4,11,-1,15.901247677196709,Indian_Male
4,12,-61,9.548007488633324,Indian_Male
4,12,-60,9.970907167416028,Indian_Male
4,12,-59,10.268438884545219,Indian_Male
4,12,-58,10.545267489711934,Indian_Male
4,12,-57,10.491637100861633,Indian_Male
4,12,-56,10.303633648581384,Indian_Male
4,12,-55,10.45101842870999,Indian_Male
4,12,-54,9.861143798540834,Indian_Male
4,12,-53,9.870366158744599,Indian_Male
4,12,-52,9.789590254706534,Indian_Male
4,12,-51,9.866549989061474,Indian_Male
4,12,-50,9.58638517880224,Indian_Male
4,12,-49,9.704904405652535,Indian_Male
4,12,-48,9.18896494503215,Indian_Male
4,12,-47,9.18962396943495,Indian_Male
4,12,-46,9.101316542644533,Indian_Male
4,12,-45,8.210449663207719,Indian_Male
4,12,-44,8.34204110066179,Indian_Male
4,12,-43,8.286189683860233,Indian_Male
4,12,-42,7.818041634541249,Indian_Male
4,12,-41,7.7776112692941695,Indian_Male
4,12,-40,8.317300577179223,Indian_Male
4,12,-39,8.513434579439252,Indian_Male
4,12,-38,8.87830229536596,Indian_Male
4,12,-37,9.002710800399488,Indian_Male
4,12,-36,9.275444037214548,Indian_Male
4,12,-35,9.824169690203739,Indian_Male
4,12,-34,9.766864395088978,Indian_Male
4,12,-33,10.145717009396705,Indian_Male
4,12,-32,10.83086053412463,Indian_Male
4,12,-31,10.776206988530275,Indian_Male
4,12,-30,11.283685118810567,Indian_Male
4,12,-29,11.53396545005845,Indian_Male
4,12,-28,11.48838396732193,Indian_Male
4,12,-27,11.904461013522052,Indian_Male
4,12,-26,12.153038259564891,Indian_Male
4,12,-25,12.388724035608309,Indian_Male
4,12,-24,12.616364527192554,Indian_Male
4,12,-23,12.994418830380974,Indian_Male
4,12,-22,13.105859657583796,Indian_Male
4,12,-21,13.942884569234462,Indian_Male
4,12,-20,14.205629770992367,Indian_Male
4,12,-19,14.650969199667024,Indian_Male
4,12,-18,14.5333649964379,Indian_Male
4,12,-17,14.83503441727985,Indian_Male
4,12,-16,15.164080085297952,Indian_Male
4,12,-15,15.396486229819564,Indian_Male
4,12,-14,15.40473077380245,Indian_Male
4,12,-13,15.47902764537655,Indian_Male
4,12,-12,15.99521817095039,Indian_Male
4,12,-11,16.004322247568737,Indian_Male
4,12,-10,16.364515349286922,Indian_Male
4,12,-9,16.349902534113063,Indian_Male
4,12,-8,16.564642507345738,Indian_Male
4,12,-7,17.06686368673809,Indian_Male
4,12,-6,16.621084037792144,Indian_Male
4,12,-5,16.454579816051403,Indian_Male
4,12,-4,16.91466361439654,Indian_Male
4,12,-3,16.952651270803766,Indian_Male
4,12,-2,17.11405001964122,Indian_Male
4,12,-1,16.89673480222989,Indian_Male
4,13,-61,9.81545867879112,Indian_Male
4,13,-60,10.0766992859032,Indian_Male
4,13,-59,10.242376856919469,Indian_Male
4,13,-58,10.313786008230451,Indian_Male
4,13,-57,10.618347693867207,Indian_Male
4,13,-56,10.328521652563465,Indian_Male
4,13,-55,10.30552861299709,Indian_Male
4,13,-54,10.237702988938574,Indian_Male
4,13,-53,9.847623379576985,Indian_Male
4,13,-52,9.656699889258029,Indian_Male
4,13,-51,9.516517173485015,Indian_Male
4,13,-50,9.34941835415769,Indian_Male
4,13,-49,9.788029925187033,Indian_Male
4,13,-48,9.126737191454055,Indian_Male
4,13,-47,8.827669414840136,Indian_Male
4,13,-46,8.68154932264835,Indian_Male
4,13,-45,8.410704533042052,Indian_Male
4,13,-44,8.16788575409265,Indian_Male
4,13,-43,8.302828618968386,Indian_Male
4,13,-42,7.987663839629914,Indian_Male
4,13,-41,8.197212647984415,Indian_Male
4,13,-40,8.598490454343644,Indian_Male
4,13,-39,8.630257009345794,Indian_Male
4,13,-38,8.936047350945575,Indian_Male
4,13,-37,9.159651876159224,Indian_Male
4,13,-36,9.599661685931773,Indian_Male
4,13,-35,9.921853195646106,Indian_Male
4,13,-34,10.139329562698302,Indian_Male
4,13,-33,10.268282718235055,Indian_Male
4,13,-32,10.669004585918533,Indian_Male
4,13,-31,11.336356361696453,Indian_Male
4,13,-30,11.243860347803,Indian_Male
4,13,-29,11.183270554617483,Indian_Male
4,13,-28,11.207556803676283,Indian_Male
4,13,-27,11.689624668267408,Indian_Male
4,13,-26,12.203050762690673,Indian_Male
4,13,-25,11.770524233432244,Indian_Male
4,13,-24,12.53062224399804,Indian_Male
4,13,-23,13.261344333899538,Indian_Male
4,13,-22,13.033518205932,Indian_Male
4,13,-21,13.59491240700744,Indian_Male
4,13,-20,13.62118320610687,Indian_Male
4,13,-19,13.747175645142109,Indian_Male
4,13,-18,14.022797435288531,Indian_Male
4,13,-17,14.34844528839307,Indian_Male
4,13,-16,14.536192394266081,Indian_Male
4,13,-15,14.6011396011396,Indian_Male
4,13,-14,14.168548674670154,Indian_Male
4,13,-13,14.585319351763584,Indian_Male
4,13,-12,15.002988643156007,Indian_Male
4,13,-11,15.716172409653021,Indian_Male
4,13,-10,15.60309402948997,Indian_Male
4,13,-9,15.7041910331384,Indian_Male
4,13,-8,16.209598432908912,Indian_Male
4,13,-7,15.860115749291959,Indian_Male
4,13,-6,15.750870213823967,Indian_Male
4,13,-5,15.761622779387677,Indian_Male
4,13,-4,16.266056212641487,Indian_Male
4,13,-3,16.24306541091472,Indian_Male
4,13,-2,15.817729474924707,Indian_Male
4,13,-1,15.649057605521635,Indian_Male
4,14,-61,9.842203797806901,Indian_Male
4,14,-60,9.732874900819889,Indian_Male
4,14,-59,10.16419077404222,Indian_Male
4,14,-58,10.493827160493826,Indian_Male
4,14,-57,10.567663456664977,Indian_Male
4,14,-56,10.477849676455948,Indian_Male
4,14,-55,10.426770126091174,Indian_Male
4,14,-54,9.93174864674041,Indian_Male
4,14,-53,9.506481692062769,Indian_Male
4,14,-52,9.811738648947951,Indian_Male
4,14,-51,9.494640122511486,Indian_Male
4,14,-50,9.84489444205084,Indian_Male
4,14,-49,9.351620947630924,Indian_Male
4,14,-48,8.774113254511512,Indian_Male
4,14,-47,8.626583551176353,Indian_Male
4,14,-46,8.528906697195191,Indian_Male
4,14,-45,8.374294556708538,Indian_Male
4,14,-44,7.993730407523511,Indian_Male
4,14,-43,7.870216306156406,Indian_Male
4,14,-42,8.172706245181187,Indian_Male
4,14,-41,7.582796343473699,Indian_Male
4,14,-40,8.1101080361107,Indian_Male
4,14,-39,8.221378504672897,Indian_Male
4,14,-38,8.156489100620758,Indian_Male
4,14,-37,8.446283349978598,Indian_Male
4,14,-36,8.61291232027065,Indian_Male
4,14,-35,9.545073960368407,Indian_Male
4,14,-34,9.518554283349427,Indian_Male
4,14,-33,10.023151300558355,Indian_Male
4,14,-32,10.588076611815485,Indian_Male
4,14,-31,10.656174979994665,Indian_Male
4,14,-30,10.858887561396521,Indian_Male
4,14,-29,11.144304455124042,Indian_Male
4,14,-28,11.360735256573909,Indian_Male
4,14,-27,11.424238594717554,Indian_Male
4,14,-26,11.665416354088523,Indian_Male
4,14,-25,12.190900098911968,Indian_Male
4,14,-24,12.653111219990201,Indian_Male
4,14,-23,13.09148264984227,Indian_Male
4,14,-22,12.756209307933448,Indian_Male
4,14,-21,12.922966162706985,Indian_Male
4,14,-20,13.418416030534353,Indian_Male
4,14,-19,13.437983113330956,Indian_Male
4,14,-18,13.666587508905248,Indian_Male
4,14,-17,14.265369095656302,Indian_Male
4,14,-16,14.014927141333967,Indian_Male
4,14,-15,14.304368471035136,Indian_Male
4,14,-14,14.655889694520386,Indian_Male
4,14,-13,14.990467111534794,Indian_Male
4,14,-12,15.050806933652122,Indian_Male
4,14,-11,15.488053787969744,Indian_Male
4,14,-10,15.409717186366933,Indian_Male
4,14,-9,15.789473684210526,Indian_Male
4,14,-8,15.866797257590598,Indian_Male
4,14,-7,16.352665927841397,Indian_Male
4,14,-6,16.16111387369468,Indian_Male
4,14,-5,15.938011843265718,Indian_Male
4,14,-4,16.39323413455424,Indian_Male
4,14,-3,16.82363565991485,Indian_Male
4,14,-2,16.642660730653397,Indian_Male
4,14,-1,16.35253517387842,Indian_Male
4,15,-61,9.414281893554426,Indian_Male
4,15,-60,9.785770960063475,Indian_Male
4,15,-59,9.955694553036226,Indian_Male
4,15,-58,10.36522633744856,Indian_Male
4,15,-57,10.212873796249367,Indian_Male
4,15,-56,9.855649576903932,Indian_Male
4,15,-55,10.16003879728419,Indian_Male
4,15,-54,10.190633090138856,Indian_Male
4,15,-53,9.847623379576985,Indian_Male
4,15,-52,9.634551495016613,Indian_Male
4,15,-51,9.77904178516736,Indian_Male
4,15,-50,9.80180956484274,Indian_Male
4,15,-49,9.351620947630924,Indian_Male
4,15,-48,8.898568761667704,Indian_Male
4,15,-47,8.948320933038408,Indian_Male
4,15,-46,8.35718374356039,Indian_Male
4,15,-45,8.392499544875296,Indian_Male
4,15,-44,8.307210031347962,Indian_Male
4,15,-43,7.886855241264559,Indian_Male
4,15,-42,7.818041634541249,Indian_Male
4,15,-41,8.152255357410459,Indian_Male
4,15,-40,8.12490750332988,Indian_Male
4,15,-39,8.425817757009346,Indian_Male
4,15,-38,8.618449545257688,Indian_Male
4,15,-37,9.031245541446712,Indian_Male
4,15,-36,9.430504651818438,Indian_Male
4,15,-35,9.78230533072844,Indian_Male
4,15,-34,9.877224444751,Indian_Male
4,15,-33,10.404466839166552,Indian_Male
4,15,-32,10.318316698138656,Indian_Male
4,15,-31,10.789543878367565,Indian_Male
4,15,-30,11.190760653126244,Indian_Male
4,15,-29,10.754643460189635,Indian_Male
4,15,-28,11.169262190451876,Indian_Male
4,15,-27,11.689624668267408,Indian_Male
4,15,-26,12.115528882220556,Indian_Male
4,15,-25,12.462908011869436,Indian_Male
4,15,-24,12.236648701616854,Indian_Male
4,15,-23,13.140014559572919,Indian_Male
4,15,-22,13.371111646973716,Indian_Male
4,15,-21,13.606911447084233,Indian_Male
4,15,-20,13.680820610687022,Indian_Male
4,15,-19,14.163396361041741,Indian_Male
4,15,-18,14.426502018522916,Indian_Male
4,15,-17,14.609541894137196,Indian_Male
4,15,-16,14.903447458831891,Indian_Male
4,15,-15,15.325261158594492,Indian_Male
4,15,-14,15.297753476762155,Indian_Male
4,15,-13,15.562440419447093,Indian_Male
4,15,-12,16.198445905558874,Indian_Male
4,15,-11,16.076359707047665,Indian_Male
4,15,-10,16.219482716944647,Indian_Male
4,15,-9,16.374269005847953,Indian_Male
4,15,-8,16.625857002938297,Indian_Male
4,15,-7,16.488117226942496,Indian_Male
4,15,-6,16.260566882148186,Indian_Male
4,15,-5,16.693964974171603,Indian_Male
4,15,-4,16.545847640849548,Indian_Male
4,15,-3,16.7462262933815,Indian_Male
4,15,-2,16.79979049364934,Indian_Male
4,15,-1,17.0560127422352,Indian_Male
4,16,-61,9.12008558438085,Indian_Male
4,16,-60,10.288283522877546,Indian_Male
4,16,-59,9.903570497784727,Indian_Male
4,16,-58,10.08230452674897,Indian_Male
4,16,-57,10.010136847440446,Indian_Male
4,16,-56,10.228969636635142,Indian_Male
4,16,-55,10.135790494665374,Indian_Male
4,16,-54,10.30830783713815,Indian_Male
4,16,-53,9.688423925403685,Indian_Male
4,16,-52,9.435215946843854,Indian_Male
4,16,-51,9.232115510829141,Indian_Male
4,16,-50,9.24170616113744,Indian_Male
4,16,-49,9.247714048212801,Indian_Male
4,16,-48,8.981539099771831,Indian_Male
4,16,-47,9.18962396943495,Indian_Male
4,16,-46,8.776950963556573,Indian_Male
4,16,-45,8.75659930821045,Indian_Male
4,16,-44,8.56844305120167,Indian_Male
4,16,-43,8.21963394342762,Indian_Male
4,16,-42,7.802621434078643,Indian_Male
4,16,-41,8.107298066836504,Indian_Male
4,16,-40,8.19890483942578,Indian_Male
4,16,-39,8.352803738317757,Indian_Male
4,16,-38,8.690630864732206,Indian_Male
4,16,-37,9.444999286631473,Indian_Male
4,16,-36,9.952072173667888,Indian_Male
4,16,-35,10.11722020653084,Indian_Male
4,16,-34,10.153124568906057,Indian_Male
4,16,-33,10.118480185210405,Indian_Male
4,16,-32,10.615052603183168,Indian_Male
4,16,-31,10.722859429181115,Indian_Male
4,16,-30,11.09783618744192,Indian_Male
4,16,-29,11.352123652422392,Indian_Male
4,16,-28,11.42455961194792,Indian_Male
4,16,-27,11.676987236193606,Indian_Male
4,16,-26,12.115528882220556,Indian_Male
4,16,-25,12.80909990108803,Indian_Male
4,16,-24,12.824595786379225,Indian_Male
4,16,-23,13.21281242416889,Indian_Male
4,16,-22,13.74487581384133,Indian_Male
4,16,-21,14.542836573074155,Indian_Male
4,16,-20,14.432251908396946,Indian_Male
4,16,-19,14.639077179212748,Indian_Male
4,16,-18,14.80645927333175,Indian_Male
4,16,-17,15.226679325896036,Indian_Male
4,16,-16,15.401018836630731,Indian_Male
4,16,-15,15.408357075023742,Indian_Male
4,16,-14,15.22643527873529,Indian_Male
4,16,-13,15.47902764537655,Indian_Male
4,16,-12,15.935445307830246,Indian_Male
4,16,-11,16.148397166526593,Indian_Male
4,16,-10,16.328257191201352,Indian_Male
4,16,-9,16.435185185185187,Indian_Male
4,16,-8,16.380999020568073,Indian_Male
4,16,-7,16.574313508188645,Indian_Male
4,16,-6,16.86971655892591,Indian_Male
4,16,-5,17.24833060350258,Indian_Male
4,16,-4,17.016405951926746,Indian_Male
4,16,-3,16.97845439298155,Indian_Male
4,16,-2,17.244991488804505,Indian_Male
4,16,-1,16.339262012211307,Indian_Male
4,17,-61,9.788713559775342,Indian_Male
4,17,-60,9.812218989685269,Indian_Male
4,17,-59,10.294500912170967,Indian_Male
4,17,-58,10.493827160493826,Indian_Male
4,17,-57,10.18753167764825,Indian_Male
4,17,-56,10.253857640617223,Indian_Male
4,17,-55,9.86905916585839,Indian_Male
4,17,-54,10.214168039538714,Indian_Male
4,17,-53,10.393450079599727,Indian_Male
4,17,-52,9.545957918050942,Indian_Male
4,17,-51,9.888427040035003,Indian_Male
4,17,-50,9.67255493321844,Indian_Male
4,17,-49,9.476309226932669,Indian_Male
4,17,-48,9.023024268823896,Indian_Male
4,17,-47,8.606474964809973,Indian_Male
4,17,-46,8.567067353558482,Indian_Male
4,17,-45,8.28326961587475,Indian_Male
4,17,-44,7.784743991640543,Indian_Male
4,17,-43,7.886855241264559,Indian_Male
4,17,-42,7.586738627602159,Indian_Male
4,17,-41,7.882511613966732,Indian_Male
4,17,-40,8.287701642740862,Indian_Male
4,17,-39,8.440420560747663,Indian_Male
4,17,-38,8.907174823155767,Indian_Male
4,17,-37,9.430731916107861,Indian_Male
4,17,-36,9.585565266422329,Indian_Male
4,17,-35,10.228858498464973,Indian_Male
4,17,-34,10.153124568906057,Indian_Male
4,17,-33,10.513414135911752,Indian_Male
4,17,-32,10.884812516859995,Indian_Male
4,17,-31,11.363030141371032,Indian_Male
4,17,-30,11.403159431833267,Indian_Male
4,17,-29,11.546954149889595,Indian_Male
4,17,-28,12.011743681388817,Indian_Male
4,17,-27,12.106659926702894,Indian_Male
4,17,-26,12.303075768942236,Indian_Male
4,17,-25,12.438180019782394,Indian_Male
4,17,-24,12.996080352768253,Indian_Male
4,17,-23,13.467604950254792,Indian_Male
4,17,-22,13.672534362189534,Indian_Male
4,17,-21,13.4749220062395,Indian_Male
4,17,-20,13.990935114503817,Indian_Male
4,17,-19,13.901771911047685,Indian_Male
4,17,-18,14.462123011161243,Indian_Male
4,17,-17,14.704486114407786,Indian_Male
4,17,-16,15.06930458476484,Indian_Male
4,17,-15,14.77920227920228,Indian_Male
4,17,-14,15.024367050992513,Indian_Male
4,17,-13,15.419447092469019,Indian_Male
4,17,-12,15.7083084279737,Indian_Male
4,17,-11,16.028334734061712,Indian_Male
4,17,-10,16.279912980420594,Indian_Male
4,17,-9,16.32553606237817,Indian_Male
4,17,-8,16.454456415279136,Indian_Male
4,17,-7,16.401920945696343,Indian_Male
4,17,-6,16.70810542018896,Indian_Male
4,17,-5,16.832556381504347,Indian_Male
4,17,-4,17.37250413328246,Indian_Male
4,17,-3,16.7462262933815,Indian_Male
4,17,-2,17.074767578892235,Indian_Male
4,17,-1,16.51181311388373,Indian_Male
4,18,-61,9.574752607649103,Indian_Male
4,18,-60,10.605659878339063,Indian_Male
4,18,-59,10.086004691164971,Indian_Male
4,18,-58,10.2880658436214,Indian_Male
4,18,-57,10.390268626457171,Indian_Male
4,18,-56,10.054753608760578,Indian_Male
4,18,-55,10.135790494665374,Indian_Male
4,18,-54,9.790538950341258,Indian_Male
4,18,-53,9.256311121219014,Indian_Male
4,18,-52,9.258028792912514,Indian_Male
4,18,-51,9.385254867643841,Indian_Male
4,18,-50,9.13399396811719,Indian_Male
4,18,-49,8.790523690773068,Indian_Male
4,18,-48,8.75337066998548,Indian_Male
4,18,-47,8.686909310275489,Indian_Male
4,18,-46,8.185460789925587,Indian_Male
4,18,-45,8.301474604041507,Indian_Male
4,18,-44,8.185301288749566,Indian_Male
4,18,-43,8.519134775374376,Indian_Male
4,18,-42,7.818041634541249,Indian_Male
4,18,-41,7.7026824516709125,Indian_Male
4,18,-40,7.9325144294805385,Indian_Male
4,18,-39,8.352803738317757,Indian_Male
4,18,-38,8.936047350945575,Indian_Male
4,18,-37,8.988443429875874,Indian_Male
4,18,-36,9.599661685931773,Indian_Male
4,18,-35,10.07535584705554,Indian_Male
4,18,-34,10.07035453165954,Indian_Male
4,18,-33,10.241045894048755,Indian_Male
4,18,-32,10.790396547073106,Indian_Male
4,18,-31,11.162976793811682,Indian_Male
4,18,-30,11.575733439532723,Indian_Male
4,18,-29,11.637875048707624,Indian_Male
4,18,-28,12.113862649987235,Indian_Male
4,18,-27,12.068747630481486,Indian_Male
4,18,-26,12.365591397849462,Indian_Male
4,18,-25,12.425816023738873,Indian_Male
4,18,-24,12.959333659970603,Indian_Male
4,18,-23,12.945886920650326,Indian_Male
4,18,-22,13.431396190016882,Indian_Male
4,18,-21,13.882889368850492,Indian_Male
4,18,-20,13.967080152671757,Indian_Male
4,18,-19,14.746105363301226,Indian_Male
4,18,-18,14.877701258608406,Indian_Male
4,18,-17,14.87063849988132,Indian_Male
4,18,-16,15.543182087430399,Indian_Male
4,18,-15,15.491452991452991,Indian_Male
4,18,-14,15.476048971829313,Indian_Male
4,18,-13,16.051000953288845,Indian_Male
4,18,-12,15.88762701733413,Indian_Male
4,18,-11,15.70416616640653,Indian_Male
4,18,-10,16.424945612762873,Indian_Male
4,18,-9,16.15497076023392,Indian_Male
4,18,-8,16.36875612144956,Indian_Male
4,18,-7,16.377293436768873,Indian_Male
4,18,-6,16.757831924415715,Indian_Male
4,18,-5,16.908151694594935,Indian_Male
4,18,-4,16.91466361439654,Indian_Male
4,18,-3,16.952651270803766,Indian_Male
4,18,-2,16.930731962812622,Indian_Male
4,18,-1,16.79054950889302,Indian_Male
4,19,-61,9.467772131585987,Indian_Male
4,19,-60,10.552763819095476,Indian_Male
4,19,-59,10.424811050299713,Indian_Male
4,19,-58,10.905349794238683,Indian_Male
4,19,-57,10.491637100861633,Indian_Male
4,19,-56,10.029865604778497,Indian_Male
4,19,-55,9.72356935014549,Indian_Male
4,19,-54,10.33184278653801,Indian_Male
4,19,-53,10.029565612917898,Indian_Male
4,19,-52,9.700996677740864,Indian_Male
4,19,-51,9.77904178516736,Indian_Male
4,19,-50,9.75872468763464,Indian_Male
4,19,-49,9.39318370739817,Indian_Male
4,19,-48,9.334163036714374,Indian_Male
4,19,-47,8.566257792077216,Indian_Male
4,19,-46,8.299942759015455,Indian_Male
4,19,-45,8.174039686874202,Indian_Male
4,19,-44,8.02856147683734,Indian_Male
4,19,-43,7.770382695507487,Indian_Male
4,19,-42,7.956823438704704,Indian_Male
4,19,-41,7.942454668065338,Indian_Male
4,19,-40,8.509693651028563,Indian_Male
4,19,-39,8.644859813084112,Indian_Male
4,19,-38,8.647322073047494,Indian_Male
4,19,-37,8.646026537309174,Indian_Male
4,19,-36,9.19086552015788,Indian_Male
4,19,-35,9.684621825286072,Indian_Male
4,19,-34,9.987584494413023,Indian_Male
4,19,-33,9.805256707067954,Indian_Male
4,19,-32,10.34529268950634,Indian_Male
4,19,-31,10.389437183248866,Indian_Male
4,19,-30,10.978361874419223,Indian_Male
4,19,-29,11.339134952591245,Indian_Male
4,19,-28,11.475619096247128,Indian_Male
4,19,-27,11.626437507898395,Indian_Male
4,19,-26,11.677919479869967,Indian_Male
4,19,-25,11.980712166172108,Indian_Male
4,19,-24,12.31014208721215,Indian_Male
4,19,-23,12.472700800776511,Indian_Male
4,19,-22,12.647697130455752,Indian_Male
4,19,-21,13.330933525317976,Indian_Male
4,19,-20,13.931297709923665,Indian_Male
4,19,-19,14.056368176953265,Indian_Male
4,19,-18,14.331512704820707,Indian_Male
4,19,-17,14.38404937099454,Indian_Male
4,19,-16,14.773131145598864,Indian_Male
4,19,-15,14.696106362773028,Indian_Male
4,19,-14,14.810412456911923,Indian_Male
4,19,-13,15.085795996186846,Indian_Male
4,19,-12,15.230125523012553,Indian_Male
4,19,-11,15.692159923160043,Indian_Male
4,19,-10,15.349286922890984,Indian_Male
4,19,-9,15.64327485380117,Indian_Male
4,19,-8,15.377081292850148,Indian_Male
4,19,-7,15.63846816894471,Indian_Male
4,19,-6,16.09895574341124,Indian_Male
4,19,-5,15.585233715509638,Indian_Male
4,19,-4,16.024418161007247,Indian_Male
4,19,-3,15.93342794478132,Indian_Male
4,19,-2,16.027235825585965,Indian_Male
4,19,-1,15.967613485532253,Indian_Male
4,20,-61,10.002674511901578,Indian_Male
4,20,-60,10.288283522877546,Indian_Male
4,20,-59,10.242376856919469,Indian_Male
4,20,-58,10.51954732510288,Indian_Male
4,20,-57,10.491637100861633,Indian_Male
4,20,-56,10.452961672473867,Indian_Male
4,20,-55,10.426770126091174,Indian_Male
4,20,-54,9.71993410214168,Indian_Male
4,20,-53,10.14327950875597,Indian_Male
4,20,-52,10.210409745293466,Indian_Male
4,20,-51,9.822795887114417,Indian_Male
4,20,-50,9.62947005601034,Indian_Male
4,20,-49,9.559434746467165,Indian_Male
4,20,-48,9.520846297448662,Indian_Male
4,20,-47,9.209732555801327,Indian_Male
4,20,-46,8.986834573554665,Indian_Male
4,20,-45,8.501729473875843,Indian_Male
4,20,-44,8.498780912574016,Indian_Male
4,20,-43,8.186356073211314,Indian_Male
4,20,-42,8.157286044718582,Indian_Male
4,20,-41,8.152255357410459,Indian_Male
4,20,-40,8.450495782151842,Indian_Male
4,20,-39,8.498831775700936,Indian_Male
4,20,-38,8.95048361484048,Indian_Male
4,20,-37,9.173919246682836,Indian_Male
4,20,-36,9.55737242740344,Indian_Male
4,20,-35,9.977672341613173,Indian_Male
4,20,-34,10.02896951303628,Indian_Male
4,20,-33,10.309137954514505,Indian_Male
4,20,-32,10.709468572970056,Indian_Male
4,20,-31,10.936249666577753,Indian_Male
4,20,-30,11.137660958449489,Indian_Male
4,20,-29,11.61189764904533,Indian_Male
4,20,-28,11.947919326014807,Indian_Male
4,20,-27,12.397320864400353,Indian_Male
4,20,-26,12.24056014003501,Indian_Male
4,20,-25,12.734915924826904,Indian_Male
4,20,-24,13.21656050955414,Indian_Male
4,20,-23,13.443338995389468,Indian_Male
4,20,-22,13.925729442970821,Indian_Male
4,20,-21,14.098872090232781,Indian_Male
4,20,-20,14.110209923664122,Indian_Male
4,20,-19,14.639077179212748,Indian_Male
4,20,-18,15.079553550225599,Indian_Male
4,20,-17,14.787562307144553,Indian_Male
4,20,-16,14.595427082099278,Indian_Male
4,20,-15,15.0997150997151,Indian_Male
4,20,-14,15.297753476762155,Indian_Male
4,20,-13,15.502859866539561,Indian_Male
4,20,-12,15.875672444710101,Indian_Male
4,20,-11,16.10037219354064,Indian_Male
4,20,-10,16.13488034807832,Indian_Male
4,20,-9,16.447368421052634,Indian_Male
4,20,-8,16.96865817825661,Indian_Male
4,20,-7,16.919098633173256,Indian_Male
4,20,-6,16.70810542018896,Indian_Male
4,20,-5,16.42938137835454,Indian_Male
4,20,-4,16.405951926745516,Indian_Male
4,20,-3,16.16565604438137,Indian_Male
4,20,-2,16.315307057745187,Indian_Male
4,20,-1,16.179984072206,Indian_Male
4,22,-61,12.51671569938486,Indian_Male
4,22,-60,13.276910870140174,Indian_Male
4,22,-59,13.708626531144121,Indian_Male
4,22,-58,13.271604938271606,Indian_Male
4,22,-57,13.634059807399899,Indian_Male
4,22,-56,14.036834245893479,Indian_Male
4,22,-55,13.36081474296799,Indian_Male
4,22,-54,13.461991056719228,Indian_Male
4,22,-53,12.599499658858312,Indian_Male
4,22,-52,12.846068660022148,Indian_Male
4,22,-51,12.863705972434916,Indian_Male
4,22,-50,12.236105127100389,Indian_Male
4,22,-49,12.323358270989193,Indian_Male
4,22,-48,11.906243517942336,Indian_Male
4,22,-47,12.00482606072793,Indian_Male
4,22,-46,11.123831329898874,Indian_Male
4,22,-45,11.086837793555434,Indian_Male
4,22,-44,11.076280041797283,Indian_Male
4,22,-43,10.682196339434276,Indian_Male
4,22,-42,10.454895913646878,Indian_Male
4,22,-41,10.579949048404016,Indian_Male
4,22,-40,10.700014799467219,Indian_Male
4,22,-39,11.360981308411215,Indian_Male
4,22,-38,11.751118810451855,Indian_Male
4,22,-37,11.42816378941361,Indian_Male
4,22,-36,11.967860163518466,Indian_Male
4,22,-35,12.140664247837007,Indian_Male
4,22,-34,12.953510829079873,Indian_Male
4,22,-33,13.169004494075992,Indian_Male
4,22,-32,13.67682762341516,Indian_Male
4,22,-31,14.31048279541211,Indian_Male
4,22,-30,14.708615425461305,Indian_Male
4,22,-29,14.352513313417328,Indian_Male
4,22,-28,15.04978299719173,Indian_Male
4,22,-27,15.10173132819411,Indian_Male
4,22,-26,15.641410352588148,Indian_Male
4,22,-25,15.343719090009891,Indian_Male
4,22,-24,15.629593336599706,Indian_Male
4,22,-23,15.942732346517834,Indian_Male
4,22,-22,16.409452616349167,Indian_Male
4,22,-21,16.222702183825294,Indian_Male
4,22,-20,17.17557251908397,Indian_Male
4,22,-19,17.219645617790462,Indian_Male
4,22,-18,17.21681310852529,Indian_Male
4,22,-17,17.41039639211963,Indian_Male
4,22,-16,17.50977372349248,Indian_Male
4,22,-15,17.87749287749288,Indian_Male
4,22,-14,17.924640437418283,Indian_Male
4,22,-13,18.69637750238322,Indian_Male
4,22,-12,18.063359234907352,Indian_Male
4,22,-11,18.681714491535597,Indian_Male
4,22,-10,18.274111675126903,Indian_Male
4,22,-9,18.71345029239766,Indian_Male
4,22,-8,19.19686581782566,Indian_Male
4,22,-7,19.492673316094077,Indian_Male
4,22,-6,19.455494778717057,Indian_Male
4,22,-5,19.402797026584352,Indian_Male
4,22,-4,19.394633091695283,Indian_Male
4,22,-3,19.210424461359825,Indian_Male
4,22,-2,19.523373052245645,Indian_Male
4,22,-1,19.338996548977967,Indian_Male
4,23,-61,12.7306766515111,Indian_Male
4,23,-60,13.541391166358107,Indian_Male
4,23,-59,13.317696116757885,Indian_Male
4,23,-58,13.631687242798355,Indian_Male
4,23,-57,13.329954384186518,Indian_Male
4,23,-56,12.991538078646093,Indian_Male
4,23,-55,13.094083414161009,Indian_Male
4,23,-54,12.685337726523887,Indian_Male
4,23,-53,12.303843529679327,Indian_Male
4,23,-52,12.336655592469546,Indian_Male
4,23,-51,12.316779698096697,Indian_Male
4,23,-50,11.869883670831538,Indian_Male
4,23,-49,12.1571072319202,Indian_Male
4,23,-48,11.63658991910392,Indian_Male
4,23,-47,11.602654333400363,Indian_Male
4,23,-46,10.856706735355848,Indian_Male
4,23,-45,10.759148006553795,Indian_Male
4,23,-44,10.484151863462209,Indian_Male
4,23,-43,10.016638935108153,Indian_Male
4,23,-42,9.637625289128758,Indian_Male
4,23,-41,9.605874419301664,Indian_Male
4,23,-40,10.004439840165755,Indian_Male
4,23,-39,10.60163551401869,Indian_Male
4,23,-38,10.307492420961454,Indian_Male
4,23,-37,10.843201597945498,Indian_Male
4,23,-36,11.587256836763462,Indian_Male
4,23,-35,11.861568518001675,Indian_Male
4,23,-34,12.24996551248448,Indian_Male
4,23,-33,12.501702301511644,Indian_Male
4,23,-32,13.447531696789857,Indian_Male
4,23,-31,13.523606295012003,Indian_Male
4,23,-30,13.726271073941323,Indian_Male
4,23,-29,13.729055721522275,Indian_Male
4,23,-28,13.92647434260914,Indian_Male
4,23,-27,14.217111083027929,Indian_Male
4,23,-26,14.778694673668417,Indian_Male
4,23,-25,15.281899109792285,Indian_Male
4,23,-24,15.727584517393433,Indian_Male
4,23,-23,15.894200436787187,Indian_Male
4,23,-22,15.637810465396672,Indian_Male
4,23,-21,16.45068394528438,Indian_Male
4,23,-20,16.328721374045802,Indian_Male
4,23,-19,16.61315257462243,Indian_Male
4,23,-18,16.979339824269772,Indian_Male
4,23,-17,17.612152860194634,Indian_Male
4,23,-16,17.67563084942542,Indian_Male
4,23,-15,18.12678062678063,Indian_Male
4,23,-14,18.067276833472008,Indian_Male
4,23,-13,18.660629170638703,Indian_Male
4,23,-12,18.25463239689181,Indian_Male
4,23,-11,18.99387681594429,Indian_Male
4,23,-10,19.265167996132462,Indian_Male
4,23,-9,18.871832358674464,Indian_Male
4,23,-8,18.866307541625858,Indian_Male
4,23,-7,18.34749415096663,Indian_Male
4,23,-6,19.00795624067628,Indian_Male
4,23,-5,19.31460249464533,Indian_Male
4,23,-4,19.216584001017424,Indian_Male
4,23,-3,18.913688556315314,Indian_Male
4,23,-2,19.34005499541705,Indian_Male
4,23,-1,19.498274488983274,Indian_Male
4,24,-61,12.837657127574218,Indian_Male
4,24,-60,13.356254959005554,Indian_Male
4,24,-59,13.265572061506386,Indian_Male
4,24,-58,13.297325102880658,Indian_Male
4,24,-57,13.025848960973137,Indian_Male
4,24,-56,13.464410154305625,Indian_Male
4,24,-55,13.118331716779824,Indian_Male
4,24,-54,12.473523181925158,Indian_Male
4,24,-53,12.258357971344099,Indian_Male
4,24,-52,12.358803986710964,Indian_Male
4,24,-51,12.491796105884927,Indian_Male
4,24,-50,12.020680741059888,Indian_Male
4,24,-49,11.928512053200333,Indian_Male
4,24,-48,10.931342045218834,Indian_Male
4,24,-47,11.180374019706415,Indian_Male
4,24,-46,10.74222476626598,Indian_Male
4,24,-45,10.049153468050246,Indian_Male
4,24,-44,10.27516544757924,Indian_Male
4,24,-43,10.366056572379367,Indian_Male
4,24,-42,9.28296067848882,Indian_Male
4,24,-41,9.785703581597483,Indian_Male
4,24,-40,9.974840905727394,Indian_Male
4,24,-39,10.441004672897195,Indian_Male
4,24,-38,10.928251768442328,Indian_Male
4,24,-37,10.928805821087174,Indian_Male
4,24,-36,11.46038906117846,Indian_Male
4,24,-35,12.084845101869941,Indian_Male
4,24,-34,12.305145537315491,Indian_Male
4,24,-33,13.01920196105134,Indian_Male
4,24,-32,12.98893984353925,Indian_Male
4,24,-31,13.536943184849292,Indian_Male
4,24,-30,13.978494623655912,Indian_Male
4,24,-29,13.781010520846863,Indian_Male
4,24,-28,14.015828440132754,Indian_Male
4,24,-27,14.141286490585115,Indian_Male
4,24,-26,14.378594648662165,Indian_Male
4,24,-25,14.490603363006924,Indian_Male
4,24,-24,14.514943655071043,Indian_Male
4,24,-23,15.202620723125454,Indian_Male
4,24,-22,15.047021943573668,Indian_Male
4,24,-21,15.634749220062394,Indian_Male
4,24,-20,15.947041984732824,Indian_Male
4,24,-19,16.054227613271497,Indian_Male
4,24,-18,16.575635241035382,Indian_Male
4,24,-17,16.88820318063138,Indian_Male
4,24,-16,16.63310034356119,Indian_Male
4,24,-15,16.88034188034188,Indian_Male
4,24,-14,17.25900392250089,Indian_Male
4,24,-13,18.064823641563393,Indian_Male
4,24,-12,17.90794979079498,Indian_Male
4,24,-11,18.09340857245768,Indian_Male
4,24,-10,18.225767464346145,Indian_Male
4,24,-9,18.84746588693957,Indian_Male
4,24,-8,18.32761998041136,Indian_Male
4,24,-7,18.950868119689694,Indian_Male
4,24,-6,18.759323719542518,Indian_Male
4,24,-5,18.987022804586115,Indian_Male
4,24,-4,19.00038153376574,Indian_Male
4,24,-3,18.59114952909302,Indian_Male
4,24,-2,18.737724237265944,Indian_Male
4,24,-1,18.648792142288293,Indian_Male
4,25,-61,12.65044129446376,Indian_Male
4,25,-60,13.435599047870934,Indian_Male
4,25,-59,13.317696116757885,Indian_Male
4,25,-58,13.348765432098766,Indian_Male
4,25,-57,13.025848960973137,Indian_Male
4,25,-56,13.165754106520659,Indian_Male
4,25,-55,12.754607177497576,Indian_Male
4,25,-54,12.82654742292304,Indian_Male
4,25,-53,11.962701842165114,Indian_Male
4,25,-52,11.982281284606866,Indian_Male
4,25,-51,12.207394443229052,Indian_Male
4,25,-50,11.546747091770788,Indian_Male
4,25,-49,12.05320033250208,Indian_Male
4,25,-48,10.910599460692803,Indian_Male
4,25,-47,11.0999396742409,Indian_Male
4,25,-46,10.627742797176111,Indian_Male
4,25,-45,10.24940833788458,Indian_Male
4,25,-44,10.031347962382444,Indian_Male
4,25,-43,9.933444259567388,Indian_Male
4,25,-42,9.545104086353122,Indian_Male
4,25,-41,9.710774763974223,Indian_Male
4,25,-40,9.915643036850673,Indian_Male
4,25,-39,10.397196261682243,Indian_Male
4,25,-38,10.466291323805399,Indian_Male
4,25,-37,11.085746896846912,Indian_Male
4,25,-36,11.559063997744573,Indian_Male
4,25,-35,11.889478090985207,Indian_Male
4,25,-34,12.015450406952684,Indian_Male
4,25,-33,12.038676290344545,Indian_Male
4,25,-32,12.355004046398706,Indian_Male
4,25,-31,13.163510269405174,Indian_Male
4,25,-30,13.288198592858091,Indian_Male
4,25,-29,13.6251461228731,Indian_Male
4,25,-28,13.632882307888691,Indian_Male
4,25,-27,13.989637305699482,Indian_Male
4,25,-26,14.253563390847713,Indian_Male
4,25,-25,14.441147378832838,Indian_Male
4,25,-24,14.833414992650662,Indian_Male
4,25,-23,15.105556903664159,Indian_Male
4,25,-22,15.396672293224018,Indian_Male
4,25,-21,15.754739620830332,Indian_Male
4,25,-20,15.756202290076335,Indian_Male
4,25,-19,16.006659531454396,Indian_Male
4,25,-18,16.70624554737592,Indian_Male
4,25,-17,16.733918822691667,Indian_Male
4,25,-16,16.704181968961024,Indian_Male
4,25,-15,17.105887939221272,Indian_Male
4,25,-14,17.140140259122784,Indian_Male
4,25,-13,17.588179218303146,Indian_Male
4,25,-12,17.525403466826063,Indian_Male
4,25,-11,17.829271221034936,Indian_Male
4,25,-10,18.54000483442108,Indian_Male
4,25,-9,18.213937621832358,Indian_Male
4,25,-8,18.6949069539667,Indian_Male
4,25,-7,18.532200467922667,Indian_Male
4,25,-6,18.39880656389856,Indian_Male
4,25,-5,17.92868842131788,Indian_Male
4,25,-4,18.720590105557676,Indian_Male
4,25,-3,18.604051090181912,Indian_Male
4,25,-2,18.213958360612807,Indian_Male
4,25,-1,18.516060525617203,Indian_Male
4,26,-61,12.944637603637336,Indian_Male
4,26,-60,13.462047077492729,Indian_Male
4,26,-59,13.76075058639562,Indian_Male
4,26,-58,13.914609053497943,Indian_Male
4,26,-57,13.684744044602128,Indian_Male
4,26,-56,13.862618218018916,Indian_Male
4,26,-55,13.530552861299707,Indian_Male
4,26,-54,13.03836196752177,Indian_Male
4,26,-53,13.213554696383897,Indian_Male
4,26,-52,13.156146179401992,Indian_Male
4,26,-51,13.060599431196673,Indian_Male
4,26,-50,12.559241706161137,Indian_Male
4,26,-49,12.572734829592685,Indian_Male
4,26,-48,12.175897116780751,Indian_Male
4,26,-47,11.723305851598633,Indian_Male
4,26,-46,11.410036252623545,Indian_Male
4,26,-45,11.469142545057345,Indian_Male
4,26,-44,10.849878091257402,Indian_Male
4,26,-43,10.931780366056572,Indian_Male
4,26,-42,10.609097918272937,Indian_Male
4,26,-41,10.954593136520305,Indian_Male
4,26,-40,10.89240787331656,Indian_Male
4,26,-39,10.966705607476635,Indian_Male
4,26,-38,11.765555074346759,Indian_Male
4,26,-37,11.956056498787273,Indian_Male
4,26,-36,12.249788553707358,Indian_Male
4,26,-35,12.643036561540608,Indian_Male
4,26,-34,12.456890605600773,Indian_Male
4,26,-33,13.12814925779654,Indian_Male
4,26,-32,13.299163744267602,Indian_Male
4,26,-31,13.710322752734063,Indian_Male
4,26,-30,13.978494623655912,Indian_Male
4,26,-29,14.118716716456683,Indian_Male
4,26,-28,14.33495021700281,Indian_Male
4,26,-27,14.621508909389613,Indian_Male
4,26,-26,14.841210302575645,Indian_Male
4,26,-25,15.294263105835807,Indian_Male
4,26,-24,15.580597746202843,Indian_Male
4,26,-23,15.639407910701287,Indian_Male
4,26,-22,15.939233180612492,Indian_Male
4,26,-21,16.378689704823614,Indian_Male
4,26,-20,16.388358778625957,Indian_Male
4,26,-19,16.577476513259604,Indian_Male
4,26,-18,16.777487532652575,Indian_Male
4,26,-17,17.184903868976974,Indian_Male
4,26,-16,17.083283971093472,Indian_Male
4,26,-15,17.319563152896485,Indian_Male
4,26,-14,18.10293593248544,Indian_Male
4,26,-13,17.838417540514776,Indian_Male
4,26,-12,17.573221757322173,Indian_Male
4,26,-11,17.8652899507744,Indian_Male
4,26,-10,17.706067198452985,Indian_Male
4,26,-9,18.323586744639375,Indian_Male
4,26,-8,18.388834476003918,Indian_Male
4,26,-7,18.9878093830809,Indian_Male
4,26,-6,18.61014420686226,Indian_Male
4,26,-5,18.785435303011212,Indian_Male
4,26,-4,19.02581711814829,Indian_Male
4,26,-3,18.913688556315314,Indian_Male
4,26,-2,19.117454497839464,Indian_Male
4,26,-1,18.8080700822936,Indian_Male
4,27,-61,13.39930462690559,Indian_Male
4,27,-60,13.462047077492729,Indian_Male
4,27,-59,13.47406828251238,Indian_Male
4,27,-58,13.477366255144032,Indian_Male
4,27,-57,13.710086163203245,Indian_Male
4,27,-56,13.414634146341465,Indian_Male
4,27,-55,13.409311348205627,Indian_Male
4,27,-54,13.20310661332078,Indian_Male
4,27,-53,12.417557425517398,Indian_Male
4,27,-52,12.801771871539314,Indian_Male
4,27,-51,12.557427258805513,Indian_Male
4,27,-50,12.429987074536838,Indian_Male
4,27,-49,12.05320033250208,Indian_Male
4,27,-48,11.449906658369633,Indian_Male
4,27,-47,11.703197265232253,Indian_Male
4,27,-46,10.837626407174202,Indian_Male
4,27,-45,10.686328053886765,Indian_Male
4,27,-44,10.327412051549983,Indian_Male
4,27,-43,10.366056572379367,Indian_Male
4,27,-42,10.362374710871242,Indian_Male
4,27,-41,10.160347669713772,Indian_Male
4,27,-40,10.611217996152138,Indian_Male
4,27,-39,11.12733644859813,Indian_Male
4,27,-38,11.115923199076079,Indian_Male
4,27,-37,11.770580681980311,Indian_Male
4,27,-36,12.249788553707358,Indian_Male
4,27,-35,12.182528607312308,Indian_Male
4,27,-34,12.787970754586839,Indian_Male
4,27,-33,13.291570202914341,Indian_Male
4,27,-32,12.894523873752362,Indian_Male
4,27,-31,13.750333422245934,Indian_Male
4,27,-30,14.044869242001859,Indian_Male
4,27,-29,14.443434212235356,Indian_Male
4,27,-28,14.500893540975234,Indian_Male
4,27,-27,14.76052066220144,Indian_Male
4,27,-26,15.053763440860216,Indian_Male
4,27,-25,15.12116716122651,Indian_Male
4,27,-24,15.262126408623224,Indian_Male
4,27,-23,15.54234409123999,Indian_Male
4,27,-22,16.12008680974198,Indian_Male
4,27,-21,16.594672426205904,Indian_Male
4,27,-20,16.74618320610687,Indian_Male
4,27,-19,16.66072065643953,Indian_Male
4,27,-18,17.299928758014723,Indian_Male
4,27,-17,17.457868502254925,Indian_Male
4,27,-16,17.284681909726334,Indian_Male
4,27,-15,17.6994301994302,Indian_Male
4,27,-14,18.209913229525736,Indian_Male
4,27,-13,17.98141086749285,Indian_Male
4,27,-12,18.33831440526001,Indian_Male
4,27,-11,18.645695761796134,Indian_Male
4,27,-10,18.685037466763355,Indian_Male
4,27,-9,19.346978557504872,Indian_Male
4,27,-8,18.927522037218413,Indian_Male
4,27,-7,19.48035956163034,Indian_Male
4,27,-6,19.753853804077572,Indian_Male
4,27,-5,19.591785309310822,Indian_Male
4,27,-4,19.572682182373143,Indian_Male
4,27,-3,19.5587666107599,Indian_Male
4,27,-2,20.112609663480423,Indian_Male
4,27,-1,19.750464560658347,Indian_Male
4,28,-61,12.65044129446376,Indian_Male
4,28,-60,13.435599047870934,Indian_Male
4,28,-59,13.343758144383633,Indian_Male
4,28,-58,13.400205761316872,Indian_Male
4,28,-57,13.279270146984286,Indian_Male
4,28,-56,13.389746142359382,Indian_Male
4,28,-55,13.942774005819592,Indian_Male
4,28,-54,13.391386208519652,Indian_Male
4,28,-53,12.69047077552877,Indian_Male
4,28,-52,12.558139534883722,Indian_Male
4,28,-51,12.185517392255523,Indian_Male
4,28,-50,12.408444635932787,Indian_Male
4,28,-49,11.949293433083957,Indian_Male
4,28,-48,11.595104750051856,Indian_Male
4,28,-47,11.542328574301226,Indian_Male
4,28,-46,10.74222476626598,Indian_Male
4,28,-45,10.831967959220828,Indian_Male
4,28,-44,10.397074190177639,Indian_Male
4,28,-43,10.465890183028286,Indian_Male
4,28,-42,9.930609097918273,Indian_Male
4,28,-41,9.75573205454818,Indian_Male
4,28,-40,10.433624389521977,Indian_Male
4,28,-39,10.922897196261683,Indian_Male
4,28,-38,11.520138588133392,Indian_Male
4,28,-37,11.528035383078898,Indian_Male
4,28,-36,11.714124612348463,Indian_Male
4,28,-35,12.308121685738207,Indian_Male
4,28,-34,12.456890605600773,Indian_Male
4,28,-33,12.855781015933543,Indian_Male
4,28,-32,13.690315619099003,Indian_Male
4,28,-31,13.857028540944253,Indian_Male
4,28,-30,14.164343555024558,Indian_Male
4,28,-29,14.105728016625536,Indian_Male
4,28,-28,14.539188154199643,Indian_Male
4,28,-27,15.202830784784533,Indian_Male
4,28,-26,15.091272818204551,Indian_Male
4,28,-25,15.615727002967358,Indian_Male
4,28,-24,15.813326800587946,Indian_Male
4,28,-23,15.736471730162583,Indian_Male
4,28,-22,16.3853387991319,Indian_Male
4,28,-21,16.45068394528438,Indian_Male
4,28,-20,17.115935114503817,Indian_Male
4,28,-19,16.946129147342134,Indian_Male
4,28,-18,17.204939444312515,Indian_Male
4,28,-17,17.32732019938286,Indian_Male
4,28,-16,17.58085534889231,Indian_Male
4,28,-15,17.806267806267805,Indian_Male
4,28,-14,17.93652680375609,Indian_Male
4,28,-13,17.814585319351764,Indian_Male
4,28,-12,18.051404662283325,Indian_Male
4,28,-11,18.309520950894466,Indian_Male
4,28,-10,17.97196035774716,Indian_Male
4,28,-9,18.33576998050682,Indian_Male
4,28,-8,18.462291870714985,Indian_Male
4,28,-7,18.113532816155644,Indian_Male
4,28,-6,18.224763799104924,Indian_Male
4,28,-5,18.69724077107219,Indian_Male
4,28,-4,18.173725041332826,Indian_Male
4,28,-3,18.023480841181783,Indian_Male
4,28,-2,18.25324080136179,Indian_Male
4,28,-1,18.024953543934167,Indian_Male
4,29,-61,13.024872960684675,Indian_Male
4,29,-60,13.5678391959799,Indian_Male
4,29,-59,13.421944227260882,Indian_Male
4,29,-58,13.631687242798355,Indian_Male
4,29,-57,13.431322858590978,Indian_Male
4,29,-56,13.837730214036833,Indian_Male
4,29,-55,13.094083414161009,Indian_Male
4,29,-54,12.944222169922334,Indian_Male
4,29,-53,12.895155788037298,Indian_Male
4,29,-52,12.956810631229235,Indian_Male
4,29,-51,12.163640341281996,Indian_Male
4,29,-50,12.257647565704438,Indian_Male
4,29,-49,12.240232751454696,Indian_Male
4,29,-48,11.574362165525825,Indian_Male
4,29,-47,11.924391715262416,Indian_Male
4,29,-46,11.14291165808052,Indian_Male
4,29,-45,11.05042781722192,Indian_Male
4,29,-44,10.71055381400209,Indian_Male
4,29,-43,10.366056572379367,Indian_Male
4,29,-42,10.023130300693909,Indian_Male
4,29,-41,10.145361906189121,Indian_Male
4,29,-40,10.75921266834394,Indian_Male
4,29,-39,10.9375,Indian_Male
4,29,-38,11.346903421394543,Indian_Male
4,29,-37,11.542302753602511,Indian_Male
4,29,-36,11.897378065971244,Indian_Male
4,29,-35,12.210438180295842,Indian_Male
4,29,-34,12.815560767002346,Indian_Male
4,29,-33,13.33242543919379,Indian_Male
4,29,-32,13.150795791745345,Indian_Male
4,29,-31,13.830354761269673,Indian_Male
4,29,-30,13.938669852648347,Indian_Male
4,29,-29,14.33952461358618,Indian_Male
4,29,-28,14.322185345928007,Indian_Male
4,29,-27,14.596234045242007,Indian_Male
4,29,-26,15.203800950237559,Indian_Male
4,29,-25,15.492087042532146,Indian_Male
4,29,-24,15.580597746202843,Indian_Male
4,29,-23,16.306721669497694,Indian_Male
4,29,-22,16.15625753556788,Indian_Male
4,29,-21,16.870650347972163,Indian_Male
4,29,-20,17.402194656488547,Indian_Male
4,29,-19,16.958021167796407,Indian_Male
4,29,-18,16.836855853716457,Indian_Male
4,29,-17,16.947543318300497,Indian_Male
4,29,-16,17.272834972159696,Indian_Male
4,29,-15,17.343304843304843,Indian_Male
4,29,-14,17.805776774040176,Indian_Male
4,29,-13,17.683508102955194,Indian_Male
4,29,-12,18.206814106395697,Indian_Male
4,29,-11,18.309520950894466,Indian_Male
4,29,-10,18.5158327290307,Indian_Male
4,29,-9,18.98148148148148,Indian_Male
4,29,-8,19.319294809010774,Indian_Male
4,29,-7,19.197143208964413,Indian_Male
4,29,-6,19.380905022376925,Indian_Male
4,29,-5,19.176011087312585,Indian_Male
4,29,-4,19.8016024418161,Indian_Male
4,29,-3,19.816797832537738,Indian_Male
4,29,-2,19.615032080659944,Indian_Male
4,29,-1,20.095566764003188,Indian_Male
4,30,-61,13.024872960684675,Indian_Male
4,30,-60,13.171118751653003,Indian_Male
4,30,-59,13.395882199635132,Indian_Male
4,30,-58,13.657407407407407,Indian_Male
4,30,-57,13.811454637607703,Indian_Male
4,30,-56,13.389746142359382,Indian_Male
4,30,-55,13.603297769156159,Indian_Male
4,30,-54,13.061896916921627,Indian_Male
4,30,-53,13.07709802137821,Indian_Male
4,30,-52,12.447397563676633,Indian_Male
4,30,-51,12.666812513673156,Indian_Male
4,30,-50,12.537699267557088,Indian_Male
4,30,-49,12.30257689110557,Indian_Male
4,30,-48,11.864758348890271,Indian_Male
4,30,-47,12.14558616529258,Indian_Male
4,30,-46,11.276473955352031,Indian_Male
4,30,-45,11.214272710722737,Indian_Male
4,30,-44,11.093695576454197,Indian_Male
4,30,-43,10.848585690515806,Indian_Male
4,30,-42,10.516576715497301,Indian_Male
4,30,-41,10.265248014386334,Indian_Male
4,30,-40,10.92200680775492,Indian_Male
4,30,-39,11.12733644859813,Indian_Male
4,30,-38,11.534574852028296,Indian_Male
4,30,-37,11.58510486517335,Indian_Male
4,30,-36,11.714124612348463,Indian_Male
4,30,-35,12.015071169411108,Indian_Male
4,30,-34,12.332735549730996,Indian_Male
4,30,-33,12.569794361977394,Indian_Male
4,30,-32,13.00242783922309,Indian_Male
4,30,-31,13.163510269405174,Indian_Male
4,30,-30,13.845745386964026,Indian_Male
4,30,-29,13.83296532017145,Indian_Male
4,30,-28,14.041358182282359,Indian_Male
4,30,-27,14.116011626437508,Indian_Male
4,30,-26,14.291072768192048,Indian_Male
4,30,-25,14.985163204747776,Indian_Male
4,30,-24,15.286624203821656,Indian_Male
4,30,-23,15.469546226644018,Indian_Male
4,30,-22,15.62575355678804,Indian_Male
4,30,-21,16.162706983441325,Indian_Male
4,30,-20,16.269083969465647,Indian_Male
4,30,-19,16.696396717802354,Indian_Male
4,30,-18,16.62312989788649,Indian_Male
4,30,-17,17.31545217184904,Indian_Male
4,30,-16,17.450539035659283,Indian_Male
4,30,-15,18.17426400759734,Indian_Male
4,30,-14,17.615594912635206,Indian_Male
4,30,-13,17.945662535748333,Indian_Male
4,30,-12,18.374178123132097,Indian_Male
4,30,-11,19.01788930243727,Indian_Male
4,30,-10,19.095963258399806,Indian_Male
4,30,-9,18.932748538011694,Indian_Male
4,30,-8,19.28256611165524,Indian_Male
4,30,-7,19.197143208964413,Indian_Male
4,30,-6,19.181999005469915,Indian_Male
4,30,-5,19.364999370039058,Indian_Male
4,30,-4,19.559964390181865,Indian_Male
4,30,-3,19.429750999870983,Indian_Male
4,30,-2,19.444808170747677,Indian_Male
4,30,-1,19.365542872312187,Indian_Male
4,31,-61,12.971382722653116,Indian_Male
4,31,-60,13.382702988627349,Indian_Male
4,31,-59,13.656502475892623,Indian_Male
4,31,-58,13.88888888888889,Indian_Male
4,31,-57,14.09021794221997,Indian_Male
4,31,-56,14.48481831757093,Indian_Male
4,31,-55,13.797284190106692,Indian_Male
4,31,-54,13.297246410920216,Indian_Male
4,31,-53,13.054355242210598,Indian_Male
4,31,-52,12.691029900332227,Indian_Male
4,31,-51,12.973091227302561,Indian_Male
4,31,-50,12.774666092201636,Indian_Male
4,31,-49,12.635078969243557,Indian_Male
4,31,-48,11.595104750051856,Indian_Male
4,31,-47,12.14558616529258,Indian_Male
4,31,-46,11.448196908986835,Indian_Male
4,31,-45,10.668123065720007,Indian_Male
4,31,-44,9.909439219784048,Indian_Male
4,31,-43,10.133111480865225,Indian_Male
4,31,-42,9.89976869699306,Indian_Male
4,31,-41,10.265248014386334,Indian_Male
4,31,-40,10.344827586206897,Indian_Male
4,31,-39,10.966705607476635,Indian_Male
4,31,-38,11.202540782445503,Indian_Male
4,31,-37,11.328292195748324,Indian_Male
4,31,-36,11.925570904990131,Indian_Male
4,31,-35,12.084845101869941,Indian_Male
4,31,-34,12.318940543523246,Indian_Male
4,31,-33,12.324662944300695,Indian_Male
4,31,-32,12.746155921230104,Indian_Male
4,31,-31,13.256868498266206,Indian_Male
4,31,-30,13.620071684587815,Indian_Male
4,31,-29,13.936874918820626,Indian_Male
4,31,-28,14.054123053357163,Indian_Male
4,31,-27,14.292935675470744,Indian_Male
4,31,-26,14.666166541635409,Indian_Male
4,31,-25,14.663699307616222,Indian_Male
4,31,-24,14.968152866242038,Indian_Male
4,31,-23,15.79713661732589,Indian_Male
4,31,-22,15.661924282613937,Indian_Male
4,31,-21,16.354691624670025,Indian_Male
4,31,-20,15.791984732824426,Indian_Male
4,31,-19,16.625044595076705,Indian_Male
4,31,-18,16.670624554737593,Indian_Male
4,31,-17,17.184903868976974,Indian_Male
4,31,-16,16.905579907593886,Indian_Male
4,31,-15,17.343304843304843,Indian_Male
4,31,-14,17.365981219541187,Indian_Male
4,31,-13,17.44518589132507,Indian_Male
4,31,-12,17.88404064554692,Indian_Male
4,31,-11,18.381558410373394,Indian_Male
4,31,-10,18.274111675126903,Indian_Male
4,31,-9,18.78654970760234,Indian_Male
4,31,-8,19.049951028403527,Indian_Male
4,31,-7,18.372121659894102,Indian_Male
4,31,-6,18.85877672799602,Indian_Male
4,31,-5,19.18861030616102,Indian_Male
4,31,-4,18.7078723133664,Indian_Male
4,31,-3,18.73306670107083,Indian_Male
4,31,-2,18.436558858190388,Indian_Male
4,31,-1,18.449694717281655,Indian_Male
4,33,-61,15.298208077025944,Indian_Male
4,33,-60,16.027505950806663,Indian_Male
4,33,-59,16.080271045087308,Indian_Male
4,33,-58,15.380658436213993,Indian_Male
4,33,-57,16.09224531170806,Indian_Male
4,33,-56,15.306122448979592,Indian_Male
4,33,-55,15.49466537342386,Indian_Male
4,33,-54,15.18004236290892,Indian_Male
4,33,-53,14.305208096429384,Indian_Male
4,33,-52,14.396456256921372,Indian_Male
4,33,-51,15.051411069787793,Indian_Male
4,33,-50,15.295131408875484,Indian_Male
4,33,-49,14.630091438071489,Indian_Male
4,33,-48,13.544907695498859,Indian_Male
4,33,-47,14.055901870098534,Indian_Male
4,33,-46,13.547033008967754,Indian_Male
4,33,-45,13.125796468232295,Indian_Male
4,33,-44,12.713340299547196,Indian_Male
4,33,-43,12.81198003327787,Indian_Male
4,33,-42,12.10485736314572,Indian_Male
4,33,-41,12.303311853738947,Indian_Male
4,33,-40,12.609146070741453,Indian_Male
4,33,-39,13.02570093457944,Indian_Male
4,33,-38,13.18030893604735,Indian_Male
4,33,-37,13.739477814238835,Indian_Male
4,33,-36,14.448829997180715,Indian_Male
4,33,-35,14.680435389338541,Indian_Male
4,33,-34,15.091736791281557,Indian_Male
4,33,-33,15.851831676426528,Indian_Male
4,33,-32,15.875370919881307,Indian_Male
4,33,-31,16.45772205921579,Indian_Male
4,33,-30,16.55382981547856,Indian_Male
4,33,-29,17.171061176776202,Indian_Male
4,33,-28,17.219811079908094,Indian_Male
4,33,-27,17.502843422216603,Indian_Male
4,33,-26,17.804451112778192,Indian_Male
4,33,-25,17.9648862512364,Indian_Male
4,33,-24,18.01812836844684,Indian_Male
4,33,-23,18.66051929143412,Indian_Male
4,33,-22,19.01374487581384,Indian_Male
4,33,-21,19.57043436525078,Indian_Male
4,33,-20,19.346374045801525,Indian_Male
4,33,-19,19.645617790462598,Indian_Male
4,33,-18,20.030871526953216,Indian_Male
4,33,-17,20.021362449560883,Indian_Male
4,33,-16,19.9147020495202,Indian_Male
4,33,-15,20.429724596391264,Indian_Male
4,33,-14,20.955663853559965,Indian_Male
4,33,-13,20.936606291706386,Indian_Male
4,33,-12,20.693365212193665,Indian_Male
4,33,-11,21.551206627446273,Indian_Male
4,33,-10,21.573604060913706,Indian_Male
4,33,-9,21.28411306042885,Indian_Male
4,33,-8,21.90254652301665,Indian_Male
4,33,-7,21.91848294545007,Indian_Male
4,33,-6,22.00397812033814,Indian_Male
4,33,-5,22.36361345596573,Indian_Male
4,33,-4,22.128958412819536,Indian_Male
4,33,-3,22.177783511804925,Indian_Male
4,33,-2,22.60049757758282,Indian_Male
4,33,-1,22.27236527740908,Indian_Male
4,34,-61,15.4854239101364,Indian_Male
4,34,-60,16.05395398042846,Indian_Male
4,34,-59,16.10633307271306,Indian_Male
4,34,-58,16.332304526748974,Indian_Male
4,34,-57,16.09224531170806,Indian_Male
4,34,-56,15.978098556495768,Indian_Male
4,34,-55,15.906886517943745,Indian_Male
4,34,-54,15.603671452106378,Indian_Male
4,34,-53,15.146690925631113,Indian_Male
4,34,-52,15.171650055370986,Indian_Male
4,34,-51,15.226427477576024,Indian_Male
4,34,-50,14.735028005170186,Indian_Male
4,34,-49,14.567747298420617,Indian_Male
4,34,-48,14.229412984857914,Indian_Male
4,34,-47,13.754273074602855,Indian_Male
4,34,-46,13.680595306239269,Indian_Male
4,34,-45,13.32605133806663,Indian_Male
4,34,-44,12.748171368861025,Indian_Male
4,34,-43,12.828618968386024,Indian_Male
4,34,-42,12.197378565921358,Indian_Male
4,34,-41,12.198411509066387,Indian_Male
4,34,-40,12.697942874056533,Indian_Male
4,34,-39,13.113317757009346,Indian_Male
4,34,-38,13.13700014436264,Indian_Male
4,34,-37,13.82508203738051,Indian_Male
4,34,-36,14.237383704539047,Indian_Male
4,34,-35,14.861847613731511,Indian_Male
4,34,-34,15.188301834735826,Indian_Male
4,34,-33,15.511371374097779,Indian_Male
4,34,-32,15.929322902616672,Indian_Male
4,34,-31,16.204321152307283,Indian_Male
4,34,-30,16.500730120801805,Indian_Male
4,34,-29,16.339784387582803,Indian_Male
4,34,-28,16.875159560888438,Indian_Male
4,34,-27,16.88360925060028,Indian_Male
4,34,-26,17.05426356589147,Indian_Male
4,34,-25,17.519782393669633,Indian_Male
4,34,-24,17.773150416462517,Indian_Male
4,34,-23,17.73841300655181,Indian_Male
4,34,-22,18.314444176513142,Indian_Male
4,34,-21,18.814494840412767,Indian_Male
4,34,-20,19.155534351145036,Indian_Male
4,34,-19,19.134260910928766,Indian_Male
4,34,-18,19.95962954167656,Indian_Male
4,34,-17,19.760265843816757,Indian_Male
4,34,-16,19.867314299253643,Indian_Male
4,34,-15,20.334757834757834,Indian_Male
4,34,-14,20.57530013075003,Indian_Male
4,34,-13,20.698284080076263,Indian_Male
4,34,-12,20.932456664674238,Indian_Male
4,34,-11,21.17901308680514,Indian_Male
4,34,-10,21.573604060913706,Indian_Male
4,34,-9,21.75925925925926,Indian_Male
4,34,-8,22.0617042115573,Indian_Male
4,34,-7,22.287895579362146,Indian_Male
4,34,-6,22.302337145698658,Indian_Male
4,34,-5,21.80924782663475,Indian_Male
4,34,-4,22.561363347322903,Indian_Male
4,34,-3,22.461617855760547,Indian_Male
4,34,-2,22.52193269608485,Indian_Male
4,34,-1,22.21927263074064,Indian_Male
4,35,-61,14.92377641080503,Indian_Male
4,35,-60,15.577889447236181,Indian_Male
4,35,-59,16.080271045087308,Indian_Male
4,35,-58,15.972222222222221,Indian_Male
4,35,-57,16.29498226051698,Indian_Male
4,35,-56,15.60477849676456,Indian_Male
4,35,-55,15.591658583899125,Indian_Male
4,35,-54,15.580136502706518,Indian_Male
4,35,-53,14.942005913122584,Indian_Male
4,35,-52,14.950166112956811,Indian_Male
4,35,-51,14.548238897396631,Indian_Male
4,35,-50,14.885825075398534,Indian_Male
4,35,-49,14.401496259351621,Indian_Male
4,35,-48,13.918274216967433,Indian_Male
4,35,-47,13.653730142770964,Indian_Male
4,35,-46,13.20358710169815,Indian_Male
4,35,-45,12.7799016930639,Indian_Male
4,35,-44,12.591431556948798,Indian_Male
4,35,-43,12.429284525790349,Indian_Male
4,35,-42,11.811873554356207,Indian_Male
4,35,-41,11.778810130376142,Indian_Male
4,35,-40,12.09116471807015,Indian_Male
4,35,-39,12.63142523364486,Indian_Male
4,35,-38,12.689475963620614,Indian_Male
4,35,-37,13.111713511199884,Indian_Male
4,35,-36,13.546659148576262,Indian_Male
4,35,-35,14.219927435110243,Indian_Male
4,35,-34,14.41578148710167,Indian_Male
4,35,-33,14.721503472695083,Indian_Male
4,35,-32,15.403291070946857,Indian_Male
4,35,-31,15.590824219791944,Indian_Male
4,35,-30,16.34143103677154,Indian_Male
4,35,-29,16.18391998960904,Indian_Male
4,35,-28,16.6709216236916,Indian_Male
4,35,-27,16.466573992164793,Indian_Male
4,35,-26,16.90422605651413,Indian_Male
4,35,-25,17.334322453016814,Indian_Male
4,35,-24,18.005879470847624,Indian_Male
4,35,-23,17.68988109682116,Indian_Male
4,35,-22,18.639980708946226,Indian_Male
4,35,-21,18.754499640028797,Indian_Male
4,35,-20,19.16746183206107,Indian_Male
4,35,-19,19.12236889047449,Indian_Male
4,35,-18,19.092852054143908,Indian_Male
4,35,-17,19.42796107286969,Indian_Male
4,35,-16,19.369742921454804,Indian_Male
4,35,-15,19.669990503323838,Indian_Male
4,35,-14,19.69570902175205,Indian_Male
4,35,-13,20.26930409914204,Indian_Male
4,35,-12,20.693365212193665,Indian_Male
4,35,-11,20.77080081642454,Indian_Male
4,35,-10,21.102248005801304,Indian_Male
4,35,-9,20.97953216374269,Indian_Male
4,35,-8,21.523016650342804,Indian_Male
4,35,-7,21.561384066001725,Indian_Male
4,35,-6,21.854798607657884,Indian_Male
4,35,-5,22.288018142875142,Indian_Male
4,35,-4,22.31972529568867,Indian_Male
4,35,-3,21.945555412204875,Indian_Male
4,35,-2,21.8541312033521,Indian_Male
4,35,-1,21.582160870719406,Indian_Male
4,36,-61,14.977266648836588,Indian_Male
4,36,-60,16.15974609891563,Indian_Male
4,36,-59,16.62757362522804,Indian_Male
4,36,-58,16.51234567901235,Indian_Male
4,36,-57,16.269640141915865,Indian_Male
4,36,-56,16.4509706321553,Indian_Male
4,36,-55,16.028128031037827,Indian_Male
4,36,-54,15.815485996705107,Indian_Male
4,36,-53,15.66977484648624,Indian_Male
4,36,-52,15.326688815060907,Indian_Male
4,36,-51,15.510829140231897,Indian_Male
4,36,-50,15.252046531667386,Indian_Male
4,36,-49,14.983374896093101,Indian_Male
4,36,-48,14.250155569383946,Indian_Male
4,36,-47,14.055901870098534,Indian_Male
4,36,-46,13.737836290784204,Indian_Male
4,36,-45,13.162206444565811,Indian_Male
4,36,-44,12.904911180773249,Indian_Male
4,36,-43,12.479201331114808,Indian_Male
4,36,-42,11.966075558982267,Indian_Male
4,36,-41,12.842799340626405,Indian_Male
4,36,-40,12.623945537960635,Indian_Male
4,36,-39,12.908878504672897,Indian_Male
4,36,-38,13.339107838891294,Indian_Male
4,36,-37,14.024825224711085,Indian_Male
4,36,-36,14.33605864110516,Indian_Male
4,36,-35,14.792073681272678,Indian_Male
4,36,-34,15.477996965098633,Indian_Male
4,36,-33,15.211766308048484,Indian_Male
4,36,-32,16.266522794712706,Indian_Male
4,36,-31,16.47105894905308,Indian_Male
4,36,-30,16.77950351785477,Indian_Male
4,36,-29,16.807377581504092,Indian_Male
4,36,-28,17.232575950982895,Indian_Male
4,36,-27,17.654492607102238,Indian_Male
4,36,-26,17.60440110027507,Indian_Male
4,36,-25,18.026706231454007,Indian_Male
4,36,-24,18.459088682018617,Indian_Male
4,36,-23,18.636253336568796,Indian_Male
4,36,-22,18.5555823486858,Indian_Male
4,36,-21,18.994480441564676,Indian_Male
4,36,-20,19.704198473282442,Indian_Male
4,36,-19,19.94291830181948,Indian_Male
4,36,-18,19.91213488482546,Indian_Male
4,36,-17,20.460479468312368,Indian_Male
4,36,-16,20.329344864352564,Indian_Male
4,36,-15,19.859924026590694,Indian_Male
4,36,-14,20.80114109116843,Indian_Male
4,36,-13,20.71020019065777,Indian_Male
4,36,-12,20.81291093843395,Indian_Male
4,36,-11,20.89086324888942,Indian_Male
4,36,-10,21.053903795020545,Indian_Male
4,36,-9,21.34502923976608,Indian_Male
4,36,-8,21.119000979431927,Indian_Male
4,36,-7,21.807659155276443,Indian_Male
4,36,-6,21.593734460467427,Indian_Male
4,36,-5,21.418672042333377,Indian_Male
4,36,-4,21.785578023655095,Indian_Male
4,36,-3,21.558508579538124,Indian_Male
4,36,-2,21.932696084850072,Indian_Male
4,36,-1,21.96708255906557,Indian_Male
4,37,-61,15.164482481947045,Indian_Male
4,37,-60,15.683681565723354,Indian_Male
4,37,-59,16.653635652853794,Indian_Male
4,37,-58,16.743827160493826,Indian_Male
4,37,-57,16.675114039533707,Indian_Male
4,37,-56,16.84917869586859,Indian_Male
4,37,-55,16.44034917555771,Indian_Male
4,37,-54,16.09790538950341,Indian_Male
4,37,-53,16.283829884011826,Indian_Male
4,37,-52,15.636766334440752,Indian_Male
4,37,-51,15.488952089258367,Indian_Male
4,37,-50,15.575183110728135,Indian_Male
4,37,-49,15.066500415627598,Indian_Male
4,37,-48,14.665007259904584,Indian_Male
4,37,-47,14.136336215564047,Indian_Male
4,37,-46,13.756916618965844,Indian_Male
4,37,-45,13.289641361733114,Indian_Male
4,37,-44,13.375130616509928,Indian_Male
4,37,-43,12.86189683860233,Indian_Male
4,37,-42,12.598303777949113,Indian_Male
4,37,-41,12.498126779559419,Indian_Male
4,37,-40,12.771940210152435,Indian_Male
4,37,-39,13.244742990654206,Indian_Male
4,37,-38,13.367980366681104,Indian_Male
4,37,-37,14.181766300470825,Indian_Male
4,37,-36,14.321962221595715,Indian_Male
4,37,-35,14.750209321797378,Indian_Male
4,37,-34,14.733066629879984,Indian_Male
4,37,-33,15.538608198284079,Indian_Male
4,37,-32,15.996762881035878,Indian_Male
4,37,-31,16.40437449986663,Indian_Male
4,37,-30,16.593654586486128,Indian_Male
4,37,-29,16.950253279646706,Indian_Male
4,37,-28,16.977278529486853,Indian_Male
4,37,-27,17.894603816504485,Indian_Male
4,37,-26,17.62940735183796,Indian_Male
4,37,-25,17.9648862512364,Indian_Male
4,37,-24,18.446839784419403,Indian_Male
4,37,-23,18.563455471972823,Indian_Male
4,37,-22,19.2187123221606,Indian_Male
4,37,-21,19.666426685865133,Indian_Male
4,37,-20,19.298664122137403,Indian_Male
4,37,-19,19.776430015459624,Indian_Male
4,37,-18,19.81714557112325,Indian_Male
4,37,-17,19.914550201756466,Indian_Male
4,37,-16,20.00947755005331,Indian_Male
4,37,-15,20.1329534662868,Indian_Male
4,37,-14,20.646618328776892,Indian_Male
4,37,-13,20.567206863679697,Indian_Male
4,37,-12,21.303048416019127,Indian_Male
4,37,-11,21.17901308680514,Indian_Male
4,37,-10,21.730722745951173,Indian_Male
4,37,-9,22.063840155945417,Indian_Male
4,37,-8,21.988246816846228,Indian_Male
4,37,-7,21.930796699913806,Indian_Male
4,37,-6,21.979114868224762,Indian_Male
4,37,-5,21.708454075847296,Indian_Male
4,37,-4,22.205265165967187,Indian_Male
4,37,-3,22.177783511804925,Indian_Male
4,37,-2,22.45646196150321,Indian_Male
4,37,-1,22.68383328908946,Indian_Male
4,38,-61,14.977266648836588,Indian_Male
4,38,-60,15.577889447236181,Indian_Male
4,38,-59,16.028146989835808,Indian_Male
4,38,-58,16.126543209876544,Indian_Male
4,38,-57,16.396350734921437,Indian_Male
4,38,-56,16.35141861622698,Indian_Male
4,38,-55,16.513094083414163,Indian_Male
4,38,-54,15.721346199105671,Indian_Male
4,38,-53,15.146690925631113,Indian_Male
4,38,-52,14.950166112956811,Indian_Male
4,38,-51,15.182673375628966,Indian_Male
4,38,-50,14.541146057733737,Indian_Male
4,38,-49,14.484621778886117,Indian_Male
4,38,-48,14.519809168222361,Indian_Male
4,38,-47,13.915141765533884,Indian_Male
4,38,-46,13.928639572600648,Indian_Male
4,38,-45,13.23502639723284,Indian_Male
4,38,-44,13.131313131313133,Indian_Male
4,38,-43,13.178036605657237,Indian_Male
4,38,-42,12.814186584425597,Indian_Male
4,38,-41,12.61801288775663,Indian_Male
4,38,-40,12.609146070741453,Indian_Male
4,38,-39,13.230140186915888,Indian_Male
4,38,-38,13.714450700158798,Indian_Male
4,38,-37,13.8108146668569,Indian_Male
4,38,-36,13.91316605582182,Indian_Male
4,38,-35,14.038515210717275,Indian_Male
4,38,-34,14.981376741619535,Indian_Male
4,38,-33,15.565845022470379,Indian_Male
4,38,-32,16.172106824925816,Indian_Male
4,38,-31,16.23099493198186,Indian_Male
4,38,-30,16.81932828886234,Indian_Male
4,38,-29,16.677490583192622,Indian_Male
4,38,-28,16.709216236916006,Indian_Male
4,38,-27,16.807784658157463,Indian_Male
4,38,-26,16.92923230807702,Indian_Male
4,38,-25,17.754698318496537,Indian_Male
4,38,-24,18.067123958843702,Indian_Male
4,38,-23,18.50279058480951,Indian_Male
4,38,-22,18.338557993730408,Indian_Male
4,38,-21,19.31845452363811,Indian_Male
4,38,-20,19.93082061068702,Indian_Male
4,38,-19,19.645617790462598,Indian_Male
4,38,-18,19.829019235336023,Indian_Male
4,38,-17,19.973890339425587,Indian_Male
4,38,-16,20.329344864352564,Indian_Male
4,38,-15,20.180436847103515,Indian_Male
4,38,-14,20.872459289195294,Indian_Male
4,38,-13,20.972354623450904,Indian_Male
4,38,-12,21.063956963538555,Indian_Male
4,38,-11,21.26305678953056,Indian_Male
4,38,-10,21.754894851341554,Indian_Male
4,38,-9,21.66179337231969,Indian_Male
4,38,-8,21.400587659157686,Indian_Male
4,38,-7,21.364363994581947,Indian_Male
4,38,-6,21.45698657384386,Indian_Male
4,38,-5,21.796648607786317,Indian_Male
4,38,-4,22.09080503624571,Indian_Male
4,38,-3,21.803638240227066,Indian_Male
4,38,-2,21.906507791017415,Indian_Male
4,38,-1,21.913989912397135,Indian_Male
4,39,-61,14.843541053757688,Indian_Male
4,39,-60,15.8952658026977,Indian_Male
4,39,-59,15.819650768829815,Indian_Male
4,39,-58,15.66358024691358,Indian_Male
4,39,-57,16.04156107450583,Indian_Male
4,39,-56,16.251866600298655,Indian_Male
4,39,-55,15.688651794374394,Indian_Male
4,39,-54,15.391856907507648,Indian_Male
4,39,-53,14.942005913122584,Indian_Male
4,39,-52,14.839424141749724,Indian_Male
4,39,-51,14.942025814920148,Indian_Male
4,39,-50,14.928909952606634,Indian_Male
4,39,-49,15.024937655860349,Indian_Male
4,39,-48,14.602779506326488,Indian_Male
4,39,-47,14.417856424693342,Indian_Male
4,39,-46,13.642434649875979,Indian_Male
4,39,-45,13.125796468232295,Indian_Male
4,39,-44,13.044235458028561,Indian_Male
4,39,-43,12.262895174708818,Indian_Male
4,39,-42,12.135697764070933,Indian_Male
4,39,-41,11.658924022178931,Indian_Male
4,39,-40,12.357555128015392,Indian_Male
4,39,-39,12.733644859813085,Indian_Male
4,39,-38,13.021510033203407,Indian_Male
4,39,-37,13.06891139962905,Indian_Male
4,39,-36,13.927262475331265,Indian_Male
4,39,-35,13.89896734579961,Indian_Male
4,39,-34,14.526141536763692,Indian_Male
4,39,-33,15.239003132234782,Indian_Male
4,39,-32,15.416779066630697,Indian_Male
4,39,-31,15.710856228327556,Indian_Male
4,39,-30,16.394530731448295,Indian_Male
4,39,-29,16.69047928302377,Indian_Male
4,39,-28,16.72198110799081,Indian_Male
4,39,-27,16.618223177050425,Indian_Male
4,39,-26,17.09177294323581,Indian_Male
4,39,-25,17.569238377843718,Indian_Male
4,39,-24,17.93238608525233,Indian_Male
4,39,-23,18.163067216694976,Indian_Male
4,39,-22,18.410899445382203,Indian_Male
4,39,-21,19.030477561795056,Indian_Male
4,39,-20,19.262881679389313,Indian_Male
4,39,-19,19.205613033654416,Indian_Male
4,39,-18,19.401567323676087,Indian_Male
4,39,-17,19.380488962734393,Indian_Male
4,39,-16,19.819926548987088,Indian_Male
4,39,-15,19.78869895536562,Indian_Male
4,39,-14,19.814572685130155,Indian_Male
4,39,-13,20.412297426120116,Indian_Male
4,39,-12,21.075911536162582,Indian_Male
4,39,-11,21.287069276023534,Indian_Male
4,39,-10,21.33188300700991,Indian_Male
4,39,-9,21.17446393762183,Indian_Male
4,39,-8,21.890303623898138,Indian_Male
4,39,-7,21.376677749045683,Indian_Male
4,39,-6,21.916956737941323,Indian_Male
4,39,-5,21.83444626433161,Indian_Male
4,39,-4,21.632964517359788,Indian_Male
4,39,-3,21.868146045671526,Indian_Male
4,39,-2,21.919601937933745,Indian_Male
4,39,-1,21.993628882399786,Indian_Male
4,40,-61,15.378443434073283,Indian_Male
4,40,-60,16.001057921184874,Indian_Male
4,40,-59,16.262705238467554,Indian_Male
4,40,-58,15.715020576131689,Indian_Male
4,40,-57,16.218955904713635,Indian_Male
4,40,-56,16.301642608262817,Indian_Male
4,40,-55,16.100872938894277,Indian_Male
4,40,-54,15.438926806307366,Indian_Male
4,40,-53,15.146690925631113,Indian_Male
4,40,-52,15.14950166112957,Indian_Male
4,40,-51,15.204550426602495,Indian_Male
4,40,-50,14.885825075398534,Indian_Male
4,40,-49,14.754779717373234,Indian_Male
4,40,-48,14.229412984857914,Indian_Male
4,40,-47,13.895033179167504,Indian_Male
4,40,-46,13.298988742606374,Indian_Male
4,40,-45,13.344256326233388,Indian_Male
4,40,-44,12.870080111459423,Indian_Male
4,40,-43,12.745424292845259,Indian_Male
4,40,-42,12.259059367771782,Indian_Male
4,40,-41,12.183425745541737,Indian_Male
4,40,-40,12.505549800207191,Indian_Male
4,40,-39,13.171728971962619,Indian_Male
4,40,-38,12.9926375054136,Indian_Male
4,40,-37,13.710943073191611,Indian_Male
4,40,-36,13.884973216802932,Indian_Male
4,40,-35,14.205972648618475,Indian_Male
4,40,-34,14.470961511932682,Indian_Male
4,40,-33,15.17091107176903,Indian_Male
4,40,-32,15.484219045049905,Indian_Male
4,40,-31,15.790877567351295,Indian_Male
4,40,-30,16.195406876410463,Indian_Male
4,40,-29,16.170931289777894,Indian_Male
4,40,-28,16.37732958897115,Indian_Male
4,40,-27,16.79514722608366,Indian_Male
4,40,-26,16.829207301825456,Indian_Male
4,40,-25,17.198318496538082,Indian_Male
4,40,-24,17.528172464478196,Indian_Male
4,40,-23,18.49065760737685,Indian_Male
4,40,-22,18.193875090426815,Indian_Male
4,40,-21,18.57451403887689,Indian_Male
4,40,-20,18.75,Indian_Male
4,40,-19,18.943988583660364,Indian_Male
4,40,-18,19.389693659463312,Indian_Male
4,40,-17,19.46356515547116,Indian_Male
4,40,-16,20.116099988153064,Indian_Male
4,40,-15,20.394112060778728,Indian_Male
4,40,-14,20.610959229763463,Indian_Male
4,40,-13,20.92469018112488,Indian_Male
4,40,-12,20.800956365809924,Indian_Male
4,40,-11,21.191019330051628,Indian_Male
4,40,-10,22.057046168721296,Indian_Male
4,40,-9,21.771442495126706,Indian_Male
4,40,-8,21.62095984329089,Indian_Male
4,40,-7,21.709149119566558,Indian_Male
4,40,-6,21.5191447041273,Indian_Male
4,40,-5,21.80924782663475,Indian_Male
4,40,-4,21.836449192420197,Indian_Male
4,40,-3,22.24229131724939,Indian_Male
4,40,-2,22.731439046746104,Indian_Male
4,40,-1,22.37855057074595,Indian_Male
4,41,-61,15.298208077025944,Indian_Male
4,41,-60,16.05395398042846,Indian_Male
4,41,-59,16.262705238467554,Indian_Male
4,41,-58,16.280864197530864,Indian_Male
4,41,-57,16.269640141915865,Indian_Male
4,41,-56,15.953210552513688,Indian_Male
4,41,-55,15.931134820562562,Indian_Male
4,41,-54,15.438926806307366,Indian_Male
4,41,-53,15.237662042301569,Indian_Male
4,41,-52,15.105204872646732,Indian_Male
4,41,-51,14.482607744476045,Indian_Male
4,41,-50,14.799655320982335,Indian_Male
4,41,-49,14.276807980049874,Indian_Male
4,41,-48,14.08421489317569,Indian_Male
4,41,-47,14.07601045646491,Indian_Male
4,41,-46,13.5661133371494,Indian_Male
4,41,-45,13.2532313853996,Indian_Male
4,41,-44,13.07906652734239,Indian_Male
4,41,-43,12.59567387687188,Indian_Male
4,41,-42,12.181958365458751,Indian_Male
4,41,-41,12.423197961936161,Indian_Male
4,41,-40,12.890335947905877,Indian_Male
4,41,-39,13.171728971962619,Indian_Male
4,41,-38,13.295799047206582,Indian_Male
4,41,-37,13.65387359109716,Indian_Male
4,41,-36,14.307865802086269,Indian_Male
4,41,-35,14.457158805470277,Indian_Male
4,41,-34,14.829631673334253,Indian_Male
4,41,-33,15.266239956421082,Indian_Male
4,41,-32,15.875370919881307,Indian_Male
4,41,-31,16.03094158442251,Indian_Male
4,41,-30,16.34143103677154,Indian_Male
4,41,-29,16.378750487076243,Indian_Male
4,41,-28,16.83686494766403,Indian_Male
4,41,-27,17.111083027928725,Indian_Male
4,41,-26,16.92923230807702,Indian_Male
4,41,-25,17.544510385756677,Indian_Male
4,41,-24,17.67515923566879,Indian_Male
4,41,-23,18.30866294588692,Indian_Male
4,41,-22,18.362671810947674,Indian_Male
4,41,-21,19.330453563714904,Indian_Male
4,41,-20,19.250954198473284,Indian_Male
4,41,-19,19.705077892733975,Indian_Male
4,41,-18,19.722156257421037,Indian_Male
4,41,-17,20.14004272489912,Indian_Male
4,41,-16,19.796232673853808,Indian_Male
4,41,-15,19.90740740740741,Indian_Male
4,41,-14,20.218709140615715,Indian_Male
4,41,-13,20.221639656816016,Indian_Male
4,41,-12,20.585774058577407,Indian_Male
4,41,-11,20.794813302917518,Indian_Male
4,41,-10,21.053903795020545,Indian_Male
4,41,-9,21.393762183235868,Indian_Male
4,41,-8,21.449559255631733,Indian_Male
4,41,-7,21.6229528383204,Indian_Male
4,41,-6,21.531576330183988,Indian_Male
4,41,-5,21.544664230817688,Indian_Male
4,41,-4,21.747424647081267,Indian_Male
4,41,-3,21.842342923493742,Indian_Male
4,41,-2,22.652874165248136,Indian_Male
4,41,-1,22.152906822405097,Indian_Male
4,42,-61,15.164482481947045,Indian_Male
4,42,-60,15.97460989156308,Indian_Male
4,42,-59,15.923898879332812,Indian_Male
4,42,-58,15.972222222222221,Indian_Male
4,42,-57,15.661429295489102,Indian_Male
4,42,-56,15.579890492782479,Indian_Male
4,42,-55,15.737148399612028,Indian_Male
4,42,-54,15.18004236290892,Indian_Male
4,42,-53,14.396179213099842,Indian_Male
4,42,-52,14.174972314507198,Indian_Male
4,42,-51,14.132574928899585,Indian_Male
4,42,-50,14.282636794485134,Indian_Male
4,42,-49,13.881961762261014,Indian_Male
4,42,-48,13.23376892760838,Indian_Male
4,42,-47,13.090689724512366,Indian_Male
4,42,-46,12.726578897157031,Indian_Male
4,42,-45,12.561441835062807,Indian_Male
4,42,-44,12.24312086381052,Indian_Male
4,42,-43,11.863560732113145,Indian_Male
4,42,-42,11.426368542791057,Indian_Male
4,42,-41,11.778810130376142,Indian_Male
4,42,-40,11.854373242563268,Indian_Male
4,42,-39,12.529205607476634,Indian_Male
4,42,-38,12.790529810884943,Indian_Male
4,42,-37,13.06891139962905,Indian_Male
4,42,-36,13.75810544121793,Indian_Male
4,42,-35,14.122243929667878,Indian_Male
4,42,-34,14.691681611256724,Indian_Male
4,42,-33,15.075582187116982,Indian_Male
4,42,-32,15.632586997572162,Indian_Male
4,42,-31,15.604161109629233,Indian_Male
4,42,-30,16.062657639718573,Indian_Male
4,42,-29,16.612547084036887,Indian_Male
4,42,-28,16.402859331120755,Indian_Male
4,42,-27,17.148995324150132,Indian_Male
4,42,-26,17.1167791947987,Indian_Male
4,42,-25,17.816518298714147,Indian_Male
4,42,-24,18.287604115629595,Indian_Male
4,42,-23,18.12666828439699,Indian_Male
4,42,-22,18.61586689172896,Indian_Male
4,42,-21,18.682505399568033,Indian_Male
4,42,-20,18.690362595419845,Indian_Male
4,42,-19,19.07480080865739,Indian_Male
4,42,-18,18.926620755165043,Indian_Male
4,42,-17,19.487301210538806,Indian_Male
4,42,-16,19.310508233621608,Indian_Male
4,42,-15,19.62250712250712,Indian_Male
4,42,-14,19.826459051467964,Indian_Male
4,42,-13,20.221639656816016,Indian_Male
4,42,-12,20.537955768081293,Indian_Male
4,42,-11,20.23051987033257,Indian_Male
4,42,-10,20.739666424945614,Indian_Male
4,42,-9,20.857699805068226,Indian_Male
4,42,-8,21.13124387855044,Indian_Male
4,42,-7,20.8348725526413,Indian_Male
4,42,-6,21.245648930880158,Indian_Male
4,42,-5,21.683255638150435,Indian_Male
4,42,-4,21.467633218873203,Indian_Male
4,42,-3,21.042446135982456,Indian_Male
4,42,-2,21.343459473615294,Indian_Male
4,42,-1,21.23705866737457,Indian_Male
4,44,-61,15.993581171436213,Indian_Male
4,44,-60,16.84739486908225,Indian_Male
4,44,-59,16.836069846234036,Indian_Male
4,44,-58,17.103909465020575,Indian_Male
4,44,-57,17.080587937151545,Indian_Male
4,44,-56,16.874066699850673,Indian_Male
4,44,-55,16.707080504364693,Indian_Male
4,44,-54,16.12144033890327,Indian_Male
4,44,-53,16.19285876734137,Indian_Male
4,44,-52,16.389811738648948,Indian_Male
4,44,-51,16.69218989280245,Indian_Male
4,44,-50,16.178371391641534,Indian_Male
4,44,-49,16.064006650041563,Indian_Male
4,44,-48,15.473968056419828,Indian_Male
4,44,-47,15.383068570279509,Indian_Male
4,44,-46,15.435985498950583,Indian_Male
4,44,-45,14.782450391407245,Indian_Male
4,44,-44,14.541971438523163,Indian_Male
4,44,-43,14.076539101497504,Indian_Male
4,44,-42,13.616037008481111,Indian_Male
4,44,-41,13.801888206204104,Indian_Male
4,44,-40,14.192689063193725,Indian_Male
4,44,-39,14.339953271028039,Indian_Male
4,44,-38,14.797170492276598,Indian_Male
4,44,-37,15.13768012555286,Indian_Male
4,44,-36,15.365097265294613,Indian_Male
4,44,-35,15.61540608428691,Indian_Male
4,44,-34,16.374672368602567,Indian_Male
4,44,-33,16.382949748059374,Indian_Male
4,44,-32,17.08929053142703,Indian_Male
4,44,-31,18.098159509202453,Indian_Male
4,44,-30,18.226470197796363,Indian_Male
4,44,-29,18.404987660735163,Indian_Male
4,44,-28,18.432473832014296,Indian_Male
4,44,-27,19.10779729558954,Indian_Male
4,44,-26,19.142285571392847,Indian_Male
4,44,-25,19.90603363006924,Indian_Male
4,44,-24,19.879960803527684,Indian_Male
4,44,-23,20.359136132006796,Indian_Male
4,44,-22,21.003134796238246,Indian_Male
4,44,-21,21.298296136309094,Indian_Male
4,44,-20,21.62452290076336,Indian_Male
4,44,-19,22.16672612676894,Indian_Male
4,44,-18,22.25124673474234,Indian_Male
4,44,-17,22.323759791122715,Indian_Male
4,44,-16,22.08269162421514,Indian_Male
4,44,-15,22.66144349477683,Indian_Male
4,44,-14,22.726732437893734,Indian_Male
4,44,-13,23.045757864632986,Indian_Male
4,44,-12,23.442916915720264,Indian_Male
4,44,-11,23.232080681954617,Indian_Male
4,44,-10,23.906212231085327,Indian_Male
4,44,-9,23.586744639376217,Indian_Male
4,44,-8,23.787952987267385,Indian_Male
4,44,-7,23.81480113286541,Indian_Male
4,44,-6,24.341123818995523,Indian_Male
4,44,-5,24.555877535592792,Indian_Male
4,44,-4,24.545338929161897,Indian_Male
4,44,-3,24.487162946716552,Indian_Male
4,44,-2,24.381301558203482,Indian_Male
4,44,-1,24.568622245818954,Indian_Male
4,45,-61,16.501738432736026,Indian_Male
4,45,-60,17.79952393546681,Indian_Male
4,45,-59,17.357310398749025,Indian_Male
4,45,-58,17.644032921810698,Indian_Male
4,45,-57,17.61277242777496,Indian_Male
4,45,-56,17.272274763563964,Indian_Male
4,45,-55,16.876818622696412,Indian_Male
4,45,-54,16.898093669098614,Indian_Male
4,45,-53,16.443029338185124,Indian_Male
4,45,-52,16.234772978959025,Indian_Male
4,45,-51,16.539050535987748,Indian_Male
4,45,-50,16.501507970702285,Indian_Male
4,45,-49,16.562759767248544,Indian_Male
4,45,-48,15.57768097904999,Indian_Male
4,45,-47,15.684697365775186,Indian_Male
4,45,-46,15.493226483495517,Indian_Male
4,45,-45,15.255780083742945,Indian_Male
4,45,-44,14.977359804946012,Indian_Male
4,45,-43,15.241264559068219,Indian_Male
4,45,-42,14.556669236700076,Indian_Male
4,45,-41,14.506219091862729,Indian_Male
4,45,-40,14.843865620837649,Indian_Male
4,45,-39,15.201518691588786,Indian_Male
4,45,-38,15.620037534286126,Indian_Male
4,45,-37,16.10786132115851,Indian_Male
4,45,-36,16.309557372427403,Indian_Male
4,45,-35,16.84342729556238,Indian_Male
4,45,-34,17.243757759690993,Indian_Male
4,45,-33,17.731172545281222,Indian_Male
4,45,-32,17.87159428108983,Indian_Male
4,45,-31,18.044811949853294,Indian_Male
4,45,-30,18.63799283154122,Indian_Male
4,45,-29,18.6647616573581,Indian_Male
4,45,-28,18.611182027061528,Indian_Male
4,45,-27,19.411095665360797,Indian_Male
4,45,-26,19.692423105776445,Indian_Male
4,45,-25,20.38822947576657,Indian_Male
4,45,-24,20.063694267515924,Indian_Male
4,45,-23,20.553263770929387,Indian_Male
4,45,-22,20.689655172413794,Indian_Male
4,45,-21,21.250299976001923,Indian_Male
4,45,-20,21.45753816793893,Indian_Male
4,45,-19,22.273754310857417,Indian_Male
4,45,-18,22.15625742104013,Indian_Male
4,45,-17,22.216947543318298,Indian_Male
4,45,-16,22.532875251747424,Indian_Male
4,45,-15,22.756410256410255,Indian_Male
4,45,-14,22.869368833947462,Indian_Male
4,45,-13,23.391325071496663,Indian_Male
4,45,-12,23.335325762104006,Indian_Male
4,45,-11,23.88041781726498,Indian_Male
4,45,-10,24.425912496978487,Indian_Male
4,45,-9,23.74512670565302,Indian_Male
4,45,-8,24.48579823702253,Indian_Male
4,45,-7,24.036448713212657,Indian_Male
4,45,-6,24.465440079562406,Indian_Male
4,45,-5,24.933854101045736,Indian_Male
4,45,-4,24.748823604222306,Indian_Male
4,45,-3,24.848406657205523,Indian_Male
4,45,-2,25.20623281393217,Indian_Male
4,45,-1,25.298646137509955,Indian_Male
4,46,-61,16.421503075688687,Indian_Male
4,46,-60,16.794498809838668,Indian_Male
4,46,-59,16.992442011988533,Indian_Male
4,46,-58,17.078189300411523,Indian_Male
4,46,-57,17.384693360364928,Indian_Male
4,46,-56,17.272274763563964,Indian_Male
4,46,-55,17.04655674102813,Indian_Male
4,46,-54,16.074370440103554,Indian_Male
4,46,-53,15.919945417329998,Indian_Male
4,46,-52,16.47840531561462,Indian_Male
4,46,-51,16.21089477138482,Indian_Male
4,46,-50,16.13528651443343,Indian_Male
4,46,-49,15.918536990856195,Indian_Male
4,46,-48,15.204314457581415,Indian_Male
4,46,-47,15.383068570279509,Indian_Male
4,46,-46,14.672772371684792,Indian_Male
4,46,-45,14.18168578190424,Indian_Male
4,46,-44,14.681295715778475,Indian_Male
4,46,-43,14.15973377703827,Indian_Male
4,46,-42,13.95528141865844,Indian_Male
4,46,-41,13.981717368499924,Indian_Male
4,46,-40,14.355483202604708,Indian_Male
4,46,-39,14.924065420560748,Indian_Male
4,46,-38,15.576728742601414,Indian_Male
4,46,-37,15.551433870737624,Indian_Male
4,46,-36,16.253171694389625,Indian_Male
4,46,-35,16.606195925202343,Indian_Male
4,46,-34,17.257552765898744,Indian_Male
4,46,-33,17.59498842434972,Indian_Male
4,46,-32,17.939034259509036,Indian_Male
4,46,-31,18.138170178714326,Indian_Male
4,46,-30,18.6645426788796,Indian_Male
4,46,-29,18.521885959215485,Indian_Male
4,46,-28,19.045187643604798,Indian_Male
4,46,-27,19.4237330974346,Indian_Male
4,46,-26,19.79244811202801,Indian_Male
4,46,-25,20.004945598417407,Indian_Male
4,46,-24,20.32092111709946,Indian_Male
4,46,-23,20.298471244843487,Indian_Male
4,46,-22,20.737882806848322,Indian_Male
4,46,-21,20.998320134389246,Indian_Male
4,46,-20,21.338263358778626,Indian_Male
4,46,-19,21.738613390415033,Indian_Male
4,46,-18,22.16813108525291,Indian_Male
4,46,-17,21.860906717303585,Indian_Male
4,46,-16,22.17746712474825,Indian_Male
4,46,-15,22.17473884140551,Indian_Male
4,46,-14,22.512777843813147,Indian_Male
4,46,-13,22.509532888465206,Indian_Male
4,46,-12,23.35923490735206,Indian_Male
4,46,-11,23.568255492856284,Indian_Male
4,46,-10,23.519458544839257,Indian_Male
4,46,-9,23.672027290448344,Indian_Male
4,46,-8,23.93486777668952,Indian_Male
4,46,-7,23.642408570373107,Indian_Male
4,46,-6,23.644952759820985,Indian_Male
4,46,-5,24.37948847171475,Indian_Male
4,46,-4,24.990461655856542,Indian_Male
4,46,-3,24.719391046316606,Indian_Male
4,46,-2,24.328924970538168,Indian_Male
4,46,-1,24.3429784974781,Indian_Male
4,47,-61,16.180797004546672,Indian_Male
4,47,-60,17.349907431896323,Indian_Male
4,47,-59,17.070628094865782,Indian_Male
4,47,-58,17.258230452674898,Indian_Male
4,47,-57,17.638114546376077,Indian_Male
4,47,-56,17.396714783474366,Indian_Male
4,47,-55,16.998060135790492,Indian_Male
4,47,-54,16.615674276300304,Indian_Male
4,47,-53,16.14737320900614,Indian_Male
4,47,-52,15.880398671096346,Indian_Male
4,47,-51,15.335812732443665,Indian_Male
4,47,-50,15.489013356311935,Indian_Male
4,47,-49,15.419783873649209,Indian_Male
4,47,-48,14.747977598008713,Indian_Male
4,47,-47,14.417856424693342,Indian_Male
4,47,-46,14.100362526235452,Indian_Male
4,47,-45,13.963225923903149,Indian_Male
4,47,-44,14.0891675374434,Indian_Male
4,47,-43,13.826955074875208,Indian_Male
4,47,-42,13.168851195065537,Indian_Male
4,47,-41,13.457215645137119,Indian_Male
4,47,-40,13.837501849933403,Indian_Male
4,47,-39,14.354556074766355,Indian_Male
4,47,-38,14.782734228381694,Indian_Male
4,47,-37,14.866600085604222,Indian_Male
4,47,-36,15.56244713842684,Indian_Male
4,47,-35,15.713089589729275,Indian_Male
4,47,-34,16.29190233135605,Indian_Male
4,47,-33,16.246765627127875,Indian_Male
4,47,-32,17.156730509846238,Indian_Male
4,47,-31,17.377967457988795,Indian_Male
4,47,-30,17.960971724412584,Indian_Male
4,47,-29,17.846473567995844,Indian_Male
4,47,-28,18.08782231299464,Indian_Male
4,47,-27,18.4506508277518,Indian_Male
4,47,-26,18.754688672168044,Indian_Male
4,47,-25,19.164193867457964,Indian_Male
4,47,-24,19.194022537971584,Indian_Male
4,47,-23,19.546226644018443,Indian_Male
4,47,-22,19.700988666505907,Indian_Male
4,47,-21,20.290376769858412,Indian_Male
4,47,-20,20.5868320610687,Indian_Male
4,47,-19,21.00130812224997,Indian_Male
4,47,-18,20.873901686060318,Indian_Male
4,47,-17,21.789698552100642,Indian_Male
4,47,-16,21.86944674801564,Indian_Male
4,47,-15,21.723646723646723,Indian_Male
4,47,-14,22.108641388327587,Indian_Male
4,47,-13,22.354623450905624,Indian_Male
4,47,-12,22.54632396891811,Indian_Male
4,47,-11,22.775843438588065,Indian_Male
4,47,-10,22.91515591007977,Indian_Male
4,47,-9,23.318713450292396,Indian_Male
4,47,-8,23.224779627815867,Indian_Male
4,47,-7,23.38381972663465,Indian_Male
4,47,-6,23.53306812531079,Indian_Male
4,47,-5,24.16530175129142,Indian_Male
4,47,-4,23.70596464453771,Indian_Male
4,47,-3,24.048509869694232,Indian_Male
4,47,-2,24.067042032211603,Indian_Male
4,47,-1,23.89169100079639,Indian_Male
4,48,-61,16.207542123562448,Indian_Male
4,48,-60,16.97963501719122,Indian_Male
4,48,-59,17.539744592129267,Indian_Male
4,48,-58,17.36111111111111,Indian_Male
4,48,-57,17.840851495185,Indian_Male
4,48,-56,18.193130910900944,Indian_Male
4,48,-55,17.361784675072744,Indian_Male
4,48,-54,17.34525770769593,Indian_Male
4,48,-53,17.329997725722084,Indian_Male
4,48,-52,16.854928017718716,Indian_Male
4,48,-51,16.84532924961715,Indian_Male
4,48,-50,17.255493321844032,Indian_Male
4,48,-49,16.68744804655029,Indian_Male
4,48,-48,16.407384360091267,Indian_Male
4,48,-47,16.328172129499297,Indian_Male
4,48,-46,15.493226483495517,Indian_Male
4,48,-45,15.437829965410522,Indian_Male
4,48,-44,14.942528735632186,Indian_Male
4,48,-43,14.342762063227955,Indian_Male
4,48,-42,13.878180416345412,Indian_Male
4,48,-41,13.741945152105501,Indian_Male
4,48,-40,14.177889595974543,Indian_Male
4,48,-39,14.763434579439252,Indian_Male
4,48,-38,14.98484192291035,Indian_Male
4,48,-37,15.622770723355686,Indian_Male
4,48,-36,15.914857626162954,Indian_Male
4,48,-35,16.03404967903991,Indian_Male
4,48,-34,16.29190233135605,Indian_Male
4,48,-33,16.750646874574425,Indian_Male
4,48,-32,17.170218505530077,Indian_Male
4,48,-31,17.724726593758337,Indian_Male
4,48,-30,17.88132218239745,Indian_Male
4,48,-29,18.080270164956488,Indian_Male
4,48,-28,18.253765636967067,Indian_Male
4,48,-27,18.412738531530394,Indian_Male
4,48,-26,18.779694923730933,Indian_Male
4,48,-25,19.164193867457964,Indian_Male
4,48,-24,19.524742773150415,Indian_Male
4,48,-23,19.837418102402328,Indian_Male
4,48,-22,20.01446829033036,Indian_Male
4,48,-21,20.302375809935207,Indian_Male
4,48,-20,20.7418893129771,Indian_Male
4,48,-19,21.3223926745154,Indian_Male
4,48,-18,21.503205889337448,Indian_Male
4,48,-17,21.73035841443152,Indian_Male
4,48,-16,21.573273308849664,Indian_Male
4,48,-15,21.794871794871796,Indian_Male
4,48,-14,22.7980506359206,Indian_Male
4,48,-13,23.391325071496663,Indian_Male
4,48,-12,23.311416616855947,Indian_Male
4,48,-11,23.892424060511466,Indian_Male
4,48,-10,23.833695914914188,Indian_Male
4,48,-9,23.40399610136452,Indian_Male
4,48,-8,23.54309500489716,Indian_Male
4,48,-7,23.950252431966508,Indian_Male
4,48,-6,23.69467926404774,Indian_Male
4,48,-5,24.2786947209273,Indian_Male
4,48,-4,24.50718555258807,Indian_Male
4,48,-3,24.371048896916527,Indian_Male
4,48,-2,24.499148880450438,Indian_Male
4,48,-1,24.741173347491372,Indian_Male
4,49,-61,16.474993313720248,Indian_Male
4,49,-60,16.84739486908225,Indian_Male
4,49,-59,16.888193901485536,Indian_Male
4,49,-58,17.36111111111111,Indian_Male
4,49,-57,17.283324885960464,Indian_Male
4,49,-56,17.57093081134893,Indian_Male
4,49,-55,17.31328806983511,Indian_Male
4,49,-54,16.94516356789833,Indian_Male
4,49,-53,16.875142142369796,Indian_Male
4,49,-52,16.434108527131784,Indian_Male
4,49,-51,16.34215707722599,Indian_Male
4,49,-50,15.984489444205083,Indian_Male
4,49,-49,16.105569409808812,Indian_Male
4,49,-48,15.660651317154118,Indian_Male
4,49,-47,15.644480193042428,Indian_Male
4,49,-46,15.130700248044265,Indian_Male
4,49,-45,15.055525213908611,Indian_Male
4,49,-44,15.134099616858238,Indian_Male
4,49,-43,14.54242928452579,Indian_Male
4,49,-42,13.970701619121048,Indian_Male
4,49,-41,14.191518057845048,Indian_Male
4,49,-40,14.79946721918011,Indian_Male
4,49,-39,15.070093457943926,Indian_Male
4,49,-38,15.518983687021798,Indian_Male
4,49,-37,16.207732914823797,Indian_Male
4,49,-36,16.60558218212574,Indian_Male
4,49,-35,16.982975160480045,Indian_Male
4,49,-34,17.354117809353014,Indian_Male
4,49,-33,17.60860683644287,Indian_Male
4,49,-32,18.141354194766656,Indian_Male
4,49,-31,18.81835156041611,Indian_Male
4,49,-30,19.381388557015796,Indian_Male
4,49,-29,19.197298350435123,Indian_Male
4,49,-28,19.198366096502426,Indian_Male
4,49,-27,19.588019714394033,Indian_Male
4,49,-26,20.030007501875467,Indian_Male
4,49,-25,20.264589515331355,Indian_Male
4,49,-24,20.63939245467908,Indian_Male
4,49,-23,20.69885950012133,Indian_Male
4,49,-22,21.509524957800817,Indian_Male
4,49,-21,21.430285577153825,Indian_Male
4,49,-20,22.089694656488547,Indian_Male
4,49,-19,21.952669758591988,Indian_Male
4,49,-18,22.25124673474234,Indian_Male
4,49,-17,22.478044149062427,Indian_Male
4,49,-16,22.876436441179955,Indian_Male
4,49,-15,22.80389363722697,Indian_Male
4,49,-14,22.916914299298703,Indian_Male
4,49,-13,22.77168732125834,Indian_Male
4,49,-12,22.893006575014944,Indian_Male
4,49,-11,23.388161844158965,Indian_Male
4,49,-10,23.3502538071066,Indian_Male
4,49,-9,23.014132553606238,Indian_Male
4,49,-8,24.00832517140059,Indian_Male
4,49,-7,23.96256618643024,Indian_Male
4,49,-6,24.01790154152163,Indian_Male
4,49,-5,24.19050018898828,Indian_Male
4,49,-4,24.265547500953836,Indian_Male
4,49,-3,24.074312991872016,Indian_Male
4,49,-2,24.48605473353411,Indian_Male
4,49,-1,24.382797982479428,Indian_Male
4,50,-61,16.15405188553089,Indian_Male
4,50,-60,17.455699550383496,Indian_Male
4,50,-59,17.305186343497525,Indian_Male
4,50,-58,17.644032921810698,Indian_Male
4,50,-57,17.283324885960464,Indian_Male
4,50,-56,17.47137879542061,Indian_Male
4,50,-55,16.53734238603298,Indian_Male
4,50,-54,16.686279124499883,Indian_Male
4,50,-53,16.170115988173755,Indian_Male
4,50,-52,16.101882613510522,Indian_Male
4,50,-51,15.904616057755414,Indian_Male
4,50,-50,16.19991383024558,Indian_Male
4,50,-49,16.167913549459684,Indian_Male
4,50,-48,15.764364239784276,Indian_Male
4,50,-47,16.207520611301028,Indian_Male
4,50,-46,15.130700248044265,Indian_Male
4,50,-45,14.964500273074824,Indian_Male
4,50,-44,14.454893765238594,Indian_Male
4,50,-43,14.409317803660565,Indian_Male
4,50,-42,13.446414803392445,Indian_Male
4,50,-41,13.562115989809682,Indian_Male
4,50,-40,13.6895071777416,Indian_Male
4,50,-39,13.901869158878505,Indian_Male
4,50,-38,14.840479283961312,Indian_Male
4,50,-37,15.266086460265374,Indian_Male
4,50,-36,15.604736396955174,Indian_Male
4,50,-35,16.13173318448228,Indian_Male
4,50,-34,16.581597461718857,Indian_Male
4,50,-33,16.941304643878524,Indian_Male
4,50,-32,17.10277852711087,Indian_Male
4,50,-31,17.431315017337955,Indian_Male
4,50,-30,17.90787202973583,Indian_Male
4,50,-29,18.404987660735163,Indian_Male
4,50,-28,18.08782231299464,Indian_Male
4,50,-27,18.817136357892075,Indian_Male
4,50,-26,18.89222305576394,Indian_Male
4,50,-25,19.621661721068246,Indian_Male
4,50,-24,19.377756001959824,Indian_Male
4,50,-23,19.788886192671683,Indian_Male
4,50,-22,20.06269592476489,Indian_Male
4,50,-21,20.398368130549557,Indian_Male
4,50,-20,20.765744274809162,Indian_Male
4,50,-19,21.441312879058152,Indian_Male
4,50,-18,21.08762764189029,Indian_Male
4,50,-17,21.671018276762403,Indian_Male
4,50,-16,21.608814121549578,Indian_Male
4,50,-15,22.020417853751187,Indian_Male
4,50,-14,22.13241412100321,Indian_Male
4,50,-13,22.628693994280265,Indian_Male
4,50,-12,22.343096234309623,Indian_Male
4,50,-11,22.643774762876696,Indian_Male
4,50,-10,22.86681169929901,Indian_Male
4,50,-9,22.86793372319688,Indian_Male
4,50,-8,23.24926542605289,Indian_Male
4,50,-7,23.900997414111565,Indian_Male
4,50,-6,23.68224763799105,Indian_Male
4,50,-5,23.88811893662593,Indian_Male
4,50,-4,24.201958539997456,Indian_Male
4,50,-3,23.867888014449747,Indian_Male
4,50,-2,24.106324472960587,Indian_Male
4,50,-1,23.692593575789754,Indian_Male
4,51,-61,16.635464027814923,Indian_Male
4,51,-60,16.84739486908225,Indian_Male
4,51,-59,17.01850403961428,Indian_Male
4,51,-58,17.515432098765434,Indian_Male
4,51,-57,16.979219462747086,Indian_Male
4,51,-56,17.2224987555998,Indian_Male
4,51,-55,17.24054316197866,Indian_Male
4,51,-54,16.639209225700164,Indian_Male
4,51,-53,16.443029338185124,Indian_Male
4,51,-52,15.968992248062017,Indian_Male
4,51,-51,15.904616057755414,Indian_Male
4,51,-50,15.725980180956483,Indian_Male
4,51,-49,15.544472152950956,Indian_Male
4,51,-48,15.079858950425223,Indian_Male
4,51,-47,14.840136738387292,Indian_Male
4,51,-46,15.130700248044265,Indian_Male
4,51,-45,14.618605497906426,Indian_Male
4,51,-44,14.036920933472658,Indian_Male
4,51,-43,13.876871880199667,Indian_Male
4,51,-42,13.338473400154202,Indian_Male
4,51,-41,13.427244118087817,Indian_Male
4,51,-40,14.385082137043067,Indian_Male
4,51,-39,14.573598130841123,Indian_Male
4,51,-38,15.215822145228817,Indian_Male
4,51,-37,15.793979169639035,Indian_Male
4,51,-36,15.914857626162954,Indian_Male
4,51,-35,16.55037677923528,Indian_Male
4,51,-34,16.85749758587391,Indian_Male
4,51,-33,17.15919923736892,Indian_Male
4,51,-32,17.84461828972215,Indian_Male
4,51,-31,18.391571085622832,Indian_Male
4,51,-30,18.093720961104474,Indian_Male
4,51,-29,18.62579555786466,Indian_Male
4,51,-28,18.50906305846311,Indian_Male
4,51,-27,19.30999620877038,Indian_Male
4,51,-26,19.49237309327332,Indian_Male
4,51,-25,19.967853610286845,Indian_Male
4,51,-24,20.578147966682998,Indian_Male
4,51,-23,21.062848823101188,Indian_Male
4,51,-22,21.25632987701953,Indian_Male
4,51,-21,21.358291336693064,Indian_Male
4,51,-20,21.15935114503817,Indian_Male
4,51,-19,22.28564633131169,Indian_Male
4,51,-18,22.263120398955117,Indian_Male
4,51,-17,22.383099928791836,Indian_Male
4,51,-16,22.497334439047506,Indian_Male
4,51,-15,22.732668566001898,Indian_Male
4,51,-14,22.80993700225841,Indian_Male
4,51,-13,23.045757864632986,Indian_Male
4,51,-12,23.251643753735802,Indian_Male
4,51,-11,23.92844279025093,Indian_Male
4,51,-10,24.22044960116026,Indian_Male
4,51,-9,24.305555555555554,Indian_Male
4,51,-8,24.167482859941234,Indian_Male
4,51,-7,24.49205762837089,Indian_Male
4,51,-6,24.303828940825458,Indian_Male
4,51,-5,24.114904875897693,Indian_Male
4,51,-4,23.87129594302429,Indian_Male
4,51,-3,24.448458263449876,Indian_Male
4,51,-2,24.355113264370825,Indian_Male
4,51,-1,24.36952482081232,Indian_Male
4,52,-61,16.341267718641348,Indian_Male
4,52,-60,16.953186987569428,Indian_Male
4,52,-59,17.80036486838676,Indian_Male
4,52,-58,17.232510288065843,Indian_Male
4,52,-57,17.587430309173847,Indian_Male
4,52,-56,17.8695868591339,Indian_Male
4,52,-55,17.434529582929194,Indian_Male
4,52,-54,17.39232760649565,Indian_Male
4,52,-53,16.7159426881965,Indian_Male
4,52,-52,16.677740863787374,Indian_Male
4,52,-51,16.407788230146576,Indian_Male
4,52,-50,16.587677725118482,Indian_Male
4,52,-49,16.853699085619287,Indian_Male
4,52,-48,16.324414021987142,Indian_Male
4,52,-47,16.066760506736376,Indian_Male
4,52,-46,15.588628124403739,Indian_Male
4,52,-45,15.310395048243219,Indian_Male
4,52,-44,14.994775339602926,Indian_Male
4,52,-43,14.575707154742096,Indian_Male
4,52,-42,13.970701619121048,Indian_Male
4,52,-41,14.02667465907388,Indian_Male
4,52,-40,14.503477874796507,Indian_Male
4,52,-39,15.128504672897197,Indian_Male
4,52,-38,15.230258409123717,Indian_Male
4,52,-37,15.608503352832074,Indian_Male
4,52,-36,16.33775021144629,Indian_Male
4,52,-35,16.57828635221881,Indian_Male
4,52,-34,16.871292592081666,Indian_Male
4,52,-33,17.15919923736892,Indian_Male
4,52,-32,17.520906393309954,Indian_Male
4,52,-31,18.058148839690585,Indian_Male
4,52,-30,18.332669587149873,Indian_Male
4,52,-29,18.586829458371216,Indian_Male
4,52,-28,18.81541996425836,Indian_Male
4,52,-27,18.905598382408694,Indian_Male
4,52,-26,19.079769942485623,Indian_Male
4,52,-25,19.72057368941642,Indian_Male
4,52,-24,19.941205291523765,Indian_Male
4,52,-23,20.20140742538219,Indian_Male
4,52,-22,20.64142753797926,Indian_Male
4,52,-21,20.9023278137749,Indian_Male
4,52,-20,21.505248091603054,Indian_Male
4,52,-19,21.132120347246996,Indian_Male
4,52,-18,21.68131085252909,Indian_Male
4,52,-17,22.12200332304771,Indian_Male
4,52,-16,22.118232436915058,Indian_Male
4,52,-15,22.364672364672362,Indian_Male
4,52,-14,22.477118744799714,Indian_Male
4,52,-13,22.759771210676835,Indian_Male
4,52,-12,23.132098027495516,Indian_Male
4,52,-11,23.40016808740545,Indian_Male
4,52,-10,23.652405124486343,Indian_Male
4,52,-9,23.96442495126706,Indian_Male
4,52,-8,23.800195886385897,Indian_Male
4,52,-7,24.15958625785002,Indian_Male
4,52,-6,24.415713575335655,Indian_Male
4,52,-5,24.392087690563187,Indian_Male
4,52,-4,24.45631438382297,Indian_Male
4,52,-3,24.590375435427685,Indian_Male
4,52,-2,24.695561084195365,Indian_Male
4,52,-1,24.701353862490045,Indian_Male
4,53,-61,16.12730676651511,Indian_Male
4,53,-60,16.74160275059508,Indian_Male
4,53,-59,16.75788376335679,Indian_Male
4,53,-58,17.05246913580247,Indian_Male
4,53,-57,17.004561581348202,Indian_Male
4,53,-56,17.0980587356894,Indian_Male
4,53,-55,16.755577109602328,Indian_Male
4,53,-54,16.239115085902565,Indian_Male
4,53,-53,15.965430975665226,Indian_Male
4,53,-52,16.323366555924697,Indian_Male
4,53,-51,16.47341938306716,Indian_Male
4,53,-50,15.876777251184834,Indian_Male
4,53,-49,15.85619285120532,Indian_Male
4,53,-48,15.287284795685544,Indian_Male
4,53,-47,15.483611502111403,Indian_Male
4,53,-46,15.130700248044265,Indian_Male
4,53,-45,14.89168032040779,Indian_Male
4,53,-44,14.332985022640196,Indian_Male
4,53,-43,14.3261231281198,Indian_Male
4,53,-42,13.831919814957594,Indian_Male
4,53,-41,13.682002098006892,Indian_Male
4,53,-40,14.266686399289624,Indian_Male
4,53,-39,14.573598130841123,Indian_Male
4,53,-38,15.186949617439009,Indian_Male
4,53,-37,15.6370380938793,Indian_Male
4,53,-36,16.394135889484073,Indian_Male
4,53,-35,16.620150711694112,Indian_Male
4,53,-34,17.147192716236724,Indian_Male
4,53,-33,17.47242271551137,Indian_Male
4,53,-32,17.628810358780687,Indian_Male
4,53,-31,18.258202187249932,Indian_Male
4,53,-30,18.345944510819063,Indian_Male
4,53,-29,18.404987660735163,Indian_Male
4,53,-28,18.534592800612714,Indian_Male
4,53,-27,19.006697838999116,Indian_Male
4,53,-26,19.342335583895974,Indian_Male
4,53,-25,19.46092977250247,Indian_Male
4,53,-24,19.73297403233709,Indian_Male
4,53,-23,20.140742538218877,Indian_Male
4,53,-22,20.243549553894383,Indian_Male
4,53,-21,20.230381569474442,Indian_Male
4,53,-20,20.610687022900763,Indian_Male
4,53,-19,21.00130812224997,Indian_Male
4,53,-18,21.479458560911898,Indian_Male
4,53,-17,21.682886304296225,Indian_Male
4,53,-16,21.857599810449,Indian_Male
4,53,-15,22.115384615384613,Indian_Male
4,53,-14,22.417686913110664,Indian_Male
4,53,-13,22.163965681601525,Indian_Male
4,53,-12,22.056186491332934,Indian_Male
4,53,-11,22.391643654700445,Indian_Male
4,53,-10,23.048102489726855,Indian_Male
4,53,-9,22.843567251461987,Indian_Male
4,53,-8,23.579823702252696,Indian_Male
4,53,-7,23.199113409678613,Indian_Male
4,53,-6,23.719542516161113,Indian_Male
4,53,-5,23.913317374322794,Indian_Male
4,53,-4,23.896731527406843,Indian_Male
4,53,-3,24.125919236227585,Indian_Male
4,53,-2,23.883723975383003,Indian_Male
4,53,-1,24.23679320414123,Indian_Male
5,0,-61,2.492716089349304,Indian_Female
5,0,-60,2.8553498588013806,Indian_Female
5,0,-59,3.0717761557177616,Indian_Female
5,0,-58,3.082394783639597,Indian_Female
5,0,-57,2.966589861751152,Indian_Female
5,0,-56,3.1932773109243695,Indian_Female
5,0,-55,3.226681127982647,Indian_Female
5,0,-54,3.1339775398276313,Indian_Female
5,0,-53,3.2556974705735033,Indian_Female
5,0,-52,3.239845261121857,Indian_Female
5,0,-51,3.259329239489844,Indian_Female
5,0,-50,3.425287356321839,Indian_Female
5,0,-49,3.2721644925934115,Indian_Female
5,0,-48,3.0871003307607494,Indian_Female
5,0,-47,3.0943235168587284,Indian_Female
5,0,-46,3.048160942897785,Indian_Female
5,0,-45,2.955473459070581,Indian_Female
5,0,-44,2.9389741669786598,Indian_Female
5,0,-43,2.9651057674923162,Indian_Female
5,0,-42,2.8906648529161707,Indian_Female
5,0,-41,2.9211618257261414,Indian_Female
5,0,-40,2.947920078611202,Indian_Female
5,0,-39,2.942595272551857,Indian_Female
5,0,-38,3.0803429660209587,Indian_Female
5,0,-37,2.9970186725247134,Indian_Female
5,0,-36,3.0891027631170442,Indian_Female
5,0,-35,3.0814042618427107,Indian_Female
5,0,-34,3.086232980332829,Indian_Female
5,0,-33,3.450336071695295,Indian_Female
5,0,-32,3.566165635131152,Indian_Female
5,0,-31,4.050116550116551,Indian_Female
5,0,-30,4.249415887850468,Indian_Female
5,0,-29,4.2166126075306725,Indian_Female
5,0,-28,3.987940249417569,Indian_Female
5,0,-27,4.161583299444219,Indian_Female
5,0,-26,4.2667382262176305,Indian_Female
5,0,-25,4.412349277858752,Indian_Female
5,0,-24,4.466044923157757,Indian_Female
5,0,-23,4.453704909493424,Indian_Female
5,0,-22,4.509626566739889,Indian_Female
5,0,-21,4.613018964633521,Indian_Female
5,0,-20,4.7521716913643335,Indian_Female
5,0,-19,4.809772235653391,Indian_Female
5,0,-18,4.765535646206634,Indian_Female
5,0,-17,4.907430890185138,Indian_Female
5,0,-16,4.649980942701055,Indian_Female
5,0,-15,4.856343757945589,Indian_Female
5,0,-14,4.876180750574419,Indian_Female
5,0,-13,4.846775227593281,Indian_Female
5,0,-12,5.008368739539075,Indian_Female
5,0,-11,5.0368074389771404,Indian_Female
5,0,-10,5.177111716621254,Indian_Female
5,0,-9,5.0240791357542625,Indian_Female
5,0,-8,5.1415894558267,Indian_Female
5,0,-7,5.331939362258233,Indian_Female
5,0,-6,5.382696599711172,Indian_Female
5,0,-5,5.341089370703331,Indian_Female
5,0,-4,5.4021767985134055,Indian_Female
5,0,-3,5.600322320709106,Indian_Female
5,0,-2,5.560075942500678,Indian_Female
5,0,-1,5.68104038329911,Indian_Female
5,1,-61,2.492716089349304,Indian_Female
5,1,-60,2.8553498588013806,Indian_Female
5,1,-59,2.980535279805353,Indian_Female
5,1,-58,3.023117960877297,Indian_Female
5,1,-57,2.966589861751152,Indian_Female
5,1,-56,2.941176470588235,Indian_Female
5,1,-55,2.928416485900217,Indian_Female
5,1,-54,2.9250457038391224,Indian_Female
5,1,-53,2.8049085900325568,Indian_Female
5,1,-52,2.998065764023211,Indian_Female
5,1,-51,3.070382616910723,Indian_Female
5,1,-50,3.1494252873563213,Indian_Female
5,1,-49,3.0510722971479107,Indian_Female
5,1,-48,3.065049614112459,Indian_Female
5,1,-47,3.0729833546734953,Indian_Female
5,1,-46,3.210729526519,Indian_Female
5,1,-45,3.1888003111024696,Indian_Female
5,1,-44,3.463122426057656,Indian_Female
5,1,-43,3.290544205387814,Indian_Female
5,1,-42,3.0777078728107465,Indian_Female
5,1,-41,2.954356846473029,Indian_Female
5,1,-40,3.0953160825417623,Indian_Female
5,1,-39,3.022994050490433,Indian_Female
5,1,-38,3.207367418228009,Indian_Female
5,1,-37,3.3422250117683983,Indian_Female
5,1,-36,3.384042222912139,Indian_Female
5,1,-35,3.510654606776023,Indian_Female
5,1,-34,3.6308623298033282,Indian_Female
5,1,-33,3.7789395070948464,Indian_Female
5,1,-32,3.8461538461538463,Indian_Female
5,1,-31,4.122960372960373,Indian_Female
5,1,-30,4.468457943925234,Indian_Female
5,1,-29,4.371738823861233,Indian_Female
5,1,-28,4.481293682335206,Indian_Female
5,1,-27,4.730920428358411,Indian_Female
5,1,-26,4.682678116194821,Indian_Female
5,1,-25,4.637604346097787,Indian_Female
5,1,-24,4.794430579272298,Indian_Female
5,1,-23,4.805313191821852,Indian_Female
5,1,-22,4.98772451221088,Indian_Female
5,1,-21,4.86929779600205,Indian_Female
5,1,-20,4.790495656617271,Indian_Female
5,1,-19,4.860669296348136,Indian_Female
5,1,-18,5.006989452281103,Indian_Female
5,1,-17,4.970834390058331,Indian_Female
5,1,-16,5.247109642993267,Indian_Female
5,1,-15,5.161454360539029,Indian_Female
5,1,-14,5.042124074546847,Indian_Female
5,1,-13,5.141684831388639,Indian_Female
5,1,-12,5.124243594695507,Indian_Female
5,1,-11,5.359679710706445,Indian_Female
5,1,-10,5.41066562864928,Indian_Female
5,1,-9,5.297409865937785,Indian_Female
5,1,-8,5.272086650137022,Indian_Female
5,1,-7,5.38421327757449,Indian_Female
5,1,-6,5.619010108966785,Indian_Female
5,1,-5,5.6848228450555265,Indian_Female
5,1,-4,5.747279001858242,Indian_Female
5,1,-3,5.7614826752618855,Indian_Female
5,1,-2,5.912666124220233,Indian_Female
5,1,-1,5.9137577002053385,Indian_Female
5,2,-61,2.492716089349304,Indian_Female
5,2,-60,2.792594916849702,Indian_Female
5,2,-59,2.8588807785888077,Indian_Female
5,2,-58,2.993479549496147,Indian_Female
5,2,-57,2.851382488479263,Indian_Female
5,2,-56,2.9691876750700277,Indian_Female
5,2,-55,2.9826464208242953,Indian_Female
5,2,-54,2.9250457038391224,Indian_Female
5,2,-53,2.9301277235161534,Indian_Female
5,2,-52,3.04642166344294,Indian_Female
5,2,-51,3.1412376003778935,Indian_Female
5,2,-50,3.2873563218390807,Indian_Female
5,2,-49,3.2500552730488614,Indian_Female
5,2,-48,3.3737596471885336,Indian_Female
5,2,-47,3.4571062740076828,Indian_Female
5,2,-46,3.474903474903475,Indian_Female
5,2,-45,3.577678397822283,Indian_Female
5,2,-44,3.5941594908274053,Indian_Female
5,2,-43,3.670222382932562,Indian_Female
5,2,-42,3.4007821799013773,Indian_Female
5,2,-41,3.4356846473029043,Indian_Female
5,2,-40,3.455617425483131,Indian_Female
5,2,-39,3.6983437851744654,Indian_Female
5,2,-38,3.7789774531597335,Indian_Female
5,2,-37,3.828652126157226,Indian_Female
5,2,-36,3.725551071095933,Indian_Female
5,2,-35,3.9245745822474323,Indian_Female
5,2,-34,3.948562783661119,Indian_Female
5,2,-33,4.032860343539955,Indian_Female
5,2,-32,4.022988505747127,Indian_Female
5,2,-31,4.21037296037296,Indian_Female
5,2,-30,4.570677570093458,Indian_Female
5,2,-29,4.4986602735862355,Indian_Female
5,2,-28,4.659449088666575,Indian_Female
5,2,-27,4.717364782431883,Indian_Female
5,2,-26,4.615591037166242,Indian_Female
5,2,-25,4.611103749834371,Indian_Female
5,2,-24,4.715618021804808,Indian_Female
5,2,-23,4.896470894647741,Indian_Female
5,2,-22,5.039410776586122,Indian_Female
5,2,-21,5.125576627370579,Indian_Female
5,2,-20,5.224833929483904,Indian_Female
5,2,-19,5.166051660516605,Indian_Female
5,2,-18,5.108654212733511,Indian_Female
5,2,-17,5.008876489982247,Indian_Female
5,2,-16,5.13276584932029,Indian_Female
5,2,-15,5.288583778286295,Indian_Female
5,2,-14,5.335716109267297,Indian_Female
5,2,-13,5.372483651750224,Indian_Female
5,2,-12,5.664992918758852,Indian_Female
5,2,-11,5.760041327650781,Indian_Female
5,2,-10,5.981575191384455,Indian_Female
5,2,-9,6.117402056488351,Indian_Female
5,2,-8,6.055069815998956,Indian_Female
5,2,-7,6.102979613173027,Indian_Female
5,2,-6,6.131022712353945,Indian_Female
5,2,-5,6.3590692755155995,Indian_Female
5,2,-4,6.4640297318821345,Indian_Female
5,2,-3,6.285253827558421,Indian_Female
5,2,-2,6.5229183618117705,Indian_Female
5,2,-1,6.625598904859685,Indian_Female
5,3,-61,2.492716089349304,Indian_Female
5,3,-60,2.8239723878255414,Indian_Female
5,3,-59,2.798053527980535,Indian_Female
5,3,-58,2.7860106698280975,Indian_Female
5,3,-57,2.736175115207373,Indian_Female
5,3,-56,2.9131652661064424,Indian_Female
5,3,-55,2.9826464208242953,Indian_Female
5,3,-54,2.8466962653434313,Indian_Female
5,3,-53,2.8800400701227145,Indian_Female
5,3,-52,2.9738878143133465,Indian_Female
5,3,-51,3.070382616910723,Indian_Female
5,3,-50,3.2413793103448274,Indian_Female
5,3,-49,3.205836833959761,Indian_Female
5,3,-48,3.2635060639470783,Indian_Female
5,3,-47,3.243704652155356,Indian_Female
5,3,-46,3.210729526519,Indian_Female
5,3,-45,3.033249076414544,Indian_Female
5,3,-44,3.219767877199551,Indian_Female
5,3,-43,3.2724642921713976,Indian_Female
5,3,-42,3.128719605509267,Indian_Female
5,3,-41,3.0871369294605806,Indian_Female
5,3,-40,3.2590894202423843,Indian_Female
5,3,-39,3.376748673420164,Indian_Female
5,3,-38,3.5090504922197523,Indian_Female
5,3,-37,3.6403577592970344,Indian_Female
5,3,-36,3.6479354237814343,Indian_Female
5,3,-35,3.709949409780776,Indian_Female
5,3,-34,3.8577912254160367,Indian_Female
5,3,-33,3.8088125466766245,Indian_Female
5,3,-32,4.008252284114353,Indian_Female
5,3,-31,4.326923076923077,Indian_Female
5,3,-30,4.3078271028037385,Indian_Female
5,3,-29,4.301226907347341,Indian_Female
5,3,-28,4.275729751952857,Indian_Female
5,3,-27,4.337806696489087,Indian_Female
5,3,-26,4.441164631691936,Indian_Female
5,3,-25,4.624354047966079,Indian_Female
5,3,-24,4.518586628136083,Indian_Female
5,3,-23,4.401614793592916,Indian_Female
5,3,-22,4.53546969892751,Indian_Female
5,3,-21,4.651460789338801,Indian_Female
5,3,-20,4.803270311701584,Indian_Female
5,3,-19,4.84794503117445,Indian_Female
5,3,-18,4.829076121489389,Indian_Female
5,3,-17,4.945472990109054,Indian_Female
5,3,-16,4.904078261974336,Indian_Female
5,3,-15,4.996186117467582,Indian_Female
5,3,-14,4.876180750574419,Indian_Female
5,3,-13,5.141684831388639,Indian_Female
5,3,-12,5.201493498133127,Indian_Female
5,3,-11,5.45008394679065,Indian_Female
5,3,-10,5.42364084598417,Indian_Female
5,3,-9,5.596772094234023,Indian_Female
5,3,-8,5.6896776719300535,Indian_Female
5,3,-7,5.7370622059592264,Indian_Female
5,3,-6,5.82906656163844,Indian_Female
5,3,-5,5.883130618720254,Indian_Female
5,3,-4,6.1454738518715155,Indian_Female
5,3,-3,6.124093473005641,Indian_Female
5,3,-2,6.021155410903174,Indian_Female
5,3,-1,6.47501711156742,Indian_Female
5,4,-61,2.4603431531239885,Indian_Female
5,4,-60,2.5729526200188264,Indian_Female
5,4,-59,2.5547445255474455,Indian_Female
5,4,-58,2.6081802015411975,Indian_Female
5,4,-57,2.5345622119815667,Indian_Female
5,4,-56,2.689075630252101,Indian_Female
5,4,-55,2.765726681127983,Indian_Female
5,4,-54,2.6638809088534865,Indian_Female
5,4,-53,2.5795141497620837,Indian_Female
5,4,-52,2.611218568665377,Indian_Female
5,4,-51,2.621634388285309,Indian_Female
5,4,-50,2.8275862068965516,Indian_Female
5,4,-49,2.85208932124696,Indian_Female
5,4,-48,2.9768467475192946,Indian_Female
5,4,-47,3.1156636790439607,Indian_Female
5,4,-46,3.109124161755741,Indian_Female
5,4,-45,3.052692980750535,Indian_Female
5,4,-44,3.201048296518158,Indian_Female
5,4,-43,3.2001446393057313,Indian_Female
5,4,-42,3.0437000510117325,Indian_Female
5,4,-41,3.0539419087136928,Indian_Female
5,4,-40,3.275466754012447,Indian_Female
5,4,-39,3.2320308731307286,Indian_Female
5,4,-38,3.366147983486821,Indian_Female
5,4,-37,3.3422250117683983,Indian_Female
5,4,-36,3.3529959639863396,Indian_Female
5,4,-35,3.525984976237927,Indian_Female
5,4,-34,3.540090771558245,Indian_Female
5,4,-33,3.7042569081404033,Indian_Female
5,4,-32,3.757736516357206,Indian_Female
5,4,-31,3.904428904428905,Indian_Female
5,4,-30,4.059579439252337,Indian_Female
5,4,-29,4.244817374136229,Indian_Female
5,4,-28,4.220912703850897,Indian_Female
5,4,-27,4.351362342415617,Indian_Female
5,4,-26,4.306990473634778,Indian_Female
5,4,-25,4.438849874122168,Indian_Female
5,4,-24,4.636805464337318,Indian_Female
5,4,-23,4.649042844120328,Indian_Female
5,4,-22,4.819744152991342,Indian_Female
5,4,-21,4.715530497180933,Indian_Female
5,4,-20,4.790495656617271,Indian_Female
5,4,-19,4.9624634177376254,Indian_Female
5,4,-18,4.892616596772144,Indian_Female
5,4,-17,4.958153690083693,Indian_Female
5,4,-16,4.980307457756321,Indian_Female
5,4,-15,5.008899059242309,Indian_Female
5,4,-14,4.94000510594843,Indian_Female
5,4,-13,5.000641107834338,Indian_Female
5,4,-12,5.085618642976696,Indian_Female
5,4,-11,4.985147875500452,Indian_Female
5,4,-10,5.254963020630596,Indian_Female
5,4,-9,5.4796303527268,Indian_Female
5,4,-8,5.702727391361086,Indian_Female
5,4,-7,5.7893361212754835,Indian_Female
5,4,-6,5.855323618222397,Indian_Female
5,4,-5,6.107879428873612,Indian_Female
5,4,-4,6.23838598354128,Indian_Female
5,4,-3,6.432984152565135,Indian_Female
5,4,-2,6.102522375915378,Indian_Female
5,4,-1,6.324435318275154,Indian_Female
5,5,-61,2.492716089349304,Indian_Female
5,5,-60,2.7298399748980233,Indian_Female
5,5,-59,2.889294403892944,Indian_Female
5,5,-58,2.934202726733847,Indian_Female
5,5,-57,3.024193548387097,Indian_Female
5,5,-56,3.305322128851541,Indian_Female
5,5,-55,3.443600867678959,Indian_Female
5,5,-54,3.264559937320449,Indian_Female
5,5,-53,3.2556974705735033,Indian_Female
5,5,-52,3.239845261121857,Indian_Female
5,5,-51,3.306565895134624,Indian_Female
5,5,-50,3.3563218390804597,Indian_Female
5,5,-49,3.338492151227062,Indian_Female
5,5,-48,3.3517089305402425,Indian_Female
5,5,-47,3.371745625266752,Indian_Female
5,5,-46,3.231050599471652,Indian_Female
5,5,-45,3.2860198327824226,Indian_Female
5,5,-44,3.3882441033320854,Indian_Female
5,5,-43,3.4351835111191464,Indian_Female
5,5,-42,3.3837782690018705,Indian_Female
5,5,-41,3.319502074688797,Indian_Female
5,5,-40,3.4228627579430073,Indian_Female
5,5,-39,3.4410676957710247,Indian_Female
5,5,-38,3.445538266116227,Indian_Female
5,5,-37,3.404989800721795,Indian_Female
5,5,-36,3.228810928283142,Indian_Female
5,5,-35,3.388011651080791,Indian_Female
5,5,-34,3.540090771558245,Indian_Female
5,5,-33,3.5847647498132935,Indian_Female
5,5,-32,3.566165635131152,Indian_Female
5,5,-31,3.875291375291375,Indian_Female
5,5,-30,4.0887850467289715,Indian_Female
5,5,-29,3.892257791566775,Indian_Female
5,5,-28,3.974235987392079,Indian_Female
5,5,-27,3.998915548325878,Indian_Female
5,5,-26,4.038642157520462,Indian_Female
5,5,-25,4.22684510401484,Indian_Female
5,5,-24,4.216471824510705,Indian_Female
5,5,-23,4.375569735642662,Indian_Female
5,5,-22,4.419175604083215,Indian_Female
5,5,-21,4.446437724243977,Indian_Female
5,5,-20,4.509453244762391,Indian_Female
5,5,-19,4.695253849090215,Indian_Female
5,5,-18,4.689287075867328,Indian_Female
5,5,-17,4.8693887902612225,Indian_Female
5,5,-16,4.764324736374031,Indian_Female
5,5,-15,4.843630816170862,Indian_Female
5,5,-14,4.723002297676794,Indian_Female
5,5,-13,5.000641107834338,Indian_Female
5,5,-12,4.995493755632806,Indian_Female
5,5,-11,5.385509492444789,Indian_Female
5,5,-10,5.540417801998183,Indian_Female
5,5,-9,5.62280359234674,Indian_Female
5,5,-8,5.781025707947279,Indian_Female
5,5,-7,5.9722948248823835,Indian_Female
5,5,-6,6.236050938689773,Indian_Female
5,5,-5,6.425171866737175,Indian_Female
5,5,-4,6.5702150252190075,Indian_Female
5,5,-3,6.755304861670695,Indian_Female
5,5,-2,6.753458096013018,Indian_Female
5,5,-1,6.721423682409308,Indian_Female
5,6,-61,2.492716089349304,Indian_Female
5,6,-60,2.698462503922184,Indian_Female
5,6,-59,2.8284671532846715,Indian_Female
5,6,-58,2.7860106698280975,Indian_Female
5,6,-57,2.736175115207373,Indian_Female
5,6,-56,2.6330532212885154,Indian_Female
5,6,-55,2.711496746203905,Indian_Female
5,6,-54,2.8205797858448682,Indian_Female
5,6,-53,2.8299524167292764,Indian_Female
5,6,-52,2.9013539651837523,Indian_Female
5,6,-51,2.975909305621162,Indian_Female
5,6,-50,2.8505747126436782,Indian_Female
5,6,-49,2.94052619942516,Indian_Female
5,6,-48,3.0871003307607494,Indian_Female
5,6,-47,3.1370038412291934,Indian_Female
5,6,-46,3.048160942897785,Indian_Female
5,6,-45,3.052692980750535,Indian_Female
5,6,-44,3.14488955447398,Indian_Female
5,6,-43,3.2182245525221473,Indian_Female
5,6,-42,3.1967352491072942,Indian_Female
5,6,-41,3.0373443983402493,Indian_Female
5,6,-40,3.193580085162136,Indian_Female
5,6,-39,3.167711850779868,Indian_Female
5,6,-38,3.2550015878056526,Indian_Female
5,6,-37,3.3422250117683983,Indian_Female
5,6,-36,3.601366035392735,Indian_Female
5,6,-35,3.64862793193316,Indian_Female
5,6,-34,3.721633888048412,Indian_Female
5,6,-33,3.8984316654219566,Indian_Female
5,6,-32,4.052460949012674,Indian_Female
5,6,-31,4.195804195804196,Indian_Female
5,6,-30,4.23481308411215,Indian_Female
5,6,-29,4.202510224227895,Indian_Female
5,6,-28,4.248321227901878,Indian_Female
5,6,-27,4.31069540463603,Indian_Female
5,6,-26,4.347242721051925,Indian_Female
5,6,-25,4.544852259175832,Indian_Female
5,6,-24,4.610534611848154,Indian_Female
5,6,-23,4.72717801797109,Indian_Female
5,6,-22,4.819744152991342,Indian_Female
5,6,-21,5.061506919528447,Indian_Female
5,6,-20,4.994890137966275,Indian_Female
5,6,-19,5.102430334648174,Indian_Female
5,6,-18,5.2865675435252255,Indian_Female
5,6,-17,5.44002028911996,Indian_Female
5,6,-16,5.412272900520899,Indian_Female
5,6,-15,5.644546147978642,Indian_Female
5,6,-14,5.539954046464131,Indian_Female
5,6,-13,5.603282472111809,Indian_Female
5,6,-12,5.587743015321231,Indian_Female
5,6,-11,5.837530672865814,Indian_Female
5,6,-10,6.020500843389127,Indian_Female
5,6,-9,6.182480801770142,Indian_Female
5,6,-8,6.028970377136892,Indian_Female
5,6,-7,6.129116570831155,Indian_Female
5,6,-6,6.157279768937902,Indian_Female
5,6,-5,6.253305129561079,Indian_Female
5,6,-4,6.158747013538625,Indian_Female
5,6,-3,6.271823798012356,Indian_Female
5,6,-2,6.305939788445891,Indian_Female
5,6,-1,6.4339493497604385,Indian_Female
5,7,-61,2.492716089349304,Indian_Female
5,7,-60,2.6357075619705053,Indian_Female
5,7,-59,2.737226277372263,Indian_Female
5,7,-58,2.934202726733847,Indian_Female
5,7,-57,2.851382488479263,Indian_Female
5,7,-56,2.9691876750700277,Indian_Female
5,7,-55,3.1182212581344904,Indian_Female
5,7,-54,3.081744580830504,Indian_Female
5,7,-53,2.980215376909592,Indian_Female
5,7,-52,3.2156673114119925,Indian_Female
5,7,-51,3.2829475673122346,Indian_Female
5,7,-50,3.2873563218390807,Indian_Female
5,7,-49,3.4048198098607116,Indian_Female
5,7,-48,3.2635060639470783,Indian_Female
5,7,-47,3.4144259496372174,Indian_Female
5,7,-46,3.210729526519,Indian_Female
5,7,-45,3.1304685980944975,Indian_Female
5,7,-44,3.1636091351553723,Indian_Female
5,7,-43,3.0555053335743985,Indian_Female
5,7,-42,2.7886413875191294,Indian_Female
5,7,-41,2.954356846473029,Indian_Female
5,7,-40,2.9806747461513265,Indian_Female
5,7,-39,3.071233317253578,Indian_Female
5,7,-38,3.048586852969197,Indian_Female
5,7,-37,3.1539306449082067,Indian_Female
5,7,-36,3.2598571872089415,Indian_Female
5,7,-35,3.418672390004599,Indian_Female
5,7,-34,3.40393343419062,Indian_Female
5,7,-33,3.51008215085885,Indian_Female
5,7,-32,3.595638078396699,Indian_Female
5,7,-31,3.817016317016317,Indian_Female
5,7,-30,4.117990654205608,Indian_Female
5,7,-29,4.089691157805669,Indian_Female
5,7,-28,4.220912703850897,Indian_Female
5,7,-27,4.215805883150332,Indian_Female
5,7,-26,4.213068562994767,Indian_Female
5,7,-25,4.266595998409964,Indian_Female
5,7,-24,4.308419808222777,Indian_Female
5,7,-23,4.284412032816773,Indian_Female
5,7,-22,4.4450187362708355,Indian_Female
5,7,-21,4.651460789338801,Indian_Female
5,7,-20,4.777721001532958,Indian_Female
5,7,-19,4.91156635704288,Indian_Female
5,7,-18,4.790951836319736,Indian_Female
5,7,-17,4.831346690337306,Indian_Female
5,7,-16,5.018422055647313,Indian_Female
5,7,-15,4.8944825832697685,Indian_Female
5,7,-14,4.965534848098034,Indian_Female
5,7,-13,5.051929734581356,Indian_Female
5,7,-12,5.0598686751641555,Indian_Female
5,7,-11,5.191786129407207,Indian_Female
5,7,-10,5.462566497988841,Indian_Female
5,7,-9,5.570740596121307,Indian_Female
5,7,-8,5.794075427378311,Indian_Female
5,7,-7,5.906952430737062,Indian_Female
5,7,-6,6.039123014310096,Indian_Female
5,7,-5,6.266525647805395,Indian_Female
5,7,-4,6.437483408547916,Indian_Female
5,7,-3,6.594144507117916,Indian_Female
5,7,-2,6.6992134526715486,Indian_Female
5,7,-1,6.707734428473648,Indian_Female
5,8,-61,2.5250890255746197,Indian_Female
5,8,-60,2.792594916849702,Indian_Female
5,8,-59,2.9501216545012166,Indian_Female
5,8,-58,2.9638411381149967,Indian_Female
5,8,-57,2.9377880184331797,Indian_Female
5,8,-56,2.9691876750700277,Indian_Female
5,8,-55,3.091106290672451,Indian_Female
5,8,-54,3.0556281013319406,Indian_Female
5,8,-53,2.9551715502128726,Indian_Female
5,8,-52,2.852998065764023,Indian_Female
5,8,-51,2.9050543221539917,Indian_Female
5,8,-50,2.9195402298850577,Indian_Female
5,8,-49,2.82998010170241,Indian_Female
5,8,-48,2.8004410143329657,Indian_Female
5,8,-47,2.774221084080239,Indian_Female
5,8,-46,2.621418410892095,Indian_Female
5,8,-45,2.547151468014777,Indian_Female
5,8,-44,2.6394608760763756,Indian_Female
5,8,-43,2.567347676731152,Indian_Female
5,8,-42,2.5335827240265263,Indian_Female
5,8,-41,2.4896265560165975,Indian_Female
5,8,-40,2.653128070750082,Indian_Female
5,8,-39,2.7817977166747063,Indian_Female
5,8,-38,2.921562400762147,Indian_Female
5,8,-37,2.949945080809666,Indian_Female
5,8,-36,2.9338714684880474,Indian_Female
5,8,-35,2.912770197761766,Indian_Female
5,8,-34,3.1316187594553706,Indian_Female
5,8,-33,3.166542195668409,Indian_Female
5,8,-32,3.3009136457412316,Indian_Female
5,8,-31,3.6567599067599064,Indian_Female
5,8,-30,3.723714953271028,Indian_Female
5,8,-29,3.8499506416584404,Indian_Female
5,8,-28,3.9057146772646294,Indian_Female
5,8,-27,4.080249423885048,Indian_Female
5,8,-26,4.038642157520462,Indian_Female
5,8,-25,4.332847489068504,Indian_Female
5,8,-24,4.3872323656902665,Indian_Female
5,8,-23,4.570907670269567,Indian_Female
5,8,-22,4.677606925959426,Indian_Female
5,8,-21,4.6899026140440805,Indian_Female
5,8,-20,4.867143587123148,Indian_Female
5,8,-19,4.822496500827078,Indian_Female
5,8,-18,4.943448976998348,Indian_Female
5,8,-17,5.008876489982247,Indian_Female
5,8,-16,5.13276584932029,Indian_Female
5,8,-15,5.123315535214848,Indian_Female
5,8,-14,5.157007914220067,Indian_Female
5,8,-13,5.282728554942941,Indian_Female
5,8,-12,5.639242950946311,Indian_Female
5,8,-11,5.772956218519953,Indian_Female
5,8,-10,5.799922148695991,Indian_Female
5,8,-9,5.778992581023038,Indian_Female
5,8,-8,5.84627430510244,Indian_Female
5,8,-7,6.0245687401986405,Indian_Female
5,8,-6,6.275436523565708,Indian_Female
5,8,-5,6.107879428873612,Indian_Female
5,8,-4,6.185293336872843,Indian_Female
5,8,-3,6.392694063926941,Indian_Female
5,8,-2,6.672091131000814,Indian_Female
5,8,-1,6.557152635181383,Indian_Female
5,9,-61,2.5574619617999352,Indian_Female
5,9,-60,2.88672732977722,Indian_Female
5,9,-59,2.8588807785888077,Indian_Female
5,9,-58,3.082394783639597,Indian_Female
5,9,-57,3.0817972350230414,Indian_Female
5,9,-56,3.1932773109243695,Indian_Female
5,9,-55,3.091106290672451,Indian_Female
5,9,-54,3.316792896317576,Indian_Female
5,9,-53,3.155522163786627,Indian_Female
5,9,-52,3.1431334622823983,Indian_Female
5,9,-51,3.2120925838450636,Indian_Female
5,9,-50,3.3333333333333335,Indian_Female
5,9,-49,3.2500552730488614,Indian_Female
5,9,-48,3.065049614112459,Indian_Female
5,9,-47,3.1156636790439607,Indian_Female
5,9,-46,3.109124161755741,Indian_Female
5,9,-45,3.091580789422516,Indian_Female
5,9,-44,3.313365780606514,Indian_Female
5,9,-43,3.3267040318206473,Indian_Female
5,9,-42,2.992688318313212,Indian_Female
5,9,-41,3.0539419087136928,Indian_Female
5,9,-40,3.0953160825417623,Indian_Female
5,9,-39,3.248110628718443,Indian_Female
5,9,-38,3.366147983486821,Indian_Female
5,9,-37,3.4363721951984934,Indian_Female
5,9,-36,3.384042222912139,Indian_Female
5,9,-35,3.5719760846236395,Indian_Female
5,9,-34,3.721633888048412,Indian_Female
5,9,-33,3.6594473487677375,Indian_Female
5,9,-32,3.6987916298261125,Indian_Female
5,9,-31,3.9335664335664338,Indian_Female
5,9,-30,4.0887850467289715,Indian_Female
5,9,-29,4.075588774502891,Indian_Female
5,9,-28,4.207208441825408,Indian_Female
5,9,-27,4.297139758709503,Indian_Female
5,9,-26,4.441164631691936,Indian_Female
5,9,-25,4.624354047966079,Indian_Female
5,9,-24,4.807566005516879,Indian_Female
5,9,-23,4.870425836697486,Indian_Female
5,9,-22,4.742214756428479,Indian_Female
5,9,-21,4.882111737570477,Indian_Female
5,9,-20,4.905467552376086,Indian_Female
5,9,-19,5.026084743606057,Indian_Female
5,9,-18,5.083238022620409,Indian_Female
5,9,-17,5.224448389551103,Indian_Female
5,9,-16,5.247109642993267,Indian_Female
5,9,-15,5.428426137808289,Indian_Female
5,9,-14,5.374010722491703,Indian_Female
5,9,-13,5.564816002051545,Indian_Female
5,9,-12,5.355993305008369,Indian_Female
5,9,-11,5.437169055921477,Indian_Female
5,9,-10,5.670169975347087,Indian_Female
5,9,-9,5.922165820642978,Indian_Female
5,9,-8,5.820174866240376,Indian_Female
5,9,-7,5.8416100365917405,Indian_Female
5,9,-6,5.934094787974268,Indian_Female
5,9,-5,6.028556319407721,Indian_Female
5,9,-4,6.185293336872843,Indian_Female
5,9,-3,6.23153370937416,Indian_Female
5,9,-2,6.170328180092216,Indian_Female
5,9,-1,5.968514715947981,Indian_Female
5,11,-61,3.8847523470378764,Indian_Female
5,11,-60,4.33009099466583,Indian_Female
5,11,-59,4.37956204379562,Indian_Female
5,11,-58,4.386484884410195,Indian_Female
5,11,-57,4.579493087557604,Indian_Female
5,11,-56,4.733893557422969,Indian_Female
5,11,-55,4.799349240780911,Indian_Female
5,11,-54,4.596500391747192,Indian_Female
5,11,-53,4.482844978712747,Indian_Female
5,11,-52,4.666344294003869,Indian_Female
5,11,-51,4.818138875767596,Indian_Female
5,11,-50,4.781609195402299,Indian_Female
5,11,-49,4.841919080256467,Indian_Female
5,11,-48,4.608599779492834,Indian_Female
5,11,-47,4.673495518565941,Indian_Female
5,11,-46,4.450314976630766,Indian_Female
5,11,-45,4.472097997277853,Indian_Female
5,11,-44,4.455260202171472,Indian_Female
5,11,-43,4.556138130536973,Indian_Female
5,11,-42,4.353001190273763,Indian_Female
5,11,-41,4.564315352697095,Indian_Female
5,11,-40,4.569276121847364,Indian_Female
5,11,-39,4.72744814278823,Indian_Female
5,11,-38,4.8904414099714195,Indian_Female
5,11,-37,4.942727130080025,Indian_Female
5,11,-36,5.091586463831108,Indian_Female
5,11,-35,5.181664878123563,Indian_Female
5,11,-34,5.219364599092285,Indian_Female
5,11,-33,5.436893203883495,Indian_Female
5,11,-32,5.643972885352196,Indian_Female
5,11,-31,5.725524475524475,Indian_Female
5,11,-30,5.943341121495327,Indian_Female
5,11,-29,6.021717670286279,Indian_Female
5,11,-28,6.029875291215568,Indian_Female
5,11,-27,6.045818083231666,Indian_Female
5,11,-26,6.239098349657856,Indian_Female
5,11,-25,6.479395786405194,Indian_Female
5,11,-24,6.528306843557073,Indian_Female
5,11,-23,6.641489777314755,Indian_Female
5,11,-22,6.770900633156739,Indian_Female
5,11,-21,6.611993849308047,Indian_Female
5,11,-20,6.70669391926418,Indian_Female
5,11,-19,6.947448784832676,Indian_Female
5,11,-18,7.052992756385818,Indian_Female
5,11,-17,7.3674866852650265,Indian_Female
5,11,-16,7.394231990852497,Indian_Female
5,11,-15,7.5769132977370965,Indian_Female
5,11,-14,7.505744191983661,Indian_Female
5,11,-13,7.488139505064752,Indian_Female
5,11,-12,7.750740311574611,Indian_Female
5,11,-11,7.942657884540876,Indian_Female
5,11,-10,7.992733878292461,Indian_Female
5,11,-9,8.29103214890017,Indian_Female
5,11,-8,8.325720996998564,Indian_Female
5,11,-7,8.403031887088343,Indian_Female
5,11,-6,8.65170014441381,Indian_Female
5,11,-5,8.685880486515071,Indian_Female
5,11,-4,8.879745155295991,Indian_Female
5,11,-3,8.850389470856836,Indian_Female
5,11,-2,8.882560347165718,Indian_Female
5,11,-1,9.075975359342916,Indian_Female
5,12,-61,3.8200064745872453,Indian_Female
5,12,-60,4.1732036397866334,Indian_Female
5,12,-59,4.318734793187348,Indian_Female
5,12,-58,4.416123295791346,Indian_Female
5,12,-57,4.752304147465438,Indian_Female
5,12,-56,4.705882352941177,Indian_Female
5,12,-55,4.853579175704989,Indian_Female
5,12,-54,4.7270827892400105,Indian_Female
5,12,-53,4.70823941898322,Indian_Female
5,12,-52,4.811411992263056,Indian_Female
5,12,-51,4.8653755314123766,Indian_Female
5,12,-50,4.873563218390804,Indian_Female
5,12,-49,5.063011275701967,Indian_Female
5,12,-48,4.807056229327453,Indian_Female
5,12,-47,4.886897140418267,Indian_Female
5,12,-46,4.836415362731152,Indian_Female
5,12,-45,4.724868753645732,Indian_Female
5,12,-44,4.661175589666791,Indian_Female
5,12,-43,4.755017175917556,Indian_Female
5,12,-42,4.489032477469818,Indian_Female
5,12,-41,4.647302904564316,Indian_Female
5,12,-40,4.880445463478546,Indian_Female
5,12,-39,5.145521788068821,Indian_Female
5,12,-38,5.382661162273738,Indian_Female
5,12,-37,5.429154244468853,Indian_Female
5,12,-36,5.588326606643899,Indian_Female
5,12,-35,5.62624559251878,Indian_Female
5,12,-34,5.9455370650529495,Indian_Female
5,12,-33,5.944734876773712,Indian_Female
5,12,-32,6.012378426171529,Indian_Female
5,12,-31,6.27913752913753,Indian_Female
5,12,-30,6.439836448598131,Indian_Female
5,12,-29,6.233253419827951,Indian_Female
5,12,-28,6.399890365903796,Indian_Female
5,12,-27,6.371153585468347,Indian_Female
5,12,-26,6.386689923520731,Indian_Female
5,12,-25,6.611898767722274,Indian_Female
5,12,-24,6.791015368448707,Indian_Female
5,12,-23,6.849850240916785,Indian_Female
5,12,-22,6.887194728001034,Indian_Female
5,12,-21,7.022039979497693,Indian_Female
5,12,-20,7.013285641287685,Indian_Female
5,12,-19,6.947448784832676,Indian_Female
5,12,-18,7.027576566272716,Indian_Female
5,12,-17,7.164595485670809,Indian_Female
5,12,-16,7.140134671579215,Indian_Female
5,12,-15,7.3353674040172905,Indian_Female
5,12,-14,7.365330610160838,Indian_Female
5,12,-13,7.500961661751507,Indian_Female
5,12,-12,7.737865327668341,Indian_Female
5,12,-11,7.90391321193336,Indian_Female
5,12,-10,8.005709095627351,Indian_Female
5,12,-9,8.160874658336589,Indian_Female
5,12,-8,8.260472399843403,Indian_Female
5,12,-7,8.416100365917407,Indian_Female
5,12,-6,8.454772220034135,Indian_Female
5,12,-5,8.474352194606029,Indian_Female
5,12,-4,8.441730820281391,Indian_Female
5,12,-3,8.62207896857373,Indian_Female
5,12,-2,8.421480878763223,Indian_Female
5,12,-1,8.501026694045175,Indian_Female
5,13,-61,3.8847523470378764,Indian_Female
5,13,-60,4.29871352368999,Indian_Female
5,13,-59,4.440389294403893,Indian_Female
5,13,-58,4.475400118553646,Indian_Female
5,13,-57,4.723502304147465,Indian_Female
5,13,-56,4.817927170868348,Indian_Female
5,13,-55,4.8264642082429505,Indian_Female
5,13,-54,4.596500391747192,Indian_Female
5,13,-53,4.683195592286501,Indian_Female
5,13,-52,4.738878143133462,Indian_Female
5,13,-51,4.629192253188474,Indian_Female
5,13,-50,4.804597701149425,Indian_Female
5,13,-49,4.908246738890117,Indian_Female
5,13,-48,4.9393605292172,Indian_Female
5,13,-47,5.164319248826291,Indian_Female
5,13,-46,5.019305019305019,Indian_Female
5,13,-45,4.802644370989695,Indian_Female
5,13,-44,4.754773493073755,Indian_Female
5,13,-43,4.791177002350389,Indian_Female
5,13,-42,4.659071586464887,Indian_Female
5,13,-41,4.780082987551867,Indian_Female
5,13,-40,4.733049459547986,Indian_Female
5,13,-39,4.872165943077665,Indian_Female
5,13,-38,4.9063194664973,Indian_Female
5,13,-37,5.036874313510121,Indian_Female
5,13,-36,5.293387146848804,Indian_Female
5,13,-35,5.472941897899739,Indian_Female
5,13,-34,5.642965204236006,Indian_Female
5,13,-33,5.631067961165048,Indian_Female
5,13,-32,5.776598880047156,Indian_Female
5,13,-31,6.016899766899767,Indian_Female
5,13,-30,6.264602803738317,Indian_Female
5,13,-29,6.205048653222395,Indian_Female
5,13,-28,6.386186103878306,Indian_Female
5,13,-27,6.411820523247933,Indian_Female
5,13,-26,6.400107339326445,Indian_Female
5,13,-25,6.399893997614946,Indian_Female
5,13,-24,6.541442269801655,Indian_Female
5,13,-23,6.628467248339627,Indian_Female
5,13,-22,6.6158418400310115,Indian_Female
5,13,-21,6.522296258329062,Indian_Female
5,13,-20,6.400102197240674,Indian_Female
5,13,-19,6.514823768927344,Indian_Female
5,13,-18,6.58279323929343,Indian_Female
5,13,-17,6.670048186659903,Indian_Female
5,13,-16,6.886037352305934,Indian_Female
5,13,-15,6.91584032545131,Indian_Female
5,13,-14,7.046208833290783,Indian_Female
5,13,-13,7.0778304910886005,Indian_Female
5,13,-12,7.351615810480237,Indian_Female
5,13,-11,7.568126049334883,Indian_Female
5,13,-10,7.785130400934216,Indian_Female
5,13,-9,7.848496680983991,Indian_Female
5,13,-8,7.960328852929662,Indian_Female
5,13,-7,8.063251437532672,Indian_Female
5,13,-6,8.376001050282264,Indian_Female
5,13,-5,8.55367530407192,Indian_Female
5,13,-4,8.667374568622247,Indian_Female
5,13,-3,8.689229116304057,Indian_Female
5,13,-2,8.936804990507188,Indian_Female
5,13,-1,8.993839835728954,Indian_Female
5,14,-61,3.8200064745872453,Indian_Female
5,14,-60,4.36146846564167,Indian_Female
5,14,-59,4.562043795620438,Indian_Female
5,14,-58,4.445761707172496,Indian_Female
5,14,-57,4.464285714285714,Indian_Female
5,14,-56,4.593837535014006,Indian_Female
5,14,-55,4.636659436008677,Indian_Female
5,14,-54,4.465917994254374,Indian_Female
5,14,-53,4.432757325319309,Indian_Female
5,14,-52,4.497098646034816,Indian_Female
5,14,-51,4.581955597543693,Indian_Female
5,14,-50,4.620689655172414,Indian_Female
5,14,-49,4.532390006632766,Indian_Female
5,14,-48,4.4983461962513775,Indian_Female
5,14,-47,4.545454545454546,Indian_Female
5,14,-46,4.450314976630766,Indian_Female
5,14,-45,4.452654092941863,Indian_Female
5,14,-44,4.455260202171472,Indian_Female
5,14,-43,4.393418911589224,Indian_Female
5,14,-42,4.472028566570311,Indian_Female
5,14,-41,4.4149377593361,Indian_Female
5,14,-40,4.667540124467736,Indian_Female
5,14,-39,4.840006431902235,Indian_Female
5,14,-38,4.985709749126707,Indian_Female
5,14,-37,5.068256707986819,Indian_Female
5,14,-36,5.045017075442409,Indian_Female
5,14,-35,5.273647094894987,Indian_Female
5,14,-34,5.355521936459909,Indian_Female
5,14,-33,5.511575802837939,Indian_Female
5,14,-32,5.8650162098437955,Indian_Female
5,14,-31,6.046037296037296,Indian_Female
5,14,-30,6.337616822429906,Indian_Female
5,14,-29,6.4588915526724024,Indian_Female
5,14,-28,6.523228724133205,Indian_Female
5,14,-27,6.588043920292802,Indian_Female
5,14,-26,6.561116328995036,Indian_Female
5,14,-25,6.784152643434477,Indian_Female
5,14,-24,6.764744515959544,Indian_Female
5,14,-23,6.810782653991406,Indian_Female
5,14,-22,6.861351595813413,Indian_Female
5,14,-21,6.970784213223988,Indian_Female
5,14,-20,6.974961676034747,Indian_Female
5,14,-19,7.074691436569538,Indian_Female
5,14,-18,7.218197992120981,Indian_Female
5,14,-17,7.164595485670809,Indian_Female
5,14,-16,7.318002795070512,Indian_Female
5,14,-15,7.398932112890923,Indian_Female
5,14,-14,7.518509063058463,Indian_Female
5,14,-13,7.488139505064752,Indian_Female
5,14,-12,7.76361529548088,Indian_Female
5,14,-11,7.78767919411081,Indian_Female
5,14,-10,7.746204748929545,Indian_Female
5,14,-9,8.004685669660288,Indian_Female
5,14,-8,7.947279133498631,Indian_Female
5,14,-7,7.932566649242029,Indian_Female
5,14,-6,8.32348693711435,Indian_Female
5,14,-5,8.183500793231095,Indian_Female
5,14,-4,8.388638173612954,Indian_Female
5,14,-3,8.246038141283911,Indian_Female
5,14,-2,8.394358557092488,Indian_Female
5,14,-1,8.747433264887064,Indian_Female
5,15,-61,3.8200064745872453,Indian_Female
5,15,-60,4.110448697834954,Indian_Female
5,15,-59,4.166666666666666,Indian_Female
5,15,-58,4.2975696502667455,Indian_Female
5,15,-57,4.464285714285714,Indian_Female
5,15,-56,4.53781512605042,Indian_Female
5,15,-55,4.582429501084598,Indian_Female
5,15,-54,4.544267432750066,Indian_Female
5,15,-53,4.507888805409467,Indian_Female
5,15,-52,4.521276595744681,Indian_Female
5,15,-51,4.7236655644780345,Indian_Female
5,15,-50,4.758620689655172,Indian_Female
5,15,-49,4.841919080256467,Indian_Female
5,15,-48,4.586549062844543,Indian_Female
5,15,-47,4.758856167306871,Indian_Female
5,15,-46,4.572241414346678,Indian_Female
5,15,-45,4.472097997277853,Indian_Female
5,15,-44,4.51141894421565,Indian_Female
5,15,-43,4.610377870186223,Indian_Female
5,15,-42,4.64206767556538,Indian_Female
5,15,-41,4.730290456431535,Indian_Female
5,15,-40,4.864068129708484,Indian_Female
5,15,-39,4.984724232191671,Indian_Female
5,15,-38,5.0651000317561135,Indian_Female
5,15,-37,5.193786285893614,Indian_Female
5,15,-36,5.324433405774604,Indian_Female
5,15,-35,5.5036026368235476,Indian_Female
5,15,-34,5.582450832072617,Indian_Female
5,15,-33,5.660941000746826,Indian_Female
5,15,-32,5.968169761273209,Indian_Female
5,15,-31,6.075174825174825,Indian_Female
5,15,-30,6.323014018691589,Indian_Female
5,15,-29,6.4024820194612895,Indian_Female
5,15,-28,6.2080306975469375,Indian_Female
5,15,-27,6.249152772129592,Indian_Female
5,15,-26,6.413524755132162,Indian_Female
5,15,-25,6.399893997614946,Indian_Female
5,15,-24,6.50203599106791,Indian_Female
5,15,-23,6.70660242219039,Indian_Female
5,15,-22,6.757979067062927,Indian_Female
5,15,-21,6.714505381855458,Indian_Female
5,15,-20,6.745017884517118,Indian_Female
5,15,-19,6.922000254485304,Indian_Female
5,15,-18,6.887787520650654,Indian_Female
5,15,-17,6.733451686533097,Indian_Female
5,15,-16,6.860627620378605,Indian_Female
5,15,-15,7.119247393846936,Indian_Female
5,15,-14,7.186622415113606,Indian_Female
5,15,-13,7.282984998076676,Indian_Female
5,15,-12,7.609115488605639,Indian_Female
5,15,-11,7.8909983210641865,Indian_Female
5,15,-10,8.135461268976256,Indian_Female
5,15,-9,8.199921905505663,Indian_Female
5,15,-8,8.390969594153725,Indian_Female
5,15,-7,8.4553058024046,Indian_Female
5,15,-6,8.40225810686622,Indian_Female
5,15,-5,8.672659968270755,Indian_Female
5,15,-4,8.839925670294663,Indian_Female
5,15,-3,8.742949234488316,Indian_Female
5,15,-2,8.787632221318145,Indian_Female
5,15,-1,9.034907597535934,Indian_Female
5,16,-61,3.8847523470378764,Indian_Female
5,16,-60,4.110448697834954,Indian_Female
5,16,-59,4.166666666666666,Indian_Female
5,16,-58,4.356846473029045,Indian_Female
5,16,-57,4.550691244239631,Indian_Female
5,16,-56,4.565826330532213,Indian_Female
5,16,-55,4.55531453362256,Indian_Female
5,16,-54,4.465917994254374,Indian_Female
5,16,-53,4.432757325319309,Indian_Female
5,16,-52,4.472920696324952,Indian_Female
5,16,-51,4.558337269721304,Indian_Female
5,16,-50,4.620689655172414,Indian_Female
5,16,-49,4.554499226177316,Indian_Female
5,16,-48,4.630650496141125,Indian_Female
5,16,-47,4.50277422108408,Indian_Female
5,16,-46,4.511278195488721,Indian_Female
5,16,-45,4.627649231965779,Indian_Female
5,16,-44,4.492699363534257,Indian_Female
5,16,-43,4.483818477671307,Indian_Female
5,16,-42,4.335997279374256,Indian_Female
5,16,-41,4.4149377593361,Indian_Female
5,16,-40,4.503766786767114,Indian_Female
5,16,-39,4.550570831323364,Indian_Female
5,16,-38,4.684026675134963,Indian_Female
5,16,-37,4.911344735603326,Indian_Female
5,16,-36,4.874262651350512,Indian_Female
5,16,-35,5.013030814042619,Indian_Female
5,16,-34,5.3252647503782145,Indian_Female
5,16,-33,5.421956684092606,Indian_Female
5,16,-32,5.5850279988211025,Indian_Female
5,16,-31,5.973193473193473,Indian_Female
5,16,-30,6.206191588785047,Indian_Female
5,16,-29,6.1204343534057255,Indian_Female
5,16,-28,6.098396601343017,Indian_Female
5,16,-27,6.1542632506438935,Indian_Female
5,16,-26,6.198846102240709,Indian_Female
5,16,-25,6.293891612561282,Indian_Female
5,16,-24,6.50203599106791,Indian_Female
5,16,-23,6.498241958588357,Indian_Female
5,16,-22,6.4995477451867165,Indian_Female
5,16,-21,6.752947206560739,Indian_Female
5,16,-20,6.6939192641798675,Indian_Female
5,16,-19,6.642066420664207,Indian_Female
5,16,-18,6.773414665141695,Indian_Female
5,16,-17,6.872939386254122,Indian_Female
5,16,-16,7.00038114597891,Indian_Female
5,16,-15,6.941266209000762,Indian_Female
5,16,-14,7.071738575440388,Indian_Female
5,16,-13,7.206052057956149,Indian_Female
5,16,-12,7.390240762199047,Indian_Female
5,16,-11,7.606870721942399,Indian_Female
5,16,-10,7.837031270273777,Indian_Female
5,16,-9,8.108811662111155,Indian_Female
5,16,-8,8.012527730653792,Indian_Female
5,16,-7,8.220073183481443,Indian_Female
5,16,-6,8.40225810686622,Indian_Female
5,16,-5,8.474352194606029,Indian_Female
5,16,-4,8.720467215290682,Indian_Female
5,16,-3,8.716089175396185,Indian_Female
5,16,-2,8.936804990507188,Indian_Female
5,16,-1,8.993839835728954,Indian_Female
5,17,-61,3.8847523470378764,Indian_Female
5,17,-60,4.424223407593348,Indian_Female
5,17,-59,4.592457420924574,Indian_Female
5,17,-58,4.742145820983995,Indian_Female
5,17,-57,4.809907834101383,Indian_Female
5,17,-56,4.9299719887955185,Indian_Female
5,17,-55,4.907809110629067,Indian_Female
5,17,-54,4.779315748237138,Indian_Female
5,17,-53,4.70823941898322,Indian_Female
5,17,-52,4.787234042553192,Indian_Female
5,17,-51,4.8653755314123766,Indian_Female
5,17,-50,4.9655172413793105,Indian_Female
5,17,-49,4.974574397523767,Indian_Female
5,17,-48,4.851157662624035,Indian_Female
5,17,-47,4.780196329492104,Indian_Female
5,17,-46,4.856736435683804,Indian_Female
5,17,-45,4.899863892669648,Indian_Female
5,17,-44,5.091725945338824,Indian_Female
5,17,-43,5.080455613813053,Indian_Female
5,17,-42,4.829110695459956,Indian_Female
5,17,-41,4.8962655601659755,Indian_Female
5,17,-40,5.0278414674091065,Indian_Female
5,17,-39,5.065123010130246,Indian_Female
5,17,-38,5.14449031438552,Indian_Female
5,17,-37,5.429154244468853,Indian_Female
5,17,-36,5.4641415709407015,Indian_Female
5,17,-35,5.656906331442587,Indian_Female
5,17,-34,5.885022692889561,Indian_Female
5,17,-33,6.034353995519044,Indian_Female
5,17,-32,6.18921308576481,Indian_Female
5,17,-31,6.25,Indian_Female
5,17,-30,6.308411214953271,Indian_Female
5,17,-29,6.289662953039063,Indian_Female
5,17,-28,6.112100863368507,Indian_Female
5,17,-27,6.316931001762234,Indian_Female
5,17,-26,6.413524755132162,Indian_Female
5,17,-25,6.43964489201007,Indian_Female
5,17,-24,6.4363588598450026,Indian_Female
5,17,-23,6.498241958588357,Indian_Female
5,17,-22,6.745057500969118,Indian_Female
5,17,-21,6.740133264992311,Indian_Female
5,17,-20,7.000510986203373,Indian_Female
5,17,-19,7.023794375874794,Indian_Female
5,17,-18,6.9513279959334096,Indian_Female
5,17,-17,7.075830585848339,Indian_Female
5,17,-16,7.15283953754288,Indian_Female
5,17,-15,7.513348588863463,Indian_Female
5,17,-14,7.62062803165688,Indian_Female
5,17,-13,7.629183228619054,Indian_Female
5,17,-12,7.776490279387151,Indian_Female
5,17,-11,7.878083430195016,Indian_Female
5,17,-10,7.966783443622681,Indian_Female
5,17,-9,8.06976441494208,Indian_Female
5,17,-8,8.46926791073992,Indian_Female
5,17,-7,8.481442760062729,Indian_Female
5,17,-6,8.481029276618091,Indian_Female
5,17,-5,8.474352194606029,Indian_Female
5,17,-4,8.826652508627555,Indian_Female
5,17,-3,8.56835885038947,Indian_Female
5,17,-2,8.746948738812042,Indian_Female
5,17,-1,8.843258042436688,Indian_Female
5,18,-61,3.8523794108125604,Indian_Female
5,18,-60,4.1732036397866334,Indian_Female
5,18,-59,4.257907542579075,Indian_Female
5,18,-58,4.475400118553646,Indian_Female
5,18,-57,4.579493087557604,Indian_Female
5,18,-56,4.593837535014006,Indian_Female
5,18,-55,4.55531453362256,Indian_Female
5,18,-54,4.544267432750066,Indian_Female
5,18,-53,4.507888805409467,Indian_Female
5,18,-52,4.593810444874275,Indian_Female
5,18,-51,4.629192253188474,Indian_Female
5,18,-50,4.64367816091954,Indian_Female
5,18,-49,4.797700641167367,Indian_Female
5,18,-48,4.785005512679162,Indian_Female
5,18,-47,4.716175842936407,Indian_Female
5,18,-46,4.7754521438731965,Indian_Female
5,18,-45,4.938751701341629,Indian_Female
5,18,-44,5.185323848745789,Indian_Female
5,18,-43,5.116615440245887,Indian_Female
5,18,-42,5.067165448053053,Indian_Female
5,18,-41,5.128630705394191,Indian_Female
5,18,-40,5.35538814281035,Indian_Female
5,18,-39,5.386718121884548,Indian_Female
5,18,-38,5.5890758971101935,Indian_Female
5,18,-37,5.71159579475914,Indian_Female
5,18,-36,5.852219807513195,Indian_Female
5,18,-35,5.917522612294956,Indian_Female
5,18,-34,6.1119515885022695,Indian_Female
5,18,-33,6.138909634055265,Indian_Female
5,18,-32,6.130268199233716,Indian_Female
5,18,-31,6.220862470862471,Indian_Female
5,18,-30,6.51285046728972,Indian_Female
5,18,-29,6.430686786066846,Indian_Female
5,18,-28,6.632862820337125,Indian_Female
5,18,-27,6.764267317337672,Indian_Female
5,18,-26,6.722125318663625,Indian_Female
5,18,-25,6.651649662117398,Indian_Female
5,18,-24,6.935505057139105,Indian_Female
5,18,-23,6.693579893215262,Indian_Female
5,18,-22,6.809665331438171,Indian_Female
5,18,-21,6.983598154792414,Indian_Female
5,18,-20,7.089933571793562,Indian_Female
5,18,-19,7.049242906222165,Indian_Female
5,18,-18,7.0148684712161655,Indian_Female
5,18,-17,6.987065686025868,Indian_Female
5,18,-16,7.267183331215856,Indian_Female
5,18,-15,7.170099160945844,Indian_Female
5,18,-14,7.4036252233852435,Indian_Female
5,18,-13,7.436850878317733,Indian_Female
5,18,-12,7.67349040813699,Indian_Female
5,18,-11,7.761849412372465,Indian_Female
5,18,-10,7.901907356948229,Indian_Female
5,18,-9,8.017701418716646,Indian_Female
5,18,-8,8.169124363826178,Indian_Female
5,18,-7,8.128593831677993,Indian_Female
5,18,-6,8.218458710778522,Indian_Female
5,18,-5,8.580116340560549,Indian_Female
5,18,-4,8.773559861959118,Indian_Female
5,18,-3,8.648939027665861,Indian_Female
5,18,-2,8.584214808787632,Indian_Female
5,18,-1,8.815879534565365,Indian_Female
5,19,-61,3.8523794108125604,Indian_Female
5,19,-60,4.36146846564167,Indian_Female
5,19,-59,4.318734793187348,Indian_Female
5,19,-58,4.564315352697095,Indian_Female
5,19,-57,4.637096774193548,Indian_Female
5,19,-56,4.761904761904762,Indian_Female
5,19,-55,4.8264642082429505,Indian_Female
5,19,-54,4.64873335074432,Indian_Female
5,19,-53,4.7332832456799405,Indian_Female
5,19,-52,4.763056092843327,Indian_Female
5,19,-51,5.007085498346718,Indian_Female
5,19,-50,4.988505747126436,Indian_Female
5,19,-49,4.908246738890117,Indian_Female
5,19,-48,4.740904079382579,Indian_Female
5,19,-47,4.844216816047802,Indian_Female
5,19,-46,4.877057508636455,Indian_Female
5,19,-45,4.822088275325685,Indian_Female
5,19,-44,5.091725945338824,Indian_Female
5,19,-43,5.09853552702947,Indian_Female
5,19,-42,4.965141982656011,Indian_Female
5,19,-41,4.946058091286307,Indian_Female
5,19,-40,4.945954798558795,Indian_Female
5,19,-39,5.065123010130246,Indian_Female
5,19,-38,5.1603683709114,Indian_Female
5,19,-37,5.209477483131963,Indian_Female
5,19,-36,5.417572182552003,Indian_Female
5,19,-35,5.534263375747356,Indian_Female
5,19,-34,5.83963691376702,Indian_Female
5,19,-33,5.989544436146378,Indian_Female
5,19,-32,6.14500442086649,Indian_Female
5,19,-31,6.351981351981352,Indian_Female
5,19,-30,6.615070093457944,Indian_Female
5,19,-29,6.374277252855733,Indian_Female
5,19,-28,6.605454296286145,Indian_Female
5,19,-27,6.777822963264199,Indian_Female
5,19,-26,6.96363880316651,Indian_Female
5,19,-25,6.929905922883265,Indian_Female
5,19,-24,7.027453040851175,Indian_Female
5,19,-23,7.188435994270087,Indian_Female
5,19,-22,7.158547615971056,Indian_Female
5,19,-21,7.4961558175294725,Indian_Female
5,19,-20,7.575370464997445,Indian_Female
5,19,-19,7.50731645247487,Indian_Female
5,19,-18,7.7900622696657775,Indian_Female
5,19,-17,7.900076084199847,Indian_Female
5,19,-16,7.927836361326388,Indian_Female
5,19,-15,7.971014492753622,Indian_Female
5,19,-14,8.054633648200154,Indian_Female
5,19,-13,7.97538145916143,Indian_Female
5,19,-12,8.162739796575254,Indian_Female
5,19,-11,8.175125920185975,Indian_Female
5,19,-10,8.537693006357856,Indian_Female
5,19,-9,8.343095145125602,Indian_Female
5,19,-8,8.612814824481275,Indian_Female
5,19,-7,8.559853633037115,Indian_Female
5,19,-6,8.861756597085467,Indian_Female
5,19,-5,8.685880486515071,Indian_Female
5,19,-4,8.946110963631536,Indian_Female
5,19,-3,8.930969648133226,Indian_Female
5,19,-2,8.950366151342555,Indian_Female
5,19,-1,8.92539356605065,Indian_Female
5,20,-61,3.8200064745872453,Indian_Female
5,20,-60,4.141826168810794,Indian_Female
5,20,-59,4.227493917274939,Indian_Female
5,20,-58,4.1197391819798455,Indian_Female
5,20,-57,4.262672811059908,Indian_Female
5,20,-56,4.42577030812325,Indian_Female
5,20,-55,4.419739696312364,Indian_Female
5,20,-54,4.544267432750066,Indian_Female
5,20,-53,4.507888805409467,Indian_Female
5,20,-52,4.472920696324952,Indian_Female
5,20,-51,4.700047236655645,Indian_Female
5,20,-50,4.620689655172414,Indian_Female
5,20,-49,4.687154543444617,Indian_Female
5,20,-48,4.608599779492834,Indian_Female
5,20,-47,4.758856167306871,Indian_Female
5,20,-46,4.7957732168258485,Indian_Female
5,20,-45,4.880419988333657,Indian_Female
5,20,-44,4.979408461250468,Indian_Female
5,20,-43,5.026215874163804,Indian_Female
5,20,-42,4.761095051861928,Indian_Female
5,20,-41,4.863070539419087,Indian_Female
5,20,-40,4.847690795938421,Indian_Female
5,20,-39,4.936484965428526,Indian_Female
5,20,-38,5.049221975230232,Indian_Female
5,20,-37,5.350698258277106,Indian_Female
5,20,-36,5.743557901272896,Indian_Female
5,20,-35,5.7182278092902035,Indian_Female
5,20,-34,5.794251134644478,Indian_Female
5,20,-33,6.079163554891711,Indian_Female
5,20,-32,6.45446507515473,Indian_Female
5,20,-31,6.555944055944056,Indian_Female
5,20,-30,6.804906542056075,Indian_Female
5,20,-29,6.797348751939078,Indian_Female
5,20,-28,6.646567082362615,Indian_Female
5,20,-27,6.723600379558086,Indian_Female
5,20,-26,6.735542734469341,Indian_Female
5,20,-25,6.57214787332715,Indian_Female
5,20,-24,6.646525679758309,Indian_Female
5,20,-23,6.5242870165386115,Indian_Female
5,20,-22,6.641684972218632,Indian_Female
5,20,-21,6.791389031266018,Indian_Female
5,20,-20,6.962187020950434,Indian_Female
5,20,-19,7.061967171395851,Indian_Female
5,20,-18,7.0148684712161655,Indian_Female
5,20,-17,6.910981486178038,Indian_Female
5,20,-16,6.9749714140515815,Indian_Female
5,20,-15,6.852275616577676,Indian_Female
5,20,-14,7.212152157263212,Indian_Female
5,20,-13,7.282984998076676,Indian_Female
5,20,-12,7.235740955323807,Indian_Female
5,20,-11,7.581040940204055,Indian_Female
5,20,-10,7.759179966264434,Indian_Female
5,20,-9,7.835480931927632,Indian_Female
5,20,-8,8.025577450084823,Indian_Female
5,20,-7,8.220073183481443,Indian_Female
5,20,-6,8.507286333202048,Indian_Female
5,20,-5,8.791644632469593,Indian_Female
5,20,-4,8.667374568622247,Indian_Female
5,20,-3,8.823529411764707,Indian_Female
5,20,-2,8.774071060482777,Indian_Female
5,20,-1,8.870636550308008,Indian_Female
5,22,-61,6.0537390741340245,Indian_Female
5,22,-60,6.369626608095387,Indian_Female
5,22,-59,6.478102189781023,Indian_Female
5,22,-58,6.401896858328393,Indian_Female
5,22,-57,6.480414746543779,Indian_Female
5,22,-56,6.526610644257704,Indian_Female
5,22,-55,6.751626898047721,Indian_Female
5,22,-54,6.842517628623662,Indian_Female
5,22,-53,6.887052341597796,Indian_Female
5,22,-52,6.745647969052225,Indian_Female
5,22,-51,6.8493150684931505,Indian_Female
5,22,-50,6.735632183908045,Indian_Female
5,22,-49,6.676984302454124,Indian_Female
5,22,-48,6.350606394707828,Indian_Female
5,22,-47,6.402048655569782,Indian_Female
5,22,-46,6.2995326153220885,Indian_Female
5,22,-45,6.416488430876919,Indian_Female
5,22,-44,6.439535754399102,Indian_Female
5,22,-43,6.436449105044295,Indian_Female
5,22,-42,6.308450943717054,Indian_Female
5,22,-41,6.3070539419087135,Indian_Female
5,22,-40,6.632820176875205,Indian_Female
5,22,-39,6.801736613603474,Indian_Female
5,22,-38,6.859320419180692,Indian_Female
5,22,-37,6.919817982112035,Indian_Female
5,22,-36,7.171685811859671,Indian_Female
5,22,-35,7.435229189023455,Indian_Female
5,22,-34,7.760968229954614,Indian_Female
5,22,-33,8.005974607916356,Indian_Female
5,22,-32,7.928087238432066,Indian_Female
5,22,-31,8.100233100233101,Indian_Female
5,22,-30,8.308995327102805,Indian_Female
5,22,-29,8.278098998730785,Indian_Female
5,22,-28,8.291078525421407,Indian_Female
5,22,-27,8.323166598888438,Indian_Female
5,22,-26,8.573728699852408,Indian_Female
5,22,-25,8.665694978137008,Indian_Female
5,22,-24,8.616839616445555,Indian_Female
5,22,-23,8.542779007683292,Indian_Female
5,22,-22,8.670370848946893,Indian_Female
5,22,-21,8.790363915940544,Indian_Female
5,22,-20,8.942258559018907,Indian_Female
5,22,-19,9.059676803664589,Indian_Female
5,22,-18,9.073579870377431,Indian_Female
5,22,-17,9.05401978189196,Indian_Female
5,22,-16,9.14750349383814,Indian_Female
5,22,-15,9.471141622171372,Indian_Female
5,22,-14,9.497064079652795,Indian_Female
5,22,-13,9.655083985126298,Indian_Female
5,22,-12,9.86223767220291,Indian_Female
5,22,-11,9.983210641870075,Indian_Female
5,22,-10,10.0947190865447,Indian_Female
5,22,-9,10.139268514903033,Indian_Female
5,22,-8,10.04828396189482,Indian_Female
5,22,-7,10.03659174072138,Indian_Female
5,22,-6,10.200866482867271,Indian_Female
5,22,-5,10.298783712321523,Indian_Female
5,22,-4,10.24688080700823,Indian_Female
5,22,-3,10.596293311845285,Indian_Female
5,22,-2,10.848928668294006,Indian_Female
5,22,-1,10.80082135523614,Indian_Female
5,23,-61,6.118484946584656,Indian_Female
5,23,-60,6.557891433950423,Indian_Female
5,23,-59,6.81265206812652,Indian_Female
5,23,-58,6.994665085951393,Indian_Female
5,23,-57,6.941244239631336,Indian_Female
5,23,-56,7.11484593837535,Indian_Female
5,23,-55,7.158351409978309,Indian_Female
5,23,-54,7.286497780099242,Indian_Female
5,23,-53,7.162534435261708,Indian_Female
5,23,-52,7.253384912959381,Indian_Female
5,23,-51,7.132735002361833,Indian_Female
5,23,-50,7.011494252873564,Indian_Female
5,23,-49,7.030731815166924,Indian_Female
5,23,-48,7.034178610804852,Indian_Female
5,23,-47,7.042253521126761,Indian_Female
5,23,-46,6.7872383661857345,Indian_Female
5,23,-45,6.649815282908808,Indian_Female
5,23,-44,6.776488206664171,Indian_Female
5,23,-43,6.83420719580546,Indian_Female
5,23,-42,6.580513518109166,Indian_Female
5,23,-41,6.6887966804979255,Indian_Female
5,23,-40,6.878480183426139,Indian_Female
5,23,-39,7.0750924585946295,Indian_Female
5,23,-38,7.176881549698316,Indian_Female
5,23,-37,7.296406715832418,Indian_Female
5,23,-36,7.311393977025768,Indian_Female
5,23,-35,7.496550666871071,Indian_Female
5,23,-34,7.564296520423601,Indian_Female
5,23,-33,7.916355489171023,Indian_Female
5,23,-32,7.98703212496316,Indian_Female
5,23,-31,8.216783216783217,Indian_Female
5,23,-30,8.4696261682243,Indian_Female
5,23,-29,8.179382315611338,Indian_Female
5,23,-28,8.222557215293955,Indian_Female
5,23,-27,8.350277890741493,Indian_Female
5,23,-26,8.654233194686704,Indian_Female
5,23,-25,8.546442294951637,Indian_Female
5,23,-24,8.577433337711808,Indian_Female
5,23,-23,8.63393671050918,Indian_Female
5,23,-22,8.747900245509756,Indian_Female
5,23,-21,8.66222450025628,Indian_Female
5,23,-20,8.891159938681655,Indian_Female
5,23,-19,8.932434151927726,Indian_Female
5,23,-18,8.908374634642268,Indian_Female
5,23,-17,8.914532082170936,Indian_Female
5,23,-16,8.880701308601195,Indian_Female
5,23,-15,9.01347571828121,Indian_Female
5,23,-14,8.99923410773551,Indian_Female
5,23,-13,9.33453006795743,Indian_Female
5,23,-12,9.463113171108537,Indian_Female
5,23,-11,9.608678806664084,Indian_Female
5,23,-10,9.822239522512003,Indian_Female
5,23,-9,9.957048028114018,Indian_Female
5,23,-8,10.126582278481013,Indian_Female
5,23,-7,10.389440669106117,Indian_Female
5,23,-6,10.620979388210582,Indian_Female
5,23,-5,10.77472236911687,Indian_Female
5,23,-4,10.870719405362356,Indian_Female
5,23,-3,10.918614020950846,Indian_Female
5,23,-2,11.065907241659886,Indian_Female
5,23,-1,11.266255989048597,Indian_Female
5,24,-61,6.021366137908708,Indian_Female
5,24,-60,6.557891433950423,Indian_Female
5,24,-59,6.599756690997567,Indian_Female
5,24,-58,6.550088915234144,Indian_Female
5,24,-57,6.595622119815668,Indian_Female
5,24,-56,6.69467787114846,Indian_Female
5,24,-55,6.968546637744034,Indian_Female
5,24,-54,6.920867067119351,Indian_Female
5,24,-53,6.9371399949912345,Indian_Female
5,24,-52,6.8181818181818175,Indian_Female
5,24,-51,7.038261691072272,Indian_Female
5,24,-50,6.896551724137931,Indian_Female
5,24,-49,6.809639619721423,Indian_Female
5,24,-48,6.59316427783903,Indian_Female
5,24,-47,6.700810926163039,Indian_Female
5,24,-46,6.644990855517172,Indian_Female
5,24,-45,6.494264048220883,Indian_Female
5,24,-44,6.402096593036316,Indian_Female
5,24,-43,6.472608931477129,Indian_Female
5,24,-42,6.274443121918042,Indian_Female
5,24,-41,6.240663900414938,Indian_Female
5,24,-40,6.354405502784147,Indian_Female
5,24,-39,6.560540279787746,Indian_Female
5,24,-38,6.621149571292475,Indian_Female
5,24,-37,6.715832418013494,Indian_Female
5,24,-36,6.985408258304875,Indian_Female
5,24,-35,7.021309213552046,Indian_Female
5,24,-34,7.2617246596066565,Indian_Female
5,24,-33,7.274085138162809,Indian_Female
5,24,-32,7.67757147067492,Indian_Female
5,24,-31,7.8671328671328675,Indian_Female
5,24,-30,8.031542056074766,Indian_Female
5,24,-29,7.8550274996474405,Indian_Female
5,24,-28,7.797725092503768,Indian_Female
5,24,-27,8.052053680357869,Indian_Female
5,24,-26,8.130953978263786,Indian_Female
5,24,-25,8.20193454352723,Indian_Female
5,24,-24,8.249047681597267,Indian_Female
5,24,-23,8.060945435603594,Indian_Female
5,24,-22,8.14058663910066,Indian_Female
5,24,-21,8.22655048692978,Indian_Female
5,24,-20,8.329075114971896,Indian_Female
5,24,-19,8.398015014632906,Indian_Female
5,24,-18,8.56525606811539,Indian_Female
5,24,-17,8.775044382449911,Indian_Female
5,24,-16,8.677423453182568,Indian_Female
5,24,-15,8.848207475209763,Indian_Female
5,24,-14,8.846055654837887,Indian_Female
5,24,-13,9.129375560969354,Indian_Female
5,24,-12,9.166988541264324,Indian_Female
5,24,-11,9.621593697533255,Indian_Female
5,24,-10,9.809264305177113,Indian_Female
5,24,-9,9.983079526226735,Indian_Female
5,24,-8,10.270129192222367,Indian_Female
5,24,-7,10.180345007841089,Indian_Female
5,24,-6,10.397794407246948,Indian_Female
5,24,-5,10.41776837652036,Indian_Female
5,24,-4,10.445978232014866,Indian_Female
5,24,-3,10.650013430029546,Indian_Female
5,24,-2,10.537021969080554,Indian_Female
5,24,-1,10.595482546201232,Indian_Female
5,25,-61,6.021366137908708,Indian_Female
5,25,-60,6.369626608095387,Indian_Female
5,25,-59,6.538929440389294,Indian_Female
5,25,-58,6.579727326615294,Indian_Female
5,25,-57,6.797235023041474,Indian_Female
5,25,-56,6.750700280112045,Indian_Female
5,25,-55,6.8058568329718,Indian_Female
5,25,-54,6.816401149125098,Indian_Female
5,25,-53,6.686701728024041,Indian_Female
5,25,-52,6.72147001934236,Indian_Female
5,25,-51,6.9910250354274925,Indian_Female
5,25,-50,7.057471264367816,Indian_Female
5,25,-49,6.942294936988724,Indian_Female
5,25,-48,6.81367144432194,Indian_Female
5,25,-47,6.9142125480153656,Indian_Female
5,25,-46,6.909164803901646,Indian_Female
5,25,-45,6.805366517596734,Indian_Female
5,25,-44,6.664170722575815,Indian_Female
5,25,-43,6.563008497559212,Indian_Female
5,25,-42,6.478490052712124,Indian_Female
5,25,-41,6.439834024896266,Indian_Female
5,25,-40,6.632820176875205,Indian_Female
5,25,-39,7.0750924585946295,Indian_Female
5,25,-38,7.09749126706891,Indian_Female
5,25,-37,7.359171504785815,Indian_Female
5,25,-36,7.342440235951568,Indian_Female
5,25,-35,7.588532883642496,Indian_Female
5,25,-34,7.776096822995461,Indian_Female
5,25,-33,8.035847647498134,Indian_Female
5,25,-32,8.149130562923666,Indian_Female
5,25,-31,8.566433566433567,Indian_Female
5,25,-30,8.820093457943926,Indian_Female
5,25,-29,8.658863347905795,Indian_Female
5,25,-28,8.743319172262574,Indian_Female
5,25,-27,8.702724684831233,Indian_Female
5,25,-26,8.895746679189589,Indian_Female
5,25,-25,9.116205114615079,Indian_Female
5,25,-24,9.102850387495074,Indian_Female
5,25,-23,9.115770282588878,Indian_Female
5,25,-22,9.109704096136452,Indian_Female
5,25,-21,9.226037929267042,Indian_Female
5,25,-20,9.159427695452223,Indian_Female
5,25,-19,9.16147092505408,Indian_Female
5,25,-18,9.162536535773286,Indian_Female
5,25,-17,9.218868881562262,Indian_Female
5,25,-16,9.21102782365646,Indian_Female
5,25,-15,9.471141622171372,Indian_Female
5,25,-14,9.433239724278785,Indian_Female
5,25,-13,9.603795358379278,Indian_Female
5,25,-12,9.656237929702588,Indian_Female
5,25,-11,9.983210641870075,Indian_Female
5,25,-10,10.198520825223822,Indian_Female
5,25,-9,10.191331511128466,Indian_Female
5,25,-8,10.087433120187917,Indian_Female
5,25,-7,10.480920020909567,Indian_Female
5,25,-6,10.555336746750688,Indian_Female
5,25,-5,10.85404547858276,Indian_Female
5,25,-4,10.844173082028139,Indian_Female
5,25,-3,10.891753961858717,Indian_Female
5,25,-2,11.052346080824519,Indian_Female
5,25,-1,11.430527036276523,Indian_Female
5,26,-61,6.086112010359339,Indian_Female
5,26,-60,6.338249137119548,Indian_Female
5,26,-59,6.41727493917275,Indian_Female
5,26,-58,6.490812092471844,Indian_Female
5,26,-57,6.624423963133641,Indian_Female
5,26,-56,6.918767507002801,Indian_Female
5,26,-55,6.941431670281996,Indian_Female
5,26,-54,7.025332985113606,Indian_Female
5,26,-53,7.162534435261708,Indian_Female
5,26,-52,7.398452611218569,Indian_Female
5,26,-51,7.3452999527633445,Indian_Female
5,26,-50,7.333333333333333,Indian_Female
5,26,-49,7.340260888790626,Indian_Female
5,26,-48,7.298787210584344,Indian_Female
5,26,-47,7.383696116090483,Indian_Female
5,26,-46,7.234301971144077,Indian_Female
5,26,-45,7.155356795644566,Indian_Female
5,26,-44,7.038562336203668,Indian_Female
5,26,-43,7.123485807268125,Indian_Female
5,26,-42,6.9035878251997955,Indian_Female
5,26,-41,6.854771784232365,Indian_Female
5,26,-40,7.042253521126761,Indian_Female
5,26,-39,7.10725196977006,Indian_Female
5,26,-38,7.176881549698316,Indian_Female
5,26,-37,7.516083477169308,Indian_Female
5,26,-36,7.637379695746663,Indian_Female
5,26,-35,7.7265062087996315,Indian_Female
5,26,-34,8.018154311649017,Indian_Female
5,26,-33,7.976101568334578,Indian_Female
5,26,-32,8.001768346595933,Indian_Female
5,26,-31,8.304195804195805,Indian_Female
5,26,-30,8.455023364485982,Indian_Female
5,26,-29,8.376815681850234,Indian_Female
5,26,-28,8.195148691242975,Indian_Female
5,26,-27,8.268944015182324,Indian_Female
5,26,-26,8.171206225680933,Indian_Female
5,26,-25,8.374188419239433,Indian_Female
5,26,-24,8.49862078024432,Indian_Female
5,26,-23,8.438598775882276,Indian_Female
5,26,-22,8.424861093164491,Indian_Female
5,26,-21,8.739108149666837,Indian_Female
5,26,-20,8.673990802248339,Indian_Female
5,26,-19,8.690673113627687,Indian_Female
5,26,-18,8.70504511373745,Indian_Female
5,26,-17,8.800405782399189,Indian_Female
5,26,-16,8.842586710710203,Indian_Female
5,26,-15,9.05161454360539,Indian_Female
5,26,-14,8.922644881286699,Indian_Female
5,26,-13,9.244774971150148,Indian_Female
5,26,-12,9.244238444701944,Indian_Female
5,26,-11,9.479529897972363,Indian_Female
5,26,-10,9.640586479823538,Indian_Female
5,26,-9,9.618638552648704,Indian_Female
5,26,-8,9.8786376092914,Indian_Female
5,26,-7,9.9189754312598,Indian_Female
5,26,-6,9.964552973611658,Indian_Female
5,26,-5,9.994711792702274,Indian_Female
5,26,-4,10.153968675338465,Indian_Female
5,26,-3,10.26054257319366,Indian_Female
5,26,-2,10.469216164903717,Indian_Female
5,26,-1,10.431211498973306,Indian_Female
5,27,-61,6.0537390741340245,Indian_Female
5,27,-60,6.275494195167869,Indian_Female
5,27,-59,6.5085158150851585,Indian_Female
5,27,-58,6.579727326615294,Indian_Female
5,27,-57,6.624423963133641,Indian_Female
5,27,-56,6.414565826330532,Indian_Female
5,27,-55,6.480477223427332,Indian_Female
5,27,-54,6.476886915643772,Indian_Female
5,27,-53,6.636614074630604,Indian_Female
5,27,-52,6.6247582205029,Indian_Female
5,27,-51,6.565895134624469,Indian_Female
5,27,-50,6.666666666666667,Indian_Female
5,27,-49,6.654875082909573,Indian_Female
5,27,-48,6.504961411245866,Indian_Female
5,27,-47,6.615450277422108,Indian_Female
5,27,-46,6.502743344848608,Indian_Female
5,27,-45,6.474820143884892,Indian_Female
5,27,-44,6.476974915761886,Indian_Female
5,27,-43,6.436449105044295,Indian_Female
5,27,-42,6.138411834721986,Indian_Female
5,27,-41,6.356846473029046,Indian_Female
5,27,-40,6.30527350147396,Indian_Female
5,27,-39,6.415822479498312,Indian_Female
5,27,-38,6.44649094950778,Indian_Female
5,27,-37,6.6844500235367965,Indian_Female
5,27,-36,6.799130704750079,Indian_Female
5,27,-35,6.699371454852061,Indian_Female
5,27,-34,6.883509833585477,Indian_Female
5,27,-33,6.975354742345033,Indian_Female
5,27,-32,7.147067491895077,Indian_Female
5,27,-31,7.284382284382285,Indian_Female
5,27,-30,7.476635514018691,Indian_Female
5,27,-29,7.290932167536314,Indian_Female
5,27,-28,7.386597231739072,Indian_Female
5,27,-27,7.577606072929376,Indian_Female
5,27,-26,7.795518583120891,Indian_Female
5,27,-25,7.9634291771564865,Indian_Female
5,27,-24,8.170235124129778,Indian_Female
5,27,-23,8.139080609454357,Indian_Female
5,27,-22,8.231037601757334,Indian_Female
5,27,-21,8.36750384418247,Indian_Female
5,27,-20,8.469596320899337,Indian_Female
5,27,-19,8.741570174322433,Indian_Female
5,27,-18,8.57796416317194,Indian_Female
5,27,-17,8.483388283033223,Indian_Female
5,27,-16,8.385211536018295,Indian_Female
5,27,-15,8.733790999237224,Indian_Female
5,27,-14,8.909880010211896,Indian_Female
5,27,-13,9.219130657776638,Indian_Female
5,27,-12,9.102613621732973,Indian_Female
5,27,-11,9.259976753196437,Indian_Female
5,27,-10,9.303230829116387,Indian_Female
5,27,-9,9.358323571521542,Indian_Female
5,27,-8,9.774239853843142,Indian_Female
5,27,-7,10.12807109252483,Indian_Female
5,27,-6,10.174609426283315,Indian_Female
5,27,-5,10.52353252247488,Indian_Female
5,27,-4,10.52561720201752,Indian_Female
5,27,-3,10.58286328229922,Indian_Female
5,27,-2,10.631950094928126,Indian_Female
5,27,-1,10.855578370978781,Indian_Female
5,28,-61,5.988993201683393,Indian_Female
5,28,-60,6.306871666143708,Indian_Female
5,28,-59,6.478102189781023,Indian_Female
5,28,-58,6.550088915234144,Indian_Female
5,28,-57,6.480414746543779,Indian_Female
5,28,-56,6.69467787114846,Indian_Female
5,28,-55,6.670281995661605,Indian_Female
5,28,-54,6.633585792635152,Indian_Female
5,28,-53,6.41121963436013,Indian_Female
5,28,-52,6.310444874274662,Indian_Female
5,28,-51,6.589513462446858,Indian_Female
5,28,-50,6.758620689655172,Indian_Female
5,28,-49,6.787530400176873,Indian_Female
5,28,-48,6.703417861080485,Indian_Female
5,28,-47,6.892872385830132,Indian_Female
5,28,-46,6.848201585043691,Indian_Female
5,28,-45,6.766478708924752,Indian_Female
5,28,-44,6.757768625982778,Indian_Female
5,28,-43,6.761887542939794,Indian_Female
5,28,-42,6.699540894405713,Indian_Female
5,28,-41,6.605809128630706,Indian_Female
5,28,-40,6.960366852276449,Indian_Female
5,28,-39,7.042932947419199,Indian_Female
5,28,-38,7.081613210543029,Indian_Female
5,28,-37,7.013965165542131,Indian_Female
5,28,-36,7.26482458863707,Indian_Female
5,28,-35,7.419898819561552,Indian_Female
5,28,-34,7.670196671709531,Indian_Female
5,28,-33,7.871545929798357,Indian_Female
5,28,-32,7.780725022104333,Indian_Female
5,28,-31,8.027389277389277,Indian_Female
5,28,-30,8.235981308411215,Indian_Female
5,28,-29,8.010153715978001,Indian_Female
5,28,-28,8.003289022886118,Indian_Female
5,28,-27,8.092720618137454,Indian_Female
5,28,-26,8.09070173084664,Indian_Female
5,28,-25,8.188684245395521,Indian_Female
5,28,-24,8.35413109155392,Indian_Female
5,28,-23,8.386508659981768,Indian_Female
5,28,-22,8.321488564414006,Indian_Female
5,28,-21,8.470015376729883,Indian_Female
5,28,-20,8.546244251405213,Indian_Female
5,28,-19,8.639776052932943,Indian_Female
5,28,-18,8.57796416317194,Indian_Female
5,28,-17,8.851128582297743,Indian_Female
5,28,-16,8.791767246855546,Indian_Female
5,28,-15,8.835494533435037,Indian_Female
5,28,-14,8.769466428389073,Indian_Female
5,28,-13,9.00115399410181,Indian_Female
5,28,-12,9.051113686107893,Indian_Female
5,28,-11,9.298721425803953,Indian_Female
5,28,-10,9.640586479823538,Indian_Female
5,28,-9,9.670701548874137,Indian_Female
5,28,-8,9.617643220670756,Indian_Female
5,28,-7,9.971249346576059,Indian_Female
5,28,-6,10.148352369699357,Indian_Female
5,28,-5,10.325224748810154,Indian_Female
5,28,-4,10.53889036368463,Indian_Female
5,28,-3,10.650013430029546,Indian_Female
5,28,-2,10.821806346623271,Indian_Female
5,28,-1,10.951403148528405,Indian_Female
5,29,-61,6.021366137908708,Indian_Female
5,29,-60,6.652023846877942,Indian_Female
5,29,-59,6.81265206812652,Indian_Female
5,29,-58,7.024303497332543,Indian_Female
5,29,-57,6.970046082949309,Indian_Female
5,29,-56,7.0588235294117645,Indian_Female
5,29,-55,7.185466377440347,Indian_Female
5,29,-54,7.0775659441107335,Indian_Female
5,29,-53,6.9371399949912345,Indian_Female
5,29,-52,6.890715667311412,Indian_Female
5,29,-51,7.014643363249882,Indian_Female
5,29,-50,7.057471264367816,Indian_Female
5,29,-49,6.942294936988724,Indian_Female
5,29,-48,7.056229327453142,Indian_Female
5,29,-47,7.063593683311993,Indian_Female
5,29,-46,6.888843730948994,Indian_Female
5,29,-45,6.824810421932724,Indian_Female
5,29,-44,6.6828903032572065,Indian_Female
5,29,-43,6.761887542939794,Indian_Female
5,29,-42,6.682536983506207,Indian_Female
5,29,-41,6.589211618257261,Indian_Female
5,29,-40,6.763838847035703,Indian_Female
5,29,-39,6.817816369191189,Indian_Female
5,29,-38,6.8434423626548115,Indian_Female
5,29,-37,6.998273968303781,Indian_Female
5,29,-36,7.063023905619373,Indian_Female
5,29,-35,7.235934386018703,Indian_Female
5,29,-34,7.443267776096824,Indian_Female
5,29,-33,7.468259895444361,Indian_Female
5,29,-32,7.603890362511052,Indian_Female
5,29,-31,7.7942890442890445,Indian_Female
5,29,-30,8.031542056074766,Indian_Female
5,29,-29,7.7986179664363275,Indian_Female
5,29,-28,7.770316568452788,Indian_Female
5,29,-27,8.174054493696625,Indian_Female
5,29,-26,8.345632631155238,Indian_Female
5,29,-25,8.45369020802968,Indian_Female
5,29,-24,8.538027058978063,Indian_Female
5,29,-23,8.68602682640969,Indian_Female
5,29,-22,8.890037472541671,Indian_Female
5,29,-21,9.136340338288058,Indian_Female
5,29,-20,9.274399591211036,Indian_Female
5,29,-19,9.097849599185647,Indian_Female
5,29,-18,9.073579870377431,Indian_Female
5,29,-17,9.282272381435455,Indian_Female
5,29,-16,9.223732689620125,Indian_Female
5,29,-15,9.382151029748284,Indian_Female
5,29,-14,9.394945111054378,Indian_Female
5,29,-13,9.539684574945506,Indian_Female
5,29,-12,9.501738122827346,Indian_Female
5,29,-11,9.957380860131732,Indian_Female
5,29,-10,10.042818217205138,Indian_Female
5,29,-9,10.178315762072106,Indian_Female
5,29,-8,10.491974422549916,Indian_Female
5,29,-7,10.624673288029275,Indian_Female
5,29,-6,10.765393199422345,Indian_Female
5,29,-5,11.158117398202009,Indian_Female
5,29,-4,11.189275285372975,Indian_Female
5,29,-3,11.36180499597099,Indian_Female
5,29,-2,11.377813940873338,Indian_Female
5,29,-1,11.430527036276523,Indian_Female
5,30,-61,6.086112010359339,Indian_Female
5,30,-60,6.338249137119548,Indian_Female
5,30,-59,6.356447688564478,Indian_Female
5,30,-58,6.253704801422644,Indian_Female
5,30,-57,6.509216589861751,Indian_Female
5,30,-56,6.610644257703082,Indian_Female
5,30,-55,6.561822125813449,Indian_Female
5,30,-54,6.68581875163228,Indian_Female
5,30,-53,6.736789381417481,Indian_Female
5,30,-52,6.673114119922631,Indian_Female
5,30,-51,6.518658478979688,Indian_Female
5,30,-50,6.551724137931035,Indian_Female
5,30,-49,6.676984302454124,Indian_Female
5,30,-48,6.81367144432194,Indian_Female
5,30,-47,6.786171574903969,Indian_Female
5,30,-46,6.705954074375127,Indian_Female
5,30,-45,6.591483569900836,Indian_Female
5,30,-44,6.645451141894422,Indian_Female
5,30,-43,6.635328150424878,Indian_Female
5,30,-42,6.580513518109166,Indian_Female
5,30,-41,6.755186721991702,Indian_Female
5,30,-40,6.976744186046512,Indian_Female
5,30,-39,7.042932947419199,Indian_Female
5,30,-38,7.002222927913623,Indian_Female
5,30,-37,7.108112348972227,Indian_Female
5,30,-36,7.342440235951568,Indian_Female
5,30,-35,7.327916602790127,Indian_Female
5,30,-34,7.443267776096824,Indian_Female
5,30,-33,7.796863330843913,Indian_Female
5,30,-32,7.839669908635425,Indian_Female
5,30,-31,8.173076923076923,Indian_Female
5,30,-30,8.39661214953271,Indian_Female
5,30,-29,8.235791848822451,Indian_Female
5,30,-28,8.112923119090038,Indian_Female
5,30,-27,8.241832723329265,Indian_Female
5,30,-26,8.157788809875218,Indian_Female
5,30,-25,8.109182456605273,Indian_Female
5,30,-24,8.18337055037436,Indian_Female
5,30,-23,8.008855319703086,Indian_Female
5,30,-22,8.101821940819228,Indian_Female
5,30,-21,8.444387493593029,Indian_Female
5,30,-20,8.86561062851303,Indian_Female
5,30,-19,8.906985621580352,Indian_Female
5,30,-18,8.971915109925021,Indian_Female
5,30,-17,9.130103981739792,Indian_Female
5,30,-16,9.515944606784398,Indian_Female
5,30,-15,9.50928044749555,Indian_Female
5,30,-14,9.420474853203983,Indian_Female
5,30,-13,9.385818694704449,Indian_Female
5,30,-12,9.450238187202267,Indian_Female
5,30,-11,9.58284902492574,Indian_Female
5,30,-10,9.71843778383288,Indian_Female
5,30,-9,9.774827541325003,Indian_Female
5,30,-8,9.630692940101788,Indian_Female
5,30,-7,9.997386304234187,Indian_Female
5,30,-6,10.069581199947486,Indian_Female
5,30,-5,10.364886303543098,Indian_Female
5,30,-4,10.512344040350412,Indian_Female
5,30,-3,10.529143164114961,Indian_Female
5,30,-2,10.577705451586656,Indian_Female
5,30,-1,10.691307323750856,Indian_Female
5,31,-61,6.021366137908708,Indian_Female
5,31,-60,6.495136491998744,Indian_Female
5,31,-59,6.599756690997567,Indian_Female
5,31,-58,6.6982809721398935,Indian_Female
5,31,-57,6.970046082949309,Indian_Female
5,31,-56,7.002801120448179,Indian_Female
5,31,-55,6.995661605206075,Indian_Female
5,31,-54,6.97310002611648,Indian_Female
5,31,-53,6.836964688204357,Indian_Female
5,31,-52,6.794003868471954,Indian_Female
5,31,-51,6.80207841284837,Indian_Female
5,31,-50,6.781609195402299,Indian_Female
5,31,-49,6.721202741543224,Indian_Female
5,31,-48,6.4608599779492835,Indian_Female
5,31,-47,6.679470763977806,Indian_Female
5,31,-46,6.604348709611868,Indian_Female
5,31,-45,6.552595761228855,Indian_Female
5,31,-44,6.420816173717708,Indian_Female
5,31,-43,6.581088410775628,Indian_Female
5,31,-42,6.49549396361163,Indian_Female
5,31,-41,6.522821576763485,Indian_Female
5,31,-40,6.534556174254831,Indian_Female
5,31,-39,6.721337835664897,Indian_Female
5,31,-38,6.652905684344236,Indian_Female
5,31,-37,6.668758826298446,Indian_Female
5,31,-36,6.814653834212978,Indian_Female
5,31,-35,6.8986662578568145,Indian_Female
5,31,-34,7.201210287443267,Indian_Female
5,31,-33,7.348767737117251,Indian_Female
5,31,-32,7.427055702917771,Indian_Female
5,31,-31,7.663170163170163,Indian_Female
5,31,-30,8.046144859813085,Indian_Female
5,31,-29,8.080665632491892,Indian_Female
5,31,-28,7.962176236809649,Indian_Female
5,31,-27,8.160498847770096,Indian_Female
5,31,-26,8.251710720515229,Indian_Female
5,31,-25,8.387438717371142,Indian_Female
5,31,-24,8.288453960331013,Indian_Female
5,31,-23,8.386508659981768,Indian_Female
5,31,-22,8.566998320196408,Indian_Female
5,31,-21,8.713480266529984,Indian_Female
5,31,-20,8.980582524271846,Indian_Female
5,31,-19,9.110573864359333,Indian_Female
5,31,-18,9.162536535773286,Indian_Female
5,31,-17,9.193507481612984,Indian_Female
5,31,-16,9.0204548342015,Indian_Female
5,31,-15,9.407576913297737,Indian_Female
5,31,-14,9.45876946642839,Indian_Female
5,31,-13,9.526862418258752,Indian_Female
5,31,-12,9.772112784859019,Indian_Female
5,31,-11,10.060699987085108,Indian_Female
5,31,-10,10.211496042558712,Indian_Female
5,31,-9,10.282441754522972,Indian_Female
5,31,-8,10.34842750880856,Indian_Female
5,31,-7,10.350235232618923,Indian_Female
5,31,-6,10.620979388210582,Indian_Female
5,31,-5,10.82760444209413,Indian_Female
5,31,-4,11.13618263870454,Indian_Female
5,31,-3,10.972334139135107,Indian_Female
5,31,-2,11.14727420667209,Indian_Female
5,31,-1,11.06091718001369,Indian_Female
5,33,-61,6.830689543541599,Indian_Female
5,33,-60,7.310950737370568,Indian_Female
5,33,-59,7.420924574209247,Indian_Female
5,33,-58,7.646710136336693,Indian_Female
5,33,-57,7.71889400921659,Indian_Female
5,33,-56,7.8431372549019605,Indian_Female
5,33,-55,7.890455531453362,Indian_Female
5,33,-54,7.965526247061897,Indian_Female
5,33,-53,7.788630102679689,Indian_Female
5,33,-52,8.027079303675048,Indian_Female
5,33,-51,8.07746811525744,Indian_Female
5,33,-50,8.275862068965518,Indian_Female
5,33,-49,8.180411231483529,Indian_Female
5,33,-48,8.224917309812568,Indian_Female
5,33,-47,8.194622279129321,Indian_Female
5,33,-46,8.067465962202805,Indian_Female
5,33,-45,7.991444682092164,Indian_Female
5,33,-44,7.918382628229128,Indian_Female
5,33,-43,8.027481468088952,Indian_Female
5,33,-42,7.821799013773168,Indian_Female
5,33,-41,7.91701244813278,Indian_Female
5,33,-40,8.074025548640682,Indian_Female
5,33,-39,8.44187168355041,Indian_Female
5,33,-38,8.542394410924103,Indian_Female
5,33,-37,8.598776086615409,Indian_Female
5,33,-36,8.755045017075442,Indian_Female
5,33,-35,8.799632071132914,Indian_Female
5,33,-34,9.046898638426626,Indian_Female
5,33,-33,9.35026138909634,Indian_Female
5,33,-32,9.740642499263188,Indian_Female
5,33,-31,9.935897435897436,Indian_Female
5,33,-30,10.221962616822431,Indian_Female
5,33,-29,9.956282611761386,Indian_Female
5,33,-28,9.867068658352748,Indian_Female
5,33,-27,10.017622339704486,Indian_Female
5,33,-26,9.995974775258286,Indian_Female
5,33,-25,10.043725983834637,Indian_Female
5,33,-24,9.969788519637463,Indian_Female
5,33,-23,10.209662716499544,Indian_Female
5,33,-22,10.595684196924667,Indian_Female
5,33,-21,10.67401332649923,Indian_Female
5,33,-20,10.65406234031681,Indian_Female
5,33,-19,10.828349662806973,Indian_Female
5,33,-18,10.776464607955267,Indian_Female
5,33,-17,11.0702510778595,Indian_Female
5,33,-16,11.154872316097066,Indian_Female
5,33,-15,11.250953470633105,Indian_Female
5,33,-14,11.450089354097523,Indian_Female
5,33,-13,11.822028465187845,Indian_Female
5,33,-12,12.11535985580018,Indian_Female
5,33,-11,12.307890998321064,Indian_Female
5,33,-10,12.053976904113144,Indian_Female
5,33,-9,12.26083561108942,Indian_Female
5,33,-8,12.305885423463396,Indian_Female
5,33,-7,12.232096184004181,Indian_Female
5,33,-6,12.432716292503612,Indian_Female
5,33,-5,12.506610259122159,Indian_Female
5,33,-4,12.808601008760286,Indian_Female
5,33,-3,13.000268600590923,Indian_Female
5,33,-2,12.828858150257663,Indian_Female
5,33,-1,12.744695414099933,Indian_Female
5,34,-61,6.798316607316283,Indian_Female
5,34,-60,7.436460621273926,Indian_Female
5,34,-59,7.785888077858881,Indian_Female
5,34,-58,7.7059869590989925,Indian_Female
5,34,-57,7.834101382488479,Indian_Female
5,34,-56,7.787114845938375,Indian_Female
5,34,-55,8.107375271149674,Indian_Female
5,34,-54,7.913293288064768,Indian_Female
5,34,-53,7.963936889556725,Indian_Female
5,34,-52,8.051257253384914,Indian_Female
5,34,-51,8.14832309872461,Indian_Female
5,34,-50,8.137931034482758,Indian_Female
5,34,-49,7.9372098164934775,Indian_Female
5,34,-48,7.872105843439912,Indian_Female
5,34,-47,7.981220657276995,Indian_Female
5,34,-46,7.904897378581589,Indian_Female
5,34,-45,7.797005638732257,Indian_Female
5,34,-44,7.749906402096593,Indian_Female
5,34,-43,7.7382028566262875,Indian_Female
5,34,-42,7.6517599047781,Indian_Female
5,34,-41,7.817427385892116,Indian_Female
5,34,-40,8.05764821487062,Indian_Female
5,34,-39,8.05595754944525,Indian_Female
5,34,-38,8.304223563035883,Indian_Female
5,34,-37,8.473246508708614,Indian_Female
5,34,-36,8.661906240298043,Indian_Female
5,34,-35,8.845623179518626,Indian_Female
5,34,-34,9.24357034795764,Indian_Female
5,34,-33,9.335324869305452,Indian_Female
5,34,-32,9.637488947833775,Indian_Female
5,34,-31,9.717365967365968,Indian_Female
5,34,-30,10.002920560747663,Indian_Female
5,34,-29,10.16781836130306,Indian_Female
5,34,-28,10.237083733040976,Indian_Female
5,34,-27,10.24806832045547,Indian_Female
5,34,-26,10.505836575875486,Indian_Female
5,34,-25,10.679740294156618,Indian_Female
5,34,-24,10.928674635491923,Indian_Female
5,34,-23,10.977991926032034,Indian_Female
5,34,-22,11.035017444114228,Indian_Female
5,34,-21,11.10968733982573,Indian_Female
5,34,-20,11.25447112927951,Indian_Female
5,34,-19,11.260974678712305,Indian_Female
5,34,-18,11.411869360782818,Indian_Female
5,34,-17,11.615521176768958,Indian_Female
5,34,-16,11.828230212171261,Indian_Female
5,34,-15,12.077294685990339,Indian_Female
5,34,-14,12.177687005361246,Indian_Female
5,34,-13,12.32209257597128,Indian_Female
5,34,-12,12.501609372988284,Indian_Female
5,34,-11,12.501614361358646,Indian_Female
5,34,-10,12.62488646684832,Indian_Female
5,34,-9,12.67733958089288,Indian_Female
5,34,-8,12.762625603549523,Indian_Female
5,34,-7,12.820177731312073,Indian_Female
5,34,-6,12.787186556387029,Indian_Female
5,34,-5,13.365943945002645,Indian_Female
5,34,-4,13.538624900451287,Indian_Female
5,34,-3,13.376309427880742,Indian_Female
5,34,-2,13.398426905343097,Indian_Female
5,34,-1,13.75770020533881,Indian_Female
5,35,-61,6.863062479766915,Indian_Female
5,35,-60,7.154063382491371,Indian_Female
5,35,-59,7.39051094890511,Indian_Female
5,35,-58,7.439241256668643,Indian_Female
5,35,-57,7.661290322580645,Indian_Female
5,35,-56,7.591036414565826,Indian_Female
5,35,-55,7.727765726681128,Indian_Female
5,35,-54,7.7043614520762596,Indian_Female
5,35,-53,7.788630102679689,Indian_Female
5,35,-52,7.88201160541586,Indian_Female
5,35,-51,8.05384978743505,Indian_Female
5,35,-50,8.344827586206897,Indian_Female
5,35,-49,8.202520451028079,Indian_Female
5,35,-48,8.313120176405734,Indian_Female
5,35,-47,8.557405036278276,Indian_Female
5,35,-46,8.534850640113797,Indian_Female
5,35,-45,8.302547151468016,Indian_Female
5,35,-44,8.423811306626732,Indian_Female
5,35,-43,8.443319472066534,Indian_Female
5,35,-42,8.144873320863798,Indian_Female
5,35,-41,8.24896265560166,Indian_Female
5,35,-40,8.401572224041926,Indian_Female
5,35,-39,8.666988261778421,Indian_Female
5,35,-38,8.748809145760559,Indian_Female
5,35,-37,9.03812960928919,Indian_Female
5,35,-36,9.37597019559143,Indian_Female
5,35,-35,9.382186110685268,Indian_Female
5,35,-34,9.531013615733738,Indian_Female
5,35,-33,9.634055265123227,Indian_Female
5,35,-32,9.725906277630415,Indian_Female
5,35,-31,10.008741258741258,Indian_Female
5,35,-30,10.309579439252337,Indian_Female
5,35,-29,10.280637427725285,Indian_Female
5,35,-28,10.113745374811566,Indian_Female
5,35,-27,10.288735258235054,Indian_Female
5,35,-26,10.358245002012612,Indian_Female
5,35,-25,10.441234927785874,Indian_Female
5,35,-24,10.534611848154473,Indian_Female
5,35,-23,10.756608933454876,Indian_Female
5,35,-22,10.867037084894688,Indian_Female
5,35,-21,10.994361865709893,Indian_Female
5,35,-20,11.280020439448135,Indian_Female
5,35,-19,11.439114391143912,Indian_Female
5,35,-18,11.399161265726269,Indian_Female
5,35,-17,11.450672077098655,Indian_Female
5,35,-16,11.726591284461948,Indian_Female
5,35,-15,11.797609966946352,Indian_Female
5,35,-14,11.743681388817972,Indian_Female
5,35,-13,11.886139248621618,Indian_Female
5,35,-12,11.89648512939359,Indian_Female
5,35,-11,12.088337853545138,Indian_Female
5,35,-10,12.196704294796938,Indian_Female
5,35,-9,12.53416634127294,Indian_Female
5,35,-8,12.56687981208404,Indian_Female
5,35,-7,12.611082070047047,Indian_Female
5,35,-6,12.905343311014835,Indian_Female
5,35,-5,13.1544156530936,Indian_Female
5,35,-4,13.246615343774886,Indian_Female
5,35,-3,13.550899811979585,Indian_Female
5,35,-2,13.425549227013834,Indian_Female
5,35,-1,13.607118412046542,Indian_Female
5,36,-61,6.798316607316283,Indian_Female
5,36,-60,7.405083150298086,Indian_Female
5,36,-59,7.3296836982968365,Indian_Female
5,36,-58,7.557794902193242,Indian_Female
5,36,-57,7.4884792626728105,Indian_Female
5,36,-56,7.6190476190476195,Indian_Female
5,36,-55,7.70065075921909,Indian_Female
5,36,-54,7.6521284930791325,Indian_Female
5,36,-53,7.688454795892813,Indian_Female
5,36,-52,7.8578336557059965,Indian_Female
5,36,-51,8.05384978743505,Indian_Female
5,36,-50,8.114942528735632,Indian_Female
5,36,-49,7.870882157859828,Indian_Female
5,36,-48,7.894156560088203,Indian_Female
5,36,-47,8.045241143832694,Indian_Female
5,36,-46,8.108108108108109,Indian_Female
5,36,-45,8.030332490764145,Indian_Female
5,36,-44,8.124298015724447,Indian_Female
5,36,-43,8.352919905984452,Indian_Female
5,36,-42,8.161877231763306,Indian_Female
5,36,-41,8.132780082987551,Indian_Female
5,36,-40,8.106780216180805,Indian_Female
5,36,-39,8.361472905611835,Indian_Female
5,36,-38,8.526516354398222,Indian_Female
5,36,-37,8.677232072807154,Indian_Female
5,36,-36,8.786091276001242,Indian_Female
5,36,-35,9.060248351985283,Indian_Female
5,36,-34,9.304084720121027,Indian_Female
5,36,-33,9.320388349514563,Indian_Female
5,36,-32,9.711170055997641,Indian_Female
5,36,-31,9.892191142191143,Indian_Female
5,36,-30,10.251168224299064,Indian_Female
5,36,-29,9.913975461853052,Indian_Female
5,36,-28,10.072632588735097,Indian_Female
5,36,-27,9.9769554019249,Indian_Female
5,36,-26,10.130148933315443,Indian_Female
5,36,-25,10.295481648337088,Indian_Female
5,36,-24,10.416393011953238,Indian_Female
5,36,-23,10.587316056778226,Indian_Female
5,36,-22,10.569841064737046,Indian_Female
5,36,-21,10.763710917478218,Indian_Female
5,36,-20,10.871231476750127,Indian_Female
5,36,-19,10.866522458328031,Indian_Female
5,36,-18,11.119583174482145,Indian_Female
5,36,-17,11.285822977428355,Indian_Female
5,36,-16,11.256511243806377,Indian_Female
5,36,-15,11.301805237732012,Indian_Female
5,36,-14,11.42455961194792,Indian_Female
5,36,-13,11.719451211693807,Indian_Female
5,36,-12,11.806360242049697,Indian_Female
5,36,-11,12.165827198760171,Indian_Female
5,36,-10,12.066952121448034,Indian_Female
5,36,-9,12.364961603540284,Indian_Female
5,36,-8,12.240636826308235,Indian_Female
5,36,-7,12.284370099320439,Indian_Female
5,36,-6,12.69528685834318,Indian_Female
5,36,-5,12.66525647805394,Indian_Female
5,36,-4,12.755508362091849,Indian_Female
5,36,-3,13.02712865968305,Indian_Female
5,36,-2,13.303498779495527,Indian_Female
5,36,-1,13.22381930184805,Indian_Female
5,37,-61,6.830689543541599,Indian_Female
5,37,-60,7.561970505177283,Indian_Female
5,37,-59,7.785888077858881,Indian_Female
5,37,-58,7.9134558387670415,Indian_Female
5,37,-57,8.064516129032258,Indian_Female
5,37,-56,8.15126050420168,Indian_Female
5,37,-55,8.24295010845987,Indian_Female
5,37,-54,8.148341603551842,Indian_Female
5,37,-53,8.039068369646882,Indian_Female
5,37,-52,8.147969052224372,Indian_Female
5,37,-51,8.360888049126123,Indian_Female
5,37,-50,8.505747126436782,Indian_Female
5,37,-49,8.313066548750829,Indian_Female
5,37,-48,8.246968026460861,Indian_Female
5,37,-47,8.322663252240718,Indian_Female
5,37,-46,8.108108108108109,Indian_Female
5,37,-45,7.933112969084193,Indian_Female
5,37,-44,7.880943466866343,Indian_Female
5,37,-43,8.081721207738203,Indian_Female
5,37,-42,7.719775548376126,Indian_Female
5,37,-41,7.75103734439834,Indian_Female
5,37,-40,8.090402882410745,Indian_Female
5,37,-39,8.216755105322399,Indian_Female
5,37,-38,8.36773578913941,Indian_Female
5,37,-37,8.661540875568805,Indian_Female
5,37,-36,8.755045017075442,Indian_Female
5,37,-35,8.998926874137666,Indian_Female
5,37,-34,9.152798789712557,Indian_Female
5,37,-33,9.410007468259895,Indian_Female
5,37,-32,9.490126731506042,Indian_Female
5,37,-31,9.73193473193473,Indian_Female
5,37,-30,10.0321261682243,Indian_Female
5,37,-29,9.956282611761386,Indian_Female
5,37,-28,9.976702754556667,Indian_Female
5,37,-27,10.329402196014641,Indian_Female
5,37,-26,10.532671407486918,Indian_Female
5,37,-25,10.533987014707831,Indian_Female
5,37,-24,10.652830684355708,Indian_Female
5,37,-23,10.561270998827972,Indian_Female
5,37,-22,10.724899857862773,Indian_Female
5,37,-21,10.776524859046644,Indian_Female
5,37,-20,10.820132856412878,Indian_Female
5,37,-19,10.815625397633287,Indian_Female
5,37,-18,10.878129368407675,Indian_Female
5,37,-17,10.930763378138474,Indian_Female
5,37,-16,11.180282048024393,Indian_Female
5,37,-15,10.983981693363845,Indian_Female
5,37,-14,11.386264998723512,Indian_Female
5,37,-13,11.475830234645468,Indian_Female
5,37,-12,11.613235483455647,Indian_Female
5,37,-11,11.972103835722587,Indian_Female
5,37,-10,11.91124951342935,Indian_Female
5,37,-9,12.117662371469478,Indian_Female
5,37,-8,12.384183740049588,Indian_Female
5,37,-7,12.545739675901723,Indian_Female
5,37,-6,12.879086254430877,Indian_Female
5,37,-5,12.956107879428874,Indian_Female
5,37,-4,12.967878948765597,Indian_Female
5,37,-3,12.86596830513027,Indian_Female
5,37,-2,13.181448331977217,Indian_Female
5,37,-1,13.196440793976727,Indian_Female
5,38,-61,6.830689543541599,Indian_Female
5,38,-60,7.530593034201444,Indian_Female
5,38,-59,7.6338199513382,Indian_Female
5,38,-58,7.824540604623592,Indian_Female
5,38,-57,7.747695852534562,Indian_Female
5,38,-56,7.73109243697479,Indian_Female
5,38,-55,7.70065075921909,Indian_Female
5,38,-54,7.834943849569079,Indian_Female
5,38,-53,7.688454795892813,Indian_Female
5,38,-52,8.075435203094777,Indian_Female
5,38,-51,8.19555975436939,Indian_Female
5,38,-50,8.275862068965518,Indian_Female
5,38,-49,8.202520451028079,Indian_Female
5,38,-48,8.26901874310915,Indian_Female
5,38,-47,8.25864276568502,Indian_Female
5,38,-46,8.047144889250152,Indian_Female
5,38,-45,8.127552012444099,Indian_Female
5,38,-44,8.236615499812803,Indian_Female
5,38,-43,8.407159645633701,Indian_Female
5,38,-42,8.24689678626084,Indian_Female
5,38,-41,8.29875518672199,Indian_Female
5,38,-40,8.712741565673108,Indian_Female
5,38,-39,8.924264351181863,Indian_Female
5,38,-38,9.193394728485234,Indian_Female
5,38,-37,9.399027145771223,Indian_Female
5,38,-36,9.577770878609128,Indian_Female
5,38,-35,9.796106086156676,Indian_Female
5,38,-34,9.93948562783661,Indian_Female
5,38,-33,10.022404779686333,Indian_Female
5,38,-32,9.87326849395815,Indian_Female
5,38,-31,10.212703962703964,Indian_Female
5,38,-30,10.221962616822431,Indian_Female
5,38,-29,10.294739811028064,Indian_Female
5,38,-28,10.237083733040976,Indian_Female
5,38,-27,10.302290904161584,Indian_Female
5,38,-26,10.344827586206897,Indian_Female
5,38,-25,10.467735524049292,Indian_Female
5,38,-24,10.626559831866544,Indian_Female
5,38,-23,10.860789165255893,Indian_Female
5,38,-22,10.841193952707068,Indian_Female
5,38,-21,10.96873398257304,Indian_Female
5,38,-20,11.152273888605007,Indian_Female
5,38,-19,11.350044534928108,Indian_Female
5,38,-18,11.361036980556614,Indian_Female
5,38,-17,11.539436976921126,Indian_Female
5,38,-16,11.713886418498284,Indian_Female
5,38,-15,11.899313501144166,Indian_Female
5,38,-14,12.177687005361246,Indian_Female
5,38,-13,12.347736889344787,Indian_Female
5,38,-12,12.488734389082014,Indian_Female
5,38,-11,12.604933488312023,Indian_Female
5,38,-10,12.663812118852992,Indian_Female
5,38,-9,12.768449824287387,Indian_Female
5,38,-8,12.684327286963331,Indian_Female
5,38,-7,12.650287506534239,Indian_Female
5,38,-6,12.721543914927135,Indian_Female
5,38,-5,12.585933368588048,Indian_Female
5,38,-4,12.742235200424743,Indian_Female
5,38,-3,12.812248186946013,Indian_Female
5,38,-2,13.113642527800378,Indian_Female
5,38,-1,13.086926762491444,Indian_Female
5,39,-61,6.830689543541599,Indian_Female
5,39,-60,7.656102918104802,Indian_Female
5,39,-59,7.6338199513382,Indian_Female
5,39,-58,7.824540604623592,Indian_Female
5,39,-57,7.920506912442396,Indian_Female
5,39,-56,8.067226890756302,Indian_Female
5,39,-55,8.134490238611713,Indian_Female
5,39,-54,7.78271089057195,Indian_Female
5,39,-53,7.488104182319058,Indian_Female
5,39,-52,7.495164410058027,Indian_Female
5,39,-51,7.510628247520075,Indian_Female
5,39,-50,7.540229885057472,Indian_Female
5,39,-49,7.517134645147026,Indian_Female
5,39,-48,7.717750826901875,Indian_Female
5,39,-47,7.76781903542467,Indian_Female
5,39,-46,7.823613086770982,Indian_Female
5,39,-45,7.855337351740229,Indian_Female
5,39,-44,7.787345563459379,Indian_Female
5,39,-43,8.009401554872536,Indian_Female
5,39,-42,7.804795102873661,Indian_Female
5,39,-41,7.850622406639005,Indian_Female
5,39,-40,7.910252210940059,Indian_Female
5,39,-39,7.911239749155813,Indian_Female
5,39,-38,8.11368688472531,Indian_Female
5,39,-37,8.426172916993567,Indian_Female
5,39,-36,8.522198075131946,Indian_Female
5,39,-35,8.508355051356737,Indian_Female
5,39,-34,8.774583963691377,Indian_Female
5,39,-33,9.200896191187454,Indian_Female
5,39,-32,9.239610963748895,Indian_Female
5,39,-31,9.557109557109557,Indian_Female
5,39,-30,9.725467289719626,Indian_Female
5,39,-29,9.688337329008602,Indian_Female
5,39,-28,9.620391941893928,Indian_Female
5,39,-27,9.732953775247392,Indian_Female
5,39,-26,9.82154836978398,Indian_Female
5,39,-25,10.043725983834637,Indian_Female
5,39,-24,10.390122159464074,Indian_Female
5,39,-23,10.587316056778226,Indian_Female
5,39,-22,10.66029202739372,Indian_Female
5,39,-21,10.866222450025628,Indian_Female
5,39,-20,10.807358201328563,Indian_Female
5,39,-19,10.828349662806973,Indian_Female
5,39,-18,10.916253653577328,Indian_Female
5,39,-17,10.95612477808775,Indian_Female
5,39,-16,10.964299326642104,Indian_Female
5,39,-15,11.136536994660565,Indian_Female
5,39,-14,11.182027061526679,Indian_Female
5,39,-13,11.155276317476599,Indian_Female
5,39,-12,11.445860692674135,Indian_Female
5,39,-11,11.545912437039906,Indian_Female
5,39,-10,11.664720384066433,Indian_Female
5,39,-9,11.779252896004165,Indian_Female
5,39,-8,12.136239070859975,Indian_Female
5,39,-7,12.16675378985886,Indian_Female
5,39,-6,12.314559537875803,Indian_Female
5,39,-5,12.36118455843469,Indian_Female
5,39,-4,12.662596230422087,Indian_Female
5,39,-3,12.70480795057749,Indian_Female
5,39,-2,12.544073772714945,Indian_Female
5,39,-1,12.826830937713895,Indian_Female
5,40,-61,6.895435415992231,Indian_Female
5,40,-60,7.279573266394729,Indian_Female
5,40,-59,7.420924574209247,Indian_Female
5,40,-58,7.587433313574392,Indian_Female
5,40,-57,7.661290322580645,Indian_Female
5,40,-56,7.871148459383753,Indian_Female
5,40,-55,7.863340563991324,Indian_Female
5,40,-54,8.174458083050405,Indian_Female
5,40,-53,8.08915602304032,Indian_Female
5,40,-52,8.24468085106383,Indian_Female
5,40,-51,8.266414737836561,Indian_Female
5,40,-50,8.597701149425287,Indian_Female
5,40,-49,8.57837718328543,Indian_Female
5,40,-48,8.555678059536936,Indian_Female
5,40,-47,8.600085360648741,Indian_Female
5,40,-46,8.55517171306645,Indian_Female
5,40,-45,8.516430099163912,Indian_Female
5,40,-44,8.592287532759265,Indian_Female
5,40,-43,8.67835834387995,Indian_Female
5,40,-42,8.706002380547526,Indian_Female
5,40,-41,8.547717842323651,Indian_Female
5,40,-40,8.892892237143792,Indian_Female
5,40,-39,9.149380929409872,Indian_Female
5,40,-38,9.256906954588759,Indian_Female
5,40,-37,9.383335948532872,Indian_Female
5,40,-36,9.701955914312325,Indian_Female
5,40,-35,9.58148091369002,Indian_Female
5,40,-34,9.757942511346444,Indian_Female
5,40,-33,10.007468259895443,Indian_Female
5,40,-32,10.05010315355143,Indian_Female
5,40,-31,10.387529137529137,Indian_Female
5,40,-30,10.733060747663552,Indian_Female
5,40,-29,10.463968410661401,Indian_Female
5,40,-28,10.511168973550774,Indian_Female
5,40,-27,10.614070760471735,Indian_Female
5,40,-26,10.733932644572656,Indian_Female
5,40,-25,10.997747449317611,Indian_Female
5,40,-24,10.98121634047025,Indian_Female
5,40,-23,11.238442505534575,Indian_Female
5,40,-22,11.241762501615197,Indian_Female
5,40,-21,11.10968733982573,Indian_Female
5,40,-20,11.062851303014819,Indian_Female
5,40,-19,11.324596004580735,Indian_Female
5,40,-18,11.208539839878002,Indian_Female
5,40,-17,11.273142277453715,Indian_Female
5,40,-16,11.345445305552026,Indian_Female
5,40,-15,11.467073480803458,Indian_Female
5,40,-14,11.42455961194792,Indian_Female
5,40,-13,11.629696114886524,Indian_Female
5,40,-12,11.754860306424616,Indian_Female
5,40,-11,11.649231563993284,Indian_Female
5,40,-10,12.028026469443363,Indian_Female
5,40,-9,12.10464662241312,Indian_Female
5,40,-8,12.227587106877202,Indian_Female
5,40,-7,12.375849451123889,Indian_Female
5,40,-6,12.275173952999868,Indian_Female
5,40,-5,12.466948704389212,Indian_Female
5,40,-4,12.728962038757633,Indian_Female
5,40,-3,12.879398334676337,Indian_Female
5,40,-2,13.045836723623541,Indian_Female
5,40,-1,13.141683778234087,Indian_Female
5,41,-61,6.830689543541599,Indian_Female
5,41,-60,7.279573266394729,Indian_Female
5,41,-59,7.208029197080291,Indian_Female
5,41,-58,7.172495554238292,Indian_Female
5,41,-57,7.142857142857142,Indian_Female
5,41,-56,7.226890756302522,Indian_Female
5,41,-55,7.185466377440347,Indian_Female
5,41,-54,7.0775659441107335,Indian_Female
5,41,-53,7.037315301778111,Indian_Female
5,41,-52,7.398452611218569,Indian_Female
5,41,-51,7.557864903164855,Indian_Female
5,41,-50,7.793103448275862,Indian_Female
5,41,-49,7.782445279681626,Indian_Female
5,41,-48,8.00441014332966,Indian_Female
5,41,-47,8.045241143832694,Indian_Female
5,41,-46,7.925218451534241,Indian_Female
5,41,-45,7.913669064748201,Indian_Female
5,41,-44,7.918382628229128,Indian_Female
5,41,-43,8.009401554872536,Indian_Female
5,41,-42,7.6857677265771125,Indian_Female
5,41,-41,7.601659751037344,Indian_Female
5,41,-40,7.762856207009499,Indian_Female
5,41,-39,8.039877793857533,Indian_Female
5,41,-38,8.161321054302952,Indian_Female
5,41,-37,8.206496155656676,Indian_Female
5,41,-36,8.491151816206147,Indian_Female
5,41,-35,8.845623179518626,Indian_Female
5,41,-34,9.122541603630863,Indian_Female
5,41,-33,9.35026138909634,Indian_Female
5,41,-32,9.401709401709402,Indian_Female
5,41,-31,9.644522144522144,Indian_Female
5,41,-30,9.900700934579438,Indian_Female
5,41,-29,9.829361162036385,Indian_Female
5,41,-28,9.743730300123337,Indian_Female
5,41,-27,9.949844110071846,Indian_Female
5,41,-26,10.156983764926874,Indian_Female
5,41,-25,10.096727176361469,Indian_Female
5,41,-24,10.403257585708655,Indian_Female
5,41,-23,10.248730303424926,Indian_Female
5,41,-22,10.363096007236077,Indian_Female
5,41,-21,10.57150179395182,Indian_Female
5,41,-20,10.500766479305058,Indian_Female
5,41,-19,10.790176867285913,Indian_Female
5,41,-18,10.954377938746982,Indian_Female
5,41,-17,11.082931777834135,Indian_Female
5,41,-16,11.421674501334012,Indian_Female
5,41,-15,11.556064073226544,Indian_Female
5,41,-14,11.373500127648711,Indian_Female
5,41,-13,11.706629055007053,Indian_Female
5,41,-12,11.793485258143427,Indian_Female
5,41,-11,11.959188944853416,Indian_Female
5,41,-10,12.015051252108472,Indian_Female
5,41,-9,12.195756865807628,Indian_Female
5,41,-8,12.16233850972204,Indian_Female
5,41,-7,12.532671197072661,Indian_Female
5,41,-6,12.445844820795589,Indian_Female
5,41,-5,12.66525647805394,Indian_Female
5,41,-4,12.848420493761614,Indian_Female
5,41,-3,12.745098039215685,Indian_Female
5,41,-2,12.923786276105234,Indian_Female
5,41,-1,12.991101984941821,Indian_Female
5,42,-61,6.798316607316283,Indian_Female
5,42,-60,7.279573266394729,Indian_Female
5,42,-59,7.572992700729928,Indian_Female
5,42,-58,7.528156490812092,Indian_Female
5,42,-57,7.517281105990784,Indian_Female
5,42,-56,7.675070028011205,Indian_Female
5,42,-55,7.809110629067245,Indian_Female
5,42,-54,7.965526247061897,Indian_Female
5,42,-53,8.0641121963436,Indian_Female
5,42,-52,8.027079303675048,Indian_Female
5,42,-51,8.05384978743505,Indian_Female
5,42,-50,8.022988505747126,Indian_Female
5,42,-49,8.003537475127127,Indian_Female
5,42,-48,7.916207276736493,Indian_Female
5,42,-47,7.917200170721298,Indian_Female
5,42,-46,7.986181670392196,Indian_Female
5,42,-45,7.952556873420183,Indian_Female
5,42,-44,8.14301759640584,Indian_Female
5,42,-43,8.226360513469535,Indian_Female
5,42,-42,7.923822479170209,Indian_Female
5,42,-41,8.0,Indian_Female
5,42,-40,8.090402882410745,Indian_Female
5,42,-39,8.24891461649783,Indian_Female
5,42,-38,8.463004128294696,Indian_Female
5,42,-37,8.661540875568805,Indian_Female
5,42,-36,8.801614405464143,Indian_Female
5,42,-35,9.029587613061475,Indian_Female
5,42,-34,9.334341906202722,Indian_Female
5,42,-33,9.559372666168784,Indian_Female
5,42,-32,9.637488947833775,Indian_Female
5,42,-31,9.994172494172494,Indian_Female
5,42,-30,10.178154205607477,Indian_Female
5,42,-29,9.913975461853052,Indian_Female
5,42,-28,10.031519802658627,Indian_Female
5,42,-27,10.126067507116714,Indian_Female
5,42,-26,10.452166912652624,Indian_Female
5,42,-25,10.467735524049292,Indian_Female
5,42,-24,10.574018126888216,Indian_Female
5,42,-23,10.561270998827972,Indian_Female
5,42,-22,10.479390102080371,Indian_Female
5,42,-21,10.648385443362377,Indian_Female
5,42,-20,10.69238630556975,Indian_Female
5,42,-19,10.764728336938543,Indian_Female
5,42,-18,10.80188079806837,Indian_Female
5,42,-17,11.05757037788486,Indian_Female
5,42,-16,11.040528522424088,Indian_Female
5,42,-15,11.060259344012206,Indian_Female
5,42,-14,11.245851416900688,Indian_Female
5,42,-13,11.475830234645468,Indian_Female
5,42,-12,11.600360499549375,Indian_Female
5,42,-11,11.649231563993284,Indian_Female
5,42,-10,11.781497340080445,Indian_Female
5,42,-9,12.221788363920345,Indian_Female
5,42,-8,12.488581495497847,Indian_Female
5,42,-7,12.846314688970203,Indian_Female
5,42,-6,12.95785742418275,Indian_Female
5,42,-5,13.207297726070863,Indian_Female
5,42,-4,13.339527475444651,Indian_Female
5,42,-3,13.604619930163848,Indian_Female
5,42,-2,13.64252780037971,Indian_Female
5,42,-1,13.648186173853524,Indian_Female
5,44,-61,8.546455163483328,Indian_Female
5,44,-60,9.036711641041732,Indian_Female
5,44,-59,9.33698296836983,Indian_Female
5,44,-58,9.602845287492592,Indian_Female
5,44,-57,9.735023041474653,Indian_Female
5,44,-56,9.607843137254903,Indian_Female
5,44,-55,9.761388286334057,Indian_Female
5,44,-54,9.636980934969966,Indian_Female
5,44,-53,9.616829451540196,Indian_Female
5,44,-52,9.743713733075435,Indian_Female
5,44,-51,9.943316013226264,Indian_Female
5,44,-50,10.137931034482758,Indian_Female
5,44,-49,10.214459429582137,Indian_Female
5,44,-48,10.209481808158765,Indian_Female
5,44,-47,10.413999146393513,Indian_Female
5,44,-46,10.119894330420646,Indian_Female
5,44,-45,10.110830254715147,Indian_Female
5,44,-44,10.370647697491577,Indian_Female
5,44,-43,10.504429578738023,Indian_Female
5,44,-42,10.236354361503146,Indian_Female
5,44,-41,10.141078838174273,Indian_Female
5,44,-40,10.48149361283983,Indian_Female
5,44,-39,10.596558932304228,Indian_Female
5,44,-38,10.606541759288662,Indian_Female
5,44,-37,10.76416130550761,Indian_Female
5,44,-36,11.099037565973301,Indian_Female
5,44,-35,11.267821554499463,Indian_Female
5,44,-34,11.361573373676247,Indian_Female
5,44,-33,11.530993278566095,Indian_Female
5,44,-32,11.567933981727085,Indian_Female
5,44,-31,11.742424242424242,Indian_Female
5,44,-30,12.091121495327103,Indian_Female
5,44,-29,11.902411507544775,Indian_Female
5,44,-28,11.826778127997807,Indian_Female
5,44,-27,12.091636166463331,Indian_Female
5,44,-26,12.022004561921374,Indian_Female
5,44,-25,12.071021597985956,Indian_Female
5,44,-24,12.215946407460923,Indian_Female
5,44,-23,12.306289881494987,Indian_Female
5,44,-22,12.365938751776715,Indian_Female
5,44,-21,12.365453613531523,Indian_Female
5,44,-20,12.544711292795094,Indian_Female
5,44,-19,12.660643847817788,Indian_Female
5,44,-18,12.733511246664126,Indian_Female
5,44,-17,12.807506974384985,Indian_Female
5,44,-16,13.022487612755684,Indian_Female
5,44,-15,13.196033562166285,Indian_Female
5,44,-14,13.403114628542252,Indian_Female
5,44,-13,13.629952558020259,Indian_Female
5,44,-12,13.698982876271405,Indian_Female
5,44,-11,13.754358775668345,Indian_Female
5,44,-10,14.026209939016479,Indian_Female
5,44,-9,14.239229467655864,Indian_Female
5,44,-8,14.459089129583713,Indian_Female
5,44,-7,14.545216936748561,Indian_Female
5,44,-6,14.966522252855455,Indian_Female
5,44,-5,15.01850872554204,Indian_Female
5,44,-4,14.958853198831962,Indian_Female
5,44,-3,15.323663712060167,Indian_Female
5,44,-2,15.24274477895308,Indian_Female
5,44,-1,15.838466803559207,Indian_Female
5,45,-61,8.546455163483328,Indian_Female
5,45,-60,8.973956699090053,Indian_Female
5,45,-59,8.972019464720194,Indian_Female
5,45,-58,9.03971547125074,Indian_Female
5,45,-57,9.389400921658986,Indian_Female
5,45,-56,9.635854341736696,Indian_Female
5,45,-55,9.62581344902386,Indian_Female
5,45,-54,9.610864455471402,Indian_Female
5,45,-53,9.691960931630353,Indian_Female
5,45,-52,9.743713733075435,Indian_Female
5,45,-51,9.966934341048654,Indian_Female
5,45,-50,10.206896551724139,Indian_Female
5,45,-49,10.081804112314835,Indian_Female
5,45,-48,10.275633958103638,Indian_Female
5,45,-47,10.221937686726418,Indian_Female
5,45,-46,10.058931111562691,Indian_Female
5,45,-45,10.110830254715147,Indian_Female
5,45,-44,10.071134406589293,Indian_Female
5,45,-43,9.853552702947026,Indian_Female
5,45,-42,9.811256589015475,Indian_Female
5,45,-41,9.726141078838173,Indian_Female
5,45,-40,10.170324271208647,Indian_Female
5,45,-39,10.242804309374499,Indian_Female
5,45,-38,10.352492854874564,Indian_Female
5,45,-37,10.513102149694022,Indian_Female
5,45,-36,10.710959329400808,Indian_Female
5,45,-35,10.930553426337575,Indian_Female
5,45,-34,11.195158850226928,Indian_Female
5,45,-33,11.306945481702762,Indian_Female
5,45,-32,11.553197760094312,Indian_Female
5,45,-31,11.946386946386946,Indian_Female
5,45,-30,12.120327102803738,Indian_Female
5,45,-29,11.972923424058667,Indian_Female
5,45,-28,11.909003700150746,Indian_Female
5,45,-27,12.078080520536803,Indian_Female
5,45,-26,12.344022541258553,Indian_Female
5,45,-25,12.42877964754207,Indian_Female
5,45,-24,12.294758964928413,Indian_Female
5,45,-23,12.553717932022398,Indian_Female
5,45,-22,12.72774260240341,Indian_Female
5,45,-21,12.839569451563301,Indian_Female
5,45,-20,12.825753704649975,Indian_Female
5,45,-19,12.88968062094414,Indian_Female
5,45,-18,13.16558647858686,Indian_Female
5,45,-17,13.264012173471976,Indian_Female
5,45,-16,13.365518993774616,Indian_Female
5,45,-15,13.526570048309178,Indian_Female
5,45,-14,13.849885116160326,Indian_Female
5,45,-13,13.912040005128862,Indian_Female
5,45,-12,14.34273207158491,Indian_Female
5,45,-11,14.38718842825778,Indian_Female
5,45,-10,14.532243415077204,Indian_Female
5,45,-9,14.6947806846284,Indian_Female
5,45,-8,14.824481273652617,Indian_Female
5,45,-7,15.159435441714583,Indian_Female
5,45,-6,15.26847840357096,Indian_Female
5,45,-5,15.494447382337388,Indian_Female
5,45,-4,15.635784443854526,Indian_Female
5,45,-3,15.484824066612946,Indian_Female
5,45,-2,15.825874694873882,Indian_Female
5,45,-1,15.92060232717317,Indian_Female
5,46,-61,8.546455163483328,Indian_Female
5,46,-60,9.350486350800127,Indian_Female
5,46,-59,9.610705596107055,Indian_Female
5,46,-58,9.83995257854179,Indian_Female
5,46,-57,10.05184331797235,Indian_Female
5,46,-56,10.084033613445378,Indian_Female
5,46,-55,10.032537960954446,Indian_Female
5,46,-54,9.66309741446853,Indian_Female
5,46,-53,9.591785624843476,Indian_Female
5,46,-52,9.743713733075435,Indian_Female
5,46,-51,9.825224374114311,Indian_Female
5,46,-50,9.977011494252872,Indian_Female
5,46,-49,9.750165819146584,Indian_Female
5,46,-48,9.944873208379272,Indian_Female
5,46,-47,9.944515578318395,Indian_Female
5,46,-46,9.876041454988824,Indian_Female
5,46,-45,9.663620454987361,Indian_Female
5,46,-44,9.752901535005616,Indian_Female
5,46,-43,9.853552702947026,Indian_Female
5,46,-42,9.658221390919913,Indian_Female
5,46,-41,9.526970954356846,Indian_Female
5,46,-40,9.89190959711759,Indian_Female
5,46,-39,10.226724553786783,Indian_Female
5,46,-38,10.43188313750397,Indian_Female
5,46,-37,10.387572571787228,Indian_Female
5,46,-36,10.61782055262341,Indian_Female
5,46,-35,10.76191936225663,Indian_Female
5,46,-34,10.983358547655069,Indian_Female
5,46,-33,11.247199402539207,Indian_Female
5,46,-32,11.376363100501031,Indian_Female
5,46,-31,11.82983682983683,Indian_Female
5,46,-30,12.134929906542057,Indian_Female
5,46,-29,12.057537723875335,Indian_Female
5,46,-28,12.032342058380156,Indian_Female
5,46,-27,12.227192625728616,Indian_Female
5,46,-26,12.1293438883671,Indian_Female
5,46,-25,12.3095269643567,Indian_Female
5,46,-24,12.386706948640484,Indian_Female
5,46,-23,12.579762989972654,Indian_Female
5,46,-22,12.66313477193436,Indian_Female
5,46,-21,12.455151204510507,Indian_Female
5,46,-20,12.838528359734285,Indian_Female
5,46,-19,12.915129151291513,Indian_Female
5,46,-18,13.089337908247552,Indian_Female
5,46,-17,13.428861273142278,Indian_Female
5,46,-16,13.543387117265912,Indian_Female
5,46,-15,13.590134757182811,Indian_Female
5,46,-14,13.632882307888691,Indian_Female
5,46,-13,13.604308244646749,Indian_Female
5,46,-12,13.943607570490538,Indian_Female
5,46,-11,13.883507684360067,Indian_Female
5,46,-10,14.11703646036071,Indian_Female
5,46,-9,14.447481452557595,Indian_Female
5,46,-8,14.524337726738876,Indian_Female
5,46,-7,14.649764767381077,Indian_Female
5,46,-6,14.966522252855455,Indian_Female
5,46,-5,15.150713907985194,Indian_Female
5,46,-4,15.330501725511017,Indian_Female
5,46,-3,15.538544184797207,Indian_Female
5,46,-2,15.676701925684839,Indian_Female
5,46,-1,15.893223819301848,Indian_Female
5,47,-61,8.481709291032697,Indian_Female
5,47,-60,9.036711641041732,Indian_Female
5,47,-59,9.184914841849148,Indian_Female
5,47,-58,9.217545939537642,Indian_Female
5,47,-57,9.07258064516129,Indian_Female
5,47,-56,9.57983193277311,Indian_Female
5,47,-55,9.788503253796096,Indian_Female
5,47,-54,9.689213893967093,Indian_Female
5,47,-53,9.767092411720512,Indian_Female
5,47,-52,9.647001934235977,Indian_Female
5,47,-51,9.777987718469532,Indian_Female
5,47,-50,9.839080459770114,Indian_Female
5,47,-49,9.794384258235684,Indian_Female
5,47,-48,9.90077177508269,Indian_Female
5,47,-47,9.944515578318395,Indian_Female
5,47,-46,9.73379394432026,Indian_Female
5,47,-45,9.877503402683258,Indian_Female
5,47,-44,9.92137776113815,Indian_Female
5,47,-43,9.962032182245526,Indian_Female
5,47,-42,9.82826049991498,Indian_Female
5,47,-41,9.726141078838173,Indian_Female
5,47,-40,9.875532263347527,Indian_Female
5,47,-39,10.146325775848206,Indian_Female
5,47,-38,10.352492854874564,Indian_Female
5,47,-37,10.654322924839166,Indian_Female
5,47,-36,10.695436199937907,Indian_Female
5,47,-35,10.961214165261383,Indian_Female
5,47,-34,11.255673222390318,Indian_Female
5,47,-33,11.471247199402539,Indian_Female
5,47,-32,11.700559976422046,Indian_Female
5,47,-31,11.873543123543124,Indian_Female
5,47,-30,12.076518691588785,Indian_Female
5,47,-29,11.958821040755888,Indian_Female
5,47,-28,11.991229272303688,Indian_Female
5,47,-27,12.20008133387556,Indian_Female
5,47,-26,12.330605125452838,Indian_Female
5,47,-25,12.42877964754207,Indian_Female
5,47,-24,12.504925784841719,Indian_Female
5,47,-23,12.814168511524937,Indian_Female
5,47,-22,12.844036697247708,Indian_Female
5,47,-21,13.044592516658124,Indian_Female
5,47,-20,13.23454266734798,Indian_Female
5,47,-19,13.004199007507317,Indian_Female
5,47,-18,13.16558647858686,Indian_Female
5,47,-17,13.365457773269085,Indian_Female
5,47,-16,13.543387117265912,Indian_Female
5,47,-15,13.806254767353165,Indian_Female
5,47,-14,14.015828440132754,Indian_Female
5,47,-13,13.924862161815618,Indian_Female
5,47,-12,14.25260718424102,Indian_Female
5,47,-11,14.335528864781091,Indian_Female
5,47,-10,14.48034254573764,Indian_Female
5,47,-9,14.61668619029025,Indian_Female
5,47,-8,14.837530993083647,Indian_Female
5,47,-7,14.728175640355461,Indian_Female
5,47,-6,14.992779309439412,Indian_Female
5,47,-5,14.992067689053412,Indian_Female
5,47,-4,14.892487390496417,Indian_Female
5,47,-3,14.907332796132152,Indian_Female
5,47,-2,15.12069433143477,Indian_Female
5,47,-1,15.263518138261464,Indian_Female
5,48,-61,8.481709291032697,Indian_Female
5,48,-60,9.162221524945089,Indian_Female
5,48,-59,9.245742092457421,Indian_Female
5,48,-58,9.217545939537642,Indian_Female
5,48,-57,9.44700460829493,Indian_Female
5,48,-56,9.551820728291316,Indian_Female
5,48,-55,9.652928416485901,Indian_Female
5,48,-54,9.715330373465656,Indian_Female
5,48,-53,9.742048585023792,Indian_Female
5,48,-52,9.81624758220503,Indian_Female
5,48,-51,10.014170996693435,Indian_Female
5,48,-50,9.954022988505747,Indian_Female
5,48,-49,9.882821136413884,Indian_Female
5,48,-48,9.944873208379272,Indian_Female
5,48,-47,9.98719590268886,Indian_Female
5,48,-46,10.038610038610038,Indian_Female
5,48,-45,10.033054637371185,Indian_Female
5,48,-44,10.071134406589293,Indian_Female
5,48,-43,9.94395226902911,Indian_Female
5,48,-42,9.658221390919913,Indian_Female
5,48,-41,9.825726141078839,Indian_Female
5,48,-40,10.088437602358336,Indian_Female
5,48,-39,10.387522109663932,Indian_Female
5,48,-38,10.54302953318514,Indian_Female
5,48,-37,10.497410952455672,Indian_Female
5,48,-36,10.679913070475008,Indian_Female
5,48,-35,10.961214165261383,Indian_Female
5,48,-34,10.968229954614221,Indian_Female
5,48,-33,11.292008961911874,Indian_Female
5,48,-32,11.435307987032125,Indian_Female
5,48,-31,11.858974358974358,Indian_Female
5,48,-30,12.04731308411215,Indian_Female
5,48,-29,11.987025807361444,Indian_Female
5,48,-28,11.881595176099767,Indian_Female
5,48,-27,12.01030229090416,Indian_Female
5,48,-26,11.928082651281363,Indian_Female
5,48,-25,12.018020405459124,Indian_Female
5,48,-24,11.95323788256929,Indian_Female
5,48,-23,12.189087120718844,Indian_Female
5,48,-22,12.301330921307663,Indian_Female
5,48,-21,12.557662737057921,Indian_Female
5,48,-20,12.583035258048033,Indian_Female
5,48,-19,12.520676930907241,Indian_Female
5,48,-18,12.695386961494473,Indian_Female
5,48,-17,12.820187674359627,Indian_Female
5,48,-16,12.870029221191718,Indian_Female
5,48,-15,13.05619120264429,Indian_Female
5,48,-14,13.32652540209344,Indian_Female
5,48,-13,13.38633158097192,Indian_Female
5,48,-12,13.634607956740055,Indian_Female
5,48,-11,13.844763011752551,Indian_Female
5,48,-10,14.06513559102115,Indian_Female
5,48,-9,14.04399323181049,Indian_Female
5,48,-8,14.198094740963068,Indian_Female
5,48,-7,14.336121275483535,Indian_Female
5,48,-6,14.270710253380598,Indian_Female
5,48,-5,14.331041776837653,Indian_Female
5,48,-4,14.69338996548978,Indian_Female
5,48,-3,14.786462530217568,Indian_Female
5,48,-2,14.781665310550581,Indian_Female
5,48,-1,14.811772758384667,Indian_Female
5,49,-61,8.481709291032697,Indian_Female
5,49,-60,9.162221524945089,Indian_Female
5,49,-59,9.48905109489051,Indian_Female
5,49,-58,9.395376407824541,Indian_Female
5,49,-57,9.475806451612904,Indian_Female
5,49,-56,9.747899159663866,Indian_Female
5,49,-55,9.761388286334057,Indian_Female
5,49,-54,9.506398537477148,Indian_Female
5,49,-53,9.516654144753318,Indian_Female
5,49,-52,9.526112185686655,Indian_Female
5,49,-51,9.56542276806802,Indian_Female
5,49,-50,9.977011494252872,Indian_Female
5,49,-49,9.816493477780234,Indian_Female
5,49,-48,9.856670341786108,Indian_Female
5,49,-47,9.560392658984208,Indian_Female
5,49,-46,9.571225360699046,Indian_Female
5,49,-45,9.469181411627455,Indian_Female
5,49,-44,9.415949082740546,Indian_Female
5,49,-43,9.510034351835111,Indian_Female
5,49,-42,9.267131440231253,Indian_Female
5,49,-41,9.04564315352697,Indian_Female
5,49,-40,9.482476252866032,Indian_Female
5,49,-39,9.68001286380447,Indian_Female
5,49,-38,9.765004763416957,Indian_Female
5,49,-37,10.073748627020242,Indian_Female
5,49,-36,10.136603539273517,Indian_Female
5,49,-35,10.439981603556646,Indian_Female
5,49,-34,10.741301059001513,Indian_Female
5,49,-33,11.067961165048544,Indian_Female
5,49,-32,11.19952844090775,Indian_Female
5,49,-31,11.538461538461538,Indian_Female
5,49,-30,11.565420560747663,Indian_Female
5,49,-29,11.535749541672542,Indian_Female
5,49,-28,11.703439769768398,Indian_Female
5,49,-27,11.806967602006235,Indian_Female
5,49,-26,11.8744129880585,Indian_Female
5,49,-25,11.84576652974692,Indian_Female
5,49,-24,11.664258505188494,Indian_Female
5,49,-23,11.850501367365544,Indian_Female
5,49,-22,11.79738984364905,Indian_Female
5,49,-21,12.134802665299846,Indian_Female
5,49,-20,11.995401124169646,Indian_Female
5,49,-19,12.164397506044027,Indian_Female
5,49,-18,12.263311729571736,Indian_Female
5,49,-17,12.31295967537408,Indian_Female
5,49,-16,12.399949180536145,Indian_Female
5,49,-15,12.433257055682684,Indian_Female
5,49,-14,12.73934133265254,Indian_Female
5,49,-13,12.822156686754713,Indian_Female
5,49,-12,13.029483713145359,Indian_Female
5,49,-11,13.36691204959318,Indian_Female
5,49,-10,13.598027766965096,Indian_Female
5,49,-9,13.744631003514252,Indian_Female
5,49,-8,13.858802035756232,Indian_Female
5,49,-7,13.852587558808155,Indian_Female
5,49,-6,14.100039385584875,Indian_Female
5,49,-5,14.119513484928609,Indian_Female
5,49,-4,14.215556145473851,Indian_Female
5,49,-3,14.383561643835616,Indian_Female
5,49,-2,14.401952807160292,Indian_Female
5,49,-1,14.442162902121837,Indian_Female
5,50,-61,8.481709291032697,Indian_Female
5,50,-60,9.06808911201757,Indian_Female
5,50,-59,8.972019464720194,Indian_Female
5,50,-58,9.15826911677534,Indian_Female
5,50,-57,9.158986175115208,Indian_Female
5,50,-56,9.187675070028012,Indian_Female
5,50,-55,9.300433839479393,Indian_Female
5,50,-54,9.245233742491513,Indian_Female
5,50,-53,9.316303531179564,Indian_Female
5,50,-52,9.356866537717602,Indian_Female
5,50,-51,9.40009447331129,Indian_Female
5,50,-50,9.517241379310343,Indian_Female
5,50,-49,9.595401282334734,Indian_Female
5,50,-48,9.592061742006615,Indian_Female
5,50,-47,9.709773794280837,Indian_Female
5,50,-46,9.61186750660435,Indian_Female
5,50,-45,9.31363017693953,Indian_Female
5,50,-44,9.50954698614751,Indian_Female
5,50,-43,9.546194178267944,Indian_Female
5,50,-42,9.131100153035199,Indian_Female
5,50,-41,9.377593360995851,Indian_Female
5,50,-40,9.433344251555846,Indian_Female
5,50,-39,9.64785335262904,Indian_Female
5,50,-38,9.717370593839314,Indian_Female
5,50,-37,9.9011454573984,Indian_Female
5,50,-36,10.04346476249612,Indian_Female
5,50,-35,10.22535643108999,Indian_Female
5,50,-34,10.408472012102875,Indian_Female
5,50,-33,10.75429424943988,Indian_Female
5,50,-32,11.007957559681698,Indian_Female
5,50,-31,11.290792540792541,Indian_Female
5,50,-30,11.667640186915888,Indian_Female
5,50,-29,11.563954308278099,Indian_Female
5,50,-28,11.662326983691928,Indian_Female
5,50,-27,11.739189372373593,Indian_Female
5,50,-26,11.901247819669932,Indian_Female
5,50,-25,11.938518616668874,Indian_Female
5,50,-24,12.137133849993432,Indian_Female
5,50,-23,12.306289881494987,Indian_Female
5,50,-22,12.533919110996253,Indian_Female
5,50,-21,12.314197847257818,Indian_Female
5,50,-20,12.493612672457843,Indian_Female
5,50,-19,12.609746787123044,Indian_Female
5,50,-18,12.847884102173085,Indian_Female
5,50,-17,12.731422774537155,Indian_Female
5,50,-16,12.844619489264389,Indian_Female
5,50,-15,12.967200610221205,Indian_Female
5,50,-14,13.186111820270616,Indian_Female
5,50,-13,13.245287857417617,Indian_Female
5,50,-12,13.28698339127076,Indian_Female
5,50,-11,13.973911920444273,Indian_Female
5,50,-10,14.207862981704944,Indian_Female
5,50,-9,14.226213718599507,Indian_Female
5,50,-8,14.171995302101003,Indian_Female
5,50,-7,14.453737584945111,Indian_Female
5,50,-6,14.572666404096102,Indian_Female
5,50,-5,14.820200951877313,Indian_Female
5,50,-4,14.972126360499072,Indian_Female
5,50,-3,14.961052914316411,Indian_Female
5,50,-2,15.134255492270137,Indian_Female
5,50,-1,15.030800821355236,Indian_Female
5,51,-61,8.546455163483328,Indian_Female
5,51,-60,9.224976466896768,Indian_Female
5,51,-59,9.610705596107055,Indian_Female
5,51,-58,9.780675755779491,Indian_Female
5,51,-57,10.023041474654377,Indian_Female
5,51,-56,10.364145658263306,Indian_Female
5,51,-55,10.412147505422993,Indian_Female
5,51,-54,10.498824758422565,Indian_Female
5,51,-53,10.117705985474581,Indian_Female
5,51,-52,10.203094777562862,Indian_Female
5,51,-51,10.273972602739725,Indian_Female
5,51,-50,10.252873563218392,Indian_Female
5,51,-49,9.971258014592085,Indian_Female
5,51,-48,9.988974641675854,Indian_Female
5,51,-47,9.923175416133162,Indian_Female
5,51,-46,10.058931111562691,Indian_Female
5,51,-45,9.89694730701925,Indian_Female
5,51,-44,9.734181954324223,Indian_Female
5,51,-43,9.962032182245526,Indian_Female
5,51,-42,9.641217480020405,Indian_Female
5,51,-41,9.925311203319502,Indian_Female
5,51,-40,10.072060268588274,Indian_Female
5,51,-39,10.291043576137643,Indian_Female
5,51,-38,10.384248967926325,Indian_Female
5,51,-37,10.513102149694022,Indian_Female
5,51,-36,10.757528717789507,Indian_Female
5,51,-35,10.976544534723287,Indian_Female
5,51,-34,11.013615733736762,Indian_Female
5,51,-33,11.142643764002989,Indian_Female
5,51,-32,11.391099322133805,Indian_Female
5,51,-31,11.684149184149184,Indian_Female
5,51,-30,11.988901869158878,Indian_Female
5,51,-29,11.831899591030885,Indian_Female
5,51,-28,11.826778127997807,Indian_Female
5,51,-27,11.956079707198047,Indian_Female
5,51,-26,12.102509056755668,Indian_Female
5,51,-25,12.137273088644495,Indian_Female
5,51,-24,11.835019046368055,Indian_Female
5,51,-23,12.097929417892955,Indian_Female
5,51,-22,12.185036826463367,Indian_Female
5,51,-21,12.44233726294208,Indian_Female
5,51,-20,12.672457843638222,Indian_Female
5,51,-19,12.88968062094414,Indian_Female
5,51,-18,13.013089337908248,Indian_Female
5,51,-17,13.111843773776313,Indian_Female
5,51,-16,13.136831406428662,Indian_Female
5,51,-15,13.475718281210272,Indian_Female
5,51,-14,13.441409241766658,Indian_Female
5,51,-13,13.283754327477881,Indian_Female
5,51,-12,13.544483069396163,Indian_Female
5,51,-11,13.780188557406689,Indian_Female
5,51,-10,14.220838199039834,Indian_Female
5,51,-9,14.369386958219446,Indian_Female
5,51,-8,14.44603941015268,Indian_Female
5,51,-7,14.571353894406691,Indian_Female
5,51,-6,14.743337271891821,Indian_Female
5,51,-5,14.978847170809095,Indian_Female
5,51,-4,15.383594372179454,Indian_Female
5,51,-3,15.49825409615901,Indian_Female
5,51,-2,15.636018443178736,Indian_Female
5,51,-1,15.7015742642026,Indian_Female
5,52,-61,8.481709291032697,Indian_Female
5,52,-60,8.911201757138375,Indian_Female
5,52,-59,9.215328467153284,Indian_Female
5,52,-58,9.336099585062241,Indian_Female
5,52,-57,9.331797235023041,Indian_Female
5,52,-56,9.215686274509805,Indian_Female
5,52,-55,9.408893709327549,Indian_Female
5,52,-54,9.29746670148864,Indian_Female
5,52,-53,9.291259704482844,Indian_Female
5,52,-52,9.332688588007738,Indian_Female
5,52,-51,9.352857817666509,Indian_Female
5,52,-50,9.60919540229885,Indian_Female
5,52,-49,9.529073623701082,Indian_Female
5,52,-48,9.724366041896362,Indian_Female
5,52,-47,9.880495091762697,Indian_Female
5,52,-46,9.83539930908352,Indian_Female
5,52,-45,9.64417655065137,Indian_Female
5,52,-44,9.678023212280044,Indian_Female
5,52,-43,9.745073223648525,Indian_Female
5,52,-42,9.624213569120897,Indian_Female
5,52,-41,9.410788381742737,Indian_Female
5,52,-40,9.629872256796594,Indian_Female
5,52,-39,9.77649139733076,Indian_Female
5,52,-38,9.876151159098127,Indian_Female
5,52,-37,10.058057429781893,Indian_Female
5,52,-36,10.229742316050917,Indian_Female
5,52,-35,10.317338647861414,Indian_Female
5,52,-34,10.529500756429652,Indian_Female
5,52,-33,10.76923076923077,Indian_Female
5,52,-32,11.170055997642205,Indian_Female
5,52,-31,11.407342657342658,Indian_Female
5,52,-30,11.711448598130842,Indian_Female
5,52,-29,11.592159074883655,Indian_Female
5,52,-28,11.44305879128409,Indian_Female
5,52,-27,11.712078080520536,Indian_Female
5,52,-26,11.767073661612773,Indian_Female
5,52,-25,11.925268318537167,Indian_Female
5,52,-24,11.979508735058452,Indian_Female
5,52,-23,12.189087120718844,Indian_Female
5,52,-22,12.391781883964336,Indian_Female
5,52,-21,12.73705791901589,Indian_Female
5,52,-20,13.055697496167603,Indian_Female
5,52,-19,12.966026211986259,Indian_Female
5,52,-18,13.318083619265472,Indian_Female
5,52,-17,13.340096373319806,Indian_Female
5,52,-16,13.301994663956297,Indian_Female
5,52,-15,13.475718281210272,Indian_Female
5,52,-14,13.760531018636712,Indian_Female
5,52,-13,13.79664059494807,Indian_Female
5,52,-12,14.29123213595983,Indian_Female
5,52,-11,14.516337336949503,Indian_Female
5,52,-10,14.519268197742313,Indian_Female
5,52,-9,14.720812182741117,Indian_Female
5,52,-8,14.811431554221585,Indian_Female
5,52,-7,15.081024568740197,Indian_Female
5,52,-6,14.953393724563476,Indian_Female
5,52,-5,14.925965097831833,Indian_Female
5,52,-4,15.144677462171488,Indian_Female
5,52,-3,15.162503357507386,Indian_Female
5,52,-2,15.107133170599404,Indian_Female
5,52,-1,15.236139630390145,Indian_Female
5,53,-61,8.514082227258012,Indian_Female
5,53,-60,9.256353937872607,Indian_Female
5,53,-59,9.641119221411191,Indian_Female
5,53,-58,9.751037344398341,Indian_Female
5,53,-57,10.05184331797235,Indian_Female
5,53,-56,10.224089635854341,Indian_Female
5,53,-55,10.140997830802604,Indian_Female
5,53,-54,10.446591799425438,Indian_Female
5,53,-53,10.318056599048335,Indian_Female
5,53,-52,10.493230174081237,Indian_Female
5,53,-51,10.628247520075579,Indian_Female
5,53,-50,10.735632183908047,Indian_Female
5,53,-49,10.590316161839487,Indian_Female
5,53,-48,10.628445424476297,Indian_Female
5,53,-47,10.371318822023047,Indian_Female
5,53,-46,10.282462914041862,Indian_Female
5,53,-45,10.2080497763951,Indian_Female
5,53,-44,10.277049794084613,Indian_Female
5,53,-43,10.269390706924607,Indian_Female
5,53,-42,9.794252678115967,Indian_Female
5,53,-41,9.842323651452283,Indian_Female
5,53,-40,9.957418932197838,Indian_Female
5,53,-39,10.258884064962212,Indian_Female
5,53,-38,10.400127024452207,Indian_Female
5,53,-37,10.575866938647419,Indian_Female
5,53,-36,10.757528717789507,Indian_Female
5,53,-35,10.930553426337575,Indian_Female
5,53,-34,11.043872919818456,Indian_Female
5,53,-33,11.292008961911874,Indian_Female
5,53,-32,11.450044208664899,Indian_Female
5,53,-31,11.655011655011654,Indian_Female
5,53,-30,11.8428738317757,Indian_Female
5,53,-29,11.831899591030885,Indian_Female
5,53,-28,11.785665341921337,Indian_Female
5,53,-27,11.956079707198047,Indian_Female
5,53,-26,12.075674225144237,Indian_Female
5,53,-25,12.23002517556645,Indian_Female
5,53,-24,12.084592145015106,Indian_Female
5,53,-23,12.319312410470113,Indian_Female
5,53,-22,12.288409355213851,Indian_Female
5,53,-21,12.33982573039467,Indian_Female
5,53,-20,12.53193663771078,Indian_Female
5,53,-19,12.571573991601984,Indian_Female
5,53,-18,12.619138391155166,Indian_Female
5,53,-17,12.782145574435708,Indian_Female
5,53,-16,13.00978274679202,Indian_Female
5,53,-15,13.05619120264429,Indian_Female
5,53,-14,13.313760531018637,Indian_Female
5,53,-13,13.681241184767279,Indian_Female
5,53,-12,13.724732844083945,Indian_Female
5,53,-11,13.999741702182616,Indian_Female
5,53,-10,14.194887764370053,Indian_Female
5,53,-9,14.017961733697772,Indian_Female
5,53,-8,14.276393057549264,Indian_Female
5,53,-7,14.309984317825405,Indian_Female
5,53,-6,14.454509649468294,Indian_Female
5,53,-5,14.52934955050238,Indian_Female
5,53,-4,14.786302097159542,Indian_Female
5,53,-3,14.961052914316411,Indian_Female
5,53,-2,14.835909953892054,Indian_Female
5,53,-1,15.017111567419574,Indian_Female
