albu,year,sim,overall,male,female,chinese,malay,indian,"(18, 29)","(30, 39)","(40, 49)","(50, 59)","(60, 69)","(70, 79)","(80, 200)"
0,1990,0,0.048481690371096946,0.045797643995035706,0.05118942550440262,0.04695921928520649,0.05485632866302541,0.052738043635312815,0.008721493636539828,0.017789991321955453,0.028308690948431303,0.06198385450496428,0.1793400286944046,0.32643051771117165,0.32917705735660846
0,1991,0,0.05163062408566623,0.04845657568238213,0.054821585375588726,0.049511425229825066,0.06008683516824314,0.05826615754490171,0.0089505772473732,0.018985350162581727,0.029237770193401593,0.06786285308225262,0.18991386496248958,0.3445287107258938,0.34294385432473445
0,1992,0,0.05172899602607826,0.04862176809961343,0.054838458846856654,0.049399837993077886,0.060571515427876574,0.06019605135993373,0.008786829555105508,0.018576590087940555,0.030084363559187137,0.0658729469018858,0.1874831400053952,0.34206349206349207,0.35327234342012664
0,1993,0,0.05211264927359854,0.04954586134013748,0.05467251561936231,0.04945193473641243,0.06194029850746269,0.06260140616549487,0.00890404157426103,0.018776519327787244,0.0309385177143985,0.06196508045190004,0.19006648416112631,0.3319640564826701,0.36100131752305664
0,1994,0,0.05207139195675474,0.049263756618706384,0.054858119150200564,0.049742871600550735,0.061333920963713824,0.060229824329679035,0.00880863989200135,0.018559884370277904,0.030188330871491875,0.05879903389689348,0.19057196731615336,0.32772898368883313,0.35918114143920593
0,1995,0,0.05371738554689997,0.051149720834557745,0.056256925396450566,0.051117695207571964,0.06372052654419211,0.06417525773195876,0.008271242053455466,0.01964859861647884,0.030388511347608668,0.060537742150968604,0.19048762911362,0.33742030407062285,0.3807531380753138
0,1996,0,0.05440391299673917,0.05171294626758024,0.05706095997721122,0.05198126230509855,0.06511196690914278,0.06196901549225387,0.008214981899192425,0.019577587038287204,0.029692641040044942,0.06200177147918512,0.19375736160188456,0.3367082646574052,0.3749271137026239
0,1997,0,0.05511126717289207,0.05288393489030432,0.057304643261608154,0.05236055312631789,0.06779065683175273,0.061935172912399084,0.008314330819154534,0.01959776392726338,0.030088837388953262,0.06049900640317951,0.1935596779838992,0.3360197000223864,0.3787450537026569
0,1998,0,0.05519530779683173,0.05281066629630916,0.05753630104301588,0.052538145699691785,0.06743125604532264,0.06294192650979483,0.007939868727503706,0.020180954825462012,0.029072793516246562,0.059954828553829304,0.19044898891808523,0.32517035775127767,0.39250275633958104
0,1999,0,0.056156655056966244,0.05366119659867423,0.05860157606517964,0.053748141174456796,0.06777822963264199,0.06254912970241437,0.008335099244190153,0.019930871854507867,0.02922276072518399,0.058090750661589106,0.19142202335479647,0.33137889203396687,0.37763371150729336
0,2000,0,0.056781472093832316,0.05486447119489695,0.05865862255520763,0.05433490749602953,0.06820601543784935,0.06339423288575831,0.00811682557686173,0.01977484092021537,0.029341129790122166,0.05821876140649714,0.18415841584158416,0.33102386451116245,0.3841719077568134
0,2001,0,0.05758528520477386,0.05610012828525377,0.05903508067753071,0.05504302819302251,0.070875366091767,0.06280245187654586,0.00784996270379711,0.01886730542065888,0.03018855196141262,0.05575415129151291,0.18193574057495274,0.33487854626367514,0.39336961900049483
0,2002,0,0.05891658981778866,0.05791238193481835,0.05989395413045524,0.05631375093788656,0.07265093199312933,0.06436258278145696,0.007486517172864036,0.01872315309702594,0.030088786583360737,0.05721045273685343,0.1861434108527132,0.3335704125177809,0.39582366589327145
0,2003,0,0.05898282537948072,0.05761905527250518,0.06030715445124235,0.057521855269548325,0.07083359428821945,0.05656061551258058,0.007040720040647456,0.019330284111775113,0.030297107114933542,0.056767451298701296,0.18156638013371537,0.3285739467653799,0.3860277653381102
0,2004,0,0.06051693820705538,0.059133840856682565,0.06185978040851377,0.059286170552539125,0.07369774132337638,0.055600241303036396,0.007221533299292436,0.018779026721410783,0.030630861312934098,0.05884310090783783,0.17942561640040633,0.33628614407487883,0.3791304347826087
0,2005,0,0.06083873427373237,0.05909203441232902,0.06253570247436938,0.06025009846396219,0.07277515111616494,0.05261652845295968,0.007328133502630147,0.017972148228074317,0.031085952817658594,0.058313528738667374,0.17640014738393514,0.33601514434453383,0.3729593972373378
0,2006,0,0.06279984504901814,0.06143509971854856,0.06412325752017609,0.06219456728954779,0.07530085290337657,0.0563136826783115,0.006748357307760611,0.01742889954738904,0.031923883446527496,0.060818906747097466,0.18272395694333243,0.3374674628693921,0.3821106316202432
0,2007,0,0.06376516747802079,0.06271128891775786,0.0647865962713368,0.06377509887796041,0.07530687981729946,0.05534217877094972,0.006289742880840475,0.017417518003684476,0.031453226613306656,0.06181673623534089,0.17937074278300358,0.3418931024186324,0.37865168539325844
0,2008,0,0.0649290714681283,0.06361785977220562,0.06619814734606626,0.06477747874430775,0.07929245019809163,0.05491837588949351,0.006066903532881947,0.017666543982333457,0.03172465629012558,0.05984378589478521,0.1790304396843292,0.342204223315013,0.38921946097304866
0,2009,0,0.06535646796083147,0.06475524475524476,0.06593718338399189,0.06602231023581992,0.0779744078410019,0.054664894033002266,0.0056026892908596125,0.017397808201359305,0.03170173403154495,0.059330178914682834,0.17381220129322464,0.34071946382163865,0.3994111874386654
0,2010,0,0.06745574102175013,0.06744630268383515,0.0674648372314783,0.06832042637669236,0.08138606483206473,0.05380277396738302,0.005873015873015873,0.01757616878291493,0.031400585808320995,0.06085025607965331,0.17673097251585623,0.34262018919269144,0.3813276750530464
0,2011,0,0.06876609677698435,0.0683076422058185,0.06920736087348335,0.06998957357696997,0.08192193444160717,0.05364387678437265,0.00637653435357883,0.01652731235969678,0.030450285570035658,0.06294433847754465,0.17253455068476017,0.3321078431372549,0.3949483352468427
0,2012,0,0.0706185263075139,0.07083539496382674,0.0704102340157723,0.07174013355505446,0.08412884782275767,0.05563354266715922,0.006404159533320652,0.0163054154934189,0.02991479962133165,0.06446051919956733,0.17194148161100425,0.33436458829128984,0.3937600860677784
0,2013,0,0.07274440700721635,0.0737737341772152,0.0717573274663025,0.07398189074368107,0.0867341822921889,0.05685960052485785,0.007127988393364032,0.01585147925077768,0.03087586641461878,0.0641644089076852,0.17788982867057038,0.32706810534864833,0.3923213831680651
0,2014,0,0.07514163855114903,0.07597918022121015,0.074339481555334,0.0764936594126168,0.08833957061256648,0.058848920863309354,0.007594699337417177,0.016050665147605805,0.03062743483356032,0.06456953642384106,0.17559961462400486,0.3311493614658523,0.40525554484088716
0,2015,0,0.07736977907801641,0.07871386930672727,0.07608401916226508,0.078499719972248,0.091221614293323,0.06275289273798537,0.007355223139469927,0.0160075329566855,0.029229886523014153,0.06548019881353215,0.18340754628544645,0.3246119733924612,0.41000679194023093
0,2016,0,0.07932888899903348,0.0809885063303986,0.07774467775920947,0.0802823879118157,0.09336000762122511,0.06543365559759003,0.007489597780859916,0.016485562438644595,0.02915086456257633,0.06601466992665037,0.1797520661157025,0.3309344904222669,0.4057217165149545
0,2017,0,0.08145673891631643,0.08397999222755707,0.07905176121971037,0.08275530022359681,0.09502368556821912,0.06647318960751797,0.007561147335231273,0.016341212744090443,0.02967501844663309,0.06698610141524401,0.17851560849913403,0.3252747252747253,0.40263543191800877
0,2018,0,0.08392689925993052,0.08563570136531456,0.08230064496350709,0.08541651541917737,0.09757337647330715,0.06817097279978185,0.007200443104191027,0.016401792991035044,0.028367879823345477,0.06682122780830184,0.17951733928209287,0.3272278971468827,0.4049407114624506
0,2019,0,0.0866732689806584,0.08906223212755014,0.08440364837824003,0.08794528628251218,0.10091157702825888,0.07252421959095802,0.007432285350001555,0.01641481679593474,0.028962188254223652,0.06683927886459531,0.18077615210077458,0.3254306808859721,0.4080544317763884
0,2020,0,0.08922357000632204,0.09207828292020044,0.08651387769204193,0.09065473744111789,0.10151324085750316,0.07660083782166367,0.007512152010605391,0.016872441678591633,0.029598172634559085,0.06752018528645415,0.1823480432972523,0.31996939556235654,0.399077868852459
0,2021,0,0.09180012509883989,0.09433620189518468,0.08938083708059495,0.09338690669218784,0.10460288405732399,0.07790227408340515,0.00796812749003984,0.016788174704033175,0.02954248366013072,0.06570073251799026,0.1842625833394388,0.31739381681594914,0.39397842537433586
0,2022,0,0.09339159562569181,0.09691399180874369,0.09005092535088809,0.09526218306899718,0.10527011544901736,0.07951109681569636,0.007597184766164573,0.016888600194868465,0.028591667203297057,0.06450365692560492,0.18556443556443555,0.3213397000470778,0.391987431264729
0,2023,0,0.09552720390386282,0.10009631421926754,0.09121823700126276,0.09698545256554782,0.11010893246187364,0.08154560281018693,0.007798180424567601,0.016928236932033918,0.028086842860330922,0.06555220432522621,0.1861542749634172,0.32350374064837906,0.3877488514548239
0,2024,0,0.09876822495447296,0.10374155612334185,0.09408923769277208,0.1003086302152791,0.11490482151335953,0.08348794063079777,0.00705521472392638,0.01790417659601154,0.02776885003535386,0.06331147962463042,0.18736532475972226,0.3281640239298368,0.3946682121124312
0,2025,0,0.10205663323186827,0.1077030162412993,0.09675803958283437,0.10318080145581378,0.11981349987167422,0.08589368446720312,0.007700080136580607,0.017719857491093192,0.028926284629492583,0.06317724458204334,0.18875190001688905,0.3336916214327941,0.3865439093484419
0,2026,0,0.10464895952919671,0.1098893499308437,0.09974319687520232,0.10578386605783865,0.12210562093724774,0.09088178760211436,0.008051700391990676,0.01768754087129823,0.029309231762427373,0.06479740680713128,0.1878925564613123,0.33255943067682836,0.3850396878783802
0,2027,0,0.10771565282885118,0.11342842073883831,0.10237814675950722,0.10920160758202867,0.12659938347198177,0.09032143280749615,0.007666129321153502,0.01800403538724197,0.029142354206734687,0.06432843058024891,0.18908460101414465,0.33117134559535333,0.39829059829059826
0,2028,0,0.1100290665668421,0.11648612553791364,0.1040140358339093,0.11120069878384735,0.13009936690285523,0.092893935846406,0.007423580786026201,0.01786721835621591,0.0293063938288739,0.06425676770951531,0.19000300110040347,0.33052700125587237,0.3930087111905294
0,2029,0,0.11287123287671233,0.11947783172809043,0.10672701699468057,0.11390916735501827,0.13264369733878367,0.09659682833661304,0.00714548802946593,0.018352457172243115,0.02996278507586119,0.06549541402919519,0.18990190808922333,0.3318988703604088,0.3901414224226276
0,2030,0,0.1159872215619787,0.12282212202913655,0.10964691046658259,0.11727685818699361,0.1350701070272961,0.09873997709049255,0.0067907913883810305,0.017519294018040314,0.030499778298600115,0.06542987589222558,0.19203548813111646,0.33489137020687265,0.39100932994062765
0,2031,0,0.11829869376379303,0.12549744653506645,0.1116276640200585,0.11955510945134101,0.1377759438828141,0.10107258384881675,0.00682967323220889,0.018044565109426217,0.030448717948717948,0.06521459778977126,0.19098071176310785,0.33568447412353924,0.3895932382461701
0,2032,0,0.12067447175203816,0.1287016201620162,0.11325912298753807,0.12115834891837365,0.14308569553267425,0.10527500985193942,0.006833972436311174,0.01817074408689473,0.030037272527954396,0.06672678088367899,0.18930474025313018,0.33796164338938883,0.38623687664041995
0,2033,0,0.12363597211380582,0.13204561269613235,0.11588400219332277,0.12441688766777106,0.1450157226283334,0.10630932439977667,0.006470028544243577,0.01818181818181818,0.030091869258171363,0.06653480756136312,0.19036030554992225,0.34130426132972586,0.3884354789036033
0,2034,0,0.12566664162848343,0.13446827574620596,0.11757314850098355,0.1262041965424713,0.14627810698920368,0.1120226151543706,0.007064721969006381,0.017586243649412015,0.031226788809111165,0.06609947643979057,0.18850045686825273,0.341161300406377,0.3894486828846984
0,2035,0,0.1281745182012848,0.13738998177080422,0.11971288623271002,0.1285941380295516,0.15000605840300496,0.11145988215210088,0.00651776185394115,0.018036363636363635,0.031252892358004505,0.06583472536110838,0.18999525520233174,0.34102148045124403,0.395112016293279
0,2036,0,0.13097408534140303,0.14075183934521546,0.1220146921713472,0.13162311723531353,0.151228126505057,0.1152076257258683,0.007207759843576276,0.018213517323243562,0.030756927998031557,0.06779827959813514,0.19132539980223004,0.34447123665173957,0.39445122342816774
0,2037,0,0.13304251252095725,0.14270220711554374,0.12421306516229254,0.1335478857545012,0.15223118064979643,0.11981667394151026,0.006867283950617284,0.018373891718543672,0.031466388871867146,0.0676921036928993,0.1965875875195432,0.34361620795107034,0.3890743550834598
0,2038,0,0.13344147528387262,0.1426845502444263,0.12501147783502525,0.13344533869393924,0.15160662509433212,0.12299319727891156,0.006930114853027059,0.017635607130587472,0.03151338621715419,0.06820421841119653,0.19262741891523577,0.34079279004047963,0.38760273179766175
0,2039,0,0.1358319815589516,0.14576730538788035,0.12678999133669674,0.1358070964517741,0.1538157686838363,0.1267506242536098,0.006294751750727831,0.017615384615384616,0.03110108647309232,0.06817740369051473,0.19336454304905354,0.34345955910592213,0.3926875069037888
0,2040,0,0.1387052820005878,0.14956554929387728,0.12884048660609584,0.1389030245370268,0.15736918661791877,0.12604860096335985,0.007045056519662474,0.017399124178917737,0.03142590626909839,0.06784194920716773,0.194492312890691,0.3491234180889353,0.39573409548004657
0,2041,0,0.14034232448504005,0.15082835568578834,0.13084188492367388,0.13988639645710985,0.15900810906099425,0.13024641213105875,0.007370413629223891,0.017452285133681317,0.0321503404924044,0.06728404917771036,0.19791209162471704,0.3438509123448625,0.3979466748391051
0,2042,0,0.14127487648830256,0.15119534054224892,0.1323091361651773,0.14116599250380377,0.1587994542974079,0.13052187093980078,0.007127038453795047,0.01791498380453473,0.03259561380048141,0.06593231670433924,0.19413497680403644,0.34805275648756956,0.39633091034960194
0,2043,0,0.1428249327614252,0.15301548492257538,0.13363217710067088,0.14307535262165727,0.1582532207215973,0.13091184260310254,0.007316478335094708,0.017620614915308662,0.03330145501741922,0.06764266886849377,0.19518261106568546,0.343882834840405,0.39746676940859177
0,2044,0,0.14526696287371038,0.15572774060146105,0.13586073738085752,0.1451763737702465,0.16185374941779226,0.13538627768773637,0.007466340269277846,0.01826244708728079,0.03232032565974172,0.0697103274559194,0.19791344932907787,0.346073500967118,0.3992317061744589
0,2045,0,0.1460153353874047,0.15628208345691405,0.1367997460603516,0.1457384270744065,0.16266367087626868,0.1346987429562202,0.00774359186715806,0.017402513696422817,0.03317399273981957,0.06960396661018013,0.19405498281786943,0.34664858581944985,0.4002574594271528
0,2046,0,0.14791446459061713,0.1588457172993362,0.13811149266928502,0.14804811620517477,0.16267368502535123,0.13917638086937575,0.00823444955871796,0.01710712124268711,0.033483698243297756,0.07119396915762144,0.1950833218564936,0.35069349482320766,0.3991148843930636
0,2047,0,0.14976005745562967,0.1602110647710777,0.1404078518701802,0.15010997206937754,0.16346933261280736,0.1390555131421093,0.008464070448424742,0.017302302912148165,0.033783783783783786,0.07229216003988533,0.19846399777592438,0.348841721314656,0.401512101283944
0,2048,0,0.15216191854906996,0.1634881485855884,0.14204604215359795,0.15237409961803136,0.16545152952976122,0.14406176422274544,0.007837194197878329,0.01796086508753862,0.03334087651806593,0.0750764960095896,0.1990299611296481,0.35235173029867556,0.4023927247042204
0,2049,0,0.15331180740887176,0.16578499685395354,0.1421939263013585,0.15319211260657078,0.16833134086614476,0.14445361959812827,0.007713668620796051,0.018371503387505716,0.03311031703793811,0.07553212136895905,0.19885264265589464,0.3498473547938324,0.40278021399754427
0,2050,0,0.15474442886943854,0.16718055734668277,0.14368385381366977,0.15560470259573972,0.16745119222162202,0.14337056286630542,0.00756659950749944,0.018872661840398375,0.033084682874038575,0.07350147396003931,0.19960153981225096,0.3493804356191796,0.4062350328732529
0,1990,1,0.04845103809056727,0.045756953063009906,0.0511689004741282,0.04690751631874879,0.05374812000316631,0.054182921543129606,0.008753795464823308,0.017717674284061326,0.028729414593100133,0.061148742692771645,0.17962697274031564,0.3226158038147139,0.33915211970074816
0,1991,1,0.051142979409452345,0.04807940446650124,0.05422287858226231,0.049398241885383,0.05690804775934254,0.05854900296987696,0.008983006875081074,0.019020313975035837,0.029408418657565414,0.06510925564043347,0.18796888024451236,0.3418201516793066,0.34370257966616086
0,1992,1,0.051651266505377914,0.04862176809961343,0.05468294389798219,0.04963302977490856,0.05927952576379389,0.05991992268397073,0.008558175997909452,0.01905378689753903,0.029712951663394705,0.06335274180933345,0.19206905853790127,0.33835978835978836,0.35397607318789587
0,1993,1,0.052255267361375216,0.04933640535445665,0.05516625837938434,0.050064231087846515,0.06044776119402985,0.0620605732828556,0.008208930521995299,0.019043800741705922,0.031185236356459093,0.06085244779185211,0.18993612306087862,0.33940949935815146,0.3662714097496706
0,1994,1,0.052723798872268045,0.04954440847942822,0.055879512702421634,0.05064899914094402,0.061187013368591156,0.06036190727777044,0.007829902126223422,0.018954076604690888,0.029772895125553915,0.05971516615307737,0.194343180389692,0.33877038895859474,0.36600496277915634
0,1995,1,0.05357126549100905,0.051131354687040845,0.05598445078200214,0.0512214523696983,0.06292492405612614,0.06288659793814433,0.007758561760885911,0.019291351368906497,0.0312860623156815,0.058450233800935204,0.19108815757866923,0.34600294261893083,0.36521219366407653
0,1996,1,0.05395599670333608,0.051911287414352685,0.05597493234581968,0.05151734594582362,0.06425616887747825,0.06196901549225387,0.007727652464494569,0.0194168515125213,0.029893266993018218,0.06071342298091634,0.19069493521790343,0.33976924888156346,0.37084548104956266
0,1997,1,0.05468112188912786,0.05224699221514508,0.057078142695356736,0.052626906088384794,0.06455918510713031,0.060609712013495604,0.007682862655674443,0.0189873417721519,0.03047508690614137,0.0571870170015456,0.1904095204760238,0.34497425565256323,0.3843979649519503
0,1998,1,0.05482550439464043,0.05263706121315232,0.056973890517417684,0.05254903669175225,0.06653309382340748,0.06027587805726208,0.007128237702025549,0.019218429158110884,0.028886906089672093,0.05981794538361508,0.1857648806123615,0.3330494037478705,0.40407938257993387
0,1999,1,0.05597112473540846,0.05425762145766236,0.057649926539334845,0.0537695377274721,0.06743933848447879,0.061426165075800114,0.007134279861552589,0.018509545498594824,0.030227966253814395,0.059317110953333765,0.18563789152024446,0.3366356651839871,0.39708265802269044
0,2000,1,0.056590958037208226,0.055283028344690184,0.05787169860812827,0.05417714063338137,0.06933723715730636,0.06262381686110499,0.007124375287987807,0.017882199379996737,0.03042010372071978,0.05840126536074948,0.18269932256383534,0.3352578906851424,0.3951781970649895
0,2001,1,0.057317182155711,0.056264596559323705,0.058344705787910414,0.0549603810035435,0.07002928734136023,0.06312506721152812,0.006535715554292615,0.01794854967843549,0.03059331466927514,0.05615774907749078,0.1815378493981896,0.33895790839977746,0.3908955962394854
0,2002,1,0.058145451076414285,0.05739660230166661,0.05887428230790952,0.056171800539411516,0.06978815446275208,0.061982615894039736,0.006422083451603747,0.01767386956094042,0.03084511673791516,0.05651145284439187,0.18207364341085272,0.32930298719772405,0.40556844547563803
0,2003,1,0.05936289996911894,0.058454812838522,0.06024472468472968,0.05771410069613081,0.07089622346088809,0.06071948430027033,0.006750381069899107,0.01756084532434147,0.03153505342715663,0.05854301948051948,0.18319006685768863,0.32575356953992596,0.4017017465293327
0,2004,1,0.05994895974355383,0.05937075528319171,0.06051033552106974,0.058886937080804856,0.07204505111097509,0.05590187009853207,0.006346195929681231,0.017702093289358553,0.030406811125692153,0.05874803935548267,0.1782251362083295,0.3294333946180846,0.3991304347826087
0,2005,1,0.06136484940907358,0.06076313672092591,0.06194943026367217,0.060742418274911385,0.07235621521335807,0.057191878753217046,0.006530019952838745,0.017365208888289442,0.029441528050091707,0.06121820262300854,0.1782424465733235,0.33917021612241677,0.39598158225198826
0,2006,1,0.06267320241961918,0.06143509971854856,0.06387380777696258,0.062233275593446685,0.07442458231101765,0.057678311499272196,0.00660628662759723,0.017023576302100926,0.030233795499358392,0.06176920216502087,0.17880971443821725,0.3412953605879651,0.4013338564142801
0,2007,1,0.06367797718520671,0.06266700128434137,0.06465782432645119,0.06372767539574896,0.07410790750785042,0.05787360335195531,0.00625518385402267,0.0172165466421035,0.030233866933466733,0.062373285629099585,0.1761271488809601,0.3441325768886235,0.3955056179775281
0,2008,1,0.06427587577921985,0.06334358263681376,0.06517820966006735,0.06485197843234032,0.07421460855979019,0.056257848472164085,0.006268016357176376,0.01666276307424633,0.02984560458488616,0.06083926793782066,0.17730176625328825,0.33714203066242404,0.3976198809940497
0,2009,1,0.0647174025081601,0.06415384615384616,0.06526173590003377,0.06605864612477744,0.07350939286686632,0.05489950731211386,0.006307027373139107,0.016031998959383436,0.029506757392367754,0.062768002365814,0.17177396682597695,0.3325126521679661,0.3971213608112529
0,2010,1,0.06641038610689597,0.06623699652324479,0.06657749053055387,0.06772128127626849,0.07696811625059882,0.05525072397500381,0.006126984126984127,0.01631611256502213,0.028817989984567416,0.06188890082733427,0.17428646934460887,0.33018012180899314,0.4001212488632919
0,2011,1,0.06826697190925245,0.06790056448111159,0.06861964031501822,0.06954777599095198,0.07936838813903799,0.05702479338842975,0.006121472979435677,0.016071835247421673,0.02877788646618914,0.061903936188659615,0.17097117128384717,0.3355392156862745,0.40269804822043626
0,2012,1,0.07090679193118313,0.0712766953289025,0.07055151686403452,0.07254982195561514,0.08055541375261627,0.05903213889915035,0.006816308414177921,0.015486870538929998,0.028715683180814137,0.06442671714440237,0.1759048784752579,0.33448357924797717,0.4007530930607854
0,2013,1,0.07273149761821773,0.07410337552742616,0.07141592696558177,0.07439385486847187,0.08312443597713827,0.060285755941099285,0.007191067936668139,0.015619829240849824,0.027945809703843732,0.06558514504724773,0.17740186510518327,0.3327532196310477,0.39562674802949405
0,2014,1,0.07519256477178687,0.07679895901106051,0.07365403788634098,0.07639200670907843,0.08735473704943865,0.06359712230215828,0.007188398549818727,0.01635224340716416,0.02894878535457511,0.0654785092845085,0.1786420566908372,0.32837312604108826,0.4057377049180328
0,2015,1,0.07655992014414234,0.07834148721702171,0.07485566883675224,0.07798145965510611,0.08812279087783857,0.06346276709022503,0.007044876171559804,0.01647834274952919,0.02884737982914701,0.06355619688953022,0.1800328099367237,0.3309312638580931,0.39959248358614446
0,2016,1,0.07913682436618671,0.08139446375561363,0.0769817626970864,0.08061266617124928,0.08997808897780318,0.06725514922236234,0.007366312220681153,0.016553264953793032,0.02882946583531529,0.06439526243927222,0.1815104624582381,0.3323102973859668,0.4011703511053316
0,2017,1,0.08175650460966224,0.08394238363273954,0.07967308703340821,0.0833346934112386,0.09319450307208856,0.06937534549474848,0.007683595065356476,0.016718054128126072,0.02855217991081454,0.06457447483658056,0.1820639547163435,0.3305303392259914,0.403890399498013
0,2018,1,0.08428938226853949,0.08713482171618307,0.08158139863932745,0.08639256588340634,0.0945227640397504,0.0695343922557775,0.007077358606683488,0.017250747079597936,0.029367202862576963,0.06621780417315082,0.18077469073210303,0.32810848890454386,0.40217391304347827
0,2019,1,0.08670309871254878,0.0901520903235287,0.08342640420680349,0.08839963970570652,0.09804010938924339,0.07440796555435952,0.007059116211089343,0.017050013372559507,0.029283990345937247,0.06492136555427695,0.18339723026367263,0.3273174733388023,0.400331004045605
0,2020,1,0.08867408374643278,0.09226027978985428,0.0852700679488656,0.09036230280421106,0.10020716987930103,0.07713278808431412,0.00684931506849315,0.01690572065626144,0.029501656854229,0.06385305754817126,0.1824994322912724,0.32677888293802604,0.3907103825136612
0,2021,1,0.0929389966128899,0.09700734867530458,0.08905799607978784,0.09455750567503222,0.10603151926425287,0.08115096466220248,0.006694533342041669,0.017590796602233963,0.028856209150326797,0.06576527154796863,0.1863506483991501,0.3285900028893383,0.3963934954113669
0,2022,1,0.09373931487716818,0.09841413467949328,0.08930567631350143,0.09492754751046709,0.10919185687847008,0.0818912833708588,0.00680786686838124,0.017440727508931473,0.028495073733015647,0.06456809614331283,0.18556443556443555,0.3271907996502791,0.3890023566378633
0,2023,1,0.09635951110503033,0.10090676313749442,0.09207115797868805,0.09758360748767264,0.11285403050108933,0.0831137874796136,0.007065018162428767,0.01677002911023921,0.028883858832531004,0.06208688955913495,0.19099714305623303,0.33198254364089774,0.3848392036753446
0,2024,1,0.09994457577848409,0.1049432408152789,0.09524175402008671,0.10112402362354735,0.1172788880735529,0.08639455782312926,0.007225630538513974,0.016681299385425813,0.029086584817124124,0.06353644427304281,0.19266682628176626,0.3301968984143579,0.39524775427412345
0,2025,1,0.10320232733154365,0.1087122969837587,0.09803174464935008,0.10459870341585473,0.1202840277183677,0.08900268227261643,0.007142608271488798,0.01687605475342209,0.028572347887641174,0.06372549019607843,0.19300793784833642,0.33858225399043373,0.38994334277620396
0,2026,1,0.10667751535349257,0.11247118487782388,0.1012538034916593,0.10801422608014226,0.1254195521944173,0.09082172032676598,0.007345410883921319,0.01725158035686482,0.029018721755971595,0.06505672609400324,0.1929707336629694,0.3411396557815576,0.3953988968115162
0,2027,1,0.10855744096406894,0.11489600770483158,0.10263524370648099,0.1096439925619339,0.12799290570499558,0.0933459850551536,0.007487014150098514,0.017259040819494025,0.028914170225250186,0.06439308226927429,0.19182012276487856,0.3383833494675702,0.3927960927960928
0,2028,1,0.11144385968775461,0.11754768454575548,0.1057578818650646,0.1124474605627599,0.13253113077019832,0.09541091079372513,0.007314410480349345,0.01771048837063507,0.028564051253913435,0.06435402820554385,0.1941045049851612,0.3369459044606726,0.39568907750725935
0,2029,1,0.1153095890410959,0.12196813772870448,0.10911705919055828,0.11612677576109362,0.13781596729790607,0.09914341937724273,0.007476979742173112,0.01793462539774371,0.029040363879258246,0.0670778969125436,0.19440338618650901,0.3422987269141115,0.39659766345562614
0,2030,1,0.11808061755181701,0.1252803770079525,0.11140184951660362,0.11866303936902811,0.14137559113913548,0.10286368843069874,0.007648968322077535,0.01817056888859943,0.029296256413504782,0.06687672818468265,0.19664081812332804,0.3437202458235956,0.3904438789934973
0,2031,1,0.12014228160262007,0.12804527468067597,0.11281863769327205,0.12089096196141527,0.14479059211883638,0.10226434368083537,0.007584333257867331,0.01801145581564745,0.030165912518853696,0.06505397070161913,0.1936973648465091,0.3439482470784641,0.39461172741679873
0,2032,1,0.1227923260198927,0.130479297929793,0.11569122675729891,0.1233598892603119,0.14747507896787956,0.10538760344536396,0.008276699950643533,0.01742631881704057,0.03103955899395496,0.06569625144918202,0.19317294967934578,0.34439513009487355,0.39476706036745407
0,2033,1,0.12526715297031035,0.13298839480123012,0.11814974600908366,0.12587145449336262,0.14926287417813533,0.10876605248464545,0.00780209324452902,0.017870722433460075,0.030591838010124366,0.06520540838494213,0.19008990738862977,0.35089324792105997,0.3937480751462889
0,2034,1,0.1269596849481173,0.13496107968863752,0.11960204743709899,0.1273039194123081,0.1515139215845442,0.11002716035696469,0.00767243998784564,0.018474437773119693,0.030638771973260707,0.06524869109947644,0.19046329825036382,0.34819474835886216,0.38995249748092703
0,2035,1,0.12985546038543896,0.13802744444568707,0.12235195054578314,0.12983216977883918,0.15513550628054446,0.11581034197918387,0.007851806677847233,0.018145454545454544,0.030851818714713233,0.06642429006583472,0.1907747576764048,0.3508344923504868,0.39470468431771893
0,2036,1,0.13205943209097665,0.1403381264396091,0.12447363298259274,0.13209953457690476,0.15500080269706212,0.11980935685329243,0.0078978645094506,0.017953854143482453,0.03121828191800203,0.0674699586315582,0.19187097214171242,0.3481455965093581,0.39926786975788325
0,2037,1,0.13390749975972577,0.14193072295892126,0.12657386967541492,0.1339804117060583,0.15777919693462122,0.12058053251855085,0.007368827160493827,0.018373891718543672,0.031803419327164656,0.06739375455811178,0.18917816599823262,0.3511467889908257,0.3992716236722307
0,2038,1,0.13620549816443267,0.1446645710514246,0.1284905371626792,0.1358517420746425,0.1609802597608929,0.12380952380952381,0.007708779443254818,0.017902813299232736,0.031761279127416955,0.06849990143899073,0.19075361133823932,0.354846100969984,0.3969209399236023
0,2039,1,0.1385639887304704,0.14727918201874726,0.13063242113845996,0.13787224035041304,0.16250592510665193,0.12827054608620128,0.0075143599024313475,0.017923076923076924,0.032435351674185146,0.07024927160893493,0.1946536400027139,0.35075658652738306,0.4003645200486027
0,2040,1,0.13990755831040103,0.14812860638990547,0.1324400664851581,0.13959628588918144,0.16094665251405432,0.13027006548682146,0.007761502945390861,0.018493900531748514,0.0318118948824343,0.06903442052339823,0.19510052373711775,0.3498974418514648,0.4006033661479835
0,2041,1,0.14209412584040929,0.15142567339118673,0.1336396589574718,0.14188593730328591,0.16163278097700473,0.13192526401299756,0.007330138144911192,0.018488265529744592,0.0322812991094814,0.06920006386715631,0.19828372580154735,0.34851962805898146,0.40341199305342734
0,2042,1,0.14326821060753822,0.15295618213423032,0.13451258824009465,0.14307344045719375,0.16367179886961605,0.1309549588566479,0.0074088987316287495,0.019034670292318152,0.03179326023000802,0.06921142274999204,0.19819850326775254,0.34711901334474576,0.4043415912574791
0,2043,1,0.14415628338442213,0.15323055329167798,0.13597051045102262,0.14413340387008322,0.1627291480169696,0.13280363223609534,0.007235184131371433,0.01890503331460223,0.03241341621695471,0.06805551144844231,0.19801035704551648,0.34314862044980293,0.4055095357349258
0,2044,1,0.14560584381354016,0.15610265965302947,0.13616721321523798,0.14513148542999288,0.16499767116907313,0.13760129659643436,0.007466340269277846,0.019391251763757306,0.03270634475014037,0.06807304785894207,0.19890867908987955,0.342321083172147,0.4059777007401855
0,2045,1,0.1482115010009551,0.15852935137231638,0.1389500414699829,0.14770796686362064,0.16777717517626095,0.13930429128738622,0.00745372479191685,0.019054141153722205,0.033605290586924484,0.06875666854955124,0.20171821305841925,0.348159628051143,0.4060502965380902
0,2046,1,0.14926416781852184,0.16034761473464568,0.1393247105755588,0.14900892722045694,0.16584742810697836,0.1415731561172241,0.00671424348633926,0.019971757111155942,0.03396046503098984,0.06866026463136163,0.1995937198732957,0.34913068958781013,0.4077402456647399
0,2047,1,0.15089175925220627,0.16296458443742942,0.14008825106189945,0.1513961505970456,0.16543791253329215,0.1419456865525139,0.006625913734877955,0.019698631249746152,0.03419441540988502,0.06898915617599402,0.20305115373922714,0.34643591634007215,0.4112199704737619
0,2048,1,0.152784682199339,0.16436817544956636,0.1424390344799057,0.15290992735706796,0.16930910774215946,0.14324043147347096,0.007447499458757307,0.019814624098867147,0.03319001282341404,0.07201665562600548,0.2034673729833855,0.34617625354410225,0.411619283065513
0,2049,1,0.15379504244780512,0.1651324835123861,0.14368950189024138,0.15386275688759385,0.17049091820600826,0.14439856867602532,0.0071847313439414645,0.018828712747828255,0.03314833117919866,0.0704535162062496,0.2023490274618962,0.35042702013370947,0.4083494123837923
0,2050,1,0.15605236145296408,0.1686811962906081,0.1448203951827329,0.15604702595739728,0.1735859248398796,0.14701979431604556,0.007253190060443251,0.018579738042432105,0.034244192787848335,0.0751064526695054,0.1997703788748565,0.3492649888401447,0.41363695737362305
0,1990,2,0.04860429949321563,0.04555349840288092,0.05168202623098869,0.046920442060363214,0.05422306657167735,0.0556277994509464,0.008721493636539828,0.017789991321955453,0.0286693112152903,0.06133432309548112,0.1794835007173601,0.32561307901907355,0.341645885286783
0,1991,2,0.051431585442313625,0.048893300248138954,0.05398339586493175,0.04958688079278645,0.05923398976585517,0.056851930420025454,0.00953431054611493,0.019300024474668716,0.030204778156996587,0.06297743826612187,0.19227563212003335,0.33613217768147347,0.34673748103186647
0,1992,2,0.05151523984415231,0.04848579032226733,0.05454686831771704,0.04893345442941653,0.06087551299589603,0.06268120944360071,0.009309466257267916,0.01919012884313859,0.030455775454979572,0.06230989832276006,0.1865389803075263,0.3402116402116402,0.34764250527797325
0,1993,2,0.052198220126264544,0.04973627587257459,0.05465352551320762,0.04969205095266109,0.06119402985074627,0.06314223904813412,0.009334348416139816,0.01937790250910427,0.031234580084871212,0.0593974666210202,0.19123973406335548,0.33555840821566113,0.347167325428195
0,1994,2,0.05268651847709586,0.04956311860347634,0.055786658743128804,0.05061369547053909,0.061187013368591156,0.06009774138158764,0.009483631454606817,0.019676762367781354,0.0310192023633678,0.05779961689014741,0.18717787554996856,0.33726474278544544,0.3560794044665012
0,1995,2,0.05360779550498178,0.050635468704084634,0.056547564985195545,0.05095629517759768,0.0642991465355128,0.06314432989690721,0.008920637090710233,0.02013575395407749,0.031884429627730054,0.058450233800935204,0.18592361277924574,0.3406081412457087,0.3622235505080693
0,1996,2,0.053982871680940264,0.050901550667147494,0.057025352513886914,0.05152866097897667,0.0646840678933105,0.062468765617191405,0.008493455861876914,0.019674028353746747,0.03105689752026322,0.05902246557693856,0.18904593639575973,0.33835648693195197,0.3620991253644315
0,1997,2,0.05479524206645306,0.05141542816702052,0.058123529924209424,0.05201651388364815,0.06772040744643484,0.06217616580310881,0.008209086125241186,0.020079676154982972,0.030745461568173038,0.06108780451902554,0.18387586045968965,0.34072084172822925,0.37252685132843416
0,1998,2,0.05511790708474518,0.05136974410610742,0.05879746403981185,0.05265794661235692,0.06763852425037999,0.05981221745682161,0.0072693909238478365,0.02053388090349076,0.029816343222544426,0.0605023612346862,0.18222323774705815,0.33879897785349233,0.3809261300992282
0,1999,2,0.05635061857495847,0.053814562990985464,0.0588353145452117,0.05368395151541087,0.07055713704758032,0.06209994385176867,0.007487462032916579,0.020738443647640274,0.029797163884401363,0.06093074291615568,0.18356433482483903,0.3354225636878285,0.38519719070772557
0,2000,2,0.05717906664678694,0.054730532906963114,0.05957670049346689,0.054734583548071564,0.06993611924407772,0.06317411402157165,0.007620600432424769,0.02000326317506934,0.03083777104869305,0.060347974206107796,0.18030224075039084,0.32967667436489606,0.3951781970649895
0,2001,2,0.057902134262757234,0.05588631952896286,0.059869952637071525,0.05545626414041757,0.07041978522616336,0.06377029788149263,0.007423720385038895,0.019228245176532353,0.030795696023206396,0.05736854243542435,0.1787526111608475,0.3369182273317263,0.400791687283523
0,2002,2,0.05852704550513563,0.0562522162406112,0.06074106610610862,0.05644556202218482,0.0718875246516954,0.05939569536423841,0.006954300312233892,0.018952683870544645,0.030253206182176917,0.05850091407678245,0.17810077519379844,0.3314366998577525,0.4074245939675174
0,2003,2,0.05959252836702536,0.05704045388064739,0.06207079535522537,0.05794681884409908,0.0729003569862842,0.05666458723227282,0.007004427669303912,0.018261943711815175,0.031925983841542875,0.060014204545454544,0.17889207258834766,0.3329807861801516,0.38557993730407525
0,2004,2,0.06098376982089227,0.059181223741984396,0.06273385266515365,0.05967542318748004,0.0732692660831242,0.05751055700784235,0.006455613100882632,0.018072289156626505,0.03271132733732356,0.06145729359760445,0.1754547973035368,0.33294333946180843,0.39869565217391306
0,2005,2,0.061791841402973696,0.05986569288853129,0.06366314903340248,0.06078180385978732,0.07427135076904662,0.057668477742827184,0.006384908398331217,0.01726405233165863,0.031560306115995196,0.06148226388522137,0.17759764185703758,0.3338065941000158,0.4089577228966095
0,2006,2,0.06246461455943264,0.06057258723481524,0.0642993396918562,0.061449432439494085,0.07617712349573548,0.05822416302765648,0.006570768957556384,0.0171586840505303,0.030891051923257487,0.06329793827211502,0.18147851614625032,0.3262900015311591,0.39309533150255
0,2007,2,0.06389595291724189,0.062032211872038265,0.06570230787941223,0.06314910891276924,0.07821866971167571,0.057960893854748605,0.0061515067735692566,0.016412661195779603,0.03185967983991996,0.0629695885509839,0.1817223483619851,0.3342788892206629,0.3906367041198502
0,2008,2,0.0649929710463911,0.06383439435277814,0.06611431685132661,0.06453535475820195,0.07962725294347414,0.0586856425282545,0.006066903532881947,0.01652892561983471,0.032257054273276756,0.06160502335554024,0.18030815482901166,0.3346832513740237,0.3944697234861743
0,2009,2,0.06488232262497852,0.06394405594405594,0.06578858493752111,0.06495948548381236,0.08009801252382248,0.05575975600218972,0.006082919801504722,0.015641767747390328,0.0311373114671851,0.06128936862339199,0.17409333708181052,0.3363424976063466,0.38730781812234216
0,2010,2,0.0670173663800371,0.06729513941376135,0.06674966227849442,0.06725627313862607,0.082557087347634,0.05730833714372809,0.006158730158730159,0.015573002487803302,0.03061320903278637,0.062354500196984346,0.17481501057082452,0.3382143319942983,0.39163382843285843
0,2011,2,0.06883930175758503,0.06894539730785931,0.06873718442671124,0.06900878293601004,0.0841106884152379,0.060030052592036066,0.005930176948828312,0.015876630770732342,0.029724527468366412,0.06370730015606034,0.17497342255018447,0.33725490196078434,0.384902411021814
0,2012,2,0.07053335691870254,0.0705411947204429,0.07052582907344139,0.07088691352005502,0.08458828934606157,0.061691909863317324,0.00646756705345254,0.01581428852072556,0.029315241401072892,0.06395348837209303,0.17304890132307513,0.3365064255116611,0.3929532006455083
0,2013,2,0.0728541368137046,0.07308808016877637,0.07262979541258882,0.0731837102518989,0.08768675423643839,0.06291004519609272,0.006875670220147606,0.014825600635382885,0.02908002520478891,0.06373488402828256,0.17946215571459553,0.33762617473024714,0.3938469361810323
0,2014,2,0.07486791011522058,0.07574495770982434,0.07402791625124626,0.07547713237723318,0.08804412054362813,0.06525179856115108,0.0070946368296037005,0.015447508628489093,0.02863205903778545,0.06564082586677054,0.17676588408295726,0.32915047196002223,0.40911282545805205
0,2015,2,0.07706215824266889,0.0781745573147399,0.07599803463947918,0.07792294639349333,0.08967220258558078,0.0667991765457514,0.007572466017007014,0.015772128060263655,0.028751753155680224,0.06535193201859868,0.1801265526130771,0.3300443458980044,0.40796920987095314
0,2016,2,0.07986790909766796,0.08155938395960724,0.07825328780062486,0.08091817356122533,0.09159759931408974,0.06977721731820093,0.0072430266605023885,0.01597779357503131,0.028058108889888796,0.06668148477439431,0.18392825742922456,0.3346385860937665,0.40420459471174686
0,2017,2,0.08159744526217262,0.08331557371911394,0.07995985279357645,0.08279610256075468,0.09347591576380095,0.07027363184079602,0.0076223712002938745,0.016375471051730043,0.027493503577042763,0.06555816462524593,0.1821484391500866,0.3309125656951744,0.4001254967580004
0,2018,2,0.0842531339676786,0.08624278316029438,0.08235959958024312,0.08551331381232405,0.09720360526923966,0.0721248892221692,0.007600467721090529,0.016096169519152406,0.027916572644337705,0.06637659986661162,0.18028797404177652,0.33348009862627687,0.4025691699604743
0,2019,2,0.08591559379064301,0.08896426734588915,0.08301921913537158,0.08714817501375018,0.09963536918869645,0.07346609257265878,0.007525577634729608,0.016782562182401713,0.027996781979082865,0.06559263521288838,0.18222361317580785,0.3223954060705496,0.3948142699521883
0,2020,2,0.08953080963550744,0.09261214040451837,0.08660601174709202,0.09067054471878853,0.10335975499909926,0.07799720726112108,0.007259642699324538,0.01750474225431795,0.028986906025801885,0.06420690320712838,0.18215880705472712,0.33335883703136954,0.3978825136612022
0,2021,2,0.09217778197396528,0.09571407851479405,0.08880433529343941,0.09324453654562567,0.10522791196035537,0.08227806139362195,0.007151720984912808,0.017691124339509062,0.02862745098039216,0.06434541288844428,0.18352992893252254,0.32512279687951456,0.40122363548542905
0,2022,2,0.09395374174891193,0.09781883988951329,0.09028805004460203,0.09539448084795094,0.10628359918921301,0.0826632357671277,0.007268302308754851,0.01776550828190971,0.027657930323910104,0.06514804910268389,0.18474382760097047,0.3270562916134239,0.396229379418696
0,2023,2,0.09643932138459434,0.10094200004698255,0.09219300383260595,0.09769863728038895,0.11250544662309368,0.0827374231589512,0.006931715932948978,0.01711808631818757,0.026205885165938726,0.06603349804273888,0.18716465751515574,0.331359102244389,0.3983154670750383
0,2024,2,0.09963352147405807,0.10447656714850723,0.09507710883047034,0.10081920365783958,0.1172788880735529,0.08466295609152752,0.007191547375596455,0.017371127555499813,0.026772513980844636,0.06642884689548785,0.18739952799534837,0.3327525120520416,0.3975659229208925
0,2025,2,0.10287659077379281,0.10848027842227378,0.09761806266193472,0.10394662016150434,0.12186671229360937,0.0883930748597903,0.0070380822967840845,0.018157384836552284,0.02715660092023553,0.0669827141382869,0.18831278500253334,0.3378298489815661,0.38994334277620396
0,2026,2,0.1058081342859372,0.11128400184416781,0.10068193098685772,0.10744156607441566,0.12219059353358541,0.09148246035559827,0.007274781933114384,0.017874381091769687,0.02779212395093609,0.06434359805510535,0.19236937057329948,0.3355372735072932,0.3974169245257635
0,2027,2,0.10777103362722076,0.11341695521566648,0.10249598286020353,0.10954651790534461,0.12486803766732824,0.09115170205195114,0.0070571377395665415,0.01769362098401366,0.027349480066499333,0.06361726200096977,0.19148652255137444,0.3321393998063892,0.400976800976801
0,2028,2,0.11106951753903067,0.11734222151197964,0.10522622148971238,0.11270875794157391,0.12838036141042306,0.09611332240693046,0.006695778748180495,0.017616450379286566,0.02785398444308169,0.06338142324525856,0.1932708659841942,0.33541094934648125,0.4026133571588117
0,2029,2,0.11431780821917809,0.12124037707099078,0.10787973646083397,0.11554632792326182,0.13347793442896472,0.09949068179187406,0.0075138121546961326,0.017645357246167198,0.02964470880117052,0.065140162769668,0.19363074442354206,0.33575398960014347,0.4003894240623079
0,2030,2,0.11661960160057569,0.12332057004327435,0.11040353089533417,0.11785505140730747,0.13627312702231809,0.10166093928980527,0.007835528525055035,0.016835455403953238,0.029644644327611325,0.06488328724840846,0.1920016254105855,0.3361464554661127,0.402789558005843
0,2031,2,0.11940484646708925,0.12589202169035996,0.11339323025491016,0.12060312633769761,0.1411182174540953,0.10158333806253901,0.00792393026941363,0.017349269940072177,0.030291603821015586,0.0647005911076844,0.19464819342569953,0.33772954924874793,0.3948758584257792
0,2032,2,0.12226826514238788,0.1298942394239424,0.11522351449388336,0.123087457846761,0.14345489600853265,0.10921578562179812,0.007593302707012415,0.017392481304774474,0.03088295173364237,0.06511657864227748,0.19391944623528215,0.34052689441752515,0.39624343832021
0,2033,2,0.12479341067535195,0.1333138790994186,0.11693928013491005,0.1255555637181079,0.14570996855474333,0.11194863204913456,0.007611798287345386,0.01773245765641203,0.030591838010124366,0.06458934535196653,0.19472047590076388,0.3424183344606692,0.3949799815214044
0,2034,2,0.12680945584874076,0.13543148345186762,0.11888111888111888,0.1276191733016613,0.14708986119003165,0.11390721135192063,0.007482528106958371,0.018048104593740007,0.030329289428076257,0.06439790575916231,0.1946935598497411,0.3410440762738356,0.3959262991219231
0,2035,2,0.12921306209850106,0.13815046355838376,0.12100674655740735,0.1293560037214209,0.15230825154489278,0.11586541109091911,0.006822686385119683,0.018145454545454544,0.031129485083145652,0.06639153647112771,0.19236765403646716,0.34581208468552,0.39348268839103867
0,2036,2,0.13159428348401653,0.14089719793367175,0.12306998760284008,0.13211419357203064,0.15158934018301493,0.12002848690697929,0.007207759843576276,0.0176200014837896,0.031525851197982346,0.06819226475802745,0.19306441163433014,0.3471887319631033,0.3927172307494702
0,2037,2,0.13380605063912945,0.1429817303606968,0.12541901725124682,0.1345668875725764,0.1540273010297757,0.12128982976865997,0.007021604938271605,0.01803433314468968,0.03217108891476193,0.06732745475038122,0.1928828767588879,0.3473623853211009,0.3979969650986343
0,2038,2,0.13539443353538802,0.1445750785855716,0.127021374279447,0.13553626846070888,0.15541962902649242,0.12549659863945578,0.00689118162351567,0.0185135702561362,0.0317922657411998,0.06600302253761745,0.19276369582992642,0.35106545482318796,0.3950688737122352
0,2039,2,0.13704857850251856,0.14668563045255506,0.12827804107424962,0.13696093129905634,0.15681782272080896,0.12821626316360873,0.0066488315367062715,0.018576923076923078,0.03129169578753415,0.06830689543541599,0.19380554990162155,0.3502573162301252,0.39235612504142275
0,2040,2,0.13909535386999386,0.14947574036237904,0.12966645252735376,0.13896940062393523,0.1567794944372371,0.13205606970828598,0.0070052539404553416,0.01841570222083203,0.030782591913538552,0.06913110738687638,0.19591147153235344,0.34722705987073804,0.39758653540806604
0,2041,2,0.141451262957705,0.15115518990194973,0.13265941696022873,0.14118980086054314,0.15885141223018764,0.13447062009206606,0.00777316847235088,0.018846874128381878,0.03031691985332635,0.06897652882005428,0.19527686746173858,0.3517488230945804,0.39998978445193584
0,2042,2,0.14298957250484937,0.15322708084068898,0.13373729954706817,0.1423312428099603,0.16269732995517444,0.13777609354699005,0.008093416549224883,0.01795497260766985,0.03072345546937684,0.07042119002897074,0.19613287731536352,0.35120413959459984,0.39979231568016615
0,2043,2,0.14456427793017926,0.1549963777958888,0.13515362543779932,0.1438949697859309,0.16339080683454638,0.13956002378249824,0.00817006747418909,0.018142409890021676,0.031115513354737345,0.06789672584076979,0.19508040337966748,0.35006569286652756,0.4065690618377962
0,2044,2,0.14556281131324433,0.15554596166736728,0.1365860635222246,0.14525866906071147,0.16235832945194845,0.14014046461372232,0.008119135046919624,0.018302761540012095,0.03214486243683324,0.06823047858942065,0.19376093894780191,0.3466537717601547,0.4084137543333646
0,2045,2,0.14747764713500214,0.1587004631425247,0.13740387667543852,0.14682843955317007,0.1647555589989928,0.14282618118768964,0.007992049360221956,0.018208185626812763,0.03234733853286849,0.07104751145421452,0.19625429553264606,0.3489732661759008,0.40476299940232635
0,2046,2,0.14928042930319538,0.1603361498687273,0.13936583660627994,0.14868361325465274,0.16553779463560012,0.14364309837672948,0.00802330982644314,0.01868065362114182,0.03187002603880148,0.07047452219337483,0.19887067896983887,0.34995116233639384,0.4078757225433526
0,2047,2,0.1505816294329521,0.16229636627572064,0.1400985607653924,0.15027740359368935,0.16470452001389585,0.14565383356963682,0.0075663660069251485,0.018155233337394907,0.03299985067940869,0.07179359341892061,0.19790797887128161,0.3501998370261146,0.40907260770366394
0,2048,2,0.1523640435934555,0.16322182466622664,0.14266655635303122,0.15180765315104983,0.16603016626162095,0.14964682691781198,0.007577397705130981,0.018331616889804326,0.032963717281436225,0.07368852717579887,0.1979980048845929,0.35153610129335455,0.4085290482076638
0,2049,2,0.15500862135239915,0.16698515532147934,0.14433343026878817,0.15451027550375407,0.16952682117928347,0.15061932287365815,0.007493278088773306,0.019327486595452845,0.03322435946171976,0.07491751310086045,0.20088937166909943,0.3502724427097422,0.41312927556569023
0,2050,2,0.1569850222403726,0.16915014596058478,0.1461654762525416,0.15623326737283202,0.17277567713558145,0.1542629658299237,0.008059100067159167,0.019876972004854165,0.03300738221311792,0.0757615460203079,0.2017626798136017,0.3533825906257215,0.41215657247354903
0,1990,3,0.04844082066372405,0.04543142560680352,0.0514767759282445,0.046997996510049767,0.05382727776458482,0.053315994798439535,0.008721493636539828,0.017717674284061326,0.02890972472652963,0.061148742692771645,0.1787661406025825,0.3242506811989101,0.33665835411471323
0,1991,3,0.05103350815560841,0.048635235732009924,0.053444559750937974,0.04910899556069771,0.05962164676694061,0.05656908499505021,0.00953431054611493,0.01828607391349953,0.02963594994311718,0.06413217267720732,0.19046957488191163,0.3377573131094258,0.34142640364188165
0,1992,3,0.0516026855549402,0.048951999844596826,0.05425527778857743,0.049215739217948404,0.061635506915944674,0.05964379400800773,0.009178807081727315,0.018542504601540662,0.029925187032418952,0.06343964543321456,0.1904504990558403,0.33756613756613757,0.35467980295566504
0,1993,3,0.051713318627823836,0.049869566045280575,0.0535520993562354,0.049415917303975126,0.06059701492537314,0.06097890751757707,0.0089371421005594,0.01880992950452708,0.030494424158689432,0.06110920917494009,0.18889323425889715,0.3324775353016688,0.34914361001317523
0,1994,3,0.05231371452537397,0.05021797294516062,0.054393849353736444,0.04983701472163056,0.061921551344204497,0.06207898560295866,0.008167397907526157,0.01888837789895539,0.030511447562776958,0.05988173565420172,0.19094908862350723,0.33074027603513173,0.35918114143920593
0,1995,3,0.05320596535128175,0.05157214222744637,0.05482189242702221,0.05080642372119298,0.06220164906697526,0.06301546391752577,0.008100348622598947,0.01890162709882758,0.03060221395905458,0.05778223112892451,0.1937304828248859,0.3379107405590976,0.3634190077704722
0,1996,3,0.05319453900455083,0.05147854309412189,0.054888904714428144,0.05056688316096766,0.06439880188275567,0.06146926536731634,0.007727652464494569,0.018902497830070402,0.03037476928015408,0.05773411707866978,0.18998822143698468,0.33152813750882976,0.36909620991253644
0,1997,3,0.05462845103805469,0.05334394904458599,0.055893370502657025,0.051816749162097976,0.06673691605198455,0.06374261959272201,0.007226802315383266,0.019276489108783653,0.03066821166473542,0.057775815117391625,0.19262629798156575,0.33758674725766735,0.3838326738270209
0,1998,3,0.05498890589793426,0.053609249678830594,0.056343309019019704,0.05240745379496618,0.0661185574132928,0.06271009620957459,0.007092949396569977,0.019378850102669404,0.029927875678489108,0.05858599685168708,0.1885067976693705,0.3321976149914821,0.3958103638368247
0,1999,3,0.05558319769942401,0.054802924185880064,0.05634766929344197,0.053009960095428625,0.06832045546970313,0.061313868613138686,0.006957688775870594,0.019155602933100754,0.029940764674205707,0.05925256567482089,0.18552875695732837,0.32753740396279823,0.39384116693679094
0,2000,3,0.056781472093832316,0.05588575064039244,0.05765857337246094,0.05432438970518632,0.06833910034602077,0.06383447061413162,0.007124375287987807,0.018861151900799476,0.029480352232779925,0.0591921158291763,0.18540906722251171,0.3304464973056197,0.39832285115303984
0,2001,3,0.05783713958419654,0.05708693792967336,0.058569479007786786,0.05525997706540492,0.0696387894565571,0.06581352833638025,0.00699747806628068,0.018473552959706,0.029615138125274058,0.05857933579335793,0.18482045160648564,0.33599109957352125,0.39336961900049483
0,2002,3,0.05862244411231596,0.05746107475581058,0.05975276880117968,0.05629347230953298,0.06978815446275208,0.06550082781456953,0.007557479420948056,0.0175754992294324,0.030023018743834264,0.05833960640929132,0.18071705426356588,0.3355263157894737,0.4060324825986079
0,2003,3,0.059632119470112675,0.058470885099406934,0.06075977025845923,0.057865873401327504,0.07208617774159204,0.059263880224578916,0.007294766640052261,0.01682636129936901,0.030590304925723222,0.059862012987012984,0.18089780324737345,0.3396791820906046,0.3967756381549485
0,2004,3,0.06044691346497985,0.059197018037085006,0.0616604305955959,0.05855756946662408,0.07339168758033911,0.060526844962799115,0.0075497848128966375,0.01692804738507101,0.029894696411996286,0.0596511241028566,0.178409825468649,0.342470332609059,0.3865217391304348
0,2005,3,0.06199771254288982,0.061134492789503,0.06283635489011154,0.06068333989759748,0.07397211083847029,0.05986083309503384,0.008198802829675313,0.016555956435242946,0.03073809373221175,0.06121820262300854,0.17446573323507739,0.34737340274491246,0.39974884889074924
0,2006,3,0.06317232337077983,0.06250945737372515,0.06381511371973587,0.06240746296099171,0.0748335085874518,0.05877001455604076,0.007884922749067661,0.016381814497061407,0.02992081624988263,0.06366979300086766,0.1764967529579219,0.34925738784259686,0.3966261278932915
0,2007,3,0.0635253941727821,0.06223888749464858,0.06477228827746062,0.06308271603767321,0.07399371966885526,0.060143156424581005,0.007361072712192425,0.016747613465081225,0.029202101050525262,0.0626118067978533,0.17482971132014272,0.3441325768886235,0.3970037453183521
0,2008,3,0.06420487624781676,0.06328584008199442,0.0650943791653277,0.0640604192469944,0.075832821829139,0.057932189200502304,0.006536166789568948,0.01729849098270151,0.028404998277535936,0.060532965770732826,0.1754227733934611,0.34567544113393117,0.39166958347917397
0,2009,3,0.06493042432571723,0.06383216783216783,0.06599121918270855,0.06552269176265398,0.07693983120065341,0.05536873387033706,0.00646710421002081,0.0170075769893662,0.028785550782352388,0.061659027058997486,0.17275794208602754,0.33880454110244834,0.39352306182531893
0,2010,3,0.06679480694655202,0.0662644807541673,0.06730590946414855,0.0674351224223347,0.08048118379730665,0.05525072397500381,0.006412698412698412,0.01735000484637007,0.028156593493118328,0.060957702088034096,0.1732293868921776,0.3418426849812103,0.3967869051227645
0,2011,3,0.06849989684752733,0.06807696482848459,0.0689069703658234,0.06931804124622264,0.08025431236645995,0.05792637114951164,0.006185238322971465,0.016267039724111008,0.02906187876684232,0.060100572221258884,0.1737852542054906,0.3383578431372549,0.4032721010332951
0,2012,3,0.0707823135936896,0.07022024900038781,0.07132215058182846,0.0719229664196972,0.08213793455510746,0.05932766900628002,0.006245640732990933,0.016108964704341564,0.028747238876617228,0.06266901027582478,0.17479745876318703,0.3382912898619705,0.40559440559440557
0,2013,3,0.07234421594825917,0.07231012658227848,0.0723769061527957,0.07307213663476805,0.08467863230722952,0.062399766729844,0.006560272503627074,0.016380964987755642,0.02841839949590422,0.06267759201744531,0.17648015614834092,0.3324051514096763,0.40325451309433
0,2014,3,0.0751352727735693,0.07564085881587508,0.07465104685942174,0.07612093283297613,0.08769942879653339,0.06258992805755395,0.00681335166895862,0.01695539992628087,0.02847369587939062,0.0646993896896507,0.17818569038081233,0.33237090505274847,0.40501446480231434
0,2015,3,0.07697426657542675,0.07773797141646442,0.07624370470458175,0.0780232548419724,0.08759018060330219,0.06729608859231916,0.006827633294022717,0.01725181598062954,0.02852862425092439,0.06378066378066378,0.18045465198031405,0.32993348115299337,0.41159157799411367
0,2016,3,0.08009714753042056,0.08204145840205009,0.07824117803773402,0.08120716703822971,0.09050204820424883,0.07061790668348046,0.006934812760055479,0.01726414136285163,0.028925885453493606,0.06458578096719907,0.18678565148584492,0.3322044660810668,0.40550498482878194
0,2017,3,0.08199509363089667,0.08367912346901679,0.0803900014338288,0.08303275611627034,0.09305379672623235,0.07283029297954671,0.007193804144855665,0.016923603973963686,0.028359693304674215,0.06473313447991369,0.18379588560807672,0.3303392259913999,0.4061911733946873
0,2018,3,0.08416251321552636,0.08548702827266645,0.08290198205421466,0.08523905169840847,0.09590940605500346,0.07423818937896244,0.007200443104191027,0.01667345829937517,0.029657328906224814,0.06335948169085655,0.1819509227337254,0.32802042972877776,0.41106719367588934
0,2019,3,0.08706702144161128,0.08960103842668561,0.08465959328028294,0.08788948849369883,0.10063810391978122,0.0773681377825619,0.007059116211089343,0.016882856378710884,0.028833467417538214,0.06549673954737247,0.1837493153900321,0.33150123051681707,0.4006987863184994
0,2020,3,0.0893476475488777,0.09222388041592351,0.08661752850397328,0.09067844835762386,0.10007205908845253,0.07939357670057849,0.007291206363234644,0.01673932576791241,0.029405141073898917,0.06388522533534918,0.18132616758761638,0.3307574598316756,0.40539617486338797
0,2021,3,0.09237841218887564,0.09583494488493521,0.08908105615127407,0.09355300519651034,0.10482610830840662,0.0822117615858914,0.0076089086277839465,0.016855059862216575,0.029215686274509805,0.06663654845267676,0.18169829291523187,0.3263507656746605,0.3994525841249396
0,2022,3,0.09497371821990924,0.09823554624249929,0.0918801729881099,0.0961727030770907,0.1083546311800476,0.084078481826954,0.007202525817272907,0.01662877557648587,0.02881705196728701,0.06650127267454974,0.185849864421293,0.3322348510323492,0.400471327572663
0,2023,3,0.0965077301956492,0.10098898259296671,0.0922816189990917,0.09782133572595302,0.10967320261437909,0.08461924476226321,0.006965041490318925,0.01594734843690672,0.02805496222144292,0.06475004812937175,0.187443383736325,0.33154613466334165,0.4012251148545176
0,2024,3,0.09986539831917565,0.10417322926510564,0.09581252401075682,0.10128405410554392,0.1158112832908879,0.08559059987631416,0.006714383094751193,0.016555876081775993,0.02818666838079321,0.06459699190127266,0.18767315388035707,0.3329848405645583,0.4094465372355839
0,2025,3,0.10310123667568995,0.10831786542923434,0.09820592653878812,0.10399211434204042,0.12058345452989991,0.09034381858083394,0.00693355632207937,0.016532283267704232,0.029441101708549182,0.06569272445820433,0.18983279851376456,0.3349277153759338,0.4002832861189802
0,2026,3,0.10511151484078066,0.11044260027662517,0.10012084852931656,0.10597224105972242,0.1242724221438586,0.09202306583373378,0.006921637179079705,0.0168778999159219,0.028308586184635248,0.06372771474878444,0.1875250567954029,0.3354363296825317,0.40643078164940133
0,2027,3,0.10823623233352532,0.11421954183769406,0.10264595607927156,0.10925409393557675,0.12647269963261687,0.09619262246471355,0.0070571377395665415,0.016576129132391742,0.02940313589985983,0.06681752060772587,0.18668267947691486,0.3360600193610842,0.40354090354090355
0,2028,3,0.11169158610970427,0.11838095129384638,0.10546015205486735,0.11285807072946763,0.13257305773342837,0.09482556778272068,0.007569141193595342,0.017365682402357217,0.028822257366943164,0.06600745663802886,0.1903031111407516,0.3387134285315596,0.4030600848782667
0,2029,3,0.11435068493150685,0.12151328731763342,0.10768937911779947,0.11536028694959778,0.1350212730457996,0.09839101747887487,0.00710865561694291,0.017291807283129238,0.02954928591876332,0.06572148301253068,0.19000268744961032,0.3422090729783038,0.3980323836851814
0,2030,3,0.11676679350611119,0.12431746607154995,0.10976250525430853,0.11801813154637035,0.13664647805525595,0.10108820160366552,0.007238535875527033,0.01764954899215214,0.028219421042630012,0.06613722590187127,0.19267887982120482,0.3372284255171817,0.4008104796908868
0,2031,3,0.11929097780645581,0.1270081057010473,0.11213957375679064,0.1206990715456035,0.13950897462347844,0.10260484648998354,0.007584333257867331,0.017415488527629707,0.028689039718451482,0.06765612952968389,0.19471610975278458,0.3342654424040067,0.39716499383694315
0,2032,3,0.1221926274899645,0.1301192619261926,0.11487013189485829,0.12295492364557409,0.14525987611272922,0.10656983617632157,0.007327537112266981,0.017730856427435455,0.02856516428101607,0.06650135256988278,0.19534457602388788,0.33865385398428277,0.3977198162729659
0,2033,3,0.12520793518344056,0.13347100945026824,0.11759106945177276,0.12595226376145105,0.14762935435128843,0.1100502512562814,0.007155090390104662,0.01814725198755617,0.02818573839135054,0.06517298401478551,0.19647806394916514,0.3444475390920304,0.3975207884200801
0,2034,3,0.12678799454882983,0.13390827126617014,0.12024058415810993,0.12745788061408525,0.14915983440214303,0.11213347375422648,0.007444545730780918,0.017230965999928946,0.029493686556078237,0.06472513089005236,0.19198619242613962,0.3448733979368553,0.39729379588311503
0,2035,3,0.12917558886509636,0.13712157643401143,0.12187958883994127,0.1296783315141348,0.15093501353043337,0.11553499642050774,0.007013264217106266,0.018145454545454544,0.02989541233455712,0.06596573973993645,0.19155426015047786,0.34639159326224694,0.39687712152070603
0,2036,3,0.13126279826986104,0.14049466645794664,0.12280360234828848,0.1316011287426247,0.15215122812650506,0.12008326942040101,0.007207759843576276,0.0180280436234142,0.030695414142035495,0.0666491562151159,0.19163228424318887,0.34653806407165,0.3965705478132426
0,2037,3,0.13262603718377242,0.14054428766296206,0.12538835745237512,0.13320333118292182,0.15267023229823581,0.12003491924923614,0.0070987654320987656,0.017204301075268817,0.030210184447576446,0.06686335609626733,0.19213513697233361,0.34545107033639144,0.39490136570561457
0,2038,3,0.13511696405703064,0.1430425201078384,0.1278885884813549,0.13525747782513958,0.15597569209993248,0.12402721088435374,0.006969048082538447,0.01809367484826507,0.03092464055528012,0.06511597345423484,0.19354728808939767,0.35022531123501105,0.39570552147239263
0,2039,3,0.1371766413386835,0.14536413828631584,0.12972532232584214,0.13764441308757386,0.15654131774371938,0.12577353164694388,0.006845542528916516,0.01853846153846154,0.031545841540123264,0.06510197474910974,0.19275391817626705,0.3528304785313772,0.3964983983209986
0,2040,3,0.13899382831494295,0.147668335615977,0.13111444216708984,0.13873339675937194,0.15984589377678185,0.13005358012664395,0.0070052539404553416,0.01880669377541445,0.03116858052687446,0.06555369343818486,0.19567494509207636,0.3492782228414412,0.3988567799301366
0,2041,3,0.14124768971151527,0.1496111799842218,0.13367029151988563,0.1409454125348994,0.16237709092333608,0.13089629027890604,0.007370413629223891,0.01960393672550504,0.03241225772655841,0.06769918569375699,0.1951755126862394,0.35011477259463875,0.39866176320359586
0,2042,3,0.14195003804481787,0.150258482515746,0.13444118007100012,0.14182654840984155,0.16055349834340285,0.13322867042009529,0.00728810146970002,0.019274603111128885,0.03206071142016582,0.06609149660946802,0.19518472114049643,0.3485974399875501,0.3990011373188943
0,2043,3,0.14400060125512007,0.15257402879652268,0.1362666312683161,0.1442153655865106,0.1605106449227416,0.1352359331928004,0.007641655149987806,0.01850365256482299,0.03162784343192841,0.06856362539299438,0.19201417279912783,0.3501043357291908,0.4042573685224427
0,2044,3,0.1458855550654632,0.1549551801315625,0.13773023997057832,0.14555044327236,0.16426020804222946,0.13657482441923285,0.007384740922072623,0.018705906067325136,0.030951712521055587,0.07106423173803526,0.19389821201825733,0.3471953578336557,0.4081326712264593
0,2045,3,0.14718086799803587,0.15698934544044169,0.1383766293607479,0.14649767714582113,0.16541411637096148,0.13957520589510186,0.006956809805789059,0.018329036416371253,0.03259892894367969,0.07035712044185025,0.19553264604810996,0.34513754358775667,0.4094524389683233
0,2046,3,0.14925332682873946,0.1591667335450512,0.14036314285126772,0.14874413678317447,0.16600224484266748,0.14293496023531976,0.006840927325704151,0.017954407908008875,0.03326365203359372,0.07272670399449467,0.19532433549097922,0.34928697011134985,0.4101788294797688
0,2047,3,0.1501790047553239,0.1614553330721906,0.14008825106189945,0.14985121425907746,0.1652835141081561,0.14456320209401244,0.006583165904330356,0.01791153893018155,0.033111841122890846,0.07300884955752213,0.19551014734500974,0.34880291800861435,0.4098778687424507
0,2048,3,0.15246783753516702,0.16322182466622664,0.14286305251618509,0.151555048645504,0.16915480461366353,0.14926353830148387,0.006927906473262611,0.017672502574665294,0.03386889944934751,0.07362543768335383,0.19830759175810947,0.3476521536489688,0.4137824474660074
0,2049,3,0.15388290336397484,0.1643867539791662,0.14452037721739852,0.153492746249788,0.1698738961089044,0.14687586017065785,0.007713668620796051,0.01724926223035039,0.03394662814567019,0.07401177460050462,0.19756271428086494,0.3453646094987827,0.41637432029468513
0,2050,3,0.15614617940199335,0.16719228108843218,0.14632188102810073,0.15596166530865635,0.17181109653522647,0.14934203251133474,0.007521826729348556,0.017366196593714692,0.033741738491864105,0.0756305273501474,0.20031066387519417,0.3473408758562303,0.4167283493708364
0,1990,4,0.04857364721268596,0.04555349840288092,0.05162045114016543,0.04721773411749499,0.054143908810258844,0.05259355584453114,0.008721493636539828,0.017826149840902517,0.029029931482149298,0.06068479168599796,0.17977044476327117,0.3245231607629428,0.3408146300914381
0,1991,4,0.051142979409452345,0.0487741935483871,0.053524387323381495,0.04942339373970346,0.058303612963250116,0.056286239570074954,0.009210014269036192,0.01856578441313241,0.030773606370875995,0.06235565819861432,0.19213670464017782,0.34073672806067173,0.3338391502276176
0,1992,4,0.05142779413336442,0.04949591095398124,0.05336106683254928,0.049191192714597806,0.06011551907584739,0.05991992268397073,0.009244136669497615,0.018201649737541754,0.031676128826868995,0.06335274180933345,0.18721338009171837,0.3349206349206349,0.34904996481351164
0,1993,4,0.052749676732334376,0.050307519469885945,0.05518524848553903,0.05040039379059465,0.061417910447761195,0.0620605732828556,0.008573036311277349,0.018642878620827905,0.031382611270107566,0.061451557685724065,0.19371659496806154,0.34403080872913994,0.36297760210803687
0,1994,4,0.05247215620485577,0.050498624805882464,0.05443099093745357,0.0499193899525754,0.06228882033201116,0.06221106855105006,0.008336145798177522,0.01888837789895539,0.029911373707533235,0.06121429166319647,0.18843494657448145,0.33575909661229614,0.36476426799007444
0,1995,4,0.05311464031634992,0.05149867763737878,0.054712902581242846,0.05011470930701744,0.06415449153768263,0.06585051546391753,0.008168705994941555,0.01919392030138677,0.030858657092789673,0.059619238476953905,0.19252942589478741,0.32736635605689063,0.3658099222952779
0,1996,4,0.053973913355072206,0.05185719437432384,0.05606395100413047,0.05118920998438525,0.06561118242761375,0.06296851574212893,0.007936507936507936,0.019256115986755393,0.030615520423722013,0.062082293260326916,0.19045936395759716,0.3341182010831175,0.3661807580174927
0,1997,4,0.054128077952859587,0.05245930644019816,0.05577140865929088,0.05160588640046168,0.06582367404285212,0.06085070490420533,0.007823188914225574,0.01950138148171946,0.029277713402858247,0.06064620593214102,0.18585929296464823,0.33579583613163194,0.37365743357829284
0,1998,4,0.054842704552881885,0.05326203951251693,0.05639443724861954,0.05259260065999412,0.06577311040486389,0.06015996290715196,0.007375255840214553,0.019154260780287473,0.0288497286043572,0.061665868181507086,0.1853078944361933,0.3339011925042589,0.3880926130099228
0,1999,4,0.05563379687803068,0.05454731353202801,0.05669827701349005,0.05343789115573481,0.06689711264741766,0.05996631106120157,0.007275552730098184,0.019833963239331977,0.029043259737928557,0.060543471245078424,0.18072683618902105,0.3356247472705216,0.3857374392220421
0,2000,4,0.05581233537100542,0.054730532906963114,0.056871649425381574,0.053451413065199786,0.06813947298376365,0.06130310367598503,0.00705348598163967,0.019056942404960028,0.028819045630155582,0.058644603966419274,0.17988535695674832,0.327752117013087,0.38469601677148846
0,2001,4,0.05698408442808745,0.056215256077102725,0.05773460704824596,0.05479508662458547,0.06931337455255451,0.06129691364662867,0.007104038645970234,0.01886730542065888,0.029648868350929267,0.057656826568265686,0.17915050233761065,0.3295012052660857,0.3869371598218704
0,2002,4,0.057906954558463446,0.056977531349730826,0.05881153327267593,0.05589803905663821,0.07042432724728036,0.05980960264900662,0.007025262560317911,0.018690362986523264,0.029924366984544558,0.05731799118184751,0.17926356589147288,0.32965860597439545,0.38793503480278424
0,2003,4,0.05898282537948072,0.05768334431604494,0.06024472468472968,0.0573194916626194,0.07127199849689986,0.058640049906425455,0.0069681352979603685,0.018261943711815175,0.029873599166015116,0.05813717532467533,0.17851002865329513,0.3396791820906046,0.38110165696372594
0,2004,4,0.05966108024835442,0.05894430931547525,0.06035698951113292,0.05812839348450974,0.07265715859704965,0.057309471144178566,0.006820337004887301,0.01813959749612977,0.030182760938450213,0.05703693141308998,0.17702465601625267,0.3342804613070366,0.3834782608695652
0,2005,4,0.06173846740373618,0.06071671721235378,0.06273112654460179,0.06030917684127609,0.0761266383386199,0.058335716328281384,0.007364411391257029,0.01766867855818188,0.03073809373221175,0.06020596778452601,0.17990051584377303,0.3388547089446285,0.38886563415655084
0,2006,4,0.0623007240978575,0.06179826286959417,0.06278796771826853,0.061072026476479864,0.07629395957471667,0.05877001455604076,0.00713905167820991,0.016922245490778896,0.030546774748834153,0.05933148783208693,0.18103371586157815,0.3437452151278518,0.3801490780698313
0,2007,4,0.06329288672527791,0.0626522387398692,0.0639138086448899,0.06277920575151992,0.0750214102198116,0.05865921787709497,0.0066007741222007185,0.01725004186903366,0.031203101550775388,0.061458954482210296,0.17450535192993838,0.33905643475664377,0.3887640449438202
0,2008,4,0.06445337460772758,0.06484488906211655,0.0640744414793288,0.06406973170799847,0.07750683555605156,0.059104227710339054,0.006971911242206878,0.016930437983069563,0.031505433591180985,0.05903974270617965,0.17895527996993613,0.33627422620769454,0.38851942597129857
0,2009,4,0.06475176086583061,0.0643076923076923,0.0651806822019588,0.0648958976781367,0.07835556765586714,0.05662000469226558,0.006435088842644469,0.016584826509707003,0.03129409551284061,0.059884666568091084,0.17191453472026988,0.3327862125564218,0.3974484789008832
0,2010,4,0.0660461979430113,0.06647061248608611,0.06563716790718618,0.06644250889775187,0.08069409698195561,0.054793476604176196,0.006698412698412698,0.016219185163645764,0.02941639633397373,0.062426130869238206,0.16906712473572938,0.32862511338603084,0.3964837829645347
0,2011,4,0.0679142570027219,0.06819908814589666,0.06764010605090966,0.06839910226730521,0.08124446297357861,0.05815176558978212,0.0069185397736330305,0.016429710121352116,0.02931431636742293,0.0613837350442171,0.1686573697704959,0.328921568627451,0.40269804822043626
0,2012,4,0.07071679867921933,0.07133018628224501,0.07012766831924787,0.07149635640219748,0.08402674970646791,0.058958256372367936,0.0066894933739141465,0.016665575273394014,0.02963079835910382,0.0629394267171444,0.17351518330710497,0.33353165159447884,0.4015599784830554
0,2013,4,0.07268631475672256,0.07391877637130802,0.07150443820650937,0.07368150023602112,0.08367592499749323,0.062035282111094915,0.007096448621711979,0.01687735786617248,0.029269061121613107,0.06475913566378114,0.17534157449577098,0.3292725374173338,0.39791507754894484
0,2014,4,0.07516073588388822,0.07679895901106051,0.07359172482552342,0.07605316436395056,0.08799487886547173,0.06359712230215828,0.007657207150893862,0.01608417384311229,0.029550565356475468,0.06482924295546033,0.17747578723188479,0.3325930038867296,0.39946962391513985
0,2015,4,0.07703704633774257,0.07949715577128036,0.07468369979118045,0.07808176810358519,0.08875223938410885,0.06509547810037623,0.007634535410589039,0.016074791498520313,0.028401122019635343,0.06576879910213243,0.1772205296461214,0.33625277161862527,0.4054788317862803
0,2016,4,0.0797254095313623,0.08213026158881587,0.07742982392404757,0.08105028486499877,0.0912165380584929,0.06697491943393583,0.007366312220681153,0.01668866998408991,0.028250948126245422,0.06620518845457721,0.18076314401266044,0.3358027304476664,0.40897269180754225
0,2017,4,0.08177485761129566,0.08463187453772769,0.07905176121971037,0.08346526089014379,0.09155292903709958,0.06882255389718077,0.007377475740043469,0.016478245974648854,0.02922588303230567,0.0668274417719109,0.1804165082583534,0.3267080745341615,0.40535452834135116
0,2018,4,0.08450687207370487,0.08753128329657804,0.08162856233271627,0.08575530979519073,0.09586318465449503,0.07355647965096462,0.007569696596713644,0.016096169519152406,0.02933496663550498,0.06732937402737638,0.18020685459338875,0.3324233885170835,0.39920948616600793
0,2019,4,0.08687611115751291,0.09018882711665156,0.08372888454558146,0.08816847743776554,0.09826800364630811,0.07521528525296017,0.008147526199583295,0.016047071409467772,0.029605792437650845,0.06594425265311342,0.18093263437915655,0.3323215750615258,0.39738874586244943
0,2020,4,0.08969624635891497,0.09375265412101579,0.08584590579292871,0.0912158957984256,0.09998198522788687,0.07852915752377153,0.008332807272268166,0.01657293087956338,0.029437313000675612,0.06604046707626983,0.18499735069260465,0.3256312165263963,0.39395491803278687
0,2021,4,0.09326944637862462,0.09695900212724812,0.0897497982243745,0.09497670666213191,0.1042903701058083,0.07969236889213022,0.00822937757168049,0.01712260049495017,0.029379084967320262,0.06511988124818484,0.1873763645688329,0.3279399017624964,0.3976815327644502
0,2022,4,0.09465497557272258,0.09840222878369369,0.09110104899447838,0.0964450808572896,0.10654798625187274,0.08054036667738823,0.008485167401170822,0.017440727508931473,0.02891364543756842,0.06605019815059446,0.187847866419295,0.3265182594660031,0.3880597014925373
0,2023,4,0.09730583299128928,0.10224576569804318,0.09264715656084539,0.09870323080344476,0.11071895424836602,0.08493288169614854,0.007998133768787283,0.017497785090494874,0.029170784582523035,0.06619392928190977,0.19096230227858685,0.32699501246882795,0.39387442572741194
0,2024,4,0.10030652987817983,0.10564325131543639,0.09528565940398441,0.10177176605067632,0.11451633789441878,0.08651824366110081,0.007464212678936605,0.01784146494418663,0.029086584817124124,0.0661717444401594,0.19194855833361835,0.328222106057966,0.39423355549116196
0,2025,4,0.10326410495456537,0.10932714617169373,0.09757451718957522,0.10463661523296812,0.11831636581401317,0.09022189709826872,0.007734922128148845,0.01793862116382274,0.029151517101579844,0.06433823529411764,0.19348083094071947,0.33057451496748536,0.3981586402266289
0,2026,4,0.10657720215339003,0.11280544029506685,0.10074667127042017,0.1076299410762994,0.12418744954752092,0.09298414223930802,0.007627926687149063,0.01862174197365553,0.02963202065848935,0.06444084278768233,0.19270346117867165,0.3336193408368243,0.4071034575541504
0,2027,4,0.10943799565814541,0.1169139397830723,0.10245313336904124,0.1109636494511427,0.12554368481060765,0.09488791365199857,0.007594483252731507,0.018593822753375757,0.028751181667046974,0.06545983513819298,0.19438884440886042,0.334027105517909,0.40476190476190477
0,2028,4,0.111889767247264,0.1189973403951739,0.10526875431974055,0.11352997827498937,0.12909311978533394,0.09570358229922735,0.00782387190684134,0.018807598269700958,0.028467223961527288,0.06584535581131463,0.19227049918303377,0.33527140797246385,0.4046236318963592
0,2029,4,0.11484383561643835,0.12196813772870448,0.10821814951511755,0.11563562759062056,0.1350212730457996,0.10111123972682023,0.007476979742173112,0.01922026162697265,0.029072171506727314,0.06678723679111226,0.1932948132222521,0.3375470683162991,0.3988522238163558
0,2030,4,0.1183968075711155,0.12619797448852438,0.11116015132408576,0.11955998013387396,0.13739318012113166,0.10320733104238258,0.007238535875527033,0.01947311862971767,0.0292329131563945,0.06694103273101408,0.19515085841996546,0.3438500822297239,0.3970408067100179
0,2031,4,0.12052184380473151,0.12912753796376672,0.11254701211867948,0.12144449200702614,0.1419022075510625,0.10498836615402077,0.007697532261716097,0.01870675098500149,0.029694570135746605,0.06569647905422771,0.1952254822059223,0.34344741235392323,0.3953160767740799
0,2032,4,0.12294900401419827,0.13085058505850586,0.11564965233388419,0.12378694390858086,0.14378307420929565,0.10797725609412824,0.006985838490451422,0.018915169356748893,0.03147805932283021,0.06582506762849413,0.19266397475484373,0.3457388330143735,0.3933727034120735
0,2033,4,0.12577319587628866,0.13450358032728008,0.11772556566001428,0.1261946915657163,0.14832360027769836,0.1111111111111111,0.00681255946717412,0.019287936398202556,0.031966752077995125,0.06659965630167634,0.1925234908402623,0.3463971670711813,0.3962888820449646
0,2034,4,0.1279522700689981,0.13657389259114072,0.1200243055913159,0.12847695714013402,0.14883513272181184,0.11518208525026329,0.007102704345183835,0.018509965538068,0.032155236444664524,0.06645942408376963,0.19124166638464923,0.34815567364801503,0.39650208723189867
0,2035,4,0.1299036402569593,0.1388997617902636,0.12164340798702032,0.13055008168079293,0.15077345611696757,0.11630596398480092,0.007013264217106266,0.019636363636363636,0.03208589146330176,0.06734139071763126,0.18931742696400733,0.35021634986864475,0.39341479972844534
0,2036,4,0.13142854087693878,0.13992441353400273,0.12364374045879738,0.13179902517682412,0.15295392518863382,0.11827544647748439,0.0068627075106391135,0.0188441279026634,0.03266385753390951,0.06701030927835051,0.18887032427455927,0.34810732192750793,0.3954787746451737
0,2037,4,0.13349102442254093,0.14286992106263557,0.12491824053634208,0.133760483256114,0.15438652510577153,0.12232649498035793,0.006327160493827161,0.018864365214110546,0.03183405845946443,0.06765895378903401,0.19152334987424377,0.34762996941896024,0.396236722306525
0,2038,4,0.13567723896525227,0.14532457798709073,0.1268785389991328,0.13551425867369024,0.15816022560273266,0.12419047619047618,0.007007981312049835,0.019620567240523724,0.03312469013386217,0.06751429134634339,0.18806214227309895,0.35331856717329874,0.39570552147239263
0,2039,4,0.1376675488773158,0.14768234912031178,0.128553228354482,0.13722550489461152,0.15942486964765365,0.12827054608620128,0.007278306711779054,0.0195,0.03329309358917339,0.06833926837164131,0.19126127959834452,0.34918196482064673,0.39870761073677236
0,2040,4,0.13986481070827433,0.14975639327331103,0.13087990863389315,0.1392644054546393,0.16369854935723552,0.12897115332575634,0.006925648782041076,0.01954957772912105,0.03393483225578179,0.06861544411499292,0.19486399729684067,0.3468013468013468,0.4016619032497089
0,2041,4,0.1414887632925294,0.15210188211427927,0.13187318119160668,0.14096022394857477,0.16178947780781133,0.13452477660438666,0.007007934270409601,0.01960393672550504,0.033754583551597696,0.06948746607057321,0.19477009358424272,0.3473524491304517,0.4007048728164266
0,2042,4,0.1422126008723516,0.1518500124161907,0.13350267270575755,0.1419898318922329,0.16180081855388814,0.1326331745344305,0.007449164485604993,0.018834726276642542,0.03393286975127039,0.0695297825602496,0.19338999695235515,0.34587402248764737,0.39974286703258666
0,2043,4,0.14400596960440634,0.15363805125418817,0.13531700244044398,0.14405889321878562,0.16125014595415094,0.13464137073671695,0.007763596455572718,0.01778116721522036,0.033643008402213265,0.06938931055289149,0.19640910329790134,0.34241440605920087,0.4043055287998459
0,2044,4,0.14586403881531526,0.15596632545245911,0.13678016488399888,0.14526615045075375,0.1647259742276044,0.13830361966504592,0.008241534067727457,0.01806087482362427,0.03312745648512072,0.06908060453400504,0.19616321768077147,0.3464990328820116,0.4055092288953434
0,2045,4,0.14692725673553741,0.15741142114028883,0.1375165111968954,0.14673823162389307,0.16285736422096536,0.13995448634590377,0.008778831421590956,0.018329036416371253,0.03414441289580563,0.07001192493566812,0.19573883161512026,0.3438589693917086,0.40503884878856145
0,2046,4,0.14893351763015963,0.15967118764546048,0.13930414756019824,0.14900892722045694,0.16511204861245501,0.14064712931691906,0.00878341286263249,0.01811579584426064,0.034253859977261894,0.07313334793080797,0.19818206858559428,0.3437390115256886,0.4061145231213873
0,2047,4,0.150374876220116,0.16134012304430978,0.14056249742257412,0.15033067726051585,0.16705909599722082,0.14183662340495146,0.0073953746847347495,0.018195849071930465,0.03516499925339704,0.0745045494204163,0.19926327495134835,0.342516782429863,0.4081331364917461
0,2048,4,0.1525333916036164,0.16299023864939036,0.1431939934225495,0.15284868990117806,0.165914438915249,0.1466352735038055,0.008053691275167786,0.018414006179196703,0.03326544467073999,0.07460332481625186,0.2004746998727254,0.34617625354410225,0.4106039201836482
0,2049,4,0.15448145585538092,0.16541213208734357,0.1447384819907773,0.1542790188551254,0.17130075970845707,0.1470410129369667,0.00846299642967338,0.017914294027183173,0.03482095339466282,0.07585559940480041,0.2010930445704199,0.3470263168064304,0.4097526749693036
0,2050,4,0.15683601726250262,0.16857568261486336,0.14639486992336165,0.15758351763473402,0.16999768500655915,0.1480703306424859,0.007924781732706514,0.018119429217056535,0.034901248405673865,0.07658041270881101,0.20220166137637605,0.3502655275917802,0.4126790612618104
0,1990,5,0.04898234428641491,0.04616386238326789,0.05182570144290963,0.04739869450009694,0.05438138209451437,0.05519433607860136,0.008527682666838943,0.017609198727220134,0.028789517970909964,0.062262225109028485,0.18464849354375898,0.32861035422343327,0.3325020781379884
0,1991,5,0.05111312361294945,0.04837717121588089,0.05386365450626646,0.04910899556069771,0.05822608156303303,0.060104652807240845,0.0096964586846543,0.018985350162581727,0.02838452787258248,0.06626399005151892,0.19060850236176716,0.33098591549295775,0.34522003034901366
0,1992,5,0.05159296936485266,0.048272110957866314,0.054916216321293884,0.04938756474140259,0.0609515123879009,0.058815407980118736,0.009113477493957012,0.0184061626559411,0.029766010505650767,0.06326583818545234,0.18964121931480982,0.3415343915343915,0.3553835327234342
0,1993,5,0.05215068076367232,0.049507778433650056,0.05478645625629047,0.04948795216884972,0.06313432835820895,0.061114115738236885,0.00840753367978551,0.01880992950452708,0.030741142800750024,0.05991098938719617,0.19006648416112631,0.34146341463414637,0.3669301712779974
0,1994,5,0.05275175916864719,0.049656669223716955,0.05582380032684594,0.05011944408487003,0.0636844424856765,0.06181481970677585,0.008336145798177522,0.01911832336902963,0.030049852289512555,0.05680019988340135,0.19057196731615336,0.3480552070263488,0.36910669975186106
0,1995,5,0.05309637530936356,0.050745665589186015,0.05542133657880874,0.05013776645415663,0.0642991465355128,0.06597938144329897,0.007895276505571126,0.0198434607515183,0.029790144035560115,0.05778223112892451,0.1897669949555609,0.3352133398724865,0.38015540944411236
0,1996,5,0.05345433045472462,0.05124413992066354,0.05563666144423871,0.05056688316096766,0.06496933390386535,0.06521739130434782,0.007866889445836814,0.020252676246504002,0.029732766230639595,0.05902246557693856,0.18657243816254418,0.3287026136096068,0.3830903790087464
0,1997,5,0.05411052100250187,0.05210544939844303,0.05608502482794669,0.051439415799169864,0.06603442219880576,0.06253765513917339,0.0071917207507454835,0.019726273854655273,0.029432213209733486,0.05954220946492971,0.18947614047369035,0.3268412805014551,0.3900508762012436
0,1998,5,0.05442990075508695,0.05258497968820527,0.05624105255982003,0.05174310327927771,0.0672239878402653,0.062246435609134114,0.0072693909238478365,0.02037345995893224,0.028998438545616775,0.05543768393675998,0.18142351193876385,0.33752129471890974,0.39966923925027564
0,1999,5,0.05569282925307179,0.05388272583201268,0.05746627487645252,0.052838787671306155,0.06879490307713163,0.06423357664233577,0.007134279861552589,0.02015699195658494,0.02965356309459702,0.05789711482605048,0.1805085670631889,0.3354225636878285,0.40086439762290654
0,2000,5,0.056185080264400375,0.05442917175911199,0.05790448710592324,0.05339882411098373,0.0697364918818206,0.0637244111820383,0.007124375287987807,0.01964431391744167,0.029167101736799973,0.05608954860688648,0.1791558103178739,0.3364126250962279,0.3946540880503145
0,2001,5,0.057357803829811434,0.05601789414821881,0.0586658103877338,0.054598799549572814,0.07074520013016596,0.06516829766641574,0.006855397293361276,0.019720435752723454,0.030256012412723042,0.05488929889298893,0.1796478663085646,0.3367328017800853,0.39336961900049483
0,2002,5,0.05867014341590613,0.057864027594210374,0.059454710883820164,0.05611096465435078,0.0734779566130161,0.06260347682119205,0.006599489071813795,0.01931337508607404,0.030746464978625453,0.057963221851812026,0.1817829457364341,0.3294807965860597,0.40046403712296985
0,2003,5,0.05938665463097133,0.0579565727510889,0.0607753777000874,0.057299255301926505,0.07402768209431954,0.05832813474734872,0.007222181897365174,0.018061629886822687,0.03023195204586917,0.057376217532467536,0.18319006685768863,0.3377401727481051,0.3882669055082848
0,2004,5,0.06074257348707655,0.05993934990681366,0.061522419186652764,0.05890689875439157,0.07596253902185224,0.05751055700784235,0.007185060908891969,0.017735747459110184,0.031815126588355794,0.0579400161604639,0.18099547511312217,0.33728898545879993,0.38782608695652177
0,2005,5,0.06119710255432711,0.06053103917806524,0.061844201918162416,0.059925167388735726,0.07534861451912143,0.05661995996568487,0.007364411391257029,0.01682570725292511,0.03133894124343811,0.0585335797905114,0.17695283714075166,0.34106325918914654,0.38509836751778986
0,2006,5,0.062174081468458535,0.0617679992736737,0.06256786500366839,0.06152684904729187,0.07413249211356467,0.056768558951965066,0.006961463328005683,0.016618253056812807,0.03117273324778567,0.06057100359459571,0.17560715238857752,0.34190782422293675,0.387995292271479
0,2007,5,0.0635253941727821,0.063080352529562,0.06395673262651844,0.06295941498392343,0.07627747644875821,0.05778631284916201,0.006704451202654133,0.016446156422709763,0.03185967983991996,0.06046511627906977,0.17766785598443074,0.3426395939086294,0.3865168539325843
0,2008,5,0.06444627465458728,0.06397875073982648,0.06489877467760188,0.06417216877904323,0.0771162323531053,0.059104227710339054,0.006536166789568948,0.016194331983805668,0.0320065140459115,0.06011180029098706,0.17497181510710258,0.34408446630026035,0.3846692334616731
0,2009,5,0.0656863081944683,0.0659020979020979,0.06547787909490037,0.06599505831910178,0.07895453307922679,0.05716743567685931,0.006531134944773491,0.016227114565379987,0.03151359317675833,0.061917787963921334,0.17824008996345234,0.3340172343044727,0.3918874713771672
0,2010,5,0.06689597032540887,0.06688287594992373,0.06690859004582417,0.06733675531629496,0.08181189120136265,0.056241426611796985,0.006984126984126984,0.015799166424348164,0.031432080879342385,0.061853085491207334,0.17402219873150104,0.33186471426720227,0.39102758411639893
0,2011,5,0.06897905672054996,0.06917607468519323,0.06878942625413037,0.0695654478943927,0.08285997185887749,0.05845229151014275,0.00784313725490196,0.015779028532387676,0.030765832570761414,0.06304837870643315,0.17040835469951848,0.3355392156862745,0.39552238805970147
0,2012,5,0.07112299114893506,0.07254710547078726,0.06975519535564746,0.07152247538286073,0.08611976109040788,0.06021425932766901,0.007513791135628686,0.01604348110798245,0.030987693278636794,0.06307463493780421,0.1739231800431311,0.33507853403141363,0.39833243679397523
0,2013,5,0.07289931967519978,0.07488132911392405,0.0709986596869231,0.07338969231429429,0.08663391156121528,0.06349322058609126,0.007758783826405097,0.016016943543583295,0.03005671077504726,0.06320623802286394,0.17436564736499674,0.33600185636384733,0.4030002542588355
0,2014,5,0.07523712521484499,0.07685100845803514,0.07369142572283151,0.07654448576438598,0.0864191451644672,0.06266187050359712,0.00721965245655707,0.01591663036557987,0.029772273778228234,0.06447214647448384,0.17448405253283303,0.3400333148250972,0.4059787849566056
0,2015,5,0.07686754097948985,0.07939442967756848,0.074450313229333,0.07779756083289448,0.09059216578705273,0.06403066657201675,0.0072000496555148655,0.0160075329566855,0.02865612648221344,0.0666345999679333,0.17759550035153504,0.3284922394678492,0.40910119990944077
0,2016,5,0.07997943049738544,0.08323395833861924,0.0768727748310688,0.0811823961687722,0.09150233400019053,0.06851618327028162,0.0072430266605023885,0.016451711181070378,0.029086584817124124,0.06725304035817484,0.18313697907508353,0.32966451476346703,0.4083224967490247
0,2017,5,0.08268639002575538,0.08589803056325139,0.07962529274004684,0.08382432145713306,0.0965245532573519,0.068338861249309,0.007652983132825175,0.016512504282288454,0.028070963395463732,0.06974677920924034,0.18307776792126051,0.32881032011466793,0.40493620581468315
0,2018,5,0.08517746563963148,0.08869588918898828,0.0818290080296188,0.0864490316127419,0.09775826207534088,0.07232940214056854,0.007692781094221183,0.0167413746264602,0.02765868282776184,0.0696160320132118,0.18523626039342933,0.3242338851708348,0.40652173913043477
0,2019,5,0.08709088522712358,0.09109500134701574,0.08328679789659826,0.08831992857883032,0.09881494986326345,0.07602260495156082,0.007649967347700345,0.01741775875902648,0.028093322606596943,0.06875719217491369,0.18261481887176279,0.3231337161607875,0.4045605001838911
0,2020,5,0.08989713380876696,0.09348572537885681,0.0864908441782794,0.09133445038095539,0.10245901639344263,0.07620187512467584,0.007764661321886244,0.018003926919365035,0.028150435929607823,0.06771319200952167,0.18367269699492847,0.3224177505738332,0.4065915300546448
0,2021,5,0.09366480591977151,0.09866321794623864,0.0888965755793843,0.09491343104143762,0.10719228536988258,0.08042166677716635,0.0076089086277839465,0.019262925556818942,0.028529411764705883,0.0687017974119849,0.1882555498571324,0.3212944235770009,0.3984865561101272
0,2022,5,0.09491576501132985,0.10010477188303649,0.08999446709048001,0.09626608974458746,0.10923592138891337,0.08028304921196526,0.007597184766164573,0.017992854822994477,0.02804430420503574,0.06753230015787608,0.18859711716854574,0.32537494115273385,0.39308719560094263
0,2023,5,0.09668445295754093,0.10211656369658671,0.09156162077139503,0.09807440126992892,0.11176470588235295,0.08204742190440346,0.007831505981937548,0.01809897481331477,0.027194184971466827,0.06673939549509081,0.18901121873040205,0.3268079800498753,0.3909647779479326
0,2024,5,0.1004648847967967,0.10629659444891673,0.09497832171670051,0.10158125357210897,0.11866016316311996,0.08435374149659863,0.007668711656441718,0.018092311551486266,0.0280902487626149,0.0658825041779149,0.19365872011492288,0.3290933379799036,0.39263981454650826
0,2025,5,0.10371901290590707,0.10975638051044083,0.09805351738552984,0.10483375668195777,0.12246556591667379,0.08699097781029018,0.007630396153444131,0.018782423901493844,0.027703594066733162,0.06498323013415892,0.19449417328154028,0.33508894502069114,0.39362606232294617
0,2026,5,0.10647131599772623,0.11326648224988474,0.10011005848205615,0.10760733607607335,0.12516463440540426,0.08980057664584334,0.007486668785535191,0.019151122598324667,0.028373143963847644,0.06346839546191248,0.19490845917412802,0.3344268914349165,0.4010493744114086
0,2027,5,0.10938815293961278,0.11609988763787292,0.10311730048205678,0.11055875472377182,0.12896414847345974,0.09204127624243862,0.007343722013254523,0.01896632003724973,0.029794308439547543,0.06478099240342654,0.19595676541232987,0.33325266214908034,0.3979242979242979
0,2028,5,0.11270451192389844,0.11995616788612783,0.1059492796001914,0.1136195659477256,0.13303425432895896,0.09646452821353313,0.006914119359534207,0.019842016174534512,0.029596875706032342,0.06565083481925758,0.19810597218980291,0.3372715010000465,0.3926736654009381
0,2029,5,0.11493698630136986,0.12150191605735663,0.10883152317600651,0.11626072526213173,0.1344373070826729,0.09671258247482348,0.0069613259668508285,0.02040947513900942,0.029930977448392123,0.06681953236016018,0.19813222252082774,0.3327505827505827,0.3915761426521828
0,2030,5,0.11785710391748531,0.12404558533656569,0.11211643547709121,0.11958221833465527,0.1382228490832158,0.09713631156930126,0.007350471997313533,0.01963593734735745,0.03148159878380946,0.06661950999935695,0.1952185838610274,0.33640612827836924,0.39722929035906135
0,2031,5,0.11993081123287226,0.12659098339402275,0.11375888006686168,0.12156995881736461,0.14099442954404787,0.09891606605754498,0.0072070032450381105,0.01870675098500149,0.031611362493715434,0.06675661783603187,0.19383319750067915,0.3386894824707846,0.39223454833597465
0,2032,5,0.1233109842079387,0.13027677767776777,0.11687609782461829,0.12469995729453517,0.14525987611272922,0.10279795079659967,0.006264474733285242,0.020404019896457213,0.03172863093933035,0.06666237279402293,0.1951070543924536,0.34248137139134327,0.39468503937007876
0,2033,5,0.12587548114451833,0.13351590383622527,0.11883257291246366,0.12691462868141312,0.14909952219545064,0.10614182021217197,0.006584205518553758,0.0208779813342551,0.031341791138053875,0.06695632437339905,0.19417967957817886,0.34424859746150477,0.39574992300585154
0,2034,5,0.12780204096962153,0.13572268578148625,0.12051865660113083,0.12885086291587852,0.15005276402305381,0.10808713485948672,0.006305074445457308,0.020463992610224892,0.031412478336221836,0.06668848167539267,0.19235845544688485,0.3472960300093779,0.39247157046207
0,2035,5,0.13065310492505353,0.1387879262332666,0.12318371789737428,0.13113613221300008,0.1544084979199483,0.11415826862712704,0.006441530721146517,0.019672727272727272,0.032672076018881314,0.06835675215354885,0.19148647732664542,0.35052542110956575,0.39558723693143244
0,2036,5,0.13272240251928763,0.14051702931770915,0.12558015634765324,0.1337633305236926,0.15415797078182694,0.11504327818560316,0.006440976881493693,0.018992506862526893,0.033155968381878016,0.06865191411123514,0.1918027755992771,0.3512458376392238,0.39644210391111684
0,2037,5,0.1345001762011042,0.1430264540799213,0.12670672880385905,0.13513870154243152,0.15590324898219846,0.1176887821911829,0.006790123456790123,0.019015280135823428,0.03391751945584901,0.06865345090499238,0.19346067568486167,0.3495795107033639,0.39423368740515935
0,2038,5,0.13720332109621788,0.1456713612922712,0.1294801816048564,0.13769322758853436,0.15919291416769274,0.1206530612244898,0.0065407825579131785,0.018017330228652137,0.035045860188398614,0.06958407254090282,0.19450122649223223,0.3547697242801497,0.39501099664313
0,2039,5,0.1396044992743106,0.1484550860649771,0.1315497120725679,0.1401799100449775,0.15985937746879444,0.12544783411138855,0.006963569124242662,0.01823076923076923,0.03586631933413813,0.06866299773389446,0.19682475066151028,0.3573623166141793,0.3951728708715343
0,2040,5,0.14140372438483528,0.15095758773209997,0.13272558556904973,0.14163919434180736,0.15984589377678185,0.1288629106456676,0.006766438465212546,0.01790741319987488,0.034803306635787574,0.06987237334020885,0.19902010474742354,0.3537675606641124,0.39980946332168943
0,2041,5,0.1429566335413709,0.15133551222810773,0.13536529330678512,0.14351519280757752,0.16010498687664043,0.1298673165448145,0.006846832333158806,0.017970275331712953,0.03424567836563646,0.07025387194635159,0.19852022027771207,0.35307162588024743,0.4018285831034835
0,2042,5,0.14461853372056885,0.15354312933155745,0.13655282164279595,0.14452072586929898,0.16222958487624245,0.1347444781290602,0.0068854439299375885,0.017075218938697165,0.03443434073281626,0.06962529050332686,0.20033185466120348,0.35116523363031554,0.407061266874351
0,2043,5,0.1453265835288307,0.1534343022729331,0.13801272298408096,0.14540753600727224,0.16405246565212314,0.13377655261877736,0.006869360214616698,0.016777715340772256,0.03453104720267778,0.06843659690685636,0.19651131098391933,0.35099312157044593,0.4077730687728761
0,2044,5,0.14725183694985639,0.155568684034129,0.13977341219978137,0.14700183294056035,0.16519174041297935,0.13738519719070771,0.007425540595675234,0.01701269905261036,0.03509264458169568,0.06892317380352644,0.19513366965235596,0.3501353965183752,0.4143633467628596
0,2045,5,0.1490047106943013,0.15792475645091375,0.14099794186010792,0.14912874174973315,0.16556907104671884,0.13957520589510186,0.006666942730547849,0.017402513696422817,0.034360061819358086,0.07123579991213205,0.19893470790378007,0.34908950019372337,0.41359017976185003
0,2046,5,0.14962734097623112,0.158490306455866,0.14167917583434436,0.1496671205931306,0.16371869799125285,0.14108290663470965,0.006798699379249187,0.01710712124268711,0.03333700077016173,0.07350871156432794,0.19776890235504752,0.34569251806993556,0.41401734104046245
0,2047,5,0.15141952403234055,0.16142077006382635,0.1424697925687657,0.15127438221572792,0.1653221137144401,0.14505398625804342,0.007053392040353952,0.017464765850290404,0.03258921905330745,0.07643649507665462,0.19835974423130387,0.34662993287028054,0.41461996152641706
0,2048,5,0.15282838491163858,0.16321024536538484,0.14355596003888554,0.15213680447645803,0.16846044053543185,0.14800416141926298,0.007014505304178393,0.017713697219361484,0.033039149128762164,0.07715844926027571,0.19872037425613154,0.3456325008738882,0.41435634822532225
0,2049,5,0.1550470605032234,0.16485283493742864,0.14630675917078642,0.15490341180642278,0.16887123520111064,0.1493531516652904,0.0077577467272005995,0.017415520179558584,0.031513723104995055,0.07847577149511548,0.1989884245901083,0.3498473547938324,0.41527802139975445
0,2050,5,0.15587024425778964,0.16617231555623294,0.14670767947447996,0.15589958483684477,0.168415772821977,0.15171956209222603,0.007297962838594135,0.017659120391680966,0.03142271866424458,0.07880773010153946,0.1984196663740123,0.34861079042561377,0.41385466103539864
0,1990,6,0.049207127676965834,0.046713189965616166,0.05172307629153753,0.047695986557228724,0.05509380194728093,0.05432740933391129,0.00878609729310679,0.01793462539774371,0.028729414593100133,0.06272617611580217,0.18163558106169297,0.32670299727520435,0.3566084788029925
0,1991,6,0.05122259486679339,0.048496277915632754,0.05396343897182087,0.04948627337550461,0.059078926965421,0.055861971432612074,0.009177584641328318,0.018880458725219398,0.029692832764505118,0.06351039260969978,0.19074742984162268,0.335590465872156,0.3603945371775417
0,1992,6,0.05148609127388968,0.048835447464014456,0.05413864157692158,0.04937529148972729,0.059963520291837664,0.05909153665608173,0.009309466257267916,0.018440248142340993,0.030827187350772008,0.06500391066307465,0.18640410035068788,0.33015873015873015,0.36171710063335677
0,1993,6,0.051333003727086025,0.048688995944170456,0.05396988169163865,0.04936789406072539,0.05977611940298507,0.057598702001081664,0.008970242626857767,0.018642878620827905,0.031234580084871212,0.06008216364258816,0.1839395124494851,0.33170731707317075,0.35046113306982873
0,1994,6,0.05282631995899156,0.050068291952775644,0.05556380924082603,0.05051955234945926,0.06317026590274717,0.05956940958922203,0.00921363482956463,0.019184022074765127,0.030834564254062037,0.06188056966769385,0.1879321181646763,0.33475533249686323,0.3542183622828784
0,1995,6,0.05292285774299309,0.050323244196297384,0.05549399647599498,0.05076030942691461,0.06270794155938088,0.05940721649484536,0.00888645840453893,0.019486213503945957,0.03141428388254904,0.059034736138944555,0.1836416046120586,0.33570377636096127,0.35564853556485354
0,1996,6,0.05353495538753718,0.05147854309412189,0.055565446517590086,0.05099685442078345,0.06518328341178149,0.061219390304847576,0.008945976051239209,0.0194168515125213,0.03097664713907391,0.06103551010548353,0.18515901060070672,0.3282316929597363,0.360932944606414
0,1997,6,0.05489180529342053,0.052476999292285914,0.0572697970206464,0.05250482764743746,0.06617492096944151,0.062055669357753945,0.008524820206981231,0.019244361626935682,0.03089996137504828,0.05946860970044896,0.18667600046669,0.34407880008954556,0.3764838892029395
0,1998,6,0.054937305423209896,0.05261970070483664,0.05721248892221692,0.05277774752502205,0.0672239878402653,0.05807349020516982,0.008469193309337285,0.01905800821355236,0.030113763105063574,0.06200807610704264,0.17982406032217527,0.33262350936967633,0.3869900771775083
0,1999,6,0.055886792771064016,0.05422354003714875,0.05751636169360225,0.0532988135611353,0.06960824183272334,0.061313868613138686,0.008264462809917356,0.019187905804826048,0.02983306408185245,0.05873620344671787,0.18378260395067117,0.33400727860897694,0.39005942733657484
0,2000,6,0.05725361562546593,0.05612014264427665,0.05836352607505287,0.05454526331289376,0.07033537396859196,0.0648250055029716,0.008294048842732073,0.019742209169521945,0.02961957467543768,0.05943545443484609,0.1801980198019802,0.3439183987682833,0.38207547169811323
0,2001,6,0.05786963692347689,0.0567580013815335,0.05895480452757486,0.05559056582332097,0.07159127888057273,0.06043660608667599,0.0075658011579583,0.02024543903399396,0.030660775120585557,0.05592712177121771,0.17825524718989355,0.3439643982940849,0.37951509153884216
0,2002,6,0.058479346201545455,0.0574288385287386,0.059501772660245346,0.05649625859306877,0.07023347541192188,0.06187913907284768,0.007025262560317911,0.0204282388431649,0.029792831305491613,0.05726422195935047,0.17916666666666667,0.33410384068278803,0.38793503480278424
0,2003,6,0.05959252836702536,0.05827801796878767,0.06086902234985641,0.05841225514003562,0.07045781925220768,0.05645664379288833,0.007040720040647456,0.01973091176176009,0.02954782382069325,0.05910105519480519,0.18013371537726838,0.33456724836946944,0.39632781012091356
0,2004,6,0.060415791357390725,0.059133840856682565,0.0616604305955959,0.05936601724688598,0.07124931137907817,0.05801327166700181,0.007185060908891969,0.019889614323214646,0.029414588867906412,0.05855791625077238,0.17970265029088558,0.3337790406150761,0.3839130434782609
0,2005,6,0.06226458253907739,0.06153679519712818,0.06297164847719551,0.06175659708546672,0.07259560715781914,0.057096558955295015,0.006965354616361327,0.01864652527227973,0.030263740433875152,0.061350233254114955,0.1802689756816507,0.3439028237892412,0.39053997488488906
0,2006,6,0.06337346166453113,0.06275156614108889,0.06397652237710932,0.06298808751947511,0.07407407407407407,0.057951237263464336,0.006819392647842301,0.018036884415321218,0.030452880973991424,0.06271949758294426,0.1801441152922338,0.347113765120196,0.3915260886622205
0,2007,6,0.06413572622248057,0.06324274051875581,0.06500121617947947,0.06424933370007493,0.0751926919783043,0.05595321229050279,0.006635333149018523,0.017986936861497237,0.030483991995997998,0.06169747565096402,0.17839766461239054,0.34293819050462826,0.40224719101123596
0,2008,6,0.06480837226474305,0.06397875073982648,0.0656113338828888,0.06484266597133624,0.07661402823503152,0.0571787358727501,0.0063015351612254475,0.01729849098270151,0.03037800256803733,0.061911325522628076,0.1774520856820744,0.33685276251084756,0.40112005600280015
0,2009,6,0.0656519498367978,0.06538461538461539,0.06591016548463358,0.06649467679226773,0.0768309283964062,0.055837960428560256,0.005858812229870338,0.01642223017137654,0.031639020413282745,0.06006949578589384,0.1795754849592353,0.3366160579948024,0.39777559699051357
0,2010,6,0.06709829708312258,0.0664431282551636,0.06772971684369454,0.06819523187809633,0.07718102943524778,0.05685108977290047,0.006317460317460317,0.016251494297437885,0.03105414002708576,0.05977579599584542,0.17626849894291755,0.33225346637294284,0.41224613519248254
0,2011,6,0.0690921916905692,0.06905395136778116,0.06912899813235467,0.07034301164578437,0.0799937464172182,0.05732531930879038,0.00675912641479356,0.01568142629404301,0.031144488971632325,0.06200797641754812,0.1744731411418923,0.33137254901960783,0.40729047072330654
0,2012,6,0.0712016090462994,0.0710493587771968,0.07134783837242159,0.07254982195561514,0.08213793455510746,0.058588843738455854,0.006879715934309809,0.015650579529827777,0.030577469233196593,0.06280421849648458,0.17450603252316838,0.3381722989052832,0.4061323292092523
0,2013,6,0.07321559970566593,0.07372099156118143,0.07273095111650608,0.07439385486847187,0.08548079815501855,0.06079603440734801,0.007159528165016085,0.01591766496789993,0.031190926275992438,0.06333839952421859,0.17783561049663849,0.33194106044784777,0.40350877192982454
0,2014,6,0.07554268253867209,0.0763825634352635,0.0747382851445663,0.07707816245796237,0.08440023636005516,0.06568345323741007,0.007032129016127016,0.01618469992963174,0.030722452728597218,0.06216725100636281,0.18056893666649765,0.337034980566352,0.40453230472516877
0,2015,6,0.07785318324784822,0.07893216225586502,0.07682102935757278,0.07929382852270732,0.08904275407931052,0.06559239014694399,0.007075910868350816,0.01647834274952919,0.029389264312125463,0.06394099727433061,0.18242324818373565,0.3409090909090909,0.4075164138555581
0,2016,6,0.07945899729870387,0.08064597975287342,0.07832594637796991,0.08120716703822971,0.08845384395541583,0.06697491943393583,0.0068115271998767145,0.016790223756812564,0.02873304621713698,0.06449052170323565,0.1845876560576754,0.3350619113133665,0.3940182054616385
0,2017,6,0.08209297630627489,0.08466948313254523,0.07963724131338717,0.08377535865254362,0.09136532057595798,0.07034273079049198,0.00743869960510607,0.017163412127440904,0.029931667254820184,0.06549470076791267,0.181557048113885,0.33397037744863833,0.39426898138464755
0,2018,6,0.0847787343301616,0.08712243229179573,0.08254825435379845,0.08636836628511967,0.09461520684076727,0.07355647965096462,0.007323527601698566,0.016707416462917686,0.028819187002353246,0.06688474608568616,0.18239707969985805,0.3337442761535752,0.3984189723320158
0,2019,6,0.08734145497500269,0.09056844064558792,0.08427567592721857,0.08861485974827227,0.09740200546946216,0.0782427341227126,0.0074944802064869235,0.016581973789783364,0.02835076427996782,0.06735072241401355,0.18226273374540333,0.3313371616078753,0.4076866495034939
0,2020,6,0.08987940844554473,0.0932673291352722,0.08666359553149833,0.09120008852075495,0.10092776076382634,0.07979253939756632,0.007575279338425604,0.01707211554461047,0.028472155197374772,0.06871039341203719,0.18041783362349556,0.3312930374904361,0.39976092896174864
0,2021,6,0.09283278061676088,0.09675352929800812,0.08909258618701718,0.09443886388623043,0.10339747310147775,0.0817476629317775,0.007837502449219515,0.01648719149220788,0.027973856209150327,0.06886314498693084,0.18580115759396293,0.3252672637965906,0.3918853646755756
0,2022,6,0.09497371821990924,0.09989046575864369,0.09031063334876525,0.09674080530436271,0.10593108310566669,0.08311354133161789,0.008024731960797211,0.016336472880805458,0.02723935861935733,0.06846666881464059,0.18759811616954475,0.3277288317976999,0.39890023566378635
0,2023,6,0.09715191316641583,0.10198736169513026,0.0925917720817918,0.09919402458570103,0.11054466230936819,0.08116923848952452,0.008064784883527177,0.016200480951778257,0.026588452832594766,0.06696399922993006,0.189882238171556,0.3329800498753117,0.39448698315467073
0,2024,6,0.09995023131129184,0.10568991868211357,0.09455024422369793,0.10156601257382358,0.11481849182026158,0.08447742733457018,0.008418541240627131,0.016649943559513356,0.027961689271710485,0.064789818742769,0.18952012860416595,0.3336818261021084,0.3945233265720081
0,2025,6,0.10282042929831853,0.10846867749419954,0.09752008534912582,0.10401486143230845,0.11964239883651297,0.08821019263594246,0.007630396153444131,0.01687605475342209,0.028089706876025612,0.06495098039215687,0.19067725046444858,0.33406782393722795,0.39674220963172807
0,2026,6,0.10632641915313368,0.11289764868603043,0.10017479876561859,0.10783338607833386,0.12223307983175426,0.09142239308024988,0.007451354310131723,0.017656400834552985,0.02827630729502905,0.06434359805510535,0.19330482426834159,0.3375561500025236,0.3990313466971613
0,2027,6,0.10924416286385184,0.11535462863170447,0.10353508302088912,0.11088866894607402,0.1266838393648917,0.09198197129640612,0.007379545047465521,0.017910911066273474,0.028034032010952833,0.06610635202844674,0.1926207632772885,0.33688286544046464,0.40341880341880343
0,2028,6,0.11209345341642261,0.11879187736139807,0.105853580732628,0.11347771879922657,0.13001551297639513,0.09687426832123625,0.007641921397379912,0.018556830292771612,0.028564051253913435,0.06467822985897229,0.1957050918670179,0.3346667286850551,0.40384185838731296
0,2029,6,0.11461369863013698,0.12145643101624953,0.10824987573895663,0.11580678528639148,0.1330608158838742,0.09954855886097928,0.007882136279926335,0.018095329926397327,0.028595057094691307,0.06459113809585325,0.19651975275463585,0.3392953200645508,0.3916786226685796
0,2030,6,0.11786255546954218,0.12559757119876747,0.11068726355611601,0.11907073971668532,0.13722724632871483,0.10194730813287514,0.007462408119100034,0.018463642580351037,0.029391271299170203,0.06636229181403125,0.19874030679624802,0.3376179347355665,0.39496748657054
0,2031,6,0.12013685928544704,0.12761687879778588,0.11320518178019223,0.12092048356384785,0.14124200536414278,0.10470461381306395,0.0072070032450381105,0.019435155448134293,0.029160382101558573,0.06643536365972758,0.19773838630806845,0.3392320534223706,0.390121500264131
0,2032,6,0.12285715829339845,0.1301980198019802,0.11607579017388503,0.12336725227148895,0.14620338843992287,0.10662613297303383,0.006909905463381298,0.01955808208980476,0.030350487048579573,0.06479453819399716,0.19571782430185605,0.34419153874343417,0.3918963254593176
0,2033,6,0.1254878738122796,0.13313430155559047,0.11843943014991154,0.12564371928329526,0.14909952219545064,0.11099944165270799,0.006964795432921027,0.02008295886622883,0.02984188488219486,0.06569177393729127,0.1971540593523964,0.3454820355707635,0.3887434554973822
0,2034,6,0.127893251494243,0.1361594892759142,0.12029207905496565,0.1283303274241558,0.1509051059339232,0.11252147885372207,0.0068368277119416595,0.020144242725690126,0.029772220846744243,0.0680955497382199,0.1946597177569461,0.34534229446702097,0.39275946451705773
0,2035,6,0.12933618843683084,0.13791560888869006,0.12145857079777785,0.12926077050993723,0.15170241124439598,0.11861886667768048,0.006937033084311633,0.019454545454545454,0.03128374417671922,0.0672431299335102,0.1935877448654511,0.34542574563436873,0.3885268160217244
0,2036,6,0.1324497291979662,0.14195943377239081,0.12373595073921909,0.1326492468941254,0.15363621769144326,0.12095978963514846,0.007131081547368017,0.01906669634245864,0.031495094269984314,0.06760128701818899,0.19667882838340095,0.3494852068741149,0.39117590392396123
0,2037,6,0.13456958875730166,0.14369730986828866,0.1262263919548688,0.1342516567943229,0.15865730023149996,0.12325403753819293,0.0073302469135802465,0.019468024900962083,0.031159997548869417,0.0681562023470132,0.19682550472435592,0.3486238532110092,0.39532625189681336
0,2038,6,0.13612012294032272,0.14607407738860984,0.12704177931949193,0.13539687314292423,0.15966953965921277,0.12647619047619046,0.006774381934981507,0.019391533381684926,0.03142042637580565,0.0689269991458046,0.19576178795312074,0.34942335599175134,0.3947216112976039
0,2039,6,0.1378222914710151,0.14696560760641933,0.12950109565306017,0.13715201222917953,0.16278243008374152,0.1265334925632396,0.007042253521126761,0.01942307692307692,0.031482305101975985,0.06931045645840078,0.19709613949385982,0.3478377755587987,0.3946757980779852
0,2040,6,0.13982206310614764,0.14909405240351153,0.13139996125098147,0.1394414083530618,0.16208672406337224,0.12945824538615577,0.006726635886005413,0.018181107288082577,0.033355849335777926,0.07009797602165786,0.1958776820408853,0.3503231549208561,0.39546946120461524
0,2041,6,0.14109233118152842,0.1503437394342387,0.13271047123091848,0.14044182446993653,0.16171112939240803,0.1331167072840509,0.006846832333158806,0.018089811531258715,0.03293609219486642,0.06910426313268402,0.19649312476772865,0.3477026028090106,0.39789559709878436
0,2042,6,0.1429359882543323,0.15195159943111272,0.13478801974945934,0.14193045608045424,0.164958097836679,0.13566478995236034,0.007328367223676263,0.017874995001399607,0.033565124364803425,0.0695297825602496,0.19799532694456673,0.3468855775590398,0.400286802155961
0,2043,6,0.1444837526908851,0.15332110839445803,0.1365116967722831,0.14326162924990127,0.167360759740007,0.1376141830171342,0.007519713844402894,0.017098819940595648,0.034804289910513014,0.06929403918828797,0.19749931861542655,0.3453126207589458,0.40305336158736277
0,2044,6,0.14648801006960507,0.15615946556993376,0.1377915351374544,0.1456028130026559,0.16709361900326036,0.1393841166936791,0.008037535699714403,0.0174158435799234,0.03382930937675463,0.07166246851385391,0.19849685987851334,0.3485106382978723,0.40152721821418536
0,2045,6,0.1479470977698397,0.15794757135360818,0.13897052047388414,0.14712913265076,0.16870690323080498,0.13990030342436063,0.007909230195867324,0.017684498872059296,0.034791359666463,0.07271072616581938,0.198213058419244,0.3458736923672995,0.40494689899314973
0,2046,6,0.1493996801908014,0.16039347419831926,0.13954062223684482,0.14873657134210924,0.1679374540387816,0.14130079529360498,0.007812170094168321,0.017429897115190638,0.033997139399273846,0.07172573430510808,0.20110866271863378,0.3478023051377222,0.40561777456647397
0,2047,6,0.15084279138600826,0.161512938086131,0.141294486370572,0.15024696149835992,0.1706102597753503,0.1424364707165449,0.0073953746847347495,0.01713983997400593,0.03486635807077796,0.0738813411442104,0.20218237420072283,0.3477164254394474,0.40464367199033685
0,2048,6,0.15299773292179947,0.1646923958731372,0.14255279541646845,0.1522363153422791,0.17139219997685454,0.1468542955702787,0.00753409828967309,0.01721936148300721,0.034849513464584744,0.07573893568026245,0.20343297444188366,0.3492057327067231,0.4054829595620696
0,2049,6,0.15449243846990215,0.1662161217403463,0.14404262390428316,0.15372400289841667,0.17303613435656165,0.14869254060005505,0.007713668620796051,0.017955858514485223,0.03482095339466282,0.07365594876107913,0.19939577039274925,0.35286161456119336,0.4090948956323452
0,2050,6,0.15644418935773335,0.1683881027468727,0.14582138574631145,0.15578318395219803,0.17524500347249017,0.14906557558332412,0.007745690620102977,0.01744988910741934,0.03335523518726085,0.0769734687192925,0.20041196731275748,0.35419071807896557,0.4095441285322419
0,1990,7,0.04868603890796142,0.0459604077231389,0.05143572586769565,0.047101402442965165,0.05541043299295496,0.053315994798439535,0.008495380838555461,0.01757304020827307,0.029390551749008294,0.06198385450496428,0.1830703012912482,0.3242506811989101,0.3266832917705736
0,1991,7,0.050854373376591065,0.047722084367245655,0.054003352758042626,0.04904611592489656,0.05876880136455264,0.055861971432612074,0.009631599429238552,0.018740603475402958,0.029237770193401593,0.06564220998401137,0.1910252848013337,0.32963163596966416,0.3277693474962064
0,1992,7,0.05188445506747894,0.04871889508343208,0.05505229190155904,0.04995213431846633,0.061331509347925216,0.05494960651663675,0.008982818318416411,0.018917444951939463,0.030084363559187137,0.06543842878248023,0.1882924197464257,0.3412698412698413,0.35467980295566504
0,1993,7,0.05212215714611698,0.04884132757012015,0.055394139653240665,0.04975208000672325,0.06291044776119403,0.057598702001081664,0.008705438416470822,0.018776519327787244,0.029803611960919768,0.06179390619650805,0.19436840046929996,0.3337612323491656,0.3557312252964427
0,1994,7,0.05275175916864719,0.04997474133253504,0.055508096865250336,0.04996646151311531,0.06515351843690319,0.06009774138158764,0.008066149173135336,0.019216871427632877,0.030372968980797638,0.05988173565420172,0.19597737272155877,0.33074027603513173,0.3610421836228288
0,1995,7,0.05330642288970675,0.050635468704084634,0.05594812083340902,0.05059890939694032,0.06610733400838999,0.06005154639175258,0.007621847016200697,0.018966581143840734,0.031371543360259865,0.05895123580494322,0.19144847465769876,0.3379107405590976,0.36939629408248653
0,1996,7,0.05395599670333608,0.05167688424089434,0.05620638085742772,0.051234470116997444,0.06625303095136215,0.06021989005497251,0.007344750765803397,0.019256115986755393,0.030856271567289945,0.05837829132780417,0.19175500588928152,0.34306569343065696,0.36967930029154517
0,1997,7,0.05440898915858315,0.05184005661712668,0.056938757731509713,0.051838945242270215,0.06743940990516333,0.05940474755994698,0.007121557621469918,0.019662018890959327,0.02970258787176516,0.05961580922941047,0.18947614047369035,0.33803447503917616,0.3787450537026569
0,1998,7,0.054894305027606255,0.052793305787993475,0.056956847774217736,0.05251636371557085,0.06791488185712312,0.05818940535527994,0.007339967534758981,0.019667607802874743,0.02951892334002528,0.058106905755937306,0.18702159259682394,0.33858603066439524,0.3814773980154355
0,1999,7,0.0559036591639329,0.053763440860215055,0.05800053425938293,0.05324532217859703,0.06974379829198861,0.06108927568781583,0.007381507381507382,0.019284814420001937,0.029258660922635075,0.05757438843348609,0.18847539015606243,0.3376465830974525,0.38843868179362506
0,2000,7,0.056466709739409905,0.05504863634080597,0.05785530435923078,0.05397730260736035,0.0697364918818206,0.06086286594761171,0.007195264594335944,0.0191548376570403,0.02961957467543768,0.05821876140649714,0.17790515893694633,0.342378752886836,0.3841719077568134
0,2001,7,0.05781276657973628,0.05637972435117266,0.05921168820743357,0.055187660774610785,0.07321835340058575,0.06097429831164641,0.006571235747522467,0.01873605460034125,0.030121091510102203,0.05615774907749078,0.18273152292847905,0.3469312071203412,0.388421573478476
0,2002,7,0.05843959678188698,0.05676799587376293,0.0600665139773476,0.05587776042828463,0.07335072205611044,0.0627069536423841,0.006634970195855805,0.017870610223956456,0.03107530417625781,0.05661899128938595,0.17906976744186046,0.33908250355618774,0.40185614849187934
0,2003,7,0.05938665463097133,0.057474404924540735,0.06124360094893245,0.057754573417516594,0.07227406525959792,0.05770430442919526,0.0073310590113958045,0.01719360331185524,0.03127443315089914,0.056209415584415584,0.17688634192932187,0.34796404019037547,0.3981191222570533
0,2004,7,0.05983225184009461,0.05766497141232587,0.06193645341348218,0.05847772277227723,0.07296321234008692,0.056304041825859644,0.007148588518491502,0.017264589082587333,0.03069487565214608,0.05632396977042635,0.17683996675593314,0.3351161624603042,0.39869565217391306
0,2005,7,0.0609226077011056,0.05856594664851148,0.06321217040978924,0.059984245766049625,0.07409180681070082,0.05547612239062053,0.006711409395973154,0.017162895775027817,0.030706470178989313,0.05848956958014259,0.17667649226234342,0.33349108692222745,0.4035161155295103
0,2006,7,0.06303078160851039,0.06157128590019066,0.06444607483492297,0.06201070284602805,0.07722864820656619,0.057951237263464336,0.007068016338128219,0.01682091467945687,0.03148571249726143,0.06185183654918812,0.1767636331287252,0.3422140560404226,0.40761082777559826
0,2007,7,0.0636634454697377,0.06290320199589601,0.06440028043667997,0.06334828753805734,0.07747644875820725,0.05551675977653631,0.007291954658556815,0.015943728018757326,0.030952976488244122,0.06129994036970781,0.17750567628932856,0.34323678710062705,0.3951310861423221
0,2008,7,0.06452437413913069,0.06358898849479595,0.06542970114428626,0.06456329214121416,0.07784163830143408,0.056257848472164085,0.00680431722196152,0.01652892561983471,0.031254893363815726,0.059575771498583355,0.17685080796692973,0.3380098351171536,0.4014700735036752
0,2009,7,0.06504037107026284,0.06427972027972027,0.06577507598784195,0.06597689037462301,0.07770215083038388,0.05325721435833268,0.006403073475268129,0.015739325550388605,0.03038474804803863,0.061104539405589235,0.1723362384031487,0.33716317877171387,0.40628066732090284
0,2010,7,0.06678131849603777,0.06664925998708242,0.06690859004582417,0.0676944538837122,0.08181189120136265,0.05197378448407255,0.006666666666666667,0.015896093825724534,0.02982583225725174,0.0621754235163497,0.174088266384778,0.3299209537384994,0.40497120339496817
0,2011,7,0.06835348688632598,0.06822622666087712,0.06847597528961563,0.0696538074115963,0.07983740684767314,0.054921111945905335,0.006695361071257772,0.015941698929628788,0.028588558265753683,0.06284029824865614,0.1740979300856732,0.32708333333333334,0.4018369690011481
0,2012,7,0.07056611437593768,0.07163775926396448,0.06953684913560584,0.07217544989944193,0.08030016846189188,0.056963428149242705,0.006372455773254708,0.016763800667932684,0.0288734616598296,0.06344645754461871,0.1797517048435041,0.32103760114231317,0.3991393222162453
0,2013,7,0.07247330983824536,0.07321993670886076,0.0717573274663025,0.07354417886109085,0.08578161034793944,0.05868202361860329,0.006276414558758594,0.016281686412072276,0.029048519218651543,0.06469305491310381,0.17778139232270657,0.32405151409676297,0.4030002542588355
0,2014,7,0.07463874212235025,0.07623942745608328,0.07310568295114656,0.07614634600886072,0.08548355327949576,0.060647482014388486,0.006875859482435304,0.01645276949368361,0.028663731669464416,0.06473185300610311,0.17610668830181025,0.32626318711826763,0.4108003857280617
0,2015,7,0.07632135704734222,0.07818739807645389,0.07453629775211891,0.07806505002883868,0.08768701883503607,0.06005537019947469,0.006951772081186767,0.016074791498520313,0.027763610863190107,0.06531986531986532,0.1773611436606515,0.3261640798226164,0.41227077201720624
0,2016,7,0.07887660776684592,0.08105193717808845,0.07680011625372375,0.0803649574766741,0.09054968086119844,0.06501331091495026,0.007088919710278934,0.01695948004468366,0.02818666838079321,0.06553837360683326,0.1782574292245472,0.3324161286908668,0.40377113133940185
0,2017,7,0.0810774435492258,0.08362897867592674,0.0786455097261387,0.08286138630020727,0.09277238403451996,0.0650221116639027,0.007499923470168672,0.016786570743405275,0.02752558467806615,0.06511391762391318,0.17957166392092258,0.3263258480649785,0.4061911733946873
0,2018,7,0.08385440265820873,0.08673836013578809,0.08110976170543915,0.08573111019690406,0.0951698636468685,0.06871634058218011,0.007908178964859377,0.01697908177125781,0.028464588504561426,0.06567789881538413,0.17972013790306227,0.3253786544557943,0.4043478260869565
0,2019,7,0.08642866517915737,0.0889887585413044,0.08399646330680813,0.08831992857883032,0.09804010938924339,0.07016953713670614,0.007992039058369873,0.01715030756886868,0.02835076427996782,0.06581639176575886,0.18093263437915655,0.3239540607054963,0.4051121735932328
0,2020,7,0.08886906274187735,0.09221174729127993,0.08569618795347231,0.09023584458284595,0.10335975499909926,0.07281069220027928,0.007859352313616565,0.017105394522280274,0.028793874465141717,0.0663299771608711,0.18075845886004088,0.3211170619739862,0.40095628415300544
0,2021,7,0.09272656462063186,0.09698317540127635,0.08866597486452207,0.09453377731727187,0.10531720166078842,0.07704037658290791,0.007739533668604272,0.017457026285867167,0.02803921568627451,0.06705605214753622,0.18462891054289693,0.3212944235770009,0.40750281758170986
0,2022,7,0.09400589963663339,0.09847366415849128,0.08976863404884769,0.0955579075160703,0.10923592138891337,0.07732389835960116,0.007728737749128462,0.017635595972718417,0.02865606285015133,0.06463253536102072,0.18695590124161554,0.32241576434191943,0.394815396700707
0,2023,7,0.09645642358735805,0.10210481806009068,0.09112962183477702,0.09827378624397053,0.11067538126361656,0.08079287416886212,0.007998133768787283,0.017181369446905456,0.028086842860330922,0.06507091060771353,0.1887324925092328,0.3261221945137157,0.39509954058192953
0,2024,7,0.09942426676017148,0.10508324291531039,0.09410021403874651,0.10130691560297199,0.11443000820132085,0.08299319727891157,0.007634628493524199,0.01727706007776245,0.028154528508067107,0.06424347602519605,0.18770735711598316,0.3286867630829994,0.40321645899739206
0,2025,7,0.1019836233137517,0.10827146171693736,0.09608308476126194,0.10364332562459719,0.11853024210796476,0.08577176298463789,0.007421344204034703,0.01703231451965748,0.028926284629492583,0.0628547471620227,0.18787366998817767,0.3323480410598162,0.39759206798866853
0,2026,7,0.10573011290807967,0.1119870908252651,0.0998726774423272,0.10742649607426497,0.12418744954752092,0.08715761653051418,0.00766324116255253,0.01715816024662909,0.029018721755971595,0.06508914100486224,0.18949619136709875,0.33432594761015494,0.40374007803040496
0,2027,7,0.10838576048912321,0.11556100804879726,0.10168184252811997,0.11016885609741467,0.12765508213335586,0.08842367453445617,0.0072720759448325276,0.017879869625950645,0.02963131988134433,0.06361726200096977,0.19245396317053642,0.33044530493707647,0.40525030525030525
0,2028,7,0.11172461629929756,0.11911148652504937,0.10484342601945877,0.11323881833859661,0.133076181292189,0.09078670100678998,0.007860262008733625,0.017459720393705722,0.029790530290804636,0.06561841465391474,0.19653873086798493,0.3310386529606028,0.39803439803439805
0,2029,7,0.11456438356164383,0.12162699992040117,0.10799606594824396,0.11571748561903274,0.1373571368983065,0.09422386850329899,0.00714548802946593,0.018288175360781665,0.0305353223703044,0.06678723679111226,0.1932948132222521,0.33521606598529674,0.3981348637015782
0,2030,7,0.11741552820087879,0.12512177991254503,0.11026691887347626,0.1184851337627777,0.1402140545922177,0.09799541809851088,0.007014663631954032,0.018724152528574685,0.029517957813390765,0.06716609864317408,0.1932545460702313,0.34008482645200383,0.39477900292149654
0,2031,7,0.11954040439641477,0.12628659684565346,0.11328875888006686,0.1206990715456035,0.14252114710129976,0.09914306793031043,0.007093804241189344,0.0189716253352316,0.02925465057817999,0.0647005911076844,0.19362944851942407,0.3417362270450751,0.3917943299876739
0,2032,7,0.12263024533612832,0.1307155715571557,0.11516115285876129,0.12349242346149882,0.14640849981539977,0.10262906040646287,0.00713770454459167,0.01857679423408791,0.029661415103204185,0.06595388380780626,0.1939533778969156,0.344924467608616,0.39197834645669294
0,2033,7,0.12494953029528141,0.1329098296258053,0.11761176117611762,0.1256510655803942,0.14824192428635602,0.10714684533780011,0.0073453853472882965,0.018769443484272383,0.02971689269420661,0.06287085373366623,0.1959710673967417,0.34516372896192254,0.39351709270095475
0,2034,7,0.12730843107167,0.13580108640869126,0.11949905764338754,0.1282863385093623,0.15041805341342643,0.10736655396042348,0.007064721969006381,0.018332326713326463,0.02955558306511513,0.06537958115183246,0.19266303428204,0.3482728977805564,0.39347919965452716
0,2035,7,0.13012312633832976,0.1388885782345639,0.12207469476191943,0.1306306636289714,0.1520255260713276,0.11443361418580318,0.007089495349900899,0.018363636363636363,0.03035818961527782,0.06658805803936982,0.19267267674371313,0.34909596662030595,0.39904955872369313
0,2036,7,0.1315622042697434,0.14034930786949035,0.12351054783152157,0.13192362663539414,0.1539974313694012,0.11789196888353237,0.007169420695472147,0.01710067512426738,0.03103374035001384,0.06638649944185436,0.1927575271933713,0.35017414934741836,0.39342367221116176
0,2037,7,0.13305853080315666,0.14176300901182942,0.1251021993295724,0.13332062635622544,0.15354833559511455,0.12123526844172851,0.007060185185185185,0.017053386153555932,0.030976162755070775,0.06732745475038122,0.19352865202909386,0.34785932721712537,0.39144157814871017
0,2038,7,0.13644028003073508,0.14693544237244527,0.12686833647911033,0.1362846012193422,0.15843825713945267,0.12402721088435374,0.007514113295697878,0.017673779440393937,0.03204015865146257,0.06958407254090282,0.19501226492232215,0.3514473382723593,0.3955897673341822
0,2039,7,0.13779561171348076,0.14716719115720156,0.12926667685878815,0.13744598289090748,0.16080739453310158,0.12485072196287048,0.008065150680620033,0.01726923076923077,0.031482305101975985,0.0674975720297831,0.19312707782074767,0.3560181273523312,0.39384734342207
0,2040,7,0.1399609928130594,0.14959922764318911,0.13120621615834072,0.1400092926521672,0.15992451940087274,0.1269686637441143,0.008159528737462188,0.017516421645292463,0.033162855029109976,0.06751965966224056,0.19401926001013683,0.35237431789155926,0.40049751243781095
0,2041,7,0.14156912115286743,0.15148202411811112,0.13258794098126309,0.14138234923832305,0.1613585615230932,0.13095044679122664,0.008377300737041363,0.018289038530501654,0.03365636458878994,0.06894459524189686,0.191594310618602,0.3501536785589231,0.4035652262743896
0,2042,7,0.14363258351105443,0.15239180982910808,0.13571632594768843,0.14344453928081047,0.1641785227051257,0.13182113469034215,0.008133682303201127,0.018394849442156195,0.0320272800213961,0.06755595173665277,0.19731807253394737,0.3498813368089328,0.4076052019977254
0,2043,7,0.14490785228450104,0.15443040840351355,0.13631768658164256,0.14510204233695206,0.16237885805472307,0.1345332684719745,0.008535891390943826,0.017460062615396964,0.033711319079172075,0.06919876782368446,0.1943308803488689,0.349254192750599,0.40647274128298977
0,2044,7,0.14659021225780772,0.15598904781922085,0.13813887441641892,0.14680731679946135,0.16426020804222946,0.1371690977849811,0.008159934720522236,0.018222132634549484,0.03277653003930376,0.06967884130982367,0.1955111705961083,0.3483558994197292,0.4099597114213436
0,2045,7,0.14761254674271407,0.15781068193744155,0.13845854537635288,0.14741479109347044,0.16622762841868755,0.1381664499349805,0.00774359186715806,0.018369320012890752,0.03292240232900837,0.07085922299629699,0.19484536082474227,0.3480821387059279,0.40848696611650037
0,2046,7,0.14944846464482206,0.15992341469566512,0.14005469762085912,0.15004539264639127,0.16542168208383326,0.13835929839851835,0.007854398040623285,0.017994754892071817,0.03227344408992555,0.072757984297288,0.19618509847128496,0.34682555186559877,0.4135657514450867
0,2047,7,0.15071765128350217,0.16135164404709787,0.14120169903913563,0.1512058875012367,0.16393252788821555,0.14478132838913732,0.0073953746847347495,0.018520774948214937,0.03341048230550993,0.07263492459179859,0.19762996941896024,0.3492685576811144,0.4096989218449425
0,2048,7,0.15267542541859006,0.16373131390326653,0.14280100109624175,0.15287165394713675,0.1676889248929522,0.14537589662158462,0.006927906473262611,0.018990731204943358,0.033039149128762164,0.07375161666824391,0.20085308382924563,0.3493999300889424,0.4095885573017835
0,2049,7,0.15448145585538092,0.16563352054251823,0.14454114910057747,0.15480320059201702,0.16836990474721375,0.14841728598954032,0.007008418918323269,0.02003408287958768,0.03360450087432525,0.07527333894028596,0.19888658813944804,0.35135448467751285,0.4090948956323452
0,2050,7,0.15602476793854372,0.16832948403812562,0.14508106980866484,0.15624878749078494,0.1716181804151555,0.14867853588410926,0.0072084172822923665,0.019584048206887895,0.032620878908514665,0.07487716999672453,0.2025393395015871,0.34999615177403215,0.41015369878521357
0,1990,8,0.04862473434690208,0.045838334927061505,0.05143572586769565,0.04694629354359206,0.05517295970869944,0.05432740933391129,0.008689191808256348,0.01786230835984958,0.0288496213487198,0.06207664470631901,0.17833572453371593,0.32588555858310625,0.33915211970074816
0,1991,8,0.05112307554511709,0.04879404466501241,0.05346451664404885,0.0491467233421784,0.058071018762598854,0.059680384669777965,0.009404592035283436,0.018985350162581727,0.029806598407281,0.06430982412506663,0.19074742984162268,0.33423618634886243,0.34066767830045525
0,1992,8,0.05138892937301425,0.048932574447833097,0.053847051047781966,0.04904391369449422,0.05981152150782794,0.060334115697915226,0.009276801463382766,0.018542504601540662,0.03040271661272351,0.06204918745111671,0.18977609927164824,0.3402116402116402,0.33849401829697395
0,1993,8,0.05210314140108009,0.04977435877906202,0.0544256442393513,0.04955998703372432,0.06208955223880597,0.0612493239588967,0.008804739995365926,0.018876749858006747,0.030790486529162144,0.061280383430332076,0.19202190066484162,0.33530166880616175,0.34914361001317523
0,1994,8,0.05310592292278298,0.0509476677830374,0.05524810577923043,0.05050778445932429,0.06339062729543117,0.061946902654867256,0.008639892001349982,0.019479666250574863,0.0310192023633678,0.06046472890813692,0.1913262099308611,0.3420326223337516,0.3511166253101737
0,1995,8,0.0538087105818318,0.05137011460476051,0.056220595447857444,0.05119839522255911,0.06495009402574858,0.06211340206185567,0.00792945519174243,0.01938878243642623,0.03141428388254904,0.0593687374749499,0.18988710064857076,0.34502206964198134,0.3759713090257023
0,1996,8,0.05419787150177375,0.052091597547782184,0.056277595784076345,0.05147208581321143,0.06504065040650407,0.06346826586706647,0.007797270955165692,0.019352557302214937,0.030615520423722013,0.061840727916901525,0.18869257950530036,0.3442429950553332,0.36676384839650145
0,1997,8,0.0550585963218189,0.052530077848549184,0.05754856694834045,0.052404945286662376,0.06765015806111696,0.06169418002168936,0.007296965444658832,0.019854783782047164,0.02962533796832754,0.061823802163833076,0.19052619297631548,0.3436310723080367,0.3793103448275862
0,1998,8,0.05469650320782951,0.05307107392104441,0.05629218078941987,0.05211339700933358,0.0664640044217217,0.06108728410803292,0.006881219563836544,0.019699691991786446,0.02862666369246784,0.060981452330435976,0.18336570318747858,0.3366695059625213,0.3880926130099228
0,1999,8,0.055794027610285124,0.054445069270487194,0.05711566715640443,0.05304205492495159,0.0698793547512539,0.06108927568781583,0.006463233735961009,0.019220208676551345,0.02965356309459702,0.06022074485251404,0.18247298919567828,0.3404771532551557,0.3905996758508914
0,2000,8,0.05558040521511522,0.05384319174940146,0.057281505647818746,0.053062254804000966,0.06813947298376365,0.06196346026854502,0.006699039449898983,0.018893783651492902,0.02961957467543768,0.06016547025185546,0.17842626367899947,0.3210161662817552,0.37840670859538783
0,2001,8,0.05730093348607083,0.05614946876747475,0.05842498193786626,0.054671115840366956,0.07028961926456231,0.06377029788149263,0.006606755940752318,0.018703241895261846,0.03015482173575741,0.058002767527675275,0.17934944792599225,0.3361765251251623,0.38644235526966847
0,2002,8,0.058837090978471715,0.05846039779504207,0.05920371474288583,0.05640500476547766,0.0718875246516954,0.06405215231788079,0.0068478569401078625,0.019083844312555335,0.02999013482407103,0.05828583718679428,0.18255813953488373,0.33783783783783783,0.3925754060324826
0,2003,8,0.05928371776294431,0.058422668316752115,0.06011986515170433,0.05748138254816254,0.07239932360493517,0.05791224786857974,0.006786673441242651,0.018762728274296397,0.029026583268178266,0.05935470779220779,0.18404966571155684,0.33280451260356075,0.3860277653381102
0,2004,8,0.060734792960179265,0.06020785292352402,0.061246396368766484,0.059226285531778985,0.07308563383730184,0.05851598632616127,0.006674447443285433,0.018307868344887932,0.030246775277662195,0.06012643186463235,0.18247298919567828,0.33093765669396624,0.39695652173913043
0,2005,8,0.06088448341593595,0.06025252212663242,0.061498451640058925,0.05964946829460417,0.07415165479681608,0.057001239157372985,0.007146744059495737,0.01766867855818188,0.02966289292264879,0.060514039257107646,0.17842667649226235,0.32796971131093233,0.3913771452490582
0,2006,8,0.06268810155248965,0.06261537995944678,0.06275862068965517,0.06207844237785111,0.0748335085874518,0.05576783114992722,0.007423193038536672,0.017462676484496387,0.031235329097680824,0.06098417551543197,0.184058357797349,0.3340989128770479,0.3781875245194194
0,2007,8,0.06306764513550825,0.06279986418459085,0.06332718089596658,0.06276023635863534,0.07553525549528975,0.05551675977653631,0.00725739563173901,0.0166806230112209,0.03135942971485743,0.05947127807592924,0.18083036003892314,0.33129292326067483,0.38352059925093634
0,2008,8,0.06452437413913069,0.06483045342341172,0.06422813071968479,0.06433048061611242,0.07773003738630657,0.05617413143574718,0.007105986458403164,0.016462006892628903,0.03247627697222135,0.05892487939352171,0.18354002254791432,0.33063349725195257,0.37801890094504725
0,2009,8,0.0646005840920804,0.06486713286713287,0.06434312732185073,0.06497765342829112,0.07693983120065341,0.05458668960663174,0.006691211781655194,0.015739325550388605,0.03148223636762723,0.058849622948395686,0.17641270733764408,0.3351114758582957,0.37684003925417076
0,2010,8,0.0657899173832406,0.06619577017686103,0.06539877625619156,0.06631731439915584,0.07941661787406185,0.0541838134430727,0.006634920634920635,0.016574585635359115,0.030361248464615288,0.05988324200422621,0.17428646934460887,0.3205909032007257,0.38951197332525006
0,2011,8,0.06810725195157823,0.06944745983499782,0.06681729726905847,0.06898227508084896,0.08041065193600501,0.05597295266716754,0.006727243743025665,0.01646224420080034,0.030103183869237323,0.061314374891624765,0.17516102807829403,0.3254901960784314,0.3840413318025258
0,2012,8,0.07046129051278524,0.07167787747897136,0.0692928151249711,0.071130690672912,0.0840777987646128,0.05814554857776136,0.007165049774903304,0.01686202606247135,0.029977911012937834,0.06226338561384532,0.1762545899632803,0.3278200856734888,0.3881118881118881
0,2013,8,0.07226030491976815,0.07348364978902953,0.07108717092785069,0.0732867012830966,0.08538052742404492,0.058098848228604755,0.007443386109884565,0.01674498643192799,0.029993698802772528,0.06343752065023459,0.17452830188679244,0.331244924005105,0.3831680650902619
0,2014,8,0.07393214081100007,0.07581001951854262,0.07213359920239282,0.07474015027658007,0.08720701201496947,0.06129496402877698,0.007532191523940492,0.01628522601615119,0.030564089570202388,0.06343332034800675,0.17453475990061357,0.32815102720710715,0.3787367405978785
0,2015,8,0.07586306478243673,0.07794342360388819,0.07387298857634197,0.07676939923598398,0.08952694523797995,0.061830056080073824,0.007696604804171063,0.01694915254237288,0.028879255386969272,0.0641333974667308,0.17782985704241855,0.32250554323725056,0.3900837672628481
0,2016,8,0.07833139203489381,0.08150863928145535,0.07529850565525927,0.07968788704483527,0.09031151757645041,0.06340198963149783,0.00792109724148559,0.016824075014386784,0.028025969017162693,0.06598291683866256,0.1782574292245472,0.32818287649486716,0.38643259644560035
0,2017,8,0.08148732725237212,0.08504556908072058,0.07809587535248291,0.08260841180982846,0.09441395806950893,0.06723327805417358,0.00786726666054428,0.017471736896197326,0.02797472009239357,0.06739861648791014,0.17872681958349174,0.3305303392259914,0.390504078644635
0,2018,8,0.08383627850777828,0.0868870332284362,0.08093289785523104,0.08539231582089071,0.09637162006008781,0.06735292112618448,0.007662009969844298,0.017386579733767997,0.028045517552625642,0.06710706005653126,0.17797606976272562,0.3321592109897851,0.3899209486166008
0,2019,8,0.08664343924876804,0.09027454630060493,0.0831937270231281,0.08733948171825305,0.10127620783956244,0.07333153928955867,0.007649967347700345,0.0174511901577962,0.028222043443282382,0.06683927886459531,0.1819497691886394,0.3277276456111567,0.393710923133505
0,2020,8,0.0893476475488777,0.09354639100207476,0.0853622020039157,0.0907021592741298,0.1029994595568366,0.07414056785690538,0.00789091597752667,0.017105394522280274,0.029791204195219252,0.0663299771608711,0.18185602906668685,0.32869166029074215,0.3874658469945355
0,2021,8,0.0922485926380513,0.09604041771417521,0.08863138475729275,0.09370328479565929,0.10549578106165454,0.07710667639063847,0.007510939847168702,0.017691124339509062,0.02934640522875817,0.0655393849430443,0.18510513590739247,0.3238948280843687,0.38769924327805505
0,2022,8,0.09369295231030467,0.09828316982569768,0.08933955126974627,0.09511432084546063,0.10764959901295497,0.07841749758764877,0.007301190554495823,0.01718090289054888,0.028688260673578467,0.06456809614331283,0.18695590124161554,0.32362633667361623,0.38790259230164964
0,2023,8,0.095857846490628,0.10188165096666589,0.09017700879505527,0.0974225657778698,0.11019607843137255,0.0802910550746456,0.007065018162428767,0.017371218833059105,0.028341887971434946,0.06359494320734134,0.18845376628806354,0.32749376558603494,0.38606431852986217
0,2024,8,0.09902272393082152,0.10467490345688518,0.0937050655836672,0.10047628119641837,0.11430051366167393,0.083426097711812,0.006850715746421268,0.017465195033237176,0.02818666838079321,0.06388996014911942,0.18869925094913978,0.329906487773712,0.3895972181976239
0,2025,8,0.10273057093755968,0.10993039443155453,0.09597422108036317,0.10444705614740114,0.1186585678843357,0.08595464520848574,0.00658513640639699,0.016938558659916246,0.029119341034138806,0.06340299277605779,0.19287282553622698,0.33675498468318377,0.3844192634560907
0,2026,8,0.10589172861935599,0.11333563854310742,0.09892315328341138,0.10726072607260725,0.1238475591621702,0.08901970206631427,0.006992266129886641,0.017562980724317254,0.029761136216914136,0.06314424635332253,0.19520914071896298,0.3338212284863473,0.3917664469258711
0,2027,8,0.10872912143901467,0.11604256002201381,0.10189608998393145,0.11021384440045588,0.12630378784679702,0.09204127624243862,0.006913845602722551,0.017321123700139687,0.029598722169703686,0.06497494747050267,0.19325460368294636,0.3369312681510165,0.39194139194139194
0,2028,8,0.11130623389778257,0.11931694955882521,0.10384390451379659,0.11282820817188888,0.1284222883736531,0.09494263638492156,0.007059679767103348,0.017240298413892546,0.03004873640383436,0.06435402820554385,0.192770682583614,0.33848085957486396,0.39099843645298193
0,2029,8,0.11380273972602739,0.1221500778931329,0.10603961547816707,0.11506262139173531,0.13260198548427463,0.09746498437319134,0.0072928176795580115,0.016970398225822005,0.030026400330799327,0.06442966025061361,0.19400026874496104,0.33925049309664695,0.38542734166837467
0,2030,8,0.11661960160057569,0.12437410789133833,0.10942622950819672,0.11787728960808877,0.13627312702231809,0.10017182130584193,0.008134024849819036,0.01794262268390374,0.028726167099512256,0.06411163269243135,0.19369476143713385,0.34086384488877347,0.388841767976628
0,2031,8,0.12102069698464941,0.12954466027079128,0.1131216046803176,0.12235228128182797,0.1407055910872705,0.10385335679019352,0.007395668251452721,0.01801145581564745,0.029568878833584715,0.06630686198920586,0.1954631893507199,0.34954090150250416,0.39117802430005283
0,2032,8,0.12230608396859957,0.13054680468046806,0.11469344059534574,0.12328625914854138,0.1418960495549083,0.10769577211056691,0.007403470139337105,0.01800155652556424,0.030225201240329503,0.06534200695607369,0.19212106816870822,0.3462274522578281,0.38976377952755903
0,2033,8,0.12445963769481307,0.13349345664324677,0.11613230288546096,0.1249972451385879,0.14583248254175685,0.11038525963149079,0.007231208372978116,0.01776702385067404,0.030091869258171363,0.06734541681527836,0.18944771175556005,0.34472605737476625,0.39313212195873115
0,2034,8,0.12750694809584617,0.13633869070952567,0.11938576887030496,0.1277438085602428,0.149565711502557,0.11363006485228092,0.00736858097842601,0.01765729917930863,0.03029834117355781,0.06717931937172775,0.19259535009644996,0.34577211628633947,0.39599827263567006
0,2035,8,0.1293254817987152,0.13866490712056992,0.12075002823901503,0.12939263187968383,0.15113696029726564,0.11597554931438955,0.00743253544747675,0.018436363636363636,0.031191188720575077,0.06691559398644001,0.19199484850538873,0.3440735589553392,0.3958587915818058
0,2036,8,0.13155685773403122,0.1410761008117718,0.12283433910842904,0.13159379924506176,0.15315459945416598,0.1183302289909061,0.0075528121765134374,0.01917798056235626,0.03140282348599022,0.06678048460174667,0.19142769461588297,0.34657633865350024,0.39612099415580243
0,2037,8,0.1327168074495691,0.14178537087144166,0.12442768375439457,0.13264617910972964,0.15398738724355393,0.12096246180707115,0.007407407407407408,0.018487077909828335,0.031466388871867146,0.06610090830736591,0.19227108966079803,0.3436926605504587,0.39484066767830045
0,2038,8,0.13565055920771793,0.14519033928831115,0.1269499566392899,0.13554360505638174,0.15657147396433252,0.12397278911564626,0.006346116410356239,0.0185135702561362,0.03188522558254834,0.06639726657467639,0.1931384573453257,0.3477430688153975,0.4021877532121773
0,2039,8,0.1375074703321096,0.14697680669257387,0.1288895683636549,0.13694623276596996,0.15950387106967925,0.12718488763435024,0.00668817373514832,0.019346153846153846,0.031895291949933284,0.06888960828747168,0.19288961259244183,0.3486442891159075,0.39771346514967415
0,2040,8,0.1392182532261081,0.14831945036933922,0.13095128840486606,0.13855639386094948,0.16043558595746354,0.1296206094062889,0.0070052539404553416,0.01935408195182984,0.0318440606002123,0.06845429934252933,0.19226220645379288,0.3492782228414412,0.39980946332168943
0,2041,8,0.14059411244743256,0.1500281753634622,0.1320467657119518,0.14011597336907822,0.1604183805382536,0.13013809910641755,0.0075315155664746865,0.01880702872853329,0.03139732844421163,0.06789078716270158,0.19355383627825265,0.3480138505232852,0.399734395750332
0,2042,8,0.1423304862234892,0.153023906810845,0.13266617701065,0.14178201655100753,0.16000779575131555,0.13490688609787788,0.007650493255486209,0.018874715079777664,0.031592671837389674,0.06921142274999204,0.19389793776031966,0.34851962805898146,0.40038569945112
0,2043,8,0.14325440070432743,0.15287965226840533,0.1345715948658777,0.1427326036256883,0.16187288366481142,0.1350197286633155,0.007966831964880903,0.01826282411495545,0.0323451055399959,0.06802375432690781,0.19215044971381848,0.34670376381482343,0.4013195916008476
0,2044,8,0.1457456994395017,0.1562957997705041,0.1362591559655521,0.14489956233868254,0.16414376649588575,0.1385737439222042,0.008119135046919624,0.01818181818181818,0.032495788882650194,0.06895465994962216,0.1949620783142867,0.351257253384913,0.4013866766607327
0,2045,8,0.14707834429617478,0.1577422372293582,0.13750627169494475,0.14634733059702615,0.16316727357248004,0.14114651061985262,0.007992049360221956,0.017684498872059296,0.031520684325917404,0.0714554697797025,0.1952233676975945,0.35017435102673383,0.402372304721622
0,2046,8,0.1478548391468141,0.1576533712438233,0.13906767288355165,0.14723861401119687,0.16344776870379688,0.14217234992918618,0.007516574468983573,0.017591285051442404,0.03286023398246965,0.07066220401013482,0.19408483679933894,0.3512404766555968,0.4010567196531792
0,2047,8,0.1502007682514119,0.16135164404709787,0.1402222772073075,0.1494326354482979,0.16663450032809665,0.1464172756025739,0.00730987902363955,0.018317696275537143,0.033223831566373,0.0732269724541942,0.19940227967750904,0.34880291800861435,0.40339104370777973
0,2048,8,0.15127147578596598,0.1624807494123505,0.14126005750098247,0.15124886136605456,0.16707171237896848,0.14220007665772327,0.006624810565057372,0.01783728115345005,0.03262427396846949,0.07255291631178827,0.19841078738261497,0.3485843010836214,0.4060127141091294
0,2049,8,0.15260342877225352,0.16358276432616345,0.14281708279672636,0.1521977090174676,0.16794570205545487,0.14742636939168732,0.0066117159606823295,0.018454632362109813,0.03314833117919866,0.07372064436824739,0.1974608778302047,0.34683309502647136,0.40576214699175583
0,2050,8,0.15523007472323705,0.16715710986318394,0.14462228246702466,0.1549218174058123,0.1715024307431129,0.14840207895609864,0.007297962838594135,0.017659120391680966,0.03347118617864183,0.07533573534228627,0.20027689606267307,0.34753328715462173,0.409935995123438
0,1990,9,0.04845103809056727,0.045797643995035706,0.05112785041357936,0.04666192722807471,0.05469801314018839,0.055483311660164715,0.008656889979972866,0.01793462539774371,0.029150138237768963,0.05975688967245059,0.17790530846484937,0.32697547683923706,0.3399833748960931
0,1991,9,0.05104346008777604,0.048635235732009924,0.05346451664404885,0.0490209640705761,0.058071018762598854,0.06024607551972847,0.009242443896744066,0.01856578441313241,0.028612059158134244,0.06351039260969978,0.19408168935815504,0.333694474539545,0.3535660091047041
0,1992,9,0.05089340367854957,0.04766992365819072,0.054119202208312275,0.04892118117774123,0.05867153062775498,0.05757282893828524,0.008852159142875808,0.018440248142340993,0.02934153976760227,0.06257060919440341,0.1873482600485568,0.33201058201058203,0.35819845179451093
0,1993,9,0.051893968205674296,0.04863187158443932,0.055147268273229647,0.04974007419591082,0.06044776119402985,0.059085992428339645,0.008804739995365926,0.018375597206909223,0.0301490180598046,0.06059568640876412,0.18980576196063095,0.3391527599486521,0.35968379446640314
0,1994,9,0.05274243906985414,0.049731509719909445,0.05573094636755311,0.0504489450086494,0.061407374761275155,0.06062607317395324,0.008673641579480256,0.018527035017410157,0.030234490398818314,0.05954859665195303,0.1924575738529227,0.33902132998745294,0.36352357320099254
0,1995,9,0.052767605183608984,0.04986409050837496,0.05563931627036748,0.05026458076342214,0.06270794155938088,0.0615979381443299,0.008305420739626769,0.018187132603682894,0.03043125186989785,0.059619238476953905,0.1858035070862359,0.3406081412457087,0.36640765092647937
0,1996,9,0.05366037194969004,0.05095564370717634,0.05633100697906281,0.05108737468600783,0.06447011838539438,0.06184407796101949,0.008423837371205792,0.018452438357925868,0.030455019661343393,0.06047185763749094,0.191283863368669,0.33647280433246995,0.356268221574344
0,1997,9,0.054101742527323006,0.05169851380042463,0.056468333478526006,0.05150600403968659,0.06582367404285212,0.061935172912399084,0.007858270478863357,0.01840904709888839,0.02977983777520278,0.059836608522852726,0.18445922296114806,0.3454219834340721,0.3719615602035048
0,1998,9,0.05471370336607097,0.051751675289052466,0.05762151475901561,0.05278863851708252,0.06397678596103358,0.05946447200649125,0.007410544145670125,0.01896175564681725,0.02896126106030188,0.0617343097666142,0.18393693590768878,0.33049403747870526,0.3958103638368247
0,1999,9,0.05527960262778401,0.05248538759095479,0.0580172298650995,0.0530634514779669,0.06669377795851972,0.06030320044918585,0.007452143815780179,0.01883257421584779,0.029689463292048107,0.05802620538307623,0.1836734693877551,0.32854832187626365,0.3927606699081578
0,2000,9,0.05567152063350066,0.053173500309732294,0.05811761234159057,0.05380901795386897,0.06554431727442107,0.060092449922958396,0.007195264594335944,0.019317996410507424,0.029758797118095436,0.0567587297724784,0.17967691505992706,0.32371054657428794,0.3836477987421384
0,2001,9,0.0566509867004639,0.05387980658530969,0.0593561852773541,0.054846741118009856,0.06703547022453628,0.05989891386170556,0.006855397293361276,0.019687623047644046,0.02927783586872196,0.0547739852398524,0.17865313836665672,0.33283886519562395,0.3814943097476497
0,2002,9,0.058113651540687504,0.05583314528867541,0.06033319737709033,0.05616166122523473,0.07042432724728036,0.06115480132450331,0.006528526823729776,0.01931337508607404,0.029299572509043078,0.05925368319174105,0.17868217054263566,0.3261024182076814,0.40185614849187934
0,2003,9,0.05894323427639341,0.05668686414117874,0.06113434885753527,0.05768374615509147,0.0711467401515626,0.05479309627781243,0.006822965812586195,0.018963042099288886,0.029156893406307012,0.05920251623376623,0.17765042979942694,0.33615371055878723,0.3846842812360054
0,2004,9,0.06012013133529403,0.057901885838835015,0.06227381463534319,0.05895680293835835,0.07302442308869438,0.05570078423486829,0.006747392224086366,0.018678064212155888,0.029286560189482443,0.0583202623698845,0.178779203989288,0.33561758315226475,0.3917391304347826
0,2005,9,0.06132672512390393,0.05903014173423284,0.06355792068789273,0.060801496652225284,0.07217667125501227,0.05490420360308836,0.006856520950480682,0.016960582661766192,0.02978938713553855,0.061878355778540624,0.17649226234340457,0.33569963716674556,0.40142318961908746
0,2006,9,0.06236777019577461,0.060481796447053836,0.06419662509170947,0.061807484250558854,0.07530085290337657,0.05522197962154294,0.006783874977801457,0.017293791798959672,0.030609370598729303,0.061975788125438996,0.17507339204697092,0.3374674628693921,0.39976461357395054
0,2007,9,0.06271888396425199,0.060895495947681545,0.06448612839993705,0.06286456801950054,0.07313731087639166,0.05438198324022346,0.006842687309925353,0.016010718472617654,0.030077538769384692,0.06062413039157225,0.17466753162504053,0.33741415347865034,0.3951310861423221
0,2008,9,0.06404867727872995,0.062419701759704356,0.06562530563201208,0.06430254323310021,0.07427040901735395,0.05642528254499791,0.006469129181470805,0.016261250711011477,0.0309104005511885,0.05815912397580213,0.17617437053739196,0.3364188602834828,0.40812040602030103
0,2009,9,0.06437381893145508,0.06334265734265734,0.06536980749746707,0.06534101231786636,0.07492512932208005,0.053335418784703215,0.006275012005762766,0.01521901726773113,0.030792386566742967,0.060550051752180985,0.17121169524880517,0.3327862125564218,0.3974484789008832
0,2010,9,0.06563480020232676,0.06462916901427805,0.06660397849177549,0.06722944574606979,0.0754777239580561,0.051440329218107,0.006158730158730159,0.0159930212271009,0.029636861831123427,0.06034884137387629,0.17137949260042284,0.3292730335622651,0.38860260685056075
0,2011,9,0.06730199716497075,0.06667933130699089,0.06790131518800528,0.06884973580504355,0.07613737036844025,0.05454545454545454,0.006663478399489877,0.015225949181767902,0.030418730869963082,0.060967574128663084,0.16809455318616723,0.3292892156862745,0.3843283582089552
0,2012,9,0.06980614136808244,0.06947137565359258,0.07012766831924787,0.07112198434602425,0.080249119403747,0.056963428149242705,0.006816308414177921,0.014799292777159322,0.029946355317134743,0.06263520822065982,0.17508888500320569,0.32591623036649214,0.3881118881118881
0,2013,9,0.07176329344332133,0.07195411392405063,0.07158030498444731,0.07284040681457322,0.08372606036298004,0.059046508237352385,0.007222607708320191,0.015355086372360844,0.02948960302457467,0.06337143989955726,0.17463673823465625,0.32683605986773406,0.3897787948131198
0,2014,9,0.07402762747469603,0.07469095640858815,0.07339232303090727,0.07523147167701548,0.08518810321055742,0.06179856115107914,0.007407175896987124,0.015648560801527996,0.029328856934722706,0.06333593039864953,0.1756503219917854,0.3247084952803998,0.40019286403085824
0,2015,9,0.07610790585546844,0.07701888876048127,0.07523645743766122,0.07688642575920956,0.08933326877451218,0.06445659118336054,0.006672459810067656,0.01657923056228141,0.02852862425092439,0.06471059804393138,0.17764237168971175,0.32472283813747227,0.40366764772470004
0,2016,9,0.079217367599316,0.08062060741379748,0.07787788515100874,0.08037321443315994,0.09078784414594646,0.06669468964550931,0.007058098320234242,0.016147049862902406,0.02831522787169763,0.06585590448671133,0.18111482328116757,0.3315694782516668,0.4057217165149545
0,2017,9,0.0814200329130496,0.0838044854517419,0.0791473498064331,0.08262473274469162,0.09347591576380095,0.06889165284687673,0.0068876848195426575,0.016409729359369647,0.02742934137499599,0.06558989655391255,0.1818527436319858,0.32804586717630196,0.4068186571846894
0,2018,9,0.08395710617731461,0.08613127834080829,0.08188796264635484,0.08525518476393291,0.09701871966720592,0.07001158906537597,0.0070465874823066035,0.01653762564520511,0.02765868282776184,0.06628132245053514,0.1809774893530724,0.3263473053892216,0.40869565217391307
0,2019,9,0.08620195921679057,0.08890303935735103,0.08363581367211131,0.08732353949287781,0.1012306289881495,0.07043864370290635,0.007370090493516186,0.016715699384862264,0.02754625905068383,0.0653688786600179,0.18347547140286363,0.32272354388843316,0.40216991541007724
0,2020,9,0.08870953447287724,0.09297613414382606,0.0846596798341587,0.0900540608896336,0.10146820392722032,0.07427355542256799,0.007196515371504324,0.01600718825917668,0.028214779783161212,0.06790619873258918,0.18189387631519188,0.3201989288446825,0.39719945355191255
0,2021,9,0.09185913398557823,0.09601624444014698,0.08789346246973366,0.09318126092493138,0.10540649136122149,0.07856527216071073,0.007151720984912808,0.016052437964015787,0.02758169934640523,0.0655393849430443,0.18697340464502893,0.31999422132331695,0.39591048140396073
0,2022,9,0.0935075020428506,0.09809267549290408,0.08915888483644042,0.09466295195255957,0.1106900502335419,0.07796719202315858,0.007432743537459712,0.01620656057161416,0.02627342391654324,0.06666237071881947,0.18927501070358213,0.31905306342053935,0.3890023566378633
0,2023,9,0.09626829935695717,0.10123564095938359,0.09158377456301646,0.09764495671045467,0.11333333333333333,0.07960105382009786,0.007065018162428767,0.016485255031008735,0.025823317499282687,0.06699608547776423,0.18991707894920215,0.3283042394014963,0.3888208269525268
0,2024,9,0.09918673438224615,0.10420822979011352,0.09446243345590254,0.10030100971613641,0.11676090991496525,0.08478664192949907,0.006987048398091343,0.016148250344914086,0.026933213344475154,0.06450057848052448,0.19105927420734,0.3300226520299704,0.3919153868443929
0,2025,9,0.10186006806770828,0.10750580046403713,0.09656208495721658,0.10285475982863859,0.1202840277183677,0.08808827115337722,0.007351660220898226,0.016188511781986374,0.027961002606261463,0.06382223942208462,0.1897314642796825,0.33057451496748536,0.3954674220963173
0,2026,9,0.10488859661833057,0.11107653296449976,0.0990957940395779,0.1057160510571605,0.12397501805667673,0.09124219125420471,0.007345410883921319,0.016628779621959956,0.028631375080697224,0.06541329011345219,0.18799278364292396,0.33346792509968204,0.39553343199246604
0,2027,9,0.10863497408178636,0.11550368043293816,0.10221746116764864,0.10934407054165916,0.130991089903298,0.09180405645830862,0.007415368081676518,0.017724662424336488,0.028522997685562473,0.06397284629060934,0.19048572191086202,0.33591481122942884,0.4070818070818071
0,2028,9,0.11129522383458482,0.11807275674318263,0.10498165771705034,0.11182781249300096,0.13399857448325017,0.09535237649262468,0.0076783114992721975,0.01789856435333208,0.02795081173546784,0.06461338952828659,0.19273733702357532,0.3378296664961161,0.39457225820862185
0,2029,9,0.11351780821917808,0.12051261641327708,0.10701255300923233,0.11430357421918604,0.13627262868107115,0.09601805764556083,0.0076243093922651935,0.018288175360781665,0.02789528929037183,0.06375145330060715,0.19245498521902715,0.33835395373856914,0.3907563025210084
0,2030,9,0.1163197662374478,0.1234451820468088,0.10970996216897856,0.1171434289823058,0.13784949805027794,0.09914089347079037,0.007238535875527033,0.018496206323878994,0.028694495470957117,0.06395087132660279,0.19227252717483323,0.34069072968060243,0.3892187352747149
0,2031,9,0.1189710610932476,0.12685027563892992,0.11166945256999582,0.11935583863492111,0.1429337734681246,0.10391010725838488,0.0066410082257942794,0.0186074231036652,0.029066113624937155,0.06296581855564122,0.19491985873403966,0.34102671118530886,0.38800845219228736
0,2032,9,0.1212903783503428,0.12957920792079208,0.1136332927982705,0.12171057475665248,0.1442343192353448,0.1066824297697461,0.006833972436311174,0.01837376916049132,0.02984934381557929,0.06202499033878655,0.19541243934715483,0.34089335885011607,0.3868930446194226
0,2033,9,0.12387822669645501,0.13238232059081012,0.11603919012590914,0.12479154881981737,0.14550577857638747,0.10709101060859855,0.006926736441484301,0.018216384376080193,0.03049809386913318,0.061282059595992346,0.1914080984249307,0.3467950503322325,0.38935940868493996
0,2034,9,0.12595100385230334,0.1346810774486196,0.11792331379960246,0.1262628484288626,0.14915983440214303,0.111634610054875,0.006988757216651474,0.017905993533946778,0.02952463481059668,0.06338350785340315,0.18998950895123354,0.34428727727414815,0.3937670937095149
0,2035,9,0.12851713062098502,0.13761365288479818,0.12016471047308051,0.12871867376764562,0.15093501353043337,0.11559006553224296,0.007165726482695533,0.01789090909090909,0.028908154135686297,0.0646555959516557,0.1904697349691588,0.3465074949775923,0.39558723693143244
0,2036,9,0.1302897287702433,0.1392199834514838,0.1221069024517689,0.13028914867885807,0.15279338577620805,0.11767283882984551,0.006786029214430856,0.017879664663550707,0.030326331006059117,0.06471206251231204,0.19142769461588297,0.3429402533777319,0.39682743561749406
0,2037,9,0.1322362589835866,0.14148348576667635,0.12378382797808847,0.13226496979649288,0.1541071286022192,0.12003491924923614,0.007175925925925926,0.017128843614412376,0.030884245358171455,0.06649870715374925,0.19189721976752092,0.34288990825688076,0.39429438543247347
0,2038,9,0.13421518825236917,0.14363540769411476,0.12562362903637198,0.13389287102998468,0.15438694046153234,0.12489795918367347,0.0073194471481409385,0.017673779440393937,0.03126549330689142,0.06649582758394113,0.19242300354319977,0.3430840907355075,0.39570552147239263
0,2039,9,0.13653099120635193,0.14621526883406313,0.12771747439229475,0.1359981773818973,0.15780534049612893,0.12702203886657257,0.0070815957195688095,0.01823076923076923,0.03205413304530148,0.06785367432826157,0.19109166157812607,0.34610953222213686,0.39671931956257594
0,2040,9,0.13718239867482435,0.14647836727362537,0.12873851550470597,0.1363512327514363,0.15595392538428274,0.13129837094766467,0.0074430823117338,0.017360025023459492,0.03203705490688025,0.0664238752094882,0.1916539956073661,0.34146058283989317,0.3964221445961681
0,2041,9,0.13946910240270002,0.14949847853037304,0.1303823964874662,0.1388940317408595,0.1607317741998668,0.12921743839696723,0.007249587176285795,0.016774913336255328,0.03126636982713463,0.06875299377295226,0.18882394675495795,0.3470801073804614,0.39917254060680357
0,2042,9,0.1421482997717311,0.15235794749080073,0.13292120618598768,0.14094333320963373,0.16265835119859676,0.13658510177566047,0.007449164485604993,0.017475106970048386,0.031960417223856646,0.0678106395848588,0.190443940266161,0.3497257129517955,0.40582505068486374
0,2043,9,0.14284103780928403,0.1523589604274201,0.13425505192325365,0.14223338226199436,0.16284591133771845,0.13372250148640613,0.007519713844402894,0.017620614915308662,0.032242639524557686,0.06811902569151132,0.1884709730171709,0.34678104954014993,0.4040165671354267
0,2044,9,0.1440351575527417,0.15420534202842567,0.13489023057198607,0.143470616840609,0.16165968017388604,0.13662884927066452,0.007833537331701347,0.01709332795807297,0.03196939921392476,0.06879722921914358,0.1909125227358523,0.3444487427466151,0.4027920921952591
0,2045,9,0.1461826109009675,0.15616800894344185,0.13721956564032725,0.145813600348804,0.16308979623460138,0.1392501083658431,0.007536543956271481,0.016959394134708348,0.03180821622398735,0.06972949224879181,0.19371134020618558,0.34513754358775667,0.4062341961289136
0,2046,9,0.148944358619942,0.16070302557811586,0.13839937488433304,0.14798759267665304,0.16716337036033596,0.14473254167120603,0.007685486254803429,0.0173895501311277,0.032236769721641544,0.0717570146079014,0.19677041729789285,0.35139675717913654,0.40566293352601157
0,2047,9,0.1496349173531236,0.1597271826539782,0.14060373623654585,0.14921954078099195,0.16485891843903192,0.14489039153669975,0.0073953746847347495,0.017708460257503757,0.03199193668806929,0.0718247538327309,0.1985682513205449,0.3472119824609057,0.40571735337538584
0,2048,9,0.15050121548168582,0.1611259712138581,0.14101185182120918,0.1500547309762016,0.16506577170852138,0.1471828286699885,0.006841307642346828,0.018496395468589083,0.030964773327298786,0.0711018579855525,0.19624367926799904,0.34788519050763195,0.40641003001942433
0,2049,9,0.15339417701778085,0.16501596327282048,0.1430351875701051,0.15313815272189074,0.16813852146079983,0.14836223506743737,0.007140653237536916,0.017872729539881126,0.031361666539952864,0.0727502102607233,0.19970127974472995,0.3479924257062256,0.41133134537800387
0,2050,9,0.15482169070981555,0.16623093426498,0.14467441739221104,0.15503045823148257,0.1688401882861332,0.14801503925688378,0.006850235057085292,0.01807758296020421,0.03177057163838751,0.0736324926301998,0.19895995137434996,0.34745632263526516,0.4126790612618104
1,1990,0,0.06824219388589178,0.06378303595043844,0.07274070729254326,0.06619272280747109,0.07630808200744083,0.07470018783412802,0.014697331868983785,0.03731559155336998,0.05361221300637096,0.09334694256286537,0.2229555236728838,0.3411444141689373,0.4056525353283458
1,1991,0,0.071693719335609,0.06769230769230769,0.0757164524626806,0.06954487719607128,0.08008993642425183,0.07947956441804553,0.016279673109352705,0.03877486801160798,0.055176336746302616,0.09895185645763013,0.22923034176160045,0.3572589382448537,0.40971168437025796
1,1992,0,0.07307546564840994,0.06938751724003962,0.07676606663815559,0.07037482510616362,0.08382732938136495,0.08228634543697363,0.01626706735480499,0.03923239484627446,0.0553934313153287,0.09802728773789866,0.22997032640949555,0.3727513227513228,0.4123856439127375
1,1993,0,0.07374305925306153,0.06982500904469029,0.07765054406654133,0.07115844068529169,0.08559701492537314,0.08098972417522986,0.01588825262321671,0.03818783201363135,0.056893318859173,0.09542964738103389,0.23556250814756877,0.36148908857509626,0.4281949934123847
1,1994,0,0.07449554965282632,0.0708739498942878,0.0780901797652652,0.07137225366863975,0.08777728808579403,0.08492933562277111,0.015052311846101923,0.038433742855265754,0.05673005908419498,0.09352877488131923,0.2360779384035198,0.36762860727728985,0.4230769230769231
1,1995,0,0.07495045616854948,0.07153614457831325,0.07832736916677263,0.07196135622139473,0.08954144365687834,0.08286082474226804,0.014389226878118805,0.03835536358026696,0.05782792665726375,0.09235136940547763,0.23588758107134278,0.35630210887690045,0.43574417214584577
1,1996,0,0.0761457698785251,0.07300757302560404,0.07924440962825809,0.07249541741157302,0.09242618741976893,0.08783108445777112,0.01455026455026455,0.03738708329314945,0.05854265307760212,0.09380787503019566,0.23133097762073027,0.3769719802213327,0.42565597667638483
1,1997,0,0.0764780757582408,0.07331917905166313,0.07958881435665127,0.07321377044813886,0.09272918861959958,0.08386552596698398,0.013576565514821962,0.03816744843539163,0.05890305137118579,0.09288290277471112,0.22296114805740286,0.37877770315648085,0.42227247032221593
1,1998,0,0.07747811279863774,0.07402520745807437,0.08086781648374122,0.07421121990002069,0.09541246372806411,0.0831111626289556,0.013727150822217517,0.036479722792607805,0.0593724440478846,0.09246458147970707,0.2234662401462356,0.3807495741056218,0.4360529217199559
1,1999,0,0.07839499405459652,0.07496208441967861,0.08175838119406972,0.07520888384881196,0.09529619086349464,0.08512071869736103,0.0134915589461044,0.03598539910198017,0.05912762520193861,0.09242883883043955,0.21794172214340282,0.38697937727456533,0.4376012965964344
1,2000,0,0.07894736842105263,0.07621088583435182,0.08162696526058659,0.07549670267257065,0.09755123768964599,0.08639665419326437,0.01410697196327934,0.03563387175721978,0.058751870801573215,0.09131281177758852,0.2122980719124544,0.38433410315627403,0.42872117400419285
1,2001,0,0.08016281166979454,0.0775467912239729,0.0827165449145059,0.0768102317220575,0.09879596485519036,0.08656844822023874,0.013817355166412104,0.03622522640766505,0.05788106722433973,0.09161669741697417,0.21506018104048544,0.3780826997960319,0.4294903513112321
1,2002,0,0.08143861099627946,0.07806002385480804,0.08472688482414582,0.07818425161722062,0.0998155098924868,0.08795529801324503,0.012879648027249503,0.036528183099977046,0.058599145018086156,0.09183783202494893,0.21540697674418605,0.37713371266002843,0.43294663573085845
1,2003,0,0.08192982872888804,0.07851299442292548,0.08524784617305531,0.07954913388376235,0.09932986785244567,0.08151382823871907,0.013283007911736953,0.03645711614863286,0.057108418034923114,0.09329342532467533,0.21709646609360075,0.35995064339855454,0.43976712942230184
1,2004,0,0.08398300732925634,0.08083520232492024,0.08703919524013985,0.08164324496965826,0.102405582420273,0.08254574703398351,0.012801809030563863,0.03587534495523995,0.057452869442755176,0.09534673701221541,0.21516298827223196,0.3750626775864951,0.4356521739130435
1,2005,0,0.08479603507434236,0.08152813022219471,0.08797089684615617,0.08305435210712879,0.10216051229876115,0.08140310742541226,0.012552149464901142,0.035033887446471325,0.05825058503573462,0.09585423818325851,0.2142593957258659,0.37308723773465846,0.42904981163666805
1,2006,0,0.08590840013111237,0.0833156795690464,0.08842259721203229,0.08500343536197102,0.10123846243720061,0.08051310043668122,0.012040490143846564,0.033236506113625615,0.057588181903539794,0.09788042804610998,0.21688461880615603,0.3748277446026642,0.4370341310317772
1,2007,0,0.08703044394390758,0.08464843000339539,0.08933911376285932,0.08665218669676478,0.10362546388809592,0.07864874301675978,0.011473596903511197,0.032155417852955955,0.057653826913456725,0.09691910157026436,0.21634771326629906,0.37966557181248134,0.4468164794007491
1,2008,0,0.08784062025190634,0.08571882262930723,0.08989423385913682,0.08758369574327407,0.10434685564421628,0.0802846379238175,0.011563987396929678,0.03161909860474454,0.05680999655507187,0.09702121142507084,0.21623449830890643,0.3699739658663581,0.4546727336366818
1,2009,0,0.08876138120597836,0.08686713286713287,0.09059101654846335,0.08923185930743796,0.10650694255377076,0.07671854226949246,0.012069793500880423,0.030795746479789277,0.056191401962936254,0.09869880230666864,0.21535001405678944,0.3650663383942005,0.4573110893032385
1,2010,0,0.09025122239082785,0.08866412895601149,0.09178078563292984,0.09124890454813729,0.10762761484004897,0.07498856881572931,0.012666666666666666,0.029659784821168943,0.05637617712827942,0.09831309766842161,0.21108615221987315,0.36529739536089156,0.4595331918763262
1,2011,0,0.0926109554580968,0.09156534954407294,0.09361735473506863,0.09356389276688992,0.10896867997290115,0.07903831705484599,0.01313566076837239,0.028987864788365812,0.05686156953078161,0.09856077683370904,0.21024326183478206,0.37022058823529413,0.4552238805970149
1,2012,0,0.09413838060234413,0.09292715869428583,0.09530170310051632,0.0952036845175389,0.10944918066261677,0.08134466198743998,0.013474098028026123,0.028026979241699956,0.05695803092458189,0.09782314764737696,0.2100017485574401,0.36875297477391716,0.4537385691231845
1,2013,0,0.09644604520868028,0.09613660337552743,0.0967427863338644,0.09743809809895722,0.1132056552692269,0.08222772998979443,0.013089005235602094,0.028658415513932094,0.05740390674228103,0.09908808564065288,0.2139991325092171,0.3622229957071586,0.4502923976608187
1,2014,0,0.09896874403208351,0.09938841899804815,0.09856679960119641,0.10009402875077299,0.11463462674807957,0.08532374100719424,0.013564195524440555,0.028850986831082667,0.056155575966807085,0.09842877548370342,0.2184473403985599,0.36435313714602996,0.44792671166827386
1,2015,0,0.10141442804497543,0.10216110019646366,0.10070015968554231,0.1024483620466267,0.11770687067254151,0.08674664584368567,0.013438023710508349,0.02939198278181329,0.05460283054953462,0.1001763668430335,0.2189828919615655,0.3690687361419069,0.4548335974643423
1,2016,0,0.10391316200341999,0.10468627102732601,0.10317517982997892,0.1051853686731071,0.11908164237401163,0.08953341740226986,0.013561411619664046,0.030195321756203243,0.054798482998007325,0.10081605436128664,0.2218216986108669,0.36649380886866334,0.44451668833983526
1,2017,0,0.10589681942481693,0.10739761060060926,0.10446637671462028,0.10717141877886766,0.12053843628347638,0.09169430624654505,0.013744757706554015,0.03192874272010963,0.052228032466074235,0.10033635844386622,0.22088455202129006,0.3626373626373626,0.4423760719514746
1,2018,0,0.10859386799577103,0.11000569913521818,0.10725023876619778,0.10980971049213917,0.12433556736769125,0.09380325857249983,0.014123946088990091,0.03212442271121978,0.05283517617098095,0.1003588782672214,0.22056378016629488,0.3621873899260303,0.43873517786561267
1,2019,0,0.11192115405266738,0.11367588351987461,0.11025408348457351,0.113062262361203,0.1289425706472197,0.09701291711517761,0.014429206704605528,0.03182669162877775,0.05296862429605793,0.10033883135148958,0.22373053751662625,0.3659557013945857,0.4374770136079441
1,2020,0,0.11418088142322849,0.11661146094953834,0.11187377634458137,0.11512440327526793,0.13200324265898036,0.10000664937828313,0.014329903415188435,0.031847981630004324,0.05279413184055593,0.10091034837713514,0.22352584967072894,0.3576893649579189,0.43630464480874315
1,2021,0,0.11769322459962471,0.11989943918004255,0.1155886083246858,0.11896607635785528,0.13455957855261397,0.10223430352051979,0.014630004571876428,0.03297438298441576,0.05186274509803922,0.10145535512601246,0.2241189830756832,0.35488298179716843,0.4426018354532281
1,2022,0,0.11918656876437964,0.12138060767692162,0.11710572373844017,0.12053105884916497,0.13770159513527805,0.10183338694113862,0.01450371637176873,0.03241312114322832,0.05051838495717689,0.10129845023681412,0.2230983302411874,0.3643822718407425,0.4309505106048704
1,2023,0,0.12149404843343822,0.12409264958068078,0.1190433992777864,0.1227597947868498,0.1424400871459695,0.10287291431438966,0.014596594128036792,0.03198962156689027,0.05021200624860522,0.10039786947314382,0.22632569158943627,0.3645261845386534,0.4312404287901991
1,2024,0,0.12546799533984096,0.12901193517902768,0.12213380165742824,0.12654600876357402,0.14814175335606683,0.10711193568336426,0.01465576005453306,0.0328295497303399,0.050652439416339914,0.09998071731585037,0.22779354926976092,0.36818261021083815,0.4378441031585048
1,2025,0,0.12839074908175988,0.1320185614849188,0.12498639203988765,0.12932479053721044,0.15078278723586278,0.111497195805901,0.014703320441796452,0.03356459778736171,0.051063419028926284,0.0990389576883385,0.22783313629454485,0.37072069651206535,0.4339943342776204
1,2026,0,0.13172237764576064,0.13520055325034577,0.12846630268240575,0.13284958632849586,0.1549475294217615,0.11328688130706391,0.014761450718649574,0.03400492012580575,0.05125887669464171,0.09928687196110211,0.22968729119337164,0.37344167970524406,0.4306471142203686
1,2027,0,0.13513468610163484,0.13853791648512923,0.1319550080342796,0.1358946673864795,0.15924158608166886,0.11914363657929071,0.014759090094931041,0.034393915877696725,0.052775695146200736,0.0982382414740585,0.23065118761676007,0.37434656340755085,0.4365079365079365
1,2028,0,0.1381157377843349,0.14194071250014267,0.1345526077941411,0.1388758240199482,0.1631378139281372,0.12075626317021775,0.014228529839883552,0.03488809479029528,0.05348094116128199,0.09625547090290161,0.23218513454933476,0.3763430857249174,0.43611793611793614
1,2029,0,0.1403013698630137,0.14463105946031998,0.1362747067968147,0.14069162592369344,0.16713940101776925,0.12339391133233013,0.014880294659300184,0.035001446340757886,0.05375489042272337,0.09730654954140291,0.2303816178446654,0.3748879325802403,0.4291863086698094
1,2030,0,0.14281430923383887,0.14797109001518,0.1380306851618327,0.14304352015892902,0.17037252136397577,0.12651775486827033,0.014663631954031565,0.03507115177960858,0.05387344017229366,0.09613529676548133,0.2304019504927026,0.3750973773045962,0.4302139289416643
1,2031,0,0.1455621045097412,0.1500287476184571,0.14142290012536565,0.14569648840539065,0.1733855993397978,0.1285965609216276,0.014715870500339597,0.03453299341125054,0.054204374057315236,0.09621562580313545,0.2306438467807661,0.377212020033389,0.42806832188765626
1,2032,0,0.1483092283338646,0.1528015301530153,0.1441593131905252,0.1481658739157966,0.17807769618903063,0.1315093171198559,0.014465241656858651,0.03451426251142016,0.054906505465593385,0.09609686976684272,0.22995487089002747,0.3764404088114337,0.4339730971128609
1,2033,0,0.15126376140615327,0.15645693506027072,0.14647671663718095,0.15135575912961072,0.18050394086658228,0.13294249022892238,0.014043767840152236,0.03484272381610785,0.05580901193675395,0.09565189196199864,0.2313256269857365,0.37882465284685474,0.4327071142593163
1,2034,0,0.15331416123874622,0.15892927143417146,0.14815081825391105,0.1531254123960762,0.1817923532754282,0.13763095172107975,0.013749620176238226,0.03421323764521974,0.05536642733349839,0.09800392670157068,0.22796033706724425,0.3778915286026883,0.43608751979271626
1,2035,0,0.15602248394004284,0.16193788653164387,0.15059096556893914,0.15544990366794376,0.18308493881012966,0.1442810727462966,0.01429333739899375,0.03392727272727273,0.055687532780057385,0.1005207821558416,0.2264624144241849,0.38170298253747487,0.43455532926001356
1,2036,0,0.15836973433064047,0.1645011964129973,0.15275145231191664,0.15728368820317368,0.18903515813132124,0.14659800591651145,0.013917110761798872,0.03505452926774983,0.05570079660443515,0.09957974916278153,0.22903808776895013,0.38400887970298925,0.43150728919144565
1,2037,0,0.15999594203517614,0.1651646950960442,0.1552714414193443,0.1591035716380271,0.18986988105691707,0.14638804015713663,0.013695987654320988,0.03512544802867384,0.0553649120656903,0.09998011005768083,0.2278567058663585,0.3827217125382263,0.43338391502276175
1,2038,0,0.16228762913002648,0.16768650789211684,0.15736366882620006,0.1608548601278035,0.19303332406561544,0.15085714285714286,0.013665563558497178,0.034202389586593884,0.05605478433316807,0.10132071752414745,0.22560643227037339,0.387726265943634,0.4340201412200486
1,2039,0,0.16487556561085973,0.17052848487563416,0.15973092799266167,0.1635138313196343,0.19529151524727445,0.15313212463359027,0.01376976945471713,0.034923076923076925,0.057151026113476076,0.10119779864033668,0.22766130673722776,0.3852830478531377,0.440351264774108
1,2040,0,0.1674156402789281,0.1735894384696558,0.16180774368543954,0.1655935865949805,0.19738962928018242,0.15749309952914434,0.01381149498487502,0.03483734751329371,0.057962623435941975,0.1021013278329251,0.22997127893225208,0.38654746700723713,0.4408277760135493
1,2041,0,0.16963008598291057,0.17571283669559337,0.1641190585592485,0.16786515688989936,0.1973204841932072,0.16144056322772812,0.013532562729066817,0.034984261067059805,0.05758905185961236,0.10186811432220981,0.23102131828778,0.3896043263432284,0.44177137603432426
1,2042,0,0.1705265188455809,0.17656951938054496,0.16506508344554616,0.16899840427505844,0.19715455076983043,0.16213728886964054,0.014254076907590094,0.03455032590874555,0.05673308371222252,0.10273471077011238,0.22894585350987098,0.3896043263432284,0.44043910399050584
1,2043,0,0.1728554786688641,0.17899348003259985,0.1673184728334678,0.1711658681608536,0.1990425407698595,0.16609912977676883,0.014389074059019591,0.03379625913141206,0.05765421135323451,0.10222617421956874,0.23255655491959662,0.3881675554525079,0.4442785590445001
1,2044,0,0.1732542252536228,0.17909769481589202,0.16799983654622166,0.1716081247895859,0.19845520881850645,0.16655861696380336,0.014402284781721746,0.033743196936101595,0.058429253228523305,0.10198362720403023,0.2311335323792855,0.384100580270793,0.44275274056029235
1,2045,0,0.17506191891993977,0.18119595719924256,0.1695559128004014,0.17380812773442786,0.1977221662663671,0.1692674469007369,0.014783220837301752,0.03363680309378021,0.057254789203177225,0.10261720956505366,0.23381443298969073,0.38190623789228983,0.44719782998482827
1,2046,0,0.1776350380789766,0.18459580615204704,0.17139273303037159,0.17632016946587986,0.19936525138367459,0.17376620546900534,0.014779781259237363,0.03421424248537422,0.057248688891333846,0.10441365072413901,0.2371229858146261,0.3845282281695644,0.4491058526011561
1,2047,0,0.1797175098207776,0.18730846332864812,0.17292465668687368,0.1777818367238217,0.2043463156675802,0.17444650452612062,0.015132732013850297,0.034076601275334066,0.05872032253247723,0.10734762557646765,0.2367945510147345,0.38380350005820496,0.45251196707377084
1,2048,0,0.18011526590369015,0.18595199221870984,0.17490226901358927,0.17862200414883764,0.20267715927940438,0.17439632042928324,0.014981597748430397,0.03575695159629248,0.05721505619672626,0.10586416832276584,0.23738433490420005,0.37988891909737055,0.4503796574253929
1,2049,0,0.18294839269436483,0.1909650206240824,0.1758028332848656,0.1817677258221174,0.2041957502603062,0.1781998348472337,0.014898399964737515,0.03670144228770938,0.05789553713981601,0.10765349032800672,0.236260565531756,0.3850137187463771,0.4525960357831959
1,2050,0,0.18479928477610622,0.192703143135163,0.17776966790052656,0.18423156015985723,0.2047225866193379,0.17798297025323453,0.01562569957465861,0.0352763945265096,0.05855525064739304,0.10825417622011137,0.23829945296143715,0.385746171015162,0.4525188313667436
1,1990,1,0.06844654242275626,0.0645765091249415,0.07235073171732928,0.0663090544820009,0.07741629066729992,0.07397774888021962,0.01492344466696815,0.037134798958634654,0.05355210962856113,0.09427484457641273,0.22137733142037302,0.34386920980926433,0.4139650872817955
1,1991,1,0.0715942000139327,0.06743424317617866,0.07577632314201325,0.06943169385162921,0.08040006202512018,0.07905529628058267,0.016344532364768453,0.038320338449704554,0.055745164960182024,0.09930715935334873,0.22575715476521255,0.355092091007584,0.424886191198786
1,1992,1,0.07235646758193177,0.06831912041803453,0.07639671863457875,0.06965070325732099,0.08375132998936008,0.08145795940908464,0.015875089828183184,0.038312086713477404,0.05618931394916963,0.10028678195880768,0.22686808740221204,0.3568783068783069,0.41731175228712175
1,1993,1,0.07397124819350422,0.07014871374983339,0.07778347480962419,0.07108640582041709,0.08604477611940299,0.08328826392644673,0.015921353149515077,0.03701847582773713,0.057386756143294186,0.09970900376583362,0.23139095293964282,0.36944801026957635,0.427536231884058
1,1994,1,0.07462603103592898,0.07126686249929837,0.07796018422225524,0.07172529037268909,0.08674893491993536,0.0853255844670453,0.015288558893013837,0.037054070034820315,0.05751477104874446,0.09636045640043309,0.23456945317410433,0.37164366373902136,0.41935483870967744
1,1995,1,0.07497785367902904,0.07146267998824567,0.07845452398684856,0.07177689904428125,0.08910747866338782,0.08492268041237114,0.015038621915373572,0.0366340813874184,0.058169850835577214,0.09502338009352038,0.23324525582512612,0.3609612555174105,0.43574417214584577
1,1996,1,0.07612785322678897,0.0722322394518572,0.07997436262640649,0.07272171807463396,0.09192697190129796,0.08595702148925537,0.01517683096630465,0.03642267013855403,0.058984030174143325,0.09557935421531524,0.2314487632508834,0.372498234047563,0.4227405247813411
1,1997,1,0.07703989816968793,0.07363765038924275,0.08039027789877166,0.07406831953477017,0.09308043554618897,0.08169658995059646,0.014839501841782144,0.0362076720426653,0.057435303205870994,0.09538529476705675,0.232061603080154,0.3832549809715693,0.41944601469756926
1,1998,1,0.07803711794148506,0.07470226728238603,0.08131092780693981,0.07458151363007656,0.09589608953986459,0.08519763533093776,0.014397628625873385,0.03554928131416838,0.058443006915012266,0.09438094586270618,0.23431966183022965,0.3758517887563884,0.4360529217199559
1,1999,1,0.0784118604474654,0.07511545081198985,0.0816415119540537,0.07533726316690381,0.09488952148569879,0.08433464345873105,0.014021332203150385,0.03533934166747424,0.0583737210554658,0.09494610469244175,0.22176143184546546,0.38091386979377273,0.428957320367369
1,2000,1,0.07947749449165879,0.07627785497831874,0.0826106201944358,0.0760015566330448,0.0976177801437317,0.08661677305745102,0.014390529188671888,0.03462228748572361,0.058299397862935504,0.09392870178853875,0.2208441896821261,0.3801000769822941,0.4271488469601677
1,2001,1,0.08037404437511679,0.07794151508174073,0.08274865537448824,0.07734743845367109,0.09690855841197527,0.08506290999032154,0.014314637871630021,0.033961149757185984,0.05892670421965123,0.09057887453874539,0.21923803839649855,0.3838308918969034,0.42701632855022265
1,2002,1,0.08116831494260184,0.07854356726088779,0.08372290026040849,0.07825522681645813,0.09816146065271328,0.08547185430463576,0.013447346011921657,0.0345607764698167,0.057612627425189085,0.09302075491988386,0.21434108527131782,0.3792674253200569,0.4408352668213457
1,2003,1,0.08153391769801491,0.07896301772770375,0.08403046572605818,0.07959972478549458,0.09676207177303188,0.0792264504054897,0.01284749945561443,0.03505491937368544,0.0554469637737816,0.0942573051948052,0.21298949379178606,0.37369998237264235,0.44021495745633676
1,2004,1,0.08318939358573363,0.08115108822693243,0.08516837391891063,0.08128393484509741,0.0991002019954704,0.08103760305650513,0.01294769859216573,0.03506764488120078,0.05566046794481964,0.09510908313132753,0.2123926493674393,0.3760655189704162,0.4369565217391304
1,2005,1,0.0846359130766298,0.08248746673268552,0.08672318932082619,0.08299527372981488,0.10174157639595427,0.08025926985034791,0.013350263014692545,0.03446066695889672,0.05594206565049649,0.0957222075521521,0.21195652173913043,0.382236945890519,0.4361657597321055
1,2006,1,0.08576685836884293,0.0837242381139727,0.08774761555392517,0.08464538355090626,0.10328309381937142,0.07887554585152838,0.012999467234949387,0.03448625278659731,0.05621107320584645,0.09626905755484857,0.21021261453607332,0.3850865104884397,0.44017261671243624
1,2007,1,0.08737193925742934,0.08575562083880778,0.0889384899343263,0.08679445714339913,0.10402512132457893,0.08013268156424581,0.01299419408349461,0.03292580807234969,0.05727863931965983,0.09660107334525939,0.2099416153097632,0.3902657509704389,0.449812734082397
1,2008,1,0.08806071879925592,0.08622406998397644,0.08983834686264373,0.0876675078923107,0.10507226159254505,0.07978233570531604,0.013005295971039754,0.032622879512831666,0.0567160439698099,0.09767210353013248,0.20601277715144684,0.3831356667630894,0.45082254112705633
1,2009,1,0.0892286548702972,0.08816783216783217,0.0902532928064843,0.08939537080774682,0.10792267900898449,0.07851724407601471,0.01200576276612774,0.03180384377743813,0.05493712959769214,0.09995564098772734,0.21014900196795053,0.38024893995349474,0.4599280340202813
1,2010,1,0.08948912493677288,0.08849922357047645,0.09044314359123778,0.09019369377425643,0.10757438654388674,0.0764365188233501,0.011873015873015874,0.031824496785241185,0.054486472866996316,0.09705956090397909,0.20540433403805497,0.37048075677076586,0.45528948166110944
1,2011,1,0.09278398541224386,0.09267802865827182,0.09288596915120091,0.09348436920140668,0.1099588305800198,0.08016528925619834,0.012402359317710825,0.031232716270293132,0.05458963112555615,0.10036414080110977,0.20861734725783254,0.37058823529411766,0.4618254879448909
1,2012,1,0.09440044026022525,0.0935556773960604,0.09521179583344036,0.0949947326722329,0.11256317320945429,0.08134466198743998,0.012047428825058652,0.030908257481500882,0.05560113600504891,0.0997836668469443,0.21081774202949233,0.36363636363636365,0.4566971490048413
1,2013,1,0.09699469424112157,0.09670358649789029,0.09727385377942999,0.09785864480968115,0.11310538453825328,0.08470622539728824,0.01305746546395004,0.03061089416903832,0.05570258349086327,0.10064098328157008,0.2141075688570809,0.36210697296670147,0.4586829392321383
1,2014,1,0.0994525431281431,0.10018217306441118,0.09875373878364906,0.10018721039568315,0.11635808548355328,0.08748201438848921,0.013126640830103764,0.031431156385081926,0.05488867069964844,0.10040903778730036,0.21596267937731353,0.36501943364797335,0.4563645130183221
1,2015,1,0.10207361554929154,0.10311131656329854,0.1010809482864513,0.10278272354155696,0.11848157652641263,0.09178675374458721,0.012879399168270127,0.03258676351896691,0.05460283054953462,0.09982363315696649,0.22034216076868995,0.36840354767184036,0.45845596558750284
1,2016,1,0.10380783623702015,0.10467358485778804,0.10298142362372545,0.10464866650152754,0.12027245879775174,0.09205548549810845,0.01214362767760826,0.0320909921803595,0.054380664652567974,0.09960943701774998,0.2226569368735713,0.35950894274526407,0.45990463805808407
1,2017,1,0.10666152782620932,0.10798681191941732,0.10539836543516704,0.1076692072921937,0.12274283570189015,0.0954947484798231,0.012459056540239386,0.03251113394998287,0.053703763113150046,0.10014596687186647,0.22506653149157269,0.36034400382226467,0.44969671616816564
1,2018,1,0.10926446156169763,0.11064994920336,0.10794590324368301,0.11057603110455033,0.12447423156921655,0.09680278137569023,0.012923872238291587,0.03232817169247487,0.05338319203120467,0.09959665893860958,0.2246603123098763,0.36025008805917574,0.45296442687747035
1,2019,1,0.11212996217589996,0.11430040900296344,0.11006794173763321,0.11289486899476298,0.1300820419325433,0.10044402583423036,0.013185309574898156,0.03192698582508692,0.05332260659694288,0.10085027490090781,0.22478679289570455,0.36177194421657094,0.4501655020228025
1,2020,1,0.11533303003267376,0.11789757216175882,0.11289876770701371,0.11605703265783567,0.13452531075481894,0.10233393177737882,0.013193611514424594,0.033212419714466375,0.05379146157063346,0.10033132820793257,0.22670501854515177,0.36097934200459064,0.4448428961748634
1,2021,1,0.1187789881156102,0.12110810288145427,0.11655713132710711,0.11955137584927747,0.13790794231885353,0.10588079294570046,0.014074848148390046,0.032506186877131964,0.054281045751633984,0.09919648907676917,0.22715949886438566,0.3639121641144178,0.44308484946063437
1,2022,1,0.11998632304277526,0.1231307743594628,0.11700409886970563,0.12077230774019829,0.1403454657618754,0.10601479575426181,0.013977504439913175,0.032348164988632674,0.0516775066005538,0.10062183845088121,0.22702297702297702,0.3658618602461497,0.43236449332285937
1,2023,1,0.12212112920144115,0.1262655923324485,0.11821263209198254,0.12283648131532733,0.14392156862745098,0.10895747083176514,0.01349685073482854,0.03281230224022276,0.050243886887493226,0.10116793942116409,0.227370914918821,0.3690773067331671,0.42955589586523735
1,2024,1,0.12459704328744811,0.12860359572060248,0.12082761648647165,0.12526576490760144,0.1471489618854405,0.1108843537414966,0.013633265167007498,0.03308039633763953,0.05145593623449251,0.09818100012855123,0.2247494612990389,0.37108671661729686,0.4288611996522747
1,2025,1,0.12816610317986274,0.13291183294663572,0.12371268697337194,0.12838457747279827,0.15266489862263666,0.11527676176542306,0.01369290268631755,0.032564535283455216,0.05257569419865504,0.09716847265221878,0.22894781286944774,0.37287042510883,0.4281869688385269
1,2026,1,0.1310591959339716,0.13668741355463346,0.1257903709618248,0.13175701131757012,0.15515996091260567,0.11562950504565113,0.013631387505738602,0.032198797994581634,0.052646868947708196,0.09880064829821718,0.22921956434585058,0.37061525261192146,0.43239607157271626
1,2027,1,0.13416552213016703,0.13952395147790594,0.12915907873594,0.13466498710335312,0.16008614501076812,0.11849128217293323,0.0138635142396561,0.032438305137358375,0.0522867294715911,0.09626636495878454,0.22965038697624768,0.3755566311713456,0.4357753357753358
1,2028,1,0.1369211459273776,0.14234022395470683,0.1318730395023659,0.1375394745682994,0.1621315668106159,0.11923437134160618,0.013646288209606987,0.03228637702965331,0.05312590775586612,0.09732533635921543,0.22998432758678183,0.37243592725243035,0.4372347554165736
1,2029,1,0.14047671232876713,0.14640497606349712,0.13496335621146585,0.14113812426048714,0.1668474180362059,0.12333603426322491,0.013627992633517496,0.032269469353646385,0.05318235312828016,0.09627309133186927,0.2317925288900833,0.37838443607674377,0.4374871899979504
1,2030,1,0.14371381532322253,0.1500215238915196,0.1378625472887768,0.14389598452221225,0.1718659254957272,0.12709049255441007,0.014477071751054066,0.03256374352795598,0.053430037372521694,0.09816088997492123,0.2305035386542955,0.3792954211027439,0.4394496277447931
1,2031,1,0.1460880692755242,0.151753604725883,0.14083786042624322,0.1466042776801925,0.17148751805240356,0.1310368310538562,0.014678137499056675,0.033142403072542466,0.053293112116641526,0.09814315086096119,0.23081363759847867,0.3756677796327212,0.4404824793097376
1,2032,1,0.14884409459028705,0.1548154815481548,0.14332782472223088,0.1489021750335017,0.1774623620626,0.13229747227382763,0.013933710467367782,0.03495415017087944,0.0538728975475303,0.09796470436686848,0.23056564079942996,0.3755853251353882,0.4403707349081365
1,2033,1,0.15152754972948237,0.15861186558620843,0.1449972583465243,0.15143656839769915,0.17985053293584352,0.13724176437744276,0.014043767840152236,0.03491185620463187,0.054902818573839135,0.09720826172951591,0.2306834313526668,0.3787450761946445,0.4364798275331075
1,2034,1,0.15417797856016138,0.16125889007112057,0.14766676622346725,0.15385122949016847,0.18512054549882295,0.1369103708220165,0.014433302947432392,0.03417770988027143,0.05453082446150037,0.0980693717277487,0.23039696774848556,0.37972804001250393,0.4396861954800633
1,2035,1,0.1564453961456103,0.16336938166120538,0.15008779766489017,0.15614583867493975,0.18676036996647682,0.1394900600253318,0.014140875133404483,0.03509090909090909,0.05485453367476013,0.09875208804166258,0.22920761878939877,0.3793076804203369,0.4422267481330618
1,2036,1,0.15893112058041992,0.1659100565780352,0.15253629499093266,0.15807527393997142,0.18863380960025686,0.14621452832255943,0.014262163094736035,0.035573855627272055,0.05530095654046074,0.09823363319981614,0.23190234255123265,0.3834347609752363,0.43581015991265815
1,2037,1,0.16147496342492232,0.1688208591426463,0.1547604447714823,0.16034983285437804,0.1923046220164445,0.14840680925360106,0.014544753086419754,0.03561592152424071,0.056651755622280774,0.09921766226877943,0.23271701447896131,0.38130733944954126,0.4404855842185129
1,2038,1,0.163104029710578,0.17072925173111989,0.15614956894352905,0.1622194669229584,0.19080907177185527,0.15210884353741497,0.014366361689702161,0.03664541741420774,0.056395637084779376,0.09911952165056837,0.22894521668029436,0.3854349652486061,0.43917120037041324
1,2039,1,0.16520105865277895,0.17356343722352255,0.15759058247974317,0.16440309257136138,0.19280297045346817,0.15421778308544132,0.014320560232905814,0.03703846153846154,0.05616621132219328,0.10067983166073163,0.23091797272542236,0.38712650741224364,0.43455208218270186
1,2040,1,0.16759731758796656,0.17537439098318328,0.16053310491806622,0.1665154766909308,0.19404804025631953,0.15873789035016506,0.014687151727431938,0.03745699092899593,0.056868989031490236,0.10184349619698337,0.22932927859435714,0.3873988931460196,0.43998094633216894
1,2041,1,0.16973187260600542,0.17797813591795333,0.16226068310614183,0.16888714443350045,0.19493085752340658,0.15867858109937721,0.014660276289822385,0.038331274654341156,0.056344944997380825,0.10218745010378413,0.2328794891719315,0.38532467027195266,0.44126059863111655
1,2042,1,0.1711802467018894,0.1787931462627266,0.1642999959195332,0.17017107655768732,0.19590723055934517,0.1628410567345171,0.015220455003019932,0.036989642899988004,0.057100829098689486,0.10308490656139568,0.2315194202702245,0.3845465509862662,0.44385106067349056
1,2043,1,0.17298968740102105,0.18029520963506293,0.16639947719359155,0.17188117041331058,0.19771922313470594,0.16431544240851845,0.015283310299975612,0.03708758127960183,0.05823485210738438,0.10362348756708692,0.2292518397383483,0.38646726949532423,0.4443267193219033
1,2044,1,0.17475498370144052,0.1826537452141015,0.16765249726725714,0.17332884449930797,0.19841639496972518,0.16963803349540788,0.01591187270501836,0.0367667808909494,0.057973048848961255,0.10362090680100755,0.23123648718212705,0.38591876208897485,0.4464068209500609
1,2045,1,0.17662135838508983,0.18446989573589467,0.16957639180430265,0.1751311773638236,0.19969783838227317,0.17089293454703078,0.015652822063025384,0.035489848533677086,0.05926751248966682,0.10330760057741793,0.23460481099656358,0.3848120883378535,0.4493126752792975
1,2046,1,0.17823671301189797,0.1873244442406246,0.17008698155497523,0.1772507187169012,0.19921043464798543,0.17278570650397646,0.015582112241881677,0.03643332660883599,0.059632522829794254,0.10525821889955894,0.23533259881559013,0.3880836100800938,0.4448609104046243
1,2047,1,0.18006028488416378,0.1883223115739994,0.17266691409955048,0.17910606787065153,0.2012583471648589,0.17450103609990184,0.014961740691659899,0.035904309329434225,0.06043750933253696,0.10588308612738377,0.23672504865165417,0.3859376818904971,0.4511698653424596
1,2048,1,0.18201633388872196,0.19094267088153216,0.17404389103770657,0.18128583348004806,0.20229140145816457,0.17592947489459562,0.015284693656635635,0.03592173017507724,0.06181639888360866,0.10643197375477115,0.23917305906229575,0.38412242202975105,0.4519689210665725
1,2049,1,0.18362931479468003,0.19188553051665075,0.1762702006563915,0.18313214004902642,0.2025375033743396,0.17792458023671898,0.014501697007096576,0.03645205536389708,0.06257127651486354,0.10755644691725431,0.2367697477850572,0.3849364300343935,0.4528591475179793
1,2050,1,0.18622311012019735,0.1950596152267958,0.17836400604765132,0.185387808947348,0.207847827764488,0.1797522945925025,0.015312290127602417,0.03644808971837469,0.06319329030263209,0.10831968555519161,0.2365097588978186,0.3882090356345725,0.4570470675316759
1,1990,2,0.06799697564165441,0.06374234501841265,0.07228915662650602,0.06614101984101338,0.07535818887041874,0.07368877329865627,0.014600426384133341,0.03695400636389933,0.05361221300637096,0.09381089356963905,0.22008608321377332,0.3416893732970027,0.40731504571903576
1,1991,2,0.07200222923280555,0.068287841191067,0.07573640935579148,0.06977124388495543,0.08125290742750814,0.07947956441804553,0.016733687897262938,0.03898465088633265,0.05477815699658703,0.10046189376443418,0.22811892192275632,0.3605092091007584,0.40743550834597875
1,1992,2,0.07232731901166914,0.06864935216301793,0.0760079312623926,0.06978570902574928,0.08223134214926281,0.08214828109899212,0.01613640817926439,0.03889153998227555,0.05544649015758476,0.09872251672894759,0.2244402481791206,0.36587301587301585,0.4088669950738916
1,1993,2,0.07347683882254506,0.07005350648361483,0.0768909398203536,0.07048611527979542,0.0858955223880597,0.0839643050297458,0.01572274999172487,0.038421703250810194,0.056547912760288165,0.0953440602533379,0.23269456394211968,0.3679075738125802,0.41172595520421607
1,1994,2,0.0745514702455846,0.07167848522835707,0.0774030604664983,0.07114866375607518,0.08998090201263405,0.0853255844670453,0.015491056361795477,0.038729387031075486,0.056222304283604134,0.09536103939368702,0.231803896920176,0.37189460476787956,0.41687344913151364
1,1995,2,0.07520616626635859,0.07217895974140465,0.0782002143466967,0.07174231332357248,0.09106032113409518,0.08621134020618557,0.015448766149429216,0.03855022571530642,0.05791340770184212,0.09410487641950568,0.23252462166706703,0.3646395291809711,0.4130304841601913
1,1996,2,0.07610993657505286,0.07324197619906239,0.07894174619000142,0.07255199257733826,0.09335330195407217,0.0850824587706147,0.015594541910331383,0.0369691709261581,0.05930503169890057,0.09541831065303165,0.23003533568904594,0.3720273133976925,0.40932944606413996
1,1997,2,0.07674143001360664,0.07386765746638359,0.0795713912361704,0.07326926064856946,0.09455567263786442,0.08374502952162911,0.015506051569900018,0.036657456788536914,0.058555426805716494,0.09398689924192243,0.2257612880644032,0.37900156704723525,0.4171848501978519
1,1998,2,0.07766731453929376,0.07499739592375265,0.08028836321494308,0.0743419118047463,0.0969324305651513,0.08206792627796453,0.014962241513162538,0.03587012320328542,0.058814781768161205,0.09472315378824174,0.22689363646749686,0.37776831345826234,0.42061742006615216
1,1999,2,0.07815886455443206,0.07596748632483002,0.08030586349672766,0.07467397002342922,0.09936288464145317,0.0810780460415497,0.014409832591650773,0.0365668507930355,0.05905582480703644,0.09346156328664558,0.21728691476590636,0.3748483623129802,0.42679632631010267
1,2000,2,0.07968457498798934,0.07798556814947513,0.0813482630293293,0.07616984128653617,0.09974713867447431,0.08518600044023773,0.014532307801368164,0.0359275575134606,0.059796039121506384,0.09143448108042342,0.21677957269411152,0.3849114703618168,0.42348008385744235
1,2001,2,0.08062589875453947,0.0789941120357883,0.08221883278477964,0.0774300856431501,0.09931662870159454,0.08527798688030971,0.013852875359641956,0.03625803911274445,0.058521941511788717,0.09178966789667897,0.21655227295334725,0.3847580196551085,0.4205838693715982
1,2002,2,0.08188380449645435,0.08046162277167081,0.08326796975496502,0.07878247115365117,0.10064253451237357,0.08557533112582781,0.013057053647459552,0.036200281994950324,0.05928970733311411,0.09216044735993117,0.21753875968992248,0.3751778093883357,0.44361948955916475
1,2003,2,0.08364808260287748,0.0815988685128337,0.08563803221375953,0.08134005180508337,0.1011461138598359,0.08151382823871907,0.012811207084270887,0.036323573598637866,0.0590956476413865,0.09400365259740259,0.21766953199617955,0.38445267054468535,0.44603672189879084
1,2004,2,0.08454320526586061,0.08315696370470986,0.08588910016561369,0.08265130948578729,0.10093652445369407,0.08234466117031973,0.013166532934568532,0.03543784074846874,0.05860512754857088,0.09439612148866391,0.21894911810878198,0.37756978104629785,0.4369565217391304
1,2005,2,0.08624475791078917,0.08423593488890264,0.08819638615796278,0.08467900748326113,0.10251960021545276,0.0832141835859308,0.0136404861237076,0.03412347843679401,0.05872493833407122,0.09717454449432268,0.2215364775239499,0.3771888310459063,0.44453746337379657
1,2006,2,0.08631067671861498,0.08464727778954695,0.08792369772560528,0.08555502869253026,0.10252365930599369,0.07751091703056769,0.012537737524418398,0.033878267918665134,0.05755688397859222,0.09804569681444449,0.2190196601725825,0.3708467309753483,0.44488034523342485
1,2007,2,0.08765530770907505,0.08649374806241604,0.08878110200168834,0.08723075317974448,0.10373965172709107,0.07899790502793295,0.012441249654409731,0.033294255568581475,0.05746623311655828,0.09723712979526933,0.21861822899772948,0.38041206330247834,0.44269662921348313
1,2008,2,0.08861451514420005,0.087046901390152,0.09013175359423246,0.08866394121974615,0.10579766754087383,0.0771871075763918,0.012502513910303681,0.03205407033158229,0.057749522407691586,0.09920361436557164,0.2142803457346862,0.3737344518368528,0.448022401120056
1,2009,2,0.08885071293592166,0.08748251748251748,0.09017223910840932,0.08953163039133752,0.10541791451129867,0.07617111128489873,0.012550024011525532,0.030860785015121458,0.05700667900034492,0.09929025580363744,0.20958673039077874,0.37108466694022707,0.4546941445861956
1,2010,2,0.09053447985162705,0.08925503992084541,0.09176754165231903,0.0915976606513691,0.1077872997285357,0.07460752934003963,0.012507936507936508,0.030499822299764143,0.056250196844193884,0.0997457111134988,0.2081791754756871,0.368536996242063,0.46074568050924525
1,2011,2,0.09259764546162395,0.09170104211897524,0.09346062925281126,0.09346669729796596,0.1099588305800198,0.07836213373403456,0.01291248206599713,0.030516966522432246,0.05641980372976555,0.0996705392751864,0.20749171408917516,0.3700980392156863,0.45091848450057403
1,2012,2,0.09453147008916579,0.09378301394776609,0.09525032751933006,0.09574347678457935,0.11144009393026699,0.07890653860362025,0.013093652907234798,0.030155196123371097,0.05613758283370148,0.09971606273661439,0.2081949058693245,0.3704188481675393,0.45212479827864444
1,2013,2,0.09692369260162917,0.0962948312236287,0.09752674303922312,0.098030296528344,0.1152612052541863,0.08040530689604898,0.013025925692297987,0.030313058441988217,0.05645872715816005,0.09862552038591159,0.21481240511819563,0.3668639053254438,0.45410628019323673
1,2014,2,0.0988414284804889,0.09846454131424853,0.0992023928215354,0.09983989699192708,0.11606263541461494,0.08510791366906474,0.013345418177272158,0.03136413899406896,0.05558546859658569,0.09774704583820283,0.21286952994270067,0.3720155469183787,0.44599807135969144
1,2015,2,0.10152115364091231,0.10196848877075389,0.10109323178970643,0.10267405605570462,0.11819106183121096,0.08717257045502946,0.013096642045807213,0.031006187785848804,0.054570954991712356,0.09937469937469938,0.21860792125615186,0.3719512195121951,0.4521168213719719
1,2016,2,0.10430968253574881,0.10483850506178165,0.10380488750030274,0.10558995954091321,0.12060588739639898,0.09051422166176265,0.013468947449529974,0.03229409972580481,0.053512888088963165,0.10021274568951831,0.22239317742219097,0.370092073235263,0.4482011270047681
1,2017,2,0.10628223245911869,0.1070215246524339,0.10557759403527218,0.10759576308530952,0.12311805262417334,0.09162520729684909,0.013867205436679218,0.03168893456663241,0.05482660164896859,0.09982864758520023,0.21801208127402527,0.36884854276158624,0.4432127170048107
1,2018,2,0.10975985500679655,0.11035260301806378,0.10919574111848698,0.11111648879961926,0.12673908019412988,0.09557570386529415,0.013600836974583051,0.031852757402879656,0.05412462525386029,0.101279893289294,0.22064489961468262,0.3675589996477633,0.45573122529644267
1,2019,2,0.11230297462086411,0.11285542847346379,0.11177811903764717,0.11340502020677067,0.13163172288058342,0.09674381054897739,0.013402991572596947,0.03262904519925114,0.05238938053097345,0.10104206623193965,0.2222439558719975,0.36702214930270716,0.4547627804339831
1,2020,2,0.1146417408670066,0.11594413909414092,0.11340550500978924,0.11569346527141096,0.1345703476851018,0.09947469911563268,0.013382993497885234,0.03264667709407967,0.05272978798700254,0.10103901952584682,0.22235258496707289,0.363504208110176,0.4426229508196721
1,2021,2,0.11741588283195449,0.1189566814929414,0.11594603943272225,0.11879997785353276,0.13549712040716103,0.10256580255917258,0.013944223107569721,0.03280717008895726,0.05326797385620915,0.0997773403465746,0.22093193640559747,0.36051719156313206,0.44211882144582193
1,2022,2,0.11958065058271951,0.12120201923992761,0.1180429308612143,0.12078008996248969,0.1395523045738962,0.10472820842714699,0.01450371637176873,0.03150373497888925,0.05222486959881512,0.10091181493056674,0.2243827600970458,0.36283542941690766,0.4375490966221524
1,2023,2,0.12126031832900078,0.12325870938946182,0.11937570615210794,0.12301286033082569,0.1417429193899782,0.10312382386149793,0.014563268570666844,0.0308821668143273,0.05040329008193324,0.09895398832060578,0.22667409936589786,0.3644638403990025,0.43506891271056664
1,2024,2,0.12546233980703322,0.1285685951955946,0.12253992645848197,0.12691941322156602,0.14749428065783227,0.10760667903525047,0.015303340149965917,0.031982942430703626,0.05116667737995757,0.09853451600462784,0.22772514279850875,0.36887959574838824,0.4416111272095045
1,2025,2,0.12814363858967304,0.132122969837587,0.12440941453112413,0.129453690715396,0.15035503464795963,0.11168007802974884,0.01567889620570712,0.03231451965747859,0.05087036262428006,0.09803921568627451,0.2276980239824354,0.37072069651206535,0.4352691218130312
1,2026,2,0.13072481860029647,0.13472798524665744,0.12697727616046958,0.13194538631945385,0.15384288566937163,0.11406775588659299,0.015714941554543206,0.032323358141562605,0.05277598450613299,0.09679092382495948,0.2267472938660965,0.36935345480240245,0.4369702677250101
1,2027,2,0.13397168933587347,0.13861817514733196,0.12963042313872522,0.13527982724491633,0.1580169756344749,0.11588186454750327,0.015762135052838976,0.0334626726680118,0.05163477523877824,0.09626636495878454,0.22581398452095008,0.3738625363020329,0.44175824175824174
1,2028,2,0.13706427674894853,0.14132432339881518,0.133095858365676,0.1381815195562424,0.16183807806800554,0.11835635682509951,0.015429403202328967,0.03432386684220425,0.051286189200529325,0.0963203112335873,0.2301844009470139,0.37243592725243035,0.4365646638373911
1,2029,2,0.14003835616438357,0.14455146063838256,0.13584111507101387,0.1411827740941665,0.16643029949111537,0.11986341011691168,0.015285451197053407,0.03432648732041269,0.052578008206367884,0.09485208629376049,0.22799650631550658,0.3782499551730321,0.4364623898339824
1,2030,2,0.14261260180773466,0.14756326891270363,0.1380201765447667,0.1432955531011171,0.16908653447274538,0.1256586483390607,0.015111376441177568,0.03507115177960858,0.05381009691518338,0.0958137740338242,0.2282008736581897,0.3779970570414611,0.4265384977853171
1,2031,2,0.14570308475623972,0.15070516217038882,0.14106769745089845,0.1466042776801925,0.17268413451619558,0.12672379547131263,0.015168666515734662,0.03423500976724166,0.05282176973353444,0.09660113081470059,0.22775740287965227,0.3817195325542571,0.4308857193167811
1,2032,2,0.14825520143927648,0.15364536453645364,0.1432758566929625,0.14907888730175092,0.17541124830783114,0.12875077408095478,0.015110672386954706,0.03556322539166921,0.0538728975475303,0.09600025763235863,0.22581520817074413,0.382018811840873,0.43093832020997375
1,2033,2,0.15109687491588383,0.1570293384812229,0.1456283559390422,0.15174511287585493,0.17948299097480297,0.13070910106085987,0.014576593720266413,0.03639820255789838,0.05462158615086557,0.09490613144839662,0.22892584330426552,0.3802968209127442,0.4330920850015399
1,2034,2,0.15343219838825636,0.1584812678501428,0.148789354974922,0.15340400885643485,0.18483643152853316,0.13364004212626795,0.013977514433302947,0.036273848012221555,0.055675909878682844,0.09600785340314136,0.22457612778774239,0.3828540168802751,0.43479199654527134
1,2035,2,0.15632762312633833,0.16230694386973393,0.15083741515459578,0.15652677152087438,0.18591219354578134,0.13723222644418745,0.014979417594145448,0.03629090909090909,0.05605775460463394,0.09754020503750287,0.226631871483766,0.3810848400556328,0.43890020366598775
1,2036,2,0.1580703283307581,0.16480309501979112,0.1519010686146942,0.15814856891560083,0.18646652753250922,0.14079105949380957,0.014683893723881455,0.03609318198679427,0.056254421308399714,0.09760982336331998,0.22671940532614995,0.38106173690052436,0.43683771112966413
1,2037,2,0.15961684268978996,0.16582436995460542,0.1539428501349031,0.15969004750454519,0.18663686437295443,0.14442383238760367,0.014699074074074074,0.0354272778720996,0.05591641644708622,0.09749386726778492,0.22527360478553463,0.38035168195718655,0.43884673748103187
1,2038,2,0.16224494151797147,0.16893940241405928,0.1561393664235066,0.16194067628738912,0.18945863287921516,0.1484625850340136,0.014054895853611056,0.03511852502194908,0.05679846306395637,0.09787108219988172,0.22577677841373672,0.38493851676468344,0.4402129876143072
1,2039,2,0.16473683087168103,0.1714356108541543,0.15864037099322223,0.16468236470000294,0.19078843419181546,0.14965801758766692,0.01412384924069557,0.0355,0.05734163542791791,0.09889932016833927,0.22708460546848497,0.3857439127429142,0.4414558709819949
1,2040,2,0.1667744262470277,0.17294954983273086,0.16116532574668338,0.16630159818867035,0.1934976608876833,0.15305514964550523,0.015045374940296131,0.034720050046918985,0.05690115474926823,0.10181126724249065,0.22774117249535394,0.38511552304655755,0.44066899544829047
1,2041,2,0.16851579031955644,0.17517186971711934,0.1624853218971767,0.1683687449548622,0.19359893446155052,0.1554291903601408,0.01562688791332716,0.03462565246842252,0.0570324777370351,0.10097397413380169,0.22689955741748033,0.3842742092362759,0.44447849627132496
1,2042,2,0.17018357964227154,0.1772129038083843,0.1638307422369119,0.16979255575759825,0.1949717404014812,0.1575357297531399,0.015663378296758606,0.034350381893069944,0.058605242043327094,0.10232084301677756,0.22786224645288003,0.38158969770065754,0.4454334173960342
1,2043,2,0.1719321225916243,0.17859730145793715,0.16591955724832283,0.17179175763175347,0.193982796870743,0.16215339711366952,0.015242663198113975,0.03447860640603677,0.05874718218457545,0.10228968846263775,0.2309212319433088,0.38148234021176286,0.44317087266422656
1,2044,2,0.17355007369315675,0.18101773480725752,0.1668352283755759,0.17325403059888528,0.19461263778916318,0.16537007023230685,0.015544675642594858,0.03329973795605724,0.05934166198764739,0.10403022670025189,0.23041284875939463,0.3806189555125725,0.4454698772603767
1,2045,2,0.17499177112392958,0.18249640665282563,0.168255496052672,0.17458241246072195,0.1962888355156117,0.16693758127438232,0.015445774152138806,0.034160489848533676,0.05869244869352694,0.10490805246971693,0.2325429553264605,0.37869043006586595,0.44558870856512345
1,2046,2,0.17720681898257312,0.18482510347041492,0.17037486377002323,0.17718262974731427,0.1960753957502806,0.17000762610306133,0.015033148937967146,0.035626386927577164,0.05845894304470606,0.10431980981575902,0.23519487673874123,0.38237937097089275,0.44734465317919075
1,2047,2,0.1789394648356312,0.18676697619760824,0.17193492515155265,0.17935721515711928,0.19573860346624464,0.17112007852546623,0.0146197580472791,0.03586369359489867,0.0582723607585486,0.10672441730026175,0.23811509591326105,0.38201854798028795,0.4464725092828703
1,2048,2,0.18116959383791756,0.19002790611502876,0.17325790638509111,0.18154609266758012,0.19785518651390657,0.17439632042928324,0.014981597748430397,0.035468589083419155,0.05970430715848231,0.10961799312324533,0.2360427917856283,0.38342331145376163,0.4487462475719583
1,2049,2,0.18269579256037694,0.19139614551047518,0.17494080013294006,0.18335568814270076,0.19941382900775134,0.17495183044315993,0.014986556177546613,0.03524668523213766,0.05861780582376644,0.10982079316814389,0.23836518551206762,0.37960350890752403,0.45167514471145415
1,2050,2,0.18562157150583328,0.19523547135303704,0.17707105990302904,0.1861948550808986,0.20248475962651438,0.17731947362600906,0.014998880680546228,0.03669916725948864,0.059598809569821824,0.11025221094005896,0.23910988046194367,0.38520741937966596,0.4538685940697523
1,1990,3,0.0686815432401504,0.0647596183190576,0.07263808214117116,0.06656756931428941,0.07678302857595187,0.07571160236959977,0.014697331868983785,0.037424067110211165,0.05379252313980046,0.0934397327642201,0.2229555236728838,0.34877384196185285,0.41230257689110555
1,1991,3,0.07144492103141825,0.0669181141439206,0.07599584896623293,0.06914244752694393,0.08032253062490309,0.07976240984302078,0.016603969386431442,0.037935736512709345,0.055745164960182024,0.09921833362941908,0.22325646012781328,0.3591549295774648,0.4188163884673748
1,1992,3,0.0723856161521944,0.06800831406981488,0.07676606663815559,0.06984707528412577,0.08169934640522876,0.08201021676101063,0.015744430652642583,0.03780080441747904,0.056507667002706,0.09941774571999652,0.2256541677906663,0.3648148148148148,0.42083040112596765
1,1993,3,0.07347683882254506,0.06940609707332863,0.07753660342961317,0.07057015595548245,0.08641791044776119,0.08180097349918874,0.01621925788620039,0.037385987771875316,0.05758413105694266,0.09714138993495379,0.23113023073914743,0.36046213093709883,0.42160737812911725
1,1994,3,0.07448622955403328,0.07093008026643216,0.07801589659783092,0.07106628852513033,0.08895254884677538,0.0851935015189539,0.01592980087748903,0.037316864857762304,0.05668389955686854,0.09561089364537353,0.2339409176618479,0.37214554579673775,0.4119106699751861
1,1995,3,0.07514223874190631,0.07190346752865119,0.07834553414106919,0.07191524192711636,0.08997540865036888,0.08389175257731958,0.015448766149429216,0.03777077717514858,0.05731504038979356,0.09560788243152972,0.22820081671871248,0.37150564001961744,0.4255827854154214
1,1996,3,0.07606514494571255,0.0725207356653444,0.07956487679817689,0.07247278734526692,0.09249750392240765,0.08595702148925537,0.015142021720969089,0.03732278908284309,0.05834202712462884,0.09557935421531524,0.22791519434628976,0.3807393454202967,0.40932944606413996
1,1997,3,0.07703111969450907,0.0739384288747346,0.08007666173011586,0.07353561361063636,0.09518791710572533,0.08326304374020967,0.014032625855113138,0.03733213390734434,0.05751255310930861,0.09612129241186428,0.2326449655816124,0.37877770315648085,0.41379310344827586
1,1998,3,0.07753831335248285,0.07418145203291553,0.08083373099734133,0.07413498295559742,0.0965869835567224,0.08183609597774429,0.013974168960406522,0.03635138603696098,0.0576994572087144,0.09472315378824174,0.22974980006854792,0.37755536626916525,0.42282249173098124
1,1999,3,0.0777287715362754,0.0749450437094218,0.08045612394817683,0.07477025451199812,0.09482174325606615,0.08141493542953397,0.013738786466059194,0.03601770197370546,0.057907018488601684,0.09391338023623572,0.22056095165338863,0.3708046906591185,0.42679632631010267
1,2000,3,0.07949406093136524,0.0772823921378225,0.08165975375838155,0.07630657256749793,0.09701889805696035,0.08430552498349109,0.013646191472016447,0.03596018926415402,0.058612648358915456,0.09380703248570385,0.22126107347576862,0.37644341801385683,0.4219077568134172
1,2001,3,0.07939912419670639,0.07688891812769316,0.08184956249498274,0.07610773061148589,0.09879596485519036,0.08291214109043983,0.012538628210137463,0.036553353458459115,0.057948527675650154,0.09104012915129152,0.215259126628867,0.37177823104023733,0.4156358238495794
1,2002,3,0.08081057016567558,0.07855968537442377,0.08300128635522229,0.07784965424938657,0.09816146065271328,0.08402317880794702,0.01326994039171161,0.03561006000590222,0.058204537980927326,0.09146144746746962,0.21744186046511627,0.36859886201991465,0.4255220417633411
1,2003,3,0.08197733805259282,0.07917195711920796,0.08470158571606942,0.08011575198316334,0.09776413853572995,0.07766687461010605,0.014081440081294912,0.03515507628618168,0.05795543393275997,0.09430803571428571,0.2146131805157593,0.36682531288559844,0.4236453201970443
1,2004,3,0.08289373356363693,0.0805982878984111,0.08512237011592959,0.08113422229319706,0.09952867723572259,0.07782022923788458,0.013604201619374133,0.03439456148616814,0.05754889095157315,0.09358809829364513,0.21017637824360513,0.37238843389603876,0.4295652173913043
1,2005,3,0.0848570339306138,0.08335396422603206,0.08631730855957427,0.08334974399369831,0.10305823209049016,0.07759031550853113,0.013785597678215128,0.03358397680142968,0.058630067674403895,0.09466596250330077,0.2168386145910096,0.3721407162012936,0.43323566345751363
1,2006,3,0.08579665663458387,0.08378476530581364,0.08774761555392517,0.0848679562983249,0.10269891342446548,0.07714701601164484,0.012857396554786005,0.03313517530230359,0.057275202654064036,0.09709540139652109,0.2153722978382706,0.37681825141632214,0.4362495096116124
1,2007,3,0.08662355591077527,0.08448604201420157,0.08869525403843127,0.08643403867859209,0.10288324293462746,0.07550628491620112,0.013097871163948024,0.032423379668397256,0.05781015507753877,0.09433512224209899,0.21748297113201429,0.3723499552105106,0.44082397003745316
1,2008,3,0.08759212189199551,0.08599309976469909,0.0891397594064801,0.08769544527532291,0.10412365381396127,0.07634993721222269,0.012904739558892538,0.032388663967611336,0.05652813879928596,0.09713607473772877,0.21510710259301014,0.3615851894706393,0.448022401120056
1,2009,3,0.08856210273148943,0.0876923076923077,0.08940222897669706,0.08931361505759239,0.10569017152191669,0.07437240947837648,0.01248599327677285,0.03138109329777893,0.05663039729077169,0.09821824634038148,0.21394433511386,0.3669812611133908,0.4393195943735689
1,2010,3,0.08994098802900016,0.08844425510863142,0.09138346621460545,0.09123996208395185,0.10752115824772449,0.07186404511507392,0.012666666666666666,0.03133985977835934,0.05499039400333848,0.09917266573546793,0.21049154334038056,0.36270571465595436,0.4446802061230676
1,2011,3,0.09225158555332982,0.09094116369952236,0.09351287108023039,0.09347553324968633,0.10818698212517588,0.07678437265214125,0.012816834050693449,0.030582034681328692,0.055536272127733426,0.10026010057222126,0.21199424676380463,0.35955882352941176,0.4434557979334099
1,2012,3,0.09411872612800304,0.09284692226427206,0.09534023478640602,0.0951166212486614,0.11246107509316453,0.07624676763945328,0.013093652907234798,0.031235675463296444,0.05392868412748501,0.09961465657111952,0.21198344698956695,0.3648262732032366,0.44109736417428724
1,2013,3,0.09675587054464713,0.09593881856540085,0.09753938750221278,0.09814187014547483,0.11435876867542365,0.077999708412305,0.012836687062385669,0.03176914421867761,0.054127284183994956,0.0998810546487808,0.2141617870310128,0.3691843601345864,0.4449529621154335
1,2014,3,0.0993697880196066,0.09907612231620039,0.09965104685942174,0.10061076332709298,0.1168505022651172,0.08187050359712231,0.013532941617702212,0.0316992259491338,0.05428689069774808,0.10040903778730036,0.21510065412504437,0.3705719044975014,0.4447926711668274
1,2015,3,0.10136420423512277,0.10126224687648472,0.10146173688736028,0.10220594996280229,0.1195467970754854,0.08646269610278981,0.01424492582707467,0.03144336830777509,0.052212163712864974,0.10088183421516755,0.2171080384344973,0.374390243902439,0.4435136970794657
1,2016,3,0.10349805457113827,0.10334153705630122,0.10364746058272178,0.10458261084964082,0.12036772411165095,0.08904301527252347,0.01365387578979812,0.03161707457432043,0.05280581088898888,0.10030800495348173,0.219579743274134,0.3708328923695629,0.43931512787169485
1,2017,3,0.10666764549342045,0.10787398613496471,0.10551785116857047,0.1077344910316463,0.1252286478120163,0.0904505251520177,0.014448832154773932,0.0315176430284344,0.053350871001892786,0.1000507710858666,0.22088455202129006,0.3712374581939799,0.44216691068814057
1,2018,3,0.10937924784775714,0.11060039150581064,0.10821709448066878,0.11071316216150812,0.1258608735844696,0.09339423273570113,0.014093174964613207,0.03171692474870959,0.05222268785661326,0.10023184171245275,0.2236868789292233,0.36923212398731947,0.44051383399209487
1,2019,3,0.11208820055125344,0.11321055080698489,0.11102191819070222,0.11281515786788678,0.13053783044667275,0.0977529601722282,0.014024940137450632,0.03266247659802086,0.052872083668543846,0.10088224012274645,0.22463031061732258,0.36694011484823624,0.4314086061051857
1,2020,3,0.11452357177885837,0.11565294410269476,0.11345157203731429,0.11556700705004584,0.13308412898576832,0.09754637941352484,0.014266776087368222,0.03261339811640986,0.05163594247659492,0.09852993212596906,0.22511543410794035,0.36679418515684775,0.4339139344262295
1,2021,3,0.11805907969740242,0.11991152581705666,0.11629194050501557,0.11921126938804566,0.13487209250412965,0.1031625008287476,0.014760629612696754,0.03263995719349876,0.052091503267973856,0.09945464519668269,0.22602388453366548,0.36340652990465183,0.4350346160038641
1,2022,3,0.11958644590357745,0.1213210781979236,0.11794130599247976,0.12059331662749614,0.14052172380364855,0.10183338694113862,0.015293034269552062,0.03195842806105879,0.052096078305106576,0.09727099913007056,0.2277365491651206,0.36572735220929453,0.42859387274155536
1,2023,3,0.12232065490035117,0.12513801122882848,0.11966370544318661,0.12309721551215098,0.1450980392156863,0.105068372851587,0.014596594128036792,0.03167320592330085,0.05215672522077342,0.09795931463774626,0.22730123336352867,0.3710099750623441,0.43705972434915774
1,2024,3,0.12538316234772479,0.12804358732047647,0.12288019318368915,0.12634787578586398,0.14779643458367506,0.10810142238713667,0.01465576005453306,0.03182616330114135,0.05225943305264511,0.09731327934181772,0.22905906898792625,0.3677760353139339,0.4407418139669661
1,2025,3,0.12864909186894158,0.13218097447795824,0.12533475581876374,0.12978731470599386,0.15099666352981436,0.10997317727383565,0.014494268492387025,0.032345771610725674,0.05283310273818334,0.0968782249742002,0.2328660699206215,0.3648626860858817,0.44291784702549575
1,2026,3,0.13217936000178335,0.13570769940064545,0.12887632447830122,0.13319619633196197,0.15702935803203466,0.11310667948101874,0.01433767701380796,0.03360009964811758,0.052162685603615234,0.09662884927066451,0.2320259254309769,0.3740473426538132,0.4412753935154043
1,2027,3,0.13481901555092818,0.13813662317411543,0.13171933583288697,0.1357597024773559,0.16055065242177272,0.11540742497924326,0.01461579795808705,0.033524755548657456,0.05199335006682531,0.09658962340391143,0.23155190819322125,0.3742497579864472,0.43956043956043955
1,2028,3,0.1382863937639002,0.14259134544043284,0.13427614439895794,0.13921924343210373,0.16422791497211858,0.11952704284710841,0.014737991266375546,0.03391636887969406,0.053674595746054286,0.09440752147835954,0.2328187001900697,0.3793199683706219,0.4379048469957561
1,2029,3,0.14141369863013697,0.14580229926882796,0.13733224759145085,0.14260412713295975,0.16601318094602485,0.12293089477948836,0.014585635359116023,0.03410150098029763,0.05391392856006871,0.09562717995091073,0.2348830959419511,0.37887753272368657,0.43564254970280797
1,2030,3,0.14444432329884319,0.14933049369010126,0.13991172761664564,0.14525992750346545,0.17157554135899775,0.1256586483390607,0.014700943994627066,0.03419193070435377,0.05539367834294039,0.09664973313613272,0.2331786935762419,0.37964165151908597,0.4371878239562718
1,2031,3,0.14667910184738345,0.15126884096366527,0.14242582532386125,0.14754158855742688,0.17322054879306786,0.12825605811247942,0.014564938495207909,0.03536072575571963,0.05505279034690799,0.09589437162683115,0.2310513447432763,0.3812186978297162,0.4333509420672654
1,2032,3,0.15013533737094326,0.15498424842484249,0.14565599243345495,0.1510227222524924,0.17705213931164623,0.13072116196588415,0.013781844413227533,0.03627381314925727,0.05453064804084317,0.09835115290480484,0.2284279461165213,0.38828942546520623,0.4339730971128609
1,2033,3,0.15279804042959813,0.1582976048845092,0.14772856596004427,0.153126216730457,0.18217829868910035,0.13417085427135678,0.014576593720266413,0.03639820255789838,0.055215299043809764,0.09827826594468403,0.22926384100588115,0.3880953328293479,0.43209116107175854
1,2034,3,0.15525104355570818,0.1612924903399227,0.14969566515958269,0.15602134928664643,0.1828476337365046,0.1354137797239621,0.014585232452142206,0.03673570895654955,0.05477841049764793,0.09849476439790576,0.22961859961420014,0.38785557986870894,0.43378436735281417
1,2035,3,0.1572002141327623,0.16285493809901921,0.15200805068646478,0.15766224442702573,0.18445817682458904,0.1391045762431852,0.013797835035828633,0.0364,0.056150310060778086,0.09937440634109594,0.22768250525316885,0.38776850564055015,0.4340122199592668
1,2036,3,0.15975983361580864,0.16592123800791644,0.15411411534481523,0.15962912742331514,0.18819232621608606,0.1436397501917388,0.013840432465590614,0.03512871874768158,0.05699258758035247,0.09961258125943923,0.2286289085143383,0.39001798905346957,0.4361312696679725
1,2037,3,0.1624093632198883,0.1683177173013708,0.15700883002207505,0.16173538208902705,0.19134669114712222,0.14687909209951985,0.013233024691358024,0.036747783437087345,0.05882713401556468,0.10130610621229198,0.22809462307117123,0.3897935779816514,0.4379969650986343
1,2038,3,0.16454473661743363,0.17063975926526687,0.15898586950976892,0.1638041715882996,0.19454263812209557,0.14960544217687075,0.013393030951917462,0.035652937359239606,0.05862667327714428,0.10181352257047112,0.22768465521940584,0.39177423050484994,0.4413705289964116
1,2039,3,0.16663109365662085,0.17235393591882903,0.1614228201600163,0.1658949936796308,0.19513351240322327,0.15166648572359137,0.014045164843811473,0.036076923076923076,0.05870766884808438,0.10097118808675946,0.22711852907252866,0.38946923726860744,0.4490224235060201
1,2040,3,0.16884234149990648,0.1756325916612407,0.1626744980472534,0.1678577486706345,0.19636749616700083,0.15668127942847865,0.014488138831396274,0.03632311542070691,0.05854160635594583,0.1034871728761119,0.22895759418820746,0.3873601919578931,0.4492960728273526
1,2041,3,0.17049795087456138,0.17709906457793306,0.16451728187062847,0.1691315327591442,0.19790809730873193,0.15846195505009478,0.014821378227073181,0.035980396063274495,0.06004452592980618,0.10180424716589494,0.2281158147234704,0.3878535579504338,0.45009704770660947
1,2042,3,0.17218763061161063,0.17883829604713639,0.16617701065001836,0.17057928526366573,0.19964919119080102,0.1618666089216111,0.015139923495067445,0.03535010197144799,0.06198181331906927,0.1007290439654898,0.22992787240526905,0.38734778041473755,0.45047717944914206
1,2043,3,0.17391841182754714,0.18134791270488093,0.16721636220681485,0.1725741194703783,0.19974312069435254,0.16366682882006378,0.014876839281359239,0.035361644055551096,0.061103900539654345,0.10079710375051605,0.23119378577269012,0.38233248319035473,0.4578597572722019
1,2044,3,0.17540047120587823,0.18380122473556845,0.16784659862903142,0.17442112744547936,0.1996196242819438,0.16509994597514857,0.014239086087311302,0.03583954847812941,0.060850645704660304,0.10336901763224181,0.23250626308383954,0.3833655705996131,0.45291857959336645
1,2045,3,0.17683180177312044,0.1850516757546029,0.16945351778089512,0.1759656007096357,0.19911675834818315,0.16850888599913308,0.014162077104642014,0.03569126651627457,0.060453581569205335,0.10493943387936987,0.23329896907216494,0.38175125920185976,0.45400211484529446
1,2046,3,0.17801447272135945,0.18638432523531637,0.17050852336986697,0.17665304887274927,0.2010295312923327,0.17131495805643315,0.014230817955322833,0.03607020375226952,0.05889903546411413,0.10644687040570552,0.23443740531607216,0.37905840984567296,0.455653901734104
1,2047,3,0.1794835522378315,0.1884490426046683,0.17146067879087798,0.17811669977244535,0.2029181302350716,0.17117461009924748,0.0146625058778267,0.03529507331140084,0.06054949977601911,0.10803315468029416,0.23547400611620795,0.38151410500174615,0.4509014449961974
1,2048,3,0.18198901969353473,0.19132478780931209,0.17365089871139885,0.18153078330360764,0.20217567411179263,0.17330121009691726,0.013942411777441004,0.03616889804325438,0.060194614166100925,0.11078514873347844,0.23683395824017062,0.3814813376315687,0.4546618400141268
1,2049,3,0.18279463609106783,0.19182727039686795,0.17474346724274023,0.1812204184203629,0.20438856966565114,0.17924580236718965,0.013840525411028343,0.0357870235670643,0.06025241389797004,0.10978844536455974,0.23622662004820258,0.37964215326351586,0.45391159445711277
1,2050,3,0.185676758534674,0.19483686413355686,0.1775298472446692,0.18456524269584448,0.2078092445404738,0.17820413579564304,0.014058652339377658,0.0361133196635561,0.06052641750086963,0.11116934163118244,0.23620584858512866,0.3844377741861002,0.45817912657290893
1,1990,4,0.06869176066699362,0.064678236455006,0.07274070729254326,0.06649001486460286,0.07725797514446292,0.0755671145788181,0.014858841010401188,0.03706248192074053,0.05373241976199063,0.094182054375058,0.22381635581061693,0.346866485013624,0.41230257689110555
1,1991,4,0.07189275797896162,0.06797022332506203,0.07583619382134589,0.06969578832199404,0.08195069002946193,0.07792391458068165,0.01618238422622908,0.038145519387434004,0.05637087599544938,0.09904068218155979,0.22909141428174493,0.3594257854821235,0.4188163884673748
1,1992,4,0.07233703520175669,0.06888245692418267,0.07579409820769022,0.06990844154250227,0.08359933120535036,0.07911086566339914,0.015254458744365323,0.038516599631876744,0.05560566668435295,0.09915703484835317,0.23064472619368762,0.36322751322751323,0.40534834623504573
1,1993,4,0.07322963413706549,0.06893006074223584,0.07751761332345848,0.07084628960416842,0.08440298507462686,0.08004326663061113,0.015557247360233027,0.03705188600447697,0.05763347478535478,0.0953440602533379,0.23113023073914743,0.3686777920410783,0.4163372859025033
1,1994,4,0.0742159466890349,0.0706307182816622,0.07777447630366958,0.07152523624039446,0.0874834728955487,0.08123101307621186,0.015524805939925751,0.03665987780040733,0.05751477104874446,0.09477804613975181,0.2339409176618479,0.37214554579673775,0.4088089330024814
1,1995,4,0.07556233390259272,0.07261974728181017,0.07847268896114512,0.07281447066554456,0.08860118617098221,0.08414948453608248,0.015072800601544877,0.03725114481504336,0.059323844937385135,0.09585838343353373,0.2354071582993034,0.3656204021579206,0.4178123132098028
1,1996,4,0.07590389508008744,0.07257482870537324,0.07919099843327161,0.07293670370454186,0.0902153758379689,0.08408295852073963,0.014828738512949038,0.036326228823094484,0.059385282080089884,0.09541831065303165,0.23180212014134274,0.36802448787379327,0.4204081632653061
1,1997,4,0.07720668919808629,0.07404458598726114,0.08032058541684815,0.0744567509377844,0.09230769230769231,0.08241956862272563,0.014523767760042099,0.036785966715928806,0.05843955195056006,0.09781408699492161,0.2313615680784039,0.3736288336691292,0.41944601469756926
1,1998,4,0.07748671287775848,0.07470226728238603,0.0802201922421433,0.07449438569359283,0.0950670167196352,0.08195201112785441,0.013762439127673089,0.036255133470225874,0.05892631422410588,0.09650263500102663,0.2264366502913287,0.37265758091993184,0.42061742006615216
1,1999,4,0.07774563792914428,0.07497912512993542,0.08045612394817683,0.07469536657644453,0.09590619493018843,0.08175182481751825,0.013420922511831603,0.036276124947507836,0.05840962125291689,0.09468792357839025,0.2189239332096475,0.3738374443995148,0.4143706104808212
1,2000,4,0.07946092805195236,0.07731587670980596,0.08156138826499663,0.07635916152171397,0.09775086505190311,0.0839753466872111,0.014036082656931202,0.036873878283569916,0.05798614736695555,0.09471955225696557,0.2184471078686816,0.380292532717475,0.40461215932914046
1,2001,4,0.08050403373223818,0.0785171540409855,0.08244360600465601,0.07750240193394424,0.09742922225837944,0.08635337133025056,0.014065996519021063,0.03609397558734742,0.057206462711235535,0.0939229704797048,0.22023276633840644,0.37845355089931393,0.41217219198416627
1,2002,4,0.08141476134448437,0.07931723671061539,0.08345621686066576,0.07871149595441364,0.0986703988803359,0.08350579470198675,0.012915129151291513,0.035806800668918254,0.05830318974021703,0.09339713947736315,0.21705426356589147,0.37855618776671407,0.42041763341067284
1,2003,4,0.0820248473762976,0.07941304103248203,0.0845611187414159,0.08009551562247046,0.09907935116177115,0.07829070492825951,0.012883791826957973,0.03498814809868794,0.05756450351837373,0.09471387987012987,0.21318051575931232,0.37581526529173276,0.42901925660546353
1,2004,4,0.08297931935950703,0.08047193353760622,0.08541372753480954,0.08137376237623763,0.09873293750382567,0.07952945907902674,0.012437085126559194,0.03425994480716161,0.05642864001536344,0.09425352916013119,0.21220796010711976,0.38208256727394285,0.42434782608695654
1,2005,4,0.08518490278307282,0.0833694373955561,0.08694867863263281,0.08368452146514375,0.10311808007660542,0.07940139166904966,0.012733538908035552,0.03314563172269616,0.0575232433116185,0.0965143913387906,0.2179439941046426,0.3828679602460956,0.4323984930933445
1,2006,4,0.08499955302601389,0.08290712102412008,0.08702861335289802,0.08449055033531068,0.10082953616076644,0.07578238719068413,0.012537737524418398,0.03245963656015673,0.05630496698068918,0.09883072346403339,0.21030157459300775,0.3762057877813505,0.42526480972930564
1,2007,4,0.08652183390249218,0.08435317911395208,0.08862371406905038,0.08619692126753484,0.10373965172709107,0.07611731843575419,0.011991982305778269,0.03155250376821303,0.056465732866433214,0.0988670244484198,0.21326629905935776,0.38235294117647056,0.4250936329588015
1,2008,4,0.08781932039248541,0.08631068381620545,0.08927947689771283,0.08796550664444093,0.10440265610178004,0.07668480535789034,0.012603070322450895,0.030749155151069026,0.056903949140333844,0.09882073665671184,0.21104847801578355,0.3782181081862887,0.4385719285964298
1,2009,4,0.08802611235182958,0.08668531468531468,0.08932117527862209,0.08850514152828749,0.10569017152191669,0.07624931571126926,0.01248599327677285,0.02995024552047088,0.05625411558119846,0.09736803193848884,0.21028956986224345,0.3771029954862536,0.43245011449133136
1,2010,4,0.08955656718934413,0.08808696010663881,0.09097290281567028,0.0903010033444816,0.10752115824772449,0.07567443987197074,0.011936507936507936,0.030596749701140513,0.05637617712827942,0.09845635901292933,0.20831131078224102,0.36413113904366984,0.44073961806608064
1,2011,4,0.09193880063621783,0.09068334780720799,0.09314717828829652,0.09297188400162582,0.11042784928865496,0.07550713749060857,0.013008130081300813,0.03041936428408758,0.05474740462591903,0.0995664990462979,0.21074354324307423,0.3686274509803922,0.42709529276693453
1,2012,4,0.09416458656813223,0.09306088607764212,0.09522463972873693,0.09524721615197765,0.11179743733728113,0.07816771333579609,0.012427873945849977,0.03067906489424399,0.05377090564846955,0.10002028123309897,0.2134405781896602,0.36768205616373156,0.4381387842926304
1,2013,4,0.09635567948568995,0.0956882911392405,0.09699567559365754,0.09746384585675665,0.11290484307630602,0.08062399766729844,0.013183624550558253,0.03004831557349924,0.05428481411468179,0.10031057952818344,0.21676425937974408,0.3594384499361875,0.4441901856089499
1,2014,4,0.0990260360303011,0.09863370201691607,0.09940179461615155,0.10006014451626019,0.11660429387433524,0.08316546762589928,0.013282910363795475,0.03109606943001709,0.053431729642415986,0.09846123880015582,0.22006997616753715,0.3634647418101055,0.45081967213114754
1,2015,4,0.10165926911800711,0.10241791543074336,0.10093354624738976,0.10261554279409184,0.11886892945334818,0.08724355789025343,0.013965613555955558,0.03225047080979284,0.0526902970801989,0.09828443161776496,0.22540426529177407,0.366629711751663,0.4414761150101879
1,2016,4,0.10435305196897227,0.10501611143531323,0.10372011916006685,0.10503674345636199,0.12365437744117366,0.08827238335435057,0.014670981661272923,0.03232795098337903,0.052837950761714984,0.09960943701774998,0.2257341304730086,0.3659646523441634,0.44169917641959255
1,2017,4,0.10674105749995412,0.10803695671250736,0.10550590259523013,0.10753863981328851,0.12494723512030392,0.09245439469320066,0.014601891817430435,0.03251113394998287,0.05293381668858875,0.09947959636986736,0.22696743125079205,0.3606306736741519,0.4371470403681238
1,2018,4,0.10937320646428032,0.11031543474490176,0.10847649479430735,0.11047116617864143,0.12646175179107927,0.0939396005180994,0.014462428457135823,0.03324504210812279,0.05202927049418136,0.09915203099691937,0.2266477387953762,0.3598097921803452,0.44367588932806323
1,2019,4,0.11211803028314382,0.11345546276113737,0.11084741030294569,0.11307023347389063,0.13094804010938924,0.09546555435952638,0.014429206704605528,0.03303022198448783,0.052839903459372485,0.09985935302390998,0.22545184257882794,0.36259228876127975,0.439867598381758
1,2020,4,0.1149017128609327,0.11698758781348961,0.11292180122077623,0.11553539249470456,0.1350207169879301,0.10033911829243966,0.014014266776087369,0.03291290891543812,0.05382363349741016,0.09795091195676649,0.22602376807206115,0.3634276970160673,0.4395491803278688
1,2021,4,0.11846034012722316,0.11979065944691548,0.1171912832929782,0.11932200172426066,0.139470512076432,0.10037790890406417,0.013878910587159558,0.03417831583171694,0.05287581699346405,0.09845429023201781,0.22686643710161916,0.36579023403640565,0.4350346160038641
1,2022,4,0.12028188440653016,0.123035527193066,0.11767030634252097,0.12120032996622515,0.14201991715872037,0.10254100997105178,0.014437939880286785,0.03264046768431309,0.05187069354111662,0.09936527370557721,0.23026973026973027,0.3668706705225637,0.4252945797329144
1,2023,4,0.12193870570529484,0.12503230050036412,0.11902124548616495,0.12308954685930322,0.1437037037037037,0.10462928114414753,0.01472989635751658,0.03189469687381344,0.05005260305416521,0.09795931463774626,0.22730123336352867,0.36951371571072317,0.43889739663093413
1,2024,4,0.12540012894614802,0.12837025888721665,0.12260578453432852,0.1263173937892932,0.14922087451979107,0.10556586270871986,0.013701431492842536,0.032766838078514986,0.05087741852542264,0.09818100012855123,0.22587816807469988,0.3742231515362723,0.440596928426543
1,2025,4,0.1287164856395107,0.13278422273781904,0.12489930109516863,0.1294157788982826,0.15373428009239457,0.11003413801511826,0.01317027281279398,0.0337208575535971,0.05292963094050645,0.09739422084623323,0.22729268704610708,0.376578706938249,0.43356940509915015
1,2026,4,0.1315663348900456,0.13522360534808667,0.12814260126459354,0.13235227632352276,0.156944385435697,0.11226573762614128,0.013384186177914327,0.03391150001557002,0.05209812782440284,0.09721231766612642,0.22942001870907391,0.3755110281128552,0.4332032826584152
1,2027,4,0.13533959505560234,0.13898507188883027,0.13193358328869845,0.1361795933057405,0.1615218951902369,0.11457715573478829,0.013756045137023106,0.0338662113922086,0.05303647683932588,0.09662194924842411,0.22881638644248734,0.38218780251694096,0.4385836385836386
1,2028,4,0.13916169378812235,0.1437099775132124,0.13492477005688766,0.13991354789580954,0.16603077439101085,0.11905876843830485,0.013791848617176129,0.03410444486239107,0.054320111028628604,0.09719565569784405,0.2333522291506886,0.38159914414623936,0.43879830243466605
1,2029,4,0.14125479452054795,0.1459842394332564,0.13685635423386458,0.14158462259728083,0.16914157003420371,0.12183123046648918,0.013959484346224679,0.03496930543502716,0.054327427717166574,0.09675752486758817,0.2344799785004031,0.37681549220010757,0.43267062922730065
1,2030,4,0.14431348604947827,0.14911525477490542,0.13985918453131568,0.1443629867386196,0.17435493238197958,0.12331042382588775,0.014402447669863065,0.03533166172783223,0.05434851460062076,0.09603883994598418,0.23463479055907352,0.3775642690210335,0.43775327490340216
1,2031,4,0.1474165369829143,0.15309516025388092,0.1421541997492687,0.14707662331911375,0.17722302455126882,0.13001532262641166,0.013810278469549468,0.03579114657484356,0.055744092508798394,0.09695451040863531,0.23376799782667754,0.3815525876460768,0.4333509420672654
1,2032,4,0.15038926377550746,0.1559968496849685,0.14520906738174674,0.14985200347534128,0.18324650285104813,0.13083375555930868,0.014237442575648279,0.03617230061245897,0.0552823628903436,0.09738503155996393,0.23229615554273692,0.3825888676249033,0.43971456692913385
1,2033,4,0.15293262630884769,0.15922916339311768,0.14712850595404367,0.15253851296254123,0.18556785232980766,0.1332216638749302,0.01351094196003806,0.03643276875216039,0.055371539278795075,0.09792159787296131,0.23230582032042182,0.3834003103489436,0.43871265783800434
1,2034,4,0.15597536242770224,0.1628829030632245,0.14962357230398468,0.15536151556474434,0.18719051871093434,0.13901668421927832,0.013027955028866606,0.03634490354211817,0.056232978460014856,0.09947643979057591,0.23252901959457173,0.38422163175992496,0.4422052684612063
1,2035,4,0.15758565310492506,0.16369370477649664,0.1519772444882577,0.1571347989480393,0.18825477604103558,0.13921471446665565,0.012768714743101083,0.03552727272727273,0.05716842007836362,0.10091382529232583,0.22920761878939877,0.38487096275691546,0.43896809232858114
1,2036,4,0.15892577404470773,0.16522798935527874,0.15315103019374404,0.15761351559350606,0.18943650666238562,0.1456667031883423,0.01318866694782042,0.035091624007715705,0.057361670716328854,0.10017072690262001,0.22917448085382072,0.3796838519539174,0.4417185794104425
1,2037,4,0.16189677818950696,0.16945817214159528,0.15498528329654157,0.16046712802768165,0.19318272531332323,0.14873417721518986,0.013001543209876544,0.03546500660252783,0.05643728169618237,0.10279785188622953,0.22911426823465433,0.38440366972477064,0.44333839150227616
1,2038,4,0.1636109451037309,0.1706173861488036,0.15722083354588584,0.16260830649362082,0.1927155737379354,0.15053061224489797,0.013003698656803581,0.03469862961407795,0.056426623698562224,0.10273342532360864,0.2285363859362224,0.3853204002138547,0.444090751244357
1,2039,4,0.16660974985059335,0.17421298422048762,0.15969015950670132,0.16510127289296528,0.19568652235740244,0.15530344153729236,0.012550161303013613,0.03519230769230769,0.05788169515216977,0.10291356426027841,0.231732139222471,0.3880482371917966,0.44482491991604994
1,2040,4,0.16784845975046087,0.17564381777767799,0.1607676384512629,0.16641960012095197,0.19365491213586508,0.1589543757103426,0.013572679509632224,0.034876446668751955,0.05860593779150182,0.10194018306046151,0.23260685926676802,0.3864313634428577,0.4406160685932042
1,2041,4,0.17027294886561486,0.17779781359179533,0.16345535304028183,0.16815397945656924,0.19841736200885338,0.1627944760357433,0.014338072415320794,0.03339044507311631,0.059848088004190676,0.10253871946351589,0.23308219872292982,0.3876979340932965,0.44371233016651346
1,2042,4,0.17135171630354407,0.17900760773867305,0.16443261109070878,0.1695030986751772,0.19602416682907814,0.16527717626678215,0.014334608415542582,0.03399048266485384,0.060377106178122496,0.10203431918754577,0.23223053740137484,0.38610278955763916,0.44399940661622905
1,2043,4,0.17316684292746823,0.18138187086842344,0.16575618024567818,0.17112116177007503,0.19908146187677578,0.1679368682773904,0.014511015364604503,0.03351529260656659,0.06004508504679281,0.10263901679951729,0.22942218588171165,0.39060205580029367,0.44466384126372566
1,2044,4,0.17460436995040504,0.18219929787886707,0.16777508760100932,0.17281262858639135,0.19888216115510013,0.168989735278228,0.01379028967768258,0.03329973795605724,0.05941184727681078,0.10516372795969774,0.2312708054497409,0.3876982591876209,0.4451419469689872
1,2045,4,0.17651343869892025,0.18461819260340856,0.169238488239932,0.17471772435463745,0.20012396374060587,0.17008019072388383,0.013582342954159592,0.03428134063809217,0.05804550192286957,0.10723027678403314,0.23237113402061857,0.3868268113134444,0.44848512712059213
1,2046,4,0.17814456459874786,0.18641871983307154,0.17072443503115298,0.17648660916931458,0.20222936099392344,0.17082470857391874,0.014273045901777796,0.03425458946943716,0.059559174093226246,0.1076355219118521,0.23454069687370885,0.3862863840593866,0.4477059248554913
1,2047,4,0.1799024995375257,0.1878614714624761,0.1727803208379727,0.17807864715328356,0.20349712432933184,0.17330134147671503,0.014448766725088701,0.034076601275334066,0.058906973271614156,0.1077838713698118,0.2381845982763414,0.38566605874820536,0.4499619737842795
1,2048,4,0.18237688126519352,0.19118583619921029,0.17450927668728153,0.18082655256087385,0.20344867492188404,0.1783387176258008,0.014635202424767266,0.034397528321318226,0.05970430715848231,0.10892400870634995,0.2375907261532111,0.38924923292034025,0.4523662369768674
1,2049,4,0.18443104565472856,0.19371489827783087,0.1761559552989074,0.18290088340039776,0.20697234969727354,0.17792458023671898,0.014369462687882929,0.03379192817656594,0.06048049874553334,0.10949731513230251,0.2408432058114668,0.3865594929860494,0.45487633748465184
1,2050,4,0.18553879096257217,0.19559890734726895,0.17659141859131433,0.18454196251891514,0.20580291689173547,0.17942054627888976,0.014103425117528543,0.03406285307779219,0.059405557917520196,0.11120209629872257,0.23897480921185926,0.3860540290925883,0.4550006531109853
1,1990,5,0.06818088932483243,0.06408821794063194,0.07230968165678045,0.06619272280747109,0.0759122932003483,0.07498916341569137,0.014955746495251632,0.03717095747758172,0.05379252313980046,0.09390368377099378,0.2187948350071736,0.3425068119891008,0.40980881130507063
1,1991,5,0.07180319058945295,0.0675136476426799,0.07611559032489822,0.06943169385162921,0.08226081563033029,0.07905529628058267,0.01689583603580231,0.038145519387434004,0.05614334470989761,0.10046189376443418,0.22645179216449013,0.35102925243770317,0.4241274658573596
1,1992,5,0.07307546564840994,0.06861050136949047,0.0775436413825279,0.0706571098946955,0.08527131782945736,0.07814441529752865,0.016691709675311948,0.03824391574067762,0.056401549318193876,0.10011297471104545,0.22862152684111142,0.3674603174603175,0.414496833216045
1,1993,5,0.07410435840876245,0.0706628329874136,0.07753660342961317,0.07091832446904302,0.08828358208955224,0.08315305570578692,0.016781966833272648,0.037385987771875316,0.05812691206947597,0.09705580280725778,0.23191239734063354,0.3681643132220796,0.4235836627140975
1,1994,5,0.07411342560231138,0.07040619679308474,0.07779304709552816,0.070713251821081,0.08961363302482739,0.08413683793422269,0.01619979750253122,0.03715261809342356,0.05677621861152142,0.09469476138918964,0.2338152105593966,0.35934755332496865,0.4230769230769231
1,1995,5,0.07516050374889269,0.07254628269174258,0.07774608998928266,0.07169619902929411,0.09106032113409518,0.08582474226804124,0.015619659580285734,0.038030593355201196,0.056502970466299096,0.09585838343353373,0.23168388181599808,0.36733692986758215,0.42139868499701133
1,1996,5,0.07538431217973986,0.07225027046520015,0.07847884916678535,0.07180520038923714,0.09278276993296249,0.08470764617691154,0.015977443609022556,0.03738708329314945,0.05761977369392505,0.09364683146791207,0.2249705535924617,0.3720273133976925,0.41049562682215746
1,1997,5,0.07660097441074486,0.07452229299363057,0.07864796585068386,0.07320267240805274,0.09483667017913593,0.08241956862272563,0.01417295211366427,0.03858510569941528,0.05712630359212051,0.09509089570913373,0.22622797806556993,0.37564360868591895,0.4143583945732052
1,1998,5,0.0772201104250159,0.07468490677407034,0.07970890994614493,0.07393894509850903,0.09651789415503662,0.08148835052741393,0.014432916931328957,0.03734599589322382,0.05784816714997398,0.09465471220313462,0.22415171941048784,0.37052810902896083,0.4217199558985667
1,1999,5,0.0777119051434065,0.0754221835966123,0.07995525577667958,0.07456698725835267,0.09685509014504541,0.08051656372824256,0.013809422900331991,0.03756823981651969,0.05668641177526476,0.09417156135028723,0.21434028156717233,0.3801051354630004,0.4208535926526202
1,2000,5,0.07830956049235459,0.07622762812034355,0.08034821384658263,0.07532841801907927,0.09735161032738887,0.0800132071318512,0.013468968206146103,0.03641703377386197,0.0578469249242978,0.08942693758364764,0.21594580510682648,0.37933025404157045,0.41037735849056606
1,2001,5,0.07975659492879021,0.07797440873655472,0.081496347435177,0.0766759300391541,0.09781972014318256,0.08366491020539843,0.013213511881504636,0.03675022968893556,0.05801598812696057,0.09017527675276753,0.21774594648363674,0.3736324865566475,0.4141514101929738
1,2002,5,0.08069132190670016,0.07864027594210374,0.08268754117905437,0.07818425161722062,0.09847954704497741,0.07957367549668874,0.013092534771501562,0.03616749188444765,0.057546859585662614,0.08968706312506722,0.22073643410852714,0.36806543385490753,0.4232018561484919
1,2003,5,0.08166060922789431,0.07886658416239413,0.08437382944187789,0.07956937024445523,0.09932986785244567,0.07662715741318361,0.013391885025767583,0.03619003104864287,0.05684779775866562,0.09106128246753246,0.21852913085004774,0.3678829543451437,0.4231974921630094
1,2004,5,0.08386629942579711,0.08192500868686231,0.08575108875667055,0.08202251676780581,0.1018546856828059,0.07681479991956565,0.013203005324968998,0.03634650333176281,0.057452869442755176,0.09239982888920575,0.21904146273894173,0.37255557412669227,0.4334782608695652
1,2005,5,0.08497140678612276,0.08338491056508016,0.08651273262980667,0.08332020480504135,0.10287868813214435,0.07835287389190734,0.012951206239796844,0.034764136628789154,0.058187337929289734,0.09519408502772643,0.2184966838614591,0.37150970184571697,0.4294683968187526
1,2006,5,0.0860275931940761,0.08392095148745574,0.08807043286867204,0.08489698752624907,0.10415936441173035,0.07660116448326056,0.01267980820458178,0.03320272917651827,0.058120246627648586,0.09705408420443747,0.21813005960323814,0.37605267187260755,0.42918791683012947
1,2007,5,0.08726295139141176,0.08540131977147582,0.08906726187921192,0.08695569698291807,0.10442477876106195,0.07454608938547486,0.011715510091235832,0.03269134148383855,0.0583104052026013,0.09600477042337507,0.21440155692507298,0.3829501343684682,0.451685393258427
1,2008,5,0.08799681922099314,0.08675818861605532,0.08919564640297319,0.08757438328227,0.10657887394676636,0.07693595646714106,0.012234363477911108,0.03295747314886071,0.05652813879928596,0.09843785894785205,0.21397970687711387,0.3675151865779578,0.448022401120056
1,2009,5,0.08863769111836454,0.08822377622377622,0.08903748733535967,0.08912285164056538,0.10601687993465832,0.07476343161022914,0.0119737473987514,0.0315111703684433,0.05719481985513154,0.09836610971462369,0.21549058195108237,0.36315141567501025,0.44160942100098133
1,2010,5,0.09039959534648458,0.08876032376424027,0.09197944534209201,0.09153506340207107,0.10762761484004897,0.07354061880810853,0.012793650793650793,0.03121062324319085,0.05549431513968064,0.09859962035743705,0.21121828752642707,0.36750032396008814,0.45074264928766294
1,2011,5,0.09280395040695315,0.09123968736430743,0.09430955894837201,0.09359923657377137,0.1098546042003231,0.07888805409466566,0.012242945958871354,0.03230634089208446,0.05537849862737055,0.09960117912259407,0.20961791007441685,0.3729166666666667,0.44374282433983925
1,2012,5,0.09499662598190478,0.0940638414528143,0.09589252228415834,0.09588277801478334,0.11312471284904793,0.07853712596970816,0.012332762665652147,0.03234889660140135,0.054654465130956134,0.09910762574364522,0.21524742087777585,0.3719657306044741,0.44109736417428724
1,2013,5,0.09673005176664988,0.09672995780590718,0.09673014187087474,0.09778140153628288,0.1145593101373709,0.0792389561160519,0.012300510944300763,0.032397908531338934,0.055293005671077505,0.09826207625718628,0.21502927781392323,0.3658197006613296,0.44978387998982966
1,2014,5,0.09952893245909988,0.09963565387117762,0.09942671984047856,0.10048369744767004,0.11645656883986606,0.08503597122302159,0.012782847855981997,0.03216834768622458,0.05558546859658569,0.09891572523048954,0.21839663303077939,0.36335369239311494,0.4544358727097396
1,2015,5,0.10182877447625983,0.10243075619245734,0.10125291733202309,0.10269913316782439,0.11949837795961846,0.08681763327890964,0.013096642045807213,0.03302394404089319,0.0560372306515364,0.09911816578483246,0.2180454651980314,0.369290465631929,0.449173647271904
1,2016,5,0.10413620480285495,0.10468627102732601,0.10361113129404927,0.10498720171744695,0.12108221396589501,0.0906543365559759,0.013715518569887501,0.03232795098337903,0.055184161470720576,0.09989521480964024,0.22076666080534552,0.36448301407556355,0.4505851755526658
1,2017,5,0.10650246847871969,0.10652007672153342,0.10648568560913826,0.10766104682476212,0.12293044416303175,0.09190160309563294,0.013805981571616615,0.03233984241178486,0.0535754387090565,0.1001776988005331,0.2212224897562624,0.3623506927854754,0.4513700062748379
1,2018,5,0.10919800634345266,0.11016676165225364,0.10827604909740482,0.11016463793367696,0.12724751559972267,0.09346240370850092,0.013908548218351899,0.03287150230915512,0.054221333935076235,0.09851684822307619,0.2235246400324478,0.36553363860514265,0.43656126482213437
1,2019,5,0.112213485425193,0.11332076118635351,0.11116152450090744,0.11324559795301826,0.13072014585232453,0.09607104413347686,0.01343408900083963,0.03319737897833645,0.05425583266291231,0.09960363124920087,0.22502151631327752,0.3649712879409352,0.4378447958808385
1,2020,5,0.11460038168615472,0.11601693784200245,0.11325578717033283,0.11555910341121052,0.13254368582237436,0.10060509342376488,0.014361467079098541,0.03361176744650404,0.053308882668983044,0.0993984623797729,0.22413140564680947,0.3610558530986993,0.4342554644808743
1,2021,5,0.11899142010786824,0.12038290466060723,0.11766401475844575,0.11978865942688106,0.13839903567123532,0.10356029967513095,0.014532035791261185,0.03394421777807505,0.05382352941176471,0.1006808867662719,0.2255842918895157,0.36456226524125973,0.4400257607470617
1,2022,5,0.1201833639519452,0.12234498523668921,0.11813326407786723,0.12113028996560257,0.1398607561469992,0.10389192666452235,0.014339275143063868,0.03312763884378045,0.053641573829609115,0.09817314817798112,0.22509633223918937,0.3675432107068397,0.4391201885310291
1,2023,5,0.12224654535504173,0.12518499377481265,0.1194753982144044,0.12315856473493302,0.1420479302832244,0.10745201354911554,0.014230012996967373,0.032337678774838625,0.05269869608186948,0.09898607456843997,0.22611664692355934,0.36770573566084785,0.4393568147013783
1,2024,5,0.12654254657331268,0.13058695880438206,0.12273750068602163,0.12735378167269956,0.14943669875253593,0.10896722325293753,0.015098841172460804,0.032077009908440986,0.052998650125345506,0.0991451343360329,0.23035879194171768,0.37155137364233026,0.4408866995073892
1,2025,5,0.12914331285311528,0.13266821345707658,0.12583552875089812,0.130090609242901,0.15189494396441097,0.1110704706169227,0.015225950315320024,0.032564535283455216,0.05270439846841919,0.0982327141382869,0.2278669143725722,0.37442897834148436,0.4417847025495751
1,2026,5,0.13289269831362366,0.13702166897187645,0.1290273851399469,0.13350513133505132,0.15766665250456727,0.11478856319077367,0.014690821767842638,0.033506679537881855,0.052969657843770175,0.09815235008103727,0.23102365361486035,0.37783273608237017,0.44181353423920355
1,2027,5,0.13551127553054804,0.13973033089499873,0.13156936261381896,0.13599964009357568,0.16021282885013302,0.11902502668722571,0.014651620992298048,0.033959335713177094,0.052645304299638165,0.09755939873929206,0.2299839871897518,0.3790900290416263,0.4404151404151404
1,2028,5,0.13838548433268008,0.14245437008458228,0.13459514062416927,0.1388683583805535,0.16406020711919836,0.12122453757902131,0.013791848617176129,0.03482540279606294,0.05361004421779686,0.0979737396660723,0.22885057854546667,0.3789013442485697,0.4418137145409873
1,2029,5,0.14167671232876713,0.14560898784412277,0.13801964910796433,0.14221716190773856,0.16647201134562442,0.1247250839217502,0.013959484346224679,0.03468003728345065,0.05337319889309457,0.09772639193902596,0.2335057780166622,0.37856374394835934,0.44045911047345765
1,2030,5,0.14492951143190466,0.14935315041801664,0.14082597730138713,0.14523768930268416,0.17033103791587156,0.12898052691867126,0.014589007872840567,0.034550131883161285,0.05412681320073478,0.09928621953572117,0.23165487115234837,0.3829308404743357,0.43794175855244555
1,2031,5,0.14763885198700813,0.15306133952628434,0.14261387379857918,0.1472980353373581,0.17594388281411183,0.13120708245843027,0.013923477473398234,0.036552660331755124,0.053952991452991456,0.09746851709072218,0.23380195599022005,0.3813439065108514,0.43863356224687444
1,2032,5,0.15000567282393176,0.1556930693069307,0.1447517487241849,0.1497710103523937,0.17852894121507978,0.13370489219163428,0.014237442575648279,0.03580008797753189,0.05509443417796849,0.09889862166688136,0.2308370940924977,0.38246671281403966,0.43520341207349084
1,2033,5,0.15273343920755833,0.15913937462120362,0.14682847595104337,0.1526413611219265,0.18172908073671745,0.1346175321049693,0.014881065651760228,0.0370549602488766,0.055215299043809764,0.09811614409390097,0.22953423916717366,0.38324115704452316,0.438250692947336
1,2034,5,0.15438722623429302,0.1601500812006496,0.14908802537668517,0.15421047229431517,0.18215764266580078,0.13746466382129593,0.014509267699787299,0.03666465342665293,0.05514978955186928,0.09777486910994765,0.22535449592202783,0.3831666145670522,0.44090974521376136
1,2035,5,0.15653104925053532,0.16272073543062282,0.15084768388733147,0.15602130293684574,0.1847409022981542,0.1419131009416818,0.014560146363774966,0.03683636363636364,0.05503964458704841,0.09609904687039403,0.22588626042160917,0.3862617833410601,0.4388323150033944
1,2036,5,0.15862636804482536,0.16503790504729746,0.15275145231191664,0.1580532854472826,0.18614544870765773,0.14479018297359483,0.01533565924165165,0.03579642406706729,0.05613139359640759,0.09603388272375074,0.2277764517338971,0.38270754392008266,0.44152591355725385
1,2037,5,0.1612720651837297,0.16737851919765648,0.15569045867059111,0.16093630872089615,0.18795401931827252,0.14649716281099956,0.014891975308641975,0.035653650254668934,0.0572032600036767,0.09802426572962938,0.22697301339133982,0.3879587155963303,0.43836115326251895
1,2038,5,0.16400580551523947,0.17098654257044735,0.1576391368668061,0.1631365413820679,0.19100766572665528,0.15085714285714286,0.014872493673350204,0.03523304195136848,0.058285820525532966,0.09984230238517643,0.2286385936222404,0.38902466967081645,0.44061812709804377
1,2039,5,0.1653131136344233,0.17197316698957366,0.15925189828262754,0.16468236470000294,0.1902749249486491,0.15248072956247966,0.014832008812652451,0.036307692307692305,0.05826291378105344,0.09821948850760764,0.22776307754935884,0.38766418311698286,0.4409587981884458
1,2040,5,0.16816372331614524,0.17548665214755607,0.16151202749140894,0.1670169849031278,0.19365491213586508,0.1580884342696325,0.014527941410603406,0.0368705035971223,0.05886326353372576,0.10077994069872373,0.23155938503125528,0.38716668601726073,0.4418863131152747
1,2041,5,0.1694640130715453,0.1764792065817649,0.16310818399959157,0.16805029956084158,0.19520507697731812,0.16003249390739235,0.01522413307020017,0.03510379726660557,0.059848088004190676,0.09988823247644898,0.2299064157572891,0.3864918492004824,0.44330370824394727
1,2042,5,0.1710087771002347,0.17798045014335057,0.16470804260007346,0.17009685679296396,0.19524459169752484,0.16105456907752275,0.014535937185423797,0.03535010197144799,0.06004279219042525,0.10292572665626691,0.23002946056686194,0.3846243629148348,0.44310933095979826
1,2043,5,0.17286084701815038,0.17986507289685774,0.16654243207090563,0.17177685550149394,0.19495582454365,0.16545051618831413,0.014185838549711406,0.03580316288030826,0.05980599767743698,0.10302010225793135,0.2297288089397656,0.3837622691088956,0.447408977075708
1,2044,5,0.17502931589082654,0.1829150524318613,0.16793854137934558,0.1738899487524782,0.19635926098431922,0.16920583468395461,0.014279885760913913,0.036928038701874624,0.061482313307130824,0.10333753148614609,0.23151103332303785,0.38,0.45301227396233484
1,2045,5,0.1756554771938723,0.18335196550386712,0.168746992146302,0.17425165005337304,0.19582397148833966,0.17116384915474642,0.01349952378980496,0.036819207218820496,0.06171153362326133,0.10214648842025983,0.23154639175257732,0.38237117396358,0.4475196542687693
1,2046,5,0.1773748543241998,0.18593719546449905,0.16969628426312436,0.17589650476622787,0.19901691372837405,0.17294912299814794,0.013301803133313627,0.03715957232196893,0.05999926651263432,0.10503925678000563,0.23213056052885278,0.3833951943739011,0.4487897398843931
1,2047,5,0.17888505609541117,0.18710108527846264,0.17153284671532848,0.17733281581771274,0.1994827652757942,0.17417384665721453,0.013764801436327107,0.037732017383534384,0.0605868299238465,0.10572728405833229,0.23293716986377536,0.3846959760971635,0.44709882342414886
1,2048,5,0.18079265794433366,0.1891131413485254,0.17336132541833,0.1798390985846493,0.19982255140222968,0.17642227454416032,0.014029010608356787,0.037734294541709575,0.05966659123481934,0.10911327718368506,0.2330501186749682,0.3828795587835476,0.44945258696803814
1,2049,5,0.18331081897356485,0.1932255132716553,0.17447343276141414,0.18243837010314046,0.20114920365585592,0.18056702449766032,0.013840525411028343,0.036535184338501184,0.06196305025469474,0.1090444458821246,0.235276146508707,0.3845499864744754,0.45193825644623753
1,2050,5,0.18524078100683217,0.19585682966575613,0.1757989677284813,0.18440228145733908,0.20356508989891195,0.18074753953334072,0.014506380120886501,0.03598778089299912,0.0627681366675685,0.11008843760235834,0.23475383264672114,0.3869006388055107,0.45243174990203333
1,1990,6,0.06831371587379434,0.06406787247461904,0.07259703208062232,0.06632198022361532,0.07717881738304441,0.07311082213552955,0.01492344466696815,0.0369901648828464,0.05355210962856113,0.0944604249791222,0.22152080344332856,0.3419618528610354,0.40980881130507063
1,1991,6,0.07201218116497318,0.0679106699751861,0.0761355472180091,0.06953230126891105,0.08233834703054738,0.07990383255550841,0.016376961992476326,0.03877486801160798,0.05540386803185438,0.09770829632261503,0.22964712420116698,0.3607800650054171,0.4271623672230653
1,1992,6,0.07226902187114388,0.06779463470541386,0.07674662726954629,0.06972434276737279,0.08413132694938441,0.07855860831147314,0.015809760240412883,0.03855068511827664,0.05592401973788932,0.09794038411401755,0.22484488804963582,0.36587301587301585,0.4166080225193526
1,1993,6,0.07363847265535864,0.06990117485766514,0.07736569247422093,0.07082227798254355,0.08649253731343283,0.08193618171984857,0.016318559465095497,0.03788714042297284,0.05733741241488207,0.09560082163642589,0.232564202841872,0.3630295250320924,0.42226613965744403
1,1994,6,0.07379654224334778,0.06999457406402604,0.07757019759322538,0.07066618026054108,0.08843837226384604,0.08294809140140008,0.015659804252446844,0.03800670126798502,0.0566377400295421,0.0930290663779462,0.22979258328095536,0.36260978670012545,0.4218362282878412
1,1995,6,0.07448469849039717,0.07142594769321187,0.07750994532342736,0.07121199893937123,0.09033704614494431,0.0836340206185567,0.014936085856859663,0.03809554740021435,0.05727229986750438,0.09268537074148296,0.23036271919288975,0.3609612555174105,0.4219964136282128
1,1996,6,0.07582327014727487,0.07253876667868735,0.07906637231163652,0.07223517164905294,0.09385251747254314,0.08470764617691154,0.01489835700362016,0.03729064197768991,0.05922478131771126,0.09235848296964329,0.23215547703180212,0.3701436307982105,0.4139941690962099
1,1997,6,0.07660097441074486,0.0739384288747346,0.07922292882655284,0.07329145672874171,0.09329118370214261,0.08494999397517773,0.014523767760042099,0.03717149649810448,0.05840092699884125,0.09509089570913373,0.22436121806090303,0.3729572419968659,0.430751837196156
1,1998,6,0.0774609126403963,0.07499739592375265,0.07987933737814439,0.07420032890796023,0.09541246372806411,0.08392256867972644,0.014044745571317666,0.03615888090349076,0.06000446129823779,0.09431250427759907,0.2232377470581515,0.3745741056218058,0.428335170893054
1,1999,6,0.07792273505426763,0.07557554998892353,0.08022238546814478,0.07438511655772255,0.0978039853599024,0.0841100505334082,0.013632831814649997,0.03611461058888135,0.05977382875605816,0.09255792938746531,0.21641383826257776,0.37505054589567327,0.43165856293895194
1,2000,6,0.07921243145635572,0.07744981499773979,0.08093840680689214,0.0759174143062991,0.0985493745009316,0.0847457627118644,0.013610746818842378,0.03625387502039484,0.05969162228951307,0.09186032364034553,0.2160500260552371,0.37490377213240955,0.4308176100628931
1,2001,6,0.08072339077238051,0.07858294135061347,0.08281287629445291,0.0774714092378896,0.10087862024080703,0.08441767932035703,0.013177991688274784,0.03537209607560047,0.05862313218875434,0.09305811808118081,0.21724858251268278,0.3853142963100315,0.4319643740722415
1,2002,6,0.08081057016567558,0.07888204764514362,0.08268754117905437,0.07777867905014904,0.099370188943317,0.08598923841059603,0.012844166903207494,0.03541331934288618,0.05757974350542585,0.09183783202494893,0.2185077519379845,0.36948790896159317,0.4320185614849188
1,2003,6,0.08242075840717074,0.08040952120734823,0.08437382944187789,0.0801056338028169,0.10051982213314962,0.08099396964025785,0.013283007911736953,0.035021533736186695,0.05753192598384154,0.09430803571428571,0.21528175740210123,0.3756389917151419,0.4406627854903717
1,2004,6,0.08365622519957051,0.08195659727706353,0.08530638532785377,0.08176301501117854,0.10197710718002082,0.07942891614719486,0.012874753811364797,0.034731103183684456,0.05828505585251096,0.0934455059651124,0.21516298827223196,0.3700484706668895,0.4504347826086956
1,2005,6,0.08557377049180327,0.0837098471250851,0.08738462463545894,0.08426545884206381,0.10293853611825962,0.0785435134877514,0.013567930346453837,0.03361769565363995,0.05856682056795902,0.09528210544846405,0.2179439941046426,0.3778198454014829,0.44956048555881123
1,2006,6,0.08612443755773413,0.08434464183034228,0.0878503301540719,0.08513891442561715,0.1046851267671457,0.07723799126637555,0.01275084354466347,0.03316895223941093,0.057494288128697064,0.0974259389331901,0.21350413664264745,0.3824835400398101,0.4421341702628482
1,2007,6,0.08750999055438495,0.08566704557197478,0.08929618978123077,0.08718332969753304,0.10356836996859835,0.07899790502793295,0.012890517003041195,0.03279182716462904,0.05637193596798399,0.09715762273901808,0.2174018812844632,0.3844431173484622,0.4453183520599251
1,2008,6,0.08891981312923335,0.0875088418287067,0.09028544283458846,0.08875706582978683,0.1075832821829139,0.07802427794056091,0.012703626734598109,0.032689798240037475,0.05643418621402399,0.0976338157592465,0.21751221345358887,0.3766271333526179,0.46132306615330765
1,2009,6,0.08861020443222814,0.08751048951048951,0.08967240797028031,0.08922277533519858,0.10667029676014157,0.07523265816845233,0.01248599327677285,0.03206399791876687,0.056661754099902796,0.09766375868697323,0.21071127354512229,0.36916974422103677,0.44913313706247954
1,2010,6,0.09066936435676952,0.08992840357844686,0.09138346621460545,0.09158871818718366,0.10768084313621121,0.07719859777472947,0.01253968253968254,0.030855222771477498,0.0566281376964505,0.09795494430715232,0.21029334038054967,0.3751457820396527,0.4495301606547439
1,2011,6,0.09243792550394975,0.09167390360399479,0.09317329920200608,0.09336950182904201,0.1097503778206264,0.0782870022539444,0.012593655348318189,0.031492988905878906,0.05660913193020101,0.09647997225593896,0.21174410605965857,0.36936274509803924,0.4451779563719862
1,2012,6,0.0944856096490366,0.09429117800451998,0.09467235223098461,0.09540393003595712,0.11144009393026699,0.08164019209456963,0.012808319066641304,0.03061358129788488,0.0560744714420953,0.09870200108166577,0.21204173223757067,0.36637315564017137,0.4488972565895643
1,2013,6,0.09673650646114919,0.0970464135021097,0.09643931922211264,0.09772132343475089,0.1135064674621478,0.08353987461729115,0.012552829117517188,0.03216625852141108,0.05614366729678639,0.097601268750413,0.21269789633485145,0.3719689059055575,0.4454614797864226
1,2014,6,0.09910242536125788,0.09908913467794404,0.09911515453639083,0.10013638404391396,0.11542249359858184,0.08633093525179857,0.012595324415551943,0.032000804208692155,0.05507870648972223,0.09956499155953773,0.2140865067694336,0.36735147140477514,0.45178399228543875
1,2015,6,0.10098124768499626,0.10189144420046997,0.10011055152929615,0.10184651135575228,0.11775528978840846,0.0883083694186129,0.012755260381106076,0.03124159268227065,0.055176590590335334,0.09911816578483246,0.2189360206233888,0.364079822616408,0.4455512791487435
1,2016,6,0.10390077073678472,0.10558698906452185,0.10229116713894743,0.10499545867393278,0.11874821377536439,0.09254588762785484,0.01331484049930652,0.03114315696828137,0.05421996528893746,0.10049852348140857,0.22318445577633197,0.36617631495396336,0.43974859124403987
1,2017,6,0.10685729317696575,0.10858854943649789,0.10520718826172155,0.10748967700869906,0.12405609492988134,0.09597844112769485,0.01353047417883491,0.03144912641315519,0.05444162843668795,0.10151043980453132,0.22261648291302327,0.3665551839464883,0.44028445931813426
1,2018,6,0.10968735840507476,0.11159154545679807,0.10787515770359977,0.11078576095636812,0.1254448809798937,0.09775717499488717,0.012800787740784048,0.031988590057049716,0.05389897166435641,0.10194683520182933,0.22441695396471303,0.36236350827756253,0.4482213438735178
1,2019,6,0.11222541731794915,0.11441061938233205,0.11014937875191959,0.11300646457238966,0.1299908842297174,0.09997308934337998,0.012749945579500575,0.03242845680663279,0.05415929203539823,0.10158547500319652,0.22314372897269386,0.3627563576702215,0.4494299374770136
1,2020,6,0.11512032567400694,0.1181523677792742,0.11224231256478176,0.11585153804811735,0.133714646009728,0.1021344504288849,0.012720156555772993,0.03248028220573064,0.05279413184055593,0.10242223437449738,0.22515328135644538,0.3638102524866106,0.43989071038251365
1,2021,6,0.11861376323274285,0.12136192225875073,0.11599215957569468,0.11939318679754174,0.13741684896647172,0.10515149506066432,0.013552347985108746,0.032171761086214966,0.05277777777777778,0.102229823485753,0.22562092460986152,0.36470673215833577,0.4400257607470617
1,2022,6,0.11971394296245212,0.12272597390227641,0.11685730739264462,0.12062444551666174,0.13942011104256632,0.10543583145706015,0.01358284549102151,0.031731081519974016,0.05222486959881512,0.0997519090118246,0.227415441701156,0.36223014325105923,0.4381775333857031
1,2023,6,0.12202421671911343,0.1256783105076464,0.11857816965373624,0.1230435349422167,0.14313725490196078,0.10651110274745954,0.013596827406938381,0.030913808378686243,0.05174227691522938,0.09933902329461593,0.22918263535642117,0.36384039900249376,0.4421133231240429
1,2024,6,0.1254340621429945,0.1292919393790907,0.12180451127819548,0.12602781482187084,0.14771010489057712,0.11199752628324057,0.014008179959100205,0.031982942430703626,0.05248441216172784,0.0977632086386425,0.2278961589766392,0.369808909798455,0.4408866995073892
1,2025,6,0.12881757629536444,0.13377030162412992,0.12416991443314682,0.12929446108351975,0.15326375224570107,0.11417946842233602,0.014041322601999931,0.032845802862678915,0.05164258824286496,0.09816821465428277,0.22955581827394023,0.37265545224915353,0.4396600566572238
1,2026,6,0.132547175068826,0.13774781005071463,0.12767862923239603,0.13327154633271546,0.15651952245400857,0.11665064872657377,0.014161104636790621,0.03378693986858904,0.051355713363460294,0.09815235008103727,0.23109047173593478,0.37798415181951245,0.44033364724875557
1,2027,6,0.13485778210978688,0.13978765851085784,0.13025174076057847,0.13569222002279407,0.1586926227777543,0.11837267228086823,0.014114275479133083,0.03420766723575974,0.05163477523877824,0.0958461289801196,0.23161862823592208,0.376621490803485,0.43736263736263736
1,2028,6,0.13767533525642436,0.14356158754437431,0.13219203572757723,0.138286038507768,0.16297010607521698,0.12075626317021775,0.014046579330422125,0.033853676885461724,0.05160894684181648,0.09716323553250121,0.22978425422654974,0.37941299595330014,0.4354478445387536
1,2029,6,0.1404986301369863,0.14633674850183645,0.13506911029092947,0.14063209281212094,0.16793192625344122,0.12460932978353977,0.013775322283609576,0.03397293735737473,0.053150545500811094,0.09698359385092366,0.2302808384842784,0.38040164963241885,0.429903668784587
1,2030,6,0.14374107308350687,0.14943244896572036,0.13846153846153847,0.14419249386596295,0.17004065377914213,0.12663230240549828,0.013842767060930562,0.03386629326907421,0.05304997782986001,0.09780721497009838,0.2317564593139413,0.37985804552929975,0.4352087456413156
1,2031,6,0.1466086117241342,0.15256530218820108,0.1410885917258671,0.1461688340443119,0.17722302455126882,0.13041257590375122,0.014074409478529922,0.034400556236135485,0.05385872297637004,0.09840015420200462,0.2278253192067373,0.38568447412353923,0.43132593766508187
1,2032,6,0.1489467456900045,0.1554005400540054,0.14298483572905948,0.14863710663112786,0.17963654264265497,0.13218487868040307,0.014123543035043092,0.03458193753595236,0.052807968177404706,0.09844776503928894,0.23019239252146179,0.38246671281403966,0.43102034120734906
1,2033,6,0.15181287179349143,0.15809558014770253,0.1460214987015943,0.15150268507158968,0.18221913668477152,0.1358458961474037,0.01450047573739296,0.034393363290701695,0.054184113492906694,0.09727311046982913,0.22838504698168052,0.3837584052838897,0.43794271635355714
1,2034,6,0.15348585163803372,0.1602844822758582,0.1472342090898792,0.15266352879074474,0.18499878236869877,0.13857324981985478,0.013863567304770586,0.03417770988027143,0.05477841049764793,0.09721858638743455,0.22829875799519442,0.38054860894029385,0.4357276522239816
1,2035,6,0.15626338329764453,0.1641522305601843,0.1490198494603781,0.15524478598167127,0.1875681570338059,0.1432898287350625,0.014140875133404483,0.03516363636363636,0.054391756394039426,0.09754020503750287,0.22836033349149326,0.3842914541801885,0.43625254582484724
1,2036,6,0.1578457738308463,0.1648366393094349,0.15144001721258568,0.1567486348810789,0.1884732701878311,0.1447354004601731,0.013840432465590614,0.035314192447510946,0.054747331836496174,0.09806947271652768,0.23128857366931496,0.37826769242546027,0.4352321623530923
1,2037,6,0.1605298847751567,0.167333795478432,0.15431076772136373,0.15885431939475692,0.19134669114712222,0.15042557835006548,0.01427469135802469,0.03482361818524807,0.05594705557938599,0.09746071736391965,0.22986200802120862,0.3837920489296636,0.4372078907435508
1,2038,6,0.16336015538290788,0.17098654257044735,0.15640463194409018,0.16163987586480122,0.19354966834809548,0.15319727891156462,0.01421062877165661,0.03592014352788487,0.056023797719385225,0.09898810697154872,0.23316980103570456,0.3834109829679982,0.44009723347609675
1,2039,6,0.16557991120976692,0.17305947834656693,0.15877286857259337,0.16380780198136227,0.196555537999684,0.15454348062099663,0.013612400660948935,0.03611538461538462,0.055975602007751445,0.09993525412754937,0.23342831942465567,0.38670404792994856,0.43891527670385505
1,2040,6,0.16685457800101525,0.17440894496957723,0.15999265808069993,0.16516582959045956,0.19558123992609192,0.15765546354927748,0.013970705301703551,0.036362214576165154,0.05654733185371032,0.10036096429031842,0.23230275384355464,0.38534773017531637,0.43617021276595747
1,2041,6,0.168874722095733,0.17653555730868928,0.16193393577372747,0.16699128348305203,0.198456536216555,0.15932845924722447,0.01381449111925571,0.03617962306251743,0.05726165531691985,0.09781254989621588,0.23247407006993479,0.38765902812901215,0.4400347328634181
1,2042,6,0.17093375914951078,0.1796509921665124,0.16305545354388543,0.16921364159275615,0.19894757357240303,0.16137938501515808,0.013287698812160258,0.036149878034150436,0.05827092805562985,0.09945560472445958,0.2350750059259761,0.3847410808076878,0.4434554714928547
1,2043,6,0.17240990567810305,0.18037444534999547,0.165225204987083,0.17033134886632045,0.20013233176351536,0.16512620939408681,0.013007072595723925,0.0372079955045356,0.05700525992212583,0.10209914573343072,0.23504360861270102,0.38414869773552823,0.4404257368522443
1,2044,6,0.174050326509096,0.18264238403072064,0.16632443531827515,0.17234130101372835,0.19880453345753765,0.1672609400324149,0.013382292941656467,0.03632332191090506,0.05867490174059517,0.10147984886649875,0.23535467929578915,0.38429400386847196,0.4422842687154502
1,2045,6,0.17506191891993977,0.1832150760877005,0.16774352095514075,0.17331950145084418,0.1993879290307585,0.1681837884698743,0.013830800447223488,0.035489848533677086,0.05923157100240808,0.10236615828783029,0.23422680412371133,0.379969004261914,0.445726633258241
1,2046,6,0.17730980838550559,0.1853410224367426,0.1701075445703358,0.1752080496292934,0.20215195262607888,0.17196862403311908,0.01528651661669693,0.03441597740568893,0.05867898925441009,0.1023804310425725,0.23502272414268008,0.3878101191638992,0.4457640895953757
1,2047,6,0.1797175098207776,0.18903661374686054,0.17137820116293456,0.17756874205651574,0.20349712432933184,0.17624604646090086,0.015517462488778694,0.034645221558831894,0.05928027474988801,0.10653745481739997,0.23484848484848486,0.3881494703348725,0.4494698698161321
1,2048,6,0.18044303624593702,0.18910156204768355,0.17270978550892507,0.17874447906061744,0.2029086139721483,0.17576520834474074,0.015631088980298767,0.03423274974253347,0.059176284227200726,0.10693668969433141,0.23415087200302706,0.3861809142812755,0.44720113014303375
1,2049,6,0.1819050443148496,0.19095336860012585,0.17383989032445682,0.1810277045465057,0.20176622575295977,0.17605284888521883,0.01547141534799665,0.03416600856228438,0.06048049874553334,0.10461279679109789,0.23425778200210462,0.38764153495382,0.44711454130854233
1,2050,6,0.1845233496319025,0.19372310866736228,0.17634117095041968,0.18330811314165987,0.20645883169997686,0.17825942718124516,0.01576001790911126,0.034816085701134036,0.06079696981409191,0.10723878152636751,0.2359357060849598,0.3864773339490495,0.4517350981843515
1,1990,7,0.06819110675167565,0.06408821794063194,0.07233020668705487,0.06619272280747109,0.07551650439325576,0.0755671145788181,0.014665030040700303,0.03731559155336998,0.05337179949513163,0.09473879558318642,0.221090387374462,0.33678474114441415,0.4172901080631754
1,1991,7,0.07251972970552233,0.0688833746898263,0.07617546100423087,0.07017367355408277,0.08226081563033029,0.08018667798048366,0.017284991568296795,0.038320338449704554,0.05477815699658703,0.10081719666015278,0.23200889135871075,0.36240520043336943,0.4188163884673748
1,1992,7,0.07270625042508332,0.0690378600982925,0.07637727926596945,0.07019072633103414,0.08466332269341845,0.07814441529752865,0.017083687201933755,0.03824391574067762,0.055817902053377194,0.09872251672894759,0.22767736714324252,0.36164021164021165,0.4187192118226601
1,1993,7,0.07389518521335665,0.06982500904469029,0.07795438576501643,0.07091832446904302,0.08746268656716417,0.08207138994050839,0.01731157525404654,0.037987370953192344,0.056695943945524525,0.0983396097226977,0.23139095293964282,0.3630295250320924,0.41172595520421607
1,1994,7,0.07489631390092735,0.07175332572454955,0.07801589659783092,0.07167821881214917,0.08865873365653004,0.0844010038304055,0.01613229834627067,0.037941002562249526,0.057099335302806496,0.09644374115099526,0.23431803896920175,0.36888331242158096,0.41811414392059554
1,1995,7,0.07552580388861999,0.072472818101675,0.07854534885833137,0.07241097059060883,0.09019239114711414,0.08324742268041237,0.01585891038348486,0.03829040953525381,0.05684489464461256,0.09552438209752839,0.23504684122027383,0.36611083864639526,0.4202032277346085
1,1996,7,0.076710144408213,0.07365668950595024,0.0797251103831363,0.07315168933444975,0.09549279703323349,0.0828335832083958,0.016255917571707044,0.03738708329314945,0.058462402696412806,0.09429100571704646,0.2336866902237927,0.38003296444549095,0.4122448979591837
1,1997,7,0.077478821928631,0.0739030431705591,0.0810000871156024,0.07405722149468404,0.09673340358271865,0.08181708639595132,0.016102438168742326,0.03784617361691191,0.05681730397837003,0.0954588945315375,0.2301948430754871,0.38146406984553394,0.42057659694742794
1,1998,7,0.07795111715027778,0.0745286621992292,0.08131092780693981,0.07458151363007656,0.097346966975266,0.08206792627796453,0.015597431011362834,0.03763475359342916,0.05803405457654844,0.0932174389158853,0.22883582771621158,0.37159284497444633,0.4288864388092613
1,1999,7,0.07906121657291763,0.07629125981970929,0.0817750767997863,0.07571170284467173,0.10010844516741223,0.08062886019090398,0.015292788020060748,0.038505023096553286,0.05726081493448214,0.09236429355192667,0.22372585397795483,0.38050950262838656,0.42787682333873583
1,2000,7,0.07930354687474114,0.07686383498802926,0.08169254225617653,0.07569654069859166,0.10180995475113122,0.08122386088487783,0.0151703115585014,0.038113884809920055,0.057916536145626675,0.09076529991483148,0.21532047941636268,0.373941493456505,0.4261006289308176
1,2001,7,0.08010594132605393,0.07792506825433373,0.08223488801477082,0.07646931206545657,0.10191994793361536,0.083127217980428,0.013817355166412104,0.03812836330227064,0.05717273248558033,0.09057887453874539,0.215259126628867,0.37437418876321155,0.425531914893617
1,2002,7,0.08133526250516743,0.07943006350536733,0.08318953346092303,0.07818425161722062,0.10267828742286406,0.0816432119205298,0.013660232756173715,0.03754467652555989,0.05757974350542585,0.089418217012582,0.21841085271317828,0.37357752489331436,0.4324825986078886
1,2003,7,0.08261079570198984,0.08012022051141934,0.08502934199026095,0.08027764286870649,0.10189766393185946,0.07714701601164484,0.013283007911736953,0.037725770373585286,0.05727130570758405,0.0924310064935065,0.21480420248328558,0.376872906751278,0.4343931930138827
1,2004,7,0.08411527628651012,0.08217771740847206,0.08599644237256947,0.08218221015649953,0.10228316092305809,0.07852402976070783,0.013786563571376469,0.036683045029279125,0.057068783407483274,0.0926850135462712,0.21627112383414904,0.37756978104629785,0.43869565217391304
1,2005,7,0.08606938619900877,0.08417404221080646,0.08791076636300772,0.08454115793619535,0.10449458375725657,0.07863883328567343,0.0136404861237076,0.03570826449067674,0.05828220858895705,0.09523809523809523,0.21822033898305085,0.3803439028237892,0.4462118041021348
1,2006,7,0.08681724723621086,0.0851617589201949,0.08842259721203229,0.08545825793278303,0.10702184834676948,0.07805676855895197,0.013425679275439532,0.03495912990610012,0.05746299020374949,0.09783911085402636,0.21626189840761498,0.3781962945950084,0.4456649666535896
1,2007,7,0.0877061687132166,0.08624278480638924,0.08912449385471663,0.08694621228647577,0.10596631458749643,0.07864874301675978,0.012475808681227536,0.034198626695695865,0.05781015507753877,0.09775392566090241,0.21196886149854038,0.38504031054045984,0.4449438202247191
1,2008,7,0.08941680984905499,0.0881728812091291,0.09062076481354701,0.08878500321279904,0.10830868813124267,0.08078694014231896,0.01206676945766575,0.03379395723893332,0.05887695343083524,0.09740408913393062,0.21518226230740323,0.3824124963841481,0.45257262863143155
1,2009,7,0.08992956536677547,0.08893706293706294,0.09088821344140494,0.09010392064241851,0.109229512659951,0.07773519981230938,0.012774131583159917,0.03180384377743813,0.059452510112570946,0.09762679284341269,0.21303064380095585,0.37491451237860757,0.45829244357212956
1,2010,7,0.09166076546956668,0.09083538319888963,0.09245622864408126,0.0921520934308658,0.11082131260978335,0.07796067672610882,0.01307936507936508,0.03175987851765694,0.05836036660262669,0.0975609756097561,0.21095401691331925,0.374886613969159,0.4646862685662322
1,2011,7,0.09340290024823143,0.09231165870603561,0.0944532239737746,0.09392616678742467,0.11188701860440878,0.07941397445529677,0.013709548860194484,0.031102579952500244,0.05812375753368464,0.09824865614704352,0.21387030204490026,0.3622549019607843,0.45866819747416765
1,2012,7,0.0951407587937394,0.09438478717286938,0.09586683449356521,0.0957870084190181,0.11312471284904793,0.08134466198743998,0.013220467947498574,0.030908257481500882,0.0577469233196592,0.09917522985397512,0.21122573876551845,0.3670871013802951,0.45400753093060786
1,2013,7,0.09753043388456424,0.0971123417721519,0.09793136585489215,0.09804746170021027,0.11611350646746214,0.08368566846479078,0.013372863180470573,0.03143821563306638,0.05718336483931947,0.09984801427344214,0.21595098677076557,0.36268708666898714,0.45512331553521485
1,2014,7,0.09984722133808645,0.10002602472348732,0.09967597208374876,0.10072088708925954,0.11611187709277132,0.0860431654676259,0.013595449431178897,0.032268873772744025,0.05663066544199157,0.09748733930658356,0.21946148775417068,0.36546363131593557,0.4525072324011572
1,2015,7,0.10238123638463904,0.1021996224816056,0.1025549686770667,0.10293318621427557,0.11930470149615068,0.0910058919571236,0.013562162497672397,0.032015065913371,0.055782226188958305,0.09937469937469938,0.22127958753222404,0.374390243902439,0.44645687117953364
1,2016,7,0.10465044236821888,0.10466089868825007,0.10464046113977088,0.10542482041119643,0.12060588739639898,0.09233571528653496,0.013623054399753429,0.03256490978639857,0.055666259561612134,0.1006255358333598,0.22125021979954282,0.3706212297597629,0.44451668833983526
1,2017,7,0.10723047087684524,0.1076483345660595,0.10683219423600822,0.10788953991284621,0.12316495473945875,0.09646213377556662,0.014203936694523526,0.03220280918122645,0.0545699528407815,0.10331915973852891,0.21894141004519918,0.3669374104156713,0.4484417485881615
1,2018,7,0.11090167648391482,0.11172782912505885,0.11011543313956916,0.11143915011010817,0.12849549341345043,0.0991887654236826,0.01437011508400517,0.033448791089377886,0.05360884562070855,0.10521802648712167,0.22271344554857028,0.36773511799929554,0.4470355731225296
1,2019,7,0.11309047954276986,0.1140310058533957,0.11219693796826283,0.11355647134783545,0.13290793072014584,0.09909849300322927,0.013838355567994527,0.033799144156191493,0.052775543041029764,0.10545326684567191,0.22056177137939129,0.3689909762100082,0.4459360058845164
1,2020,7,0.1160656783791928,0.11835863089821522,0.11388920879880225,0.11677626379184977,0.13366960907944514,0.10446173282798059,0.013824884792626729,0.03431062597756997,0.0529871634012161,0.10467397947695178,0.2246234198773749,0.363504208110176,0.44193989071038253
1,2021,7,0.11962281519596851,0.12224424676078129,0.11712210307851954,0.1204135061812372,0.13822045627036922,0.10574819333023934,0.014042191888184966,0.03431208614808374,0.052320261437908494,0.10610216528445578,0.223569492270496,0.36853510546084944,0.4382547093865722
1,2022,7,0.12076869135859707,0.123154586151062,0.11850588859656057,0.12176843219349717,0.1395523045738962,0.10530717272434867,0.013286851279352759,0.03348489769405651,0.05225706742224226,0.10261945419982602,0.22552447552447552,0.36942632322281255,0.4370777690494894
1,2023,7,0.12313585989875496,0.1263243205149287,0.12012893506723676,0.12399444789533823,0.14453159041394337,0.10770292309622381,0.01326357183323891,0.03290722693329958,0.05183791883189339,0.10078290444715395,0.23012333635286739,0.36963840399002496,0.4381316998468606
1,2024,7,0.12725514370708865,0.13107696615449232,0.12365951374787333,0.12834444656124977,0.14710579703889154,0.11187384044526902,0.013224267211997274,0.03373886868180108,0.05200231407083628,0.09830955135621545,0.23230837637240484,0.37869547540221876,0.4416111272095045
1,2025,7,0.1304743398218558,0.13455916473317867,0.12664111998954908,0.13117488721234408,0.15369150483360425,0.1141185076810534,0.01351869272847636,0.03387711731983249,0.05257569419865504,0.09807146542827658,0.23398074649552442,0.37824474660074164,0.44192634560906513
1,2026,7,0.1336116095810252,0.13819732595666206,0.1293187164159779,0.13407025634070258,0.15753919361006075,0.11791206150888996,0.014019846735176748,0.03465886089745586,0.05277598450613299,0.09789303079416532,0.23516637712147534,0.3798516125776006,0.4365666621821606
1,2027,7,0.1371616233219618,0.141392831754913,0.13320835565077666,0.13772419171015535,0.162577593851611,0.11914363657929071,0.014365036718610067,0.0347664131615707,0.053264660820810376,0.09927266849846453,0.2377568721643982,0.37652468538238143,0.4438339438339438
1,2028,7,0.1396736617268183,0.14425787893661465,0.13540326439470465,0.14025696730796508,0.16611462831747095,0.12087333177241864,0.014228529839883552,0.03413579085950724,0.05464286866991576,0.09803857999675798,0.2387542098769549,0.37745941671705663,0.4355595264686174
1,2029,7,0.14267397260273973,0.1478718686392013,0.1378398671728762,0.1432738746381503,0.16859931592558605,0.12489871512906586,0.014585635359116023,0.03468003728345065,0.05524984891376952,0.09792016535331352,0.23844396667562484,0.37699480007172315,0.439229350276696
1,2030,7,0.1449186083277909,0.15003285225547727,0.14017444304329552,0.14527475297065298,0.17149257446278934,0.12731958762886597,0.014551695832245066,0.035136279266664495,0.05507696205738899,0.09726062632628127,0.23720835731942705,0.3754003289188955,0.4402035623409669
1,2031,7,0.14857691285794072,0.15397449917139217,0.1435750104471375,0.14867817025108124,0.17449969053022488,0.13325009931331933,0.013961210474681155,0.034830977055259414,0.05593262946204123,0.09788614751991775,0.23729964683509916,0.38309682804674455,0.4388976932558549
1,2032,7,0.15137795594647016,0.1577182718271827,0.14552087555735713,0.15124361258780392,0.1786520080403659,0.13584417046670044,0.013743877899692471,0.03485263763408114,0.05744354308265731,0.10034780368414273,0.23538393675138272,0.3831182051386457,0.437253937007874
1,2033,7,0.1533740679927862,0.1594199645334351,0.14780098699525124,0.1530307148681707,0.18242332666312738,0.13713009491903963,0.013891531874405328,0.03384030418250951,0.05690269358165115,0.09801887098343115,0.23480700331237747,0.38475311343651775,0.437711733908223
1,2034,7,0.15626508997649988,0.16245729965839728,0.15057107840612996,0.15602868077244533,0.18447114213816057,0.13995898231805332,0.013749620176238226,0.03407112658542651,0.05672815053230998,0.09826570680628273,0.23239365122339165,0.38902782119412316,0.4422772419749532
1,2035,7,0.15806209850107067,0.16361541988659875,0.15296304283088424,0.15766957005867832,0.18583141483904841,0.14301448317638638,0.014560146363774966,0.034254545454545454,0.05661308734149878,0.09770397301103796,0.23035992679455025,0.3899706382321125,0.4408010862186015
1,2036,7,0.15996300197287167,0.1664355837824541,0.15403215065110704,0.15935060651592334,0.18823246106919247,0.14555713816149884,0.01403212820611126,0.03486905556792047,0.05871497554824224,0.09862761835970846,0.22948136529477955,0.38795116163355914,0.43889281356367604
1,2037,7,0.16205162158410133,0.1686643261253606,0.15600727659226554,0.1610389419975368,0.19050850163646524,0.1507529463116543,0.013773148148148149,0.03591775136766648,0.0579998774434708,0.10084200755817808,0.22853646930868057,0.38922018348623855,0.4370257966616085
1,2038,7,0.1639044224366089,0.17060619959057197,0.1577921746671428,0.162953126490246,0.19152401000913533,0.15096598639455783,0.013276231263383297,0.035996488147497806,0.05605478433316807,0.10224062027728498,0.2292518397383483,0.3896738715344077,0.4386503067484663
1,2039,7,0.16687121147443013,0.173473844534286,0.16086225347806146,0.1656745156833348,0.19398799178385212,0.15568342199544025,0.013218978676528444,0.035653846153846154,0.058389986657347986,0.10194237617351894,0.23074835470520388,0.3945003456486673,0.4390257373246438
1,2040,7,0.1685270779342221,0.1750376074900649,0.1626133153864195,0.16724561364692347,0.19428391712859222,0.15798019158954377,0.013453271772010826,0.035775727244291525,0.057994789153719965,0.10393837823900992,0.22851833079912148,0.393861991563141,0.4402455806076003
1,2041,7,0.17057830873489943,0.17752733010255833,0.16428243222545566,0.16924261836170953,0.1954792964312297,0.16246953696181965,0.012968705948689032,0.036976531059489184,0.05781822943949712,0.10445473415296185,0.23149430724010947,0.3906936933431895,0.44233323117785267
1,2042,7,0.1723537417882136,0.1787705713705217,0.16655445382951808,0.17089100827550377,0.19762229584876242,0.16359896058899956,0.013730622105898933,0.03622985564042068,0.05803690826424177,0.10496322944191526,0.23341573261995868,0.3858304478076489,0.44874647678386
1,2043,7,0.17276958508028367,0.17940097799511,0.16678749757487263,0.17100939579312863,0.198419803059199,0.16593697637965515,0.013576132021786846,0.035241229830617324,0.05676617255277,0.10546540061608815,0.22914963205233033,0.3845351263621609,0.4484203429011751
1,2044,7,0.1746420233881639,0.1821879366954862,0.16785681449017745,0.17344854673998428,0.1983387672721627,0.16693679092382496,0.014320685434516523,0.03426728482160855,0.057973048848961255,0.10403022670025189,0.23271217268952263,0.38367504835589944,0.45024829007776634
1,2045,7,0.1768911576005137,0.18415048709817253,0.1703750729564514,0.1751612466735826,0.20287440923529867,0.16905071521456436,0.014658992090769804,0.03456332581372865,0.057614204075764654,0.1057239691206929,0.2345360824742268,0.3871367686943045,0.44968047446094433
1,2046,7,0.17818792855787732,0.1858569414030703,0.17131048096892929,0.17615372976244514,0.20335178232766962,0.1734938446453862,0.014779781259237363,0.035021182166633046,0.058275571203286025,0.1072288779755388,0.23467841895055777,0.38390310607540534,0.45140895953757226
1,2047,7,0.1797229506947996,0.18727390032028388,0.1729658955008454,0.1777818367238217,0.20446211448643223,0.17395572036208964,0.015218227674945496,0.03415783274440518,0.06036284903688219,0.1077215505421912,0.23561301084236863,0.3829498273252881,0.45237775690063975
1,2048,7,0.18165032367321296,0.18981947869987612,0.1743541481374232,0.17978551581074564,0.20591752497781893,0.17675080764387013,0.01476510067114094,0.03497425334706488,0.05921400015086369,0.10927100091479763,0.23772832031921848,0.38245232454266515,0.4533815998587321
1,2049,7,0.18358538433659516,0.192409871594696,0.17571974575214988,0.18170605738248308,0.20720373298368747,0.1791907514450867,0.015559571560805749,0.03429070202419053,0.05915000380141413,0.10920618490004529,0.2367697477850572,0.3825018356069096,0.4582090861252412
1,2050,7,0.1859802871932981,0.19588027714925496,0.1771753297534018,0.18468940363946765,0.20742341230033182,0.18174278447417894,0.015267517349451533,0.035067163242247984,0.06029451551810768,0.10900753357353422,0.2385358276490849,0.38655429846840605,0.45822266730526406
1,1990,8,0.06857936897171817,0.0647596183190576,0.07243283183842696,0.06656756931428941,0.07638723976885933,0.0754226267880364,0.014826539182117708,0.03727943303442291,0.05367231638418079,0.09473879558318642,0.22309899569583932,0.34386920980926433,0.4081463009143807
1,1991,8,0.07215150821532,0.06783126550868486,0.07649477129400495,0.06975866795779519,0.08117537602729105,0.08075236883043417,0.01647425087559995,0.038390266074612774,0.055745164960182024,0.09877420500977083,0.23034176160044456,0.3640303358613218,0.417298937784522
1,1992,8,0.07226902187114388,0.06896015851123759,0.07558026515298782,0.0695156974888927,0.08390332877336981,0.08118183073312163,0.01607107859149409,0.038005317335878384,0.05624237279142569,0.10176414356478665,0.22511464796331265,0.35714285714285715,0.4088669950738916
1,1993,8,0.0738001064881722,0.07052954281470762,0.07706185077574583,0.07107440000960465,0.085,0.08342347214710655,0.016351659991393864,0.037486218302094816,0.05728806868646995,0.09448818897637795,0.23556250814756877,0.36970474967907574,0.4176548089591568
1,1994,8,0.07440234866489585,0.0710423410107209,0.07773733471995246,0.07120750320675007,0.08829146466872337,0.0851935015189539,0.015727303408707392,0.03797385191511727,0.056914697193500736,0.09369534438244358,0.23142677561282213,0.37365119196988705,0.4174937965260546
1,1995,8,0.07510570872793358,0.07146267998824567,0.07870883362700042,0.07185759905926839,0.08968609865470852,0.08492268041237114,0.015346230090915305,0.03822545549024065,0.05710133777834765,0.09343687374749499,0.22868123949075186,0.3744482589504659,0.4255827854154214
1,1996,8,0.07581431182140681,0.07261089073205915,0.07897735365332574,0.0723709520468895,0.09171302239338183,0.08583208395802099,0.015142021720969089,0.03680843540039219,0.05886365460235936,0.09429100571704646,0.2265017667844523,0.37909112314574994,0.4151603498542274
1,1997,8,0.07734714480094808,0.07434536447275301,0.08030316229636728,0.07381306461278939,0.09329118370214261,0.08844439089046872,0.014488686195404315,0.03730000642549637,0.0582078022402472,0.09487009641569147,0.22681134056702834,0.3917618088202373,0.42227247032221593
1,1998,8,0.07786511635907051,0.07468490677407034,0.08098711568614084,0.07461418660625796,0.09444521210446317,0.08554538078126811,0.014044745571317666,0.03715349075975359,0.05851736188564206,0.09417562110738485,0.2267793899234548,0.3801107325383305,0.4288864388092613
1,1999,8,0.07860582396545762,0.07581411993251878,0.08134099105115533,0.07542284937896505,0.09543174732275993,0.08523301516002246,0.0135621953803772,0.0374713312013438,0.05844552145036798,0.09236429355192667,0.22176143184546546,0.38253133845531745,0.428957320367369
1,2000,8,0.07923728111591538,0.07637830869426912,0.08203682148302376,0.07611725233232013,0.09595421879158904,0.08496588157605106,0.013858859391060858,0.03733072279327786,0.05850823152692214,0.08967027618931743,0.21865554976550286,0.3758660508083141,0.43238993710691825
1,2001,8,0.0798865842859116,0.0777770468076708,0.08194589387492976,0.07697552610101553,0.09651806052717214,0.08344983331541025,0.013710794586722553,0.037143982149888434,0.05781360677302931,0.08982933579335793,0.21476176265791305,0.37140737993695533,0.4359228104898565
1,2002,8,0.08089006900499253,0.07876922085039167,0.0829542245787971,0.07805244053292236,0.09733443603282652,0.08588576158940397,0.012986091399375533,0.036593763320982395,0.05708648470897731,0.09097752446499624,0.212984496124031,0.37304409672830724,0.44965197215777264
1,2003,8,0.0821752935680294,0.07995949790256995,0.08432700711699338,0.08044965193459608,0.09732573432704954,0.078498648367644,0.012811207084270887,0.036824358161119085,0.05717357310398749,0.09258319805194805,0.21155682903533907,0.37422880310241496,0.4496193461710703
1,2004,8,0.08380405521061886,0.08149856271914585,0.08604244617555051,0.08206244011497923,0.10007957397318969,0.07973054494269052,0.012582974688161061,0.035774382445985055,0.058829177735812824,0.09330291363657968,0.21266968325791855,0.37121845228146416,0.45130434782608697
1,2005,8,0.08472741136103698,0.0825493594107817,0.08684345028712305,0.08339897597479323,0.10084385660422526,0.07892479267943953,0.012914928351169962,0.033853727619111845,0.059199291632407815,0.09743860575653551,0.20836403831982314,0.36945890519009306,0.44453746337379657
1,2006,8,0.08610953842486367,0.08384529249765457,0.08830520909757887,0.08526471641328856,0.10193947891108775,0.07860262008733625,0.013141537915112769,0.033439167736269676,0.05768207567838252,0.09850018592736437,0.21279245618717196,0.3729903536977492,0.44880345233424873
1,2007,8,0.08698684879750054,0.085150356515449,0.08876679400781216,0.08614001308888108,0.10391093348558378,0.08048184357541899,0.012925076029859,0.032423379668397256,0.05718484242121061,0.09958258795468097,0.21164450210833605,0.37085697223051656,0.450187265917603
1,2008,8,0.08830921715916674,0.08661383222900697,0.08995012085562992,0.08794688172243278,0.1059650689135651,0.07777312683131017,0.013206408795334183,0.032388663967611336,0.05718580689611976,0.09828470786430814,0.2127771514468245,0.37011859994214635,0.45257262863143155
1,2009,8,0.08877512454904656,0.08737062937062937,0.09013171225937183,0.08903201191817157,0.10661584535801796,0.07648392899038085,0.013030254522170642,0.031576208903775486,0.05732024709165595,0.09818128049682094,0.20965701433792522,0.36315141567501025,0.46418056918547596
1,2010,8,0.09021750126454224,0.08915884511261664,0.09123778242788652,0.09056927727004453,0.10895832224410497,0.07696997408931565,0.013174603174603174,0.031372168912151464,0.05757298982709206,0.09777586762651767,0.20738636363636365,0.36089153816249836,0.4574113367687178
1,2011,8,0.0929237403752088,0.09182316543638733,0.0939830475270025,0.093148603036033,0.11308562197092084,0.07836213373403456,0.013358839470747648,0.0313303185086378,0.05686156953078161,0.09779781515519334,0.2103683321868551,0.36740196078431375,0.45838117106773824
1,2012,8,0.09462974246087122,0.0932347316760053,0.09596958565593773,0.0951166212486614,0.11368625248864159,0.07949759881787957,0.012966837866971023,0.03198873682142623,0.056390028400126226,0.09653866955110871,0.21314915194964154,0.36387434554973824,0.457235072619688
1,2013,8,0.09703342240811742,0.09665084388185655,0.09740029840932656,0.0972492812084281,0.11651458939135666,0.0828838023035428,0.01334132340881852,0.03143821563306638,0.05639571518588532,0.09855943963523425,0.21454131424853612,0.36326720037127275,0.45741164505466564
1,2014,8,0.09963715067795531,0.1,0.09928963110667996,0.10040745792001626,0.11704746897774276,0.0841726618705036,0.013251656457057132,0.03216834768622458,0.05555379596490673,0.09956499155953773,0.21510065412504437,0.36901721265963355,0.4537126325940212
1,2015,8,0.1012825905441122,0.101865762677042,0.10072472669205257,0.10191338365473832,0.11877209122161429,0.08724355789025343,0.013500093104090373,0.03221684153887544,0.054220323855667475,0.1002725669392336,0.21851417857979846,0.3616407982261641,0.4500792393026941
1,2016,8,0.10375207553716141,0.10493999441808541,0.10261813073700017,0.10433490215506565,0.12122511193674383,0.09079445145018916,0.013129912159038373,0.03293727361971497,0.05354502796168927,0.09903788143396945,0.22147001934235977,0.3658588210392634,0.4479843953185956
1,2017,8,0.10639846813613033,0.10769847935914954,0.10515939396836017,0.10747335607383592,0.12128887012804278,0.09335268103924821,0.013316190651115806,0.03353888317917095,0.05264508677937827,0.09951132829853399,0.22270096734676637,0.36626851409460104,0.438402007948128
1,2018,8,0.10975381362331973,0.11176499739822088,0.10783978493355814,0.11107615613580815,0.12433556736769125,0.09598472970209285,0.013385439103944859,0.03283754414561261,0.05289964862512492,0.10147044812144694,0.22190225106469277,0.37319478689679464,0.43873517786561267
1,2019,8,0.1116407545728979,0.11374935710612034,0.10963748894783377,0.11235283333200481,0.1288514129443938,0.0984930032292788,0.013620673570295736,0.03242845680663279,0.05316170555108608,0.10152154455951924,0.22130506220170565,0.3642329778506973,0.43766090474439134
1,2020,8,0.11496670585941424,0.11741224717601524,0.11264539905562594,0.11581992349277608,0.13348946135831383,0.10033911829243966,0.013572375481345874,0.03304602482611734,0.05340539844931313,0.10206838871554026,0.22216334872454774,0.3662586074980872,0.43459699453551914
1,2021,8,0.11857245701202601,0.12087845677818604,0.11637265075521734,0.11974120271136035,0.13589892405910978,0.1036265994828615,0.013780941806544315,0.03360979198715805,0.053627450980392156,0.10271386621059085,0.22503480108432852,0.3621785611095059,0.4324585412976976
1,2022,8,0.12011382010164993,0.12259500904848081,0.1177606395591739,0.12098242774206602,0.14016920772010222,0.10453522032807977,0.014306386897322897,0.03189347190646314,0.0523858587159508,0.1017495247607694,0.22534608248893964,0.3680812428542605,0.42969363707776903
1,2023,8,0.12225794682355087,0.12560783668867015,0.11909878375683998,0.12308954685930322,0.14200435729847494,0.10876928867143394,0.013196920718499016,0.032211112517402864,0.051997322026333406,0.1017454918821793,0.22698766636471326,0.36546134663341645,0.43690658499234303
1,2024,8,0.1255075840694952,0.1294202746374529,0.12182646397014434,0.1265536292627167,0.14615617041481418,0.10964749536178107,0.013735514655760055,0.03223378903800326,0.05245227228900173,0.10055919784033937,0.22875123986729146,0.36614973572631704,0.43581570559258187
1,2025,8,0.12858731424591988,0.13249419953596286,0.12492107383134839,0.12954467907646813,0.15044058516554026,0.11289929285540112,0.013727744677885787,0.032033252078254894,0.05206087711959844,0.09761996904024768,0.2308393852389799,0.37034449400763153,0.44008498583569405
1,2026,8,0.13175024242356692,0.1364799446749654,0.1273225576728026,0.13261600132616003,0.1555848238942941,0.11370735223450264,0.013772645407352473,0.03176283748014823,0.05435765009683667,0.09698541329011345,0.23012160898035547,0.37238176954524804,0.4424862101439526
1,2027,8,0.13435935492446058,0.13895067531931482,0.13006963042313874,0.13540729410353308,0.15789029179511,0.11671213379195824,0.013899337273867097,0.032903926742200836,0.05424259217002966,0.0958461289801196,0.23008406725380304,0.3707163601161665,0.44297924297924296
1,2028,8,0.1369266509589765,0.14146129875466573,0.13270242968791535,0.1378007719471134,0.16242505555322628,0.1184734254273004,0.013682678311499273,0.03319541094602219,0.053706871510183,0.09512076511590209,0.22918403414585348,0.3743895064886739,0.43756980120616484
1,2029,8,0.13976438356164383,0.14396015510399018,0.13586226588690659,0.14060976789528126,0.16517894385584383,0.12165759925917352,0.014069981583793738,0.03349082377141388,0.05404115906994497,0.09743573181759463,0.2278957269551196,0.3761879146494531,0.4294937487189998
1,2030,8,0.14378468549996185,0.14959104606112786,0.13839848675914249,0.14402941372690006,0.17103625653364307,0.12852233676975944,0.014551695832245066,0.03415936696082582,0.05517197694305441,0.09989711272586972,0.23033422505164064,0.37635246256383625,0.43247573273018564
1,2031,8,0.14625616110788783,0.15138157672232055,0.1415064772252403,0.14653785407471917,0.1733855993397978,0.1299585721582203,0.014640404497773754,0.03241399860940966,0.055744092508798394,0.10026342842456952,0.23285112741102962,0.3752086811352254,0.4282444092269766
1,2032,8,0.14893594031108687,0.15441044104410442,0.14387868583247587,0.14909361332410503,0.17742133978750463,0.13274784664752576,0.014655074224533961,0.03349913714343721,0.053998183355780376,0.09986474301172227,0.2319907705880357,0.3790463781098579,0.4281496062992126
1,2033,8,0.1512206939247934,0.15735482277941143,0.14556628076600764,0.15150268507158968,0.17878874504839304,0.13595756560580682,0.013929590865842055,0.03332181126857933,0.05465283419786263,0.09850523653578029,0.23284661664300682,0.37906338280348545,0.42785648290729905
1,2034,8,0.15403311478576256,0.15879487035896286,0.1496544692420981,0.15387322394756522,0.18272587060638038,0.13990355301812538,0.01504102096627165,0.0340000710555299,0.055118841297350826,0.09901832460732984,0.2322582828522116,0.37906376992810253,0.43076147977544266
1,2035,8,0.15610278372591008,0.16125568963396222,0.1513713892568518,0.15565502135421627,0.18554868936548327,0.14158268627127044,0.016046653453270315,0.034254545454545454,0.05503964458704841,0.1001604926140644,0.23096997220904222,0.37753052078504096,0.43231500339443313
1,2036,8,0.15869587300908378,0.16409866493727218,0.1537452742231284,0.15820720489610438,0.18722908974153155,0.14424235783937767,0.01537399838975578,0.03512871874768158,0.05425522098852767,0.10266596624860463,0.2297200531933031,0.3791480078080147,0.4367092672275384
1,2037,8,0.1608822869835439,0.16621570249781972,0.15600727659226554,0.15969737845287665,0.1914664325057875,0.14977084242688782,0.015046296296296295,0.0352386342199585,0.055303633801090754,0.10382549890605318,0.22897831554618991,0.38340978593272174,0.4311380880121396
1,2038,8,0.1629065995048237,0.16854787287595224,0.15776156710707545,0.16163253926912835,0.19116654089049528,0.1529795918367347,0.01592369087015768,0.03508035271214261,0.055806891422905305,0.10158354688218674,0.2313982011447261,0.38386924310700377,0.43205232087047113
1,2039,8,0.16535580124647828,0.17133481907876316,0.15991438617948325,0.1641973131081518,0.19363248538473693,0.15438063185321899,0.015854905972145724,0.035423076923076925,0.05673803926551878,0.10236322434444804,0.23237668769930117,0.38370842614640144,0.4349939246658566
1,2040,8,0.1672820540222822,0.1741058398257707,0.1610837488655715,0.16551983538730447,0.1960923064826827,0.15781782756941062,0.01516478267791753,0.03558023146700031,0.05728714336260414,0.10113445919814361,0.2317621219800642,0.38666357057161654,0.4364348470413888
1,2041,8,0.1699033027080599,0.1768511213794658,0.16360851585235106,0.16846501914375217,0.19759470364711873,0.15802870295152993,0.014297796931008095,0.036976531059489184,0.05631220534311158,0.1035286603863963,0.23446738065475184,0.38684200287904136,0.4386045561344366
1,2042,8,0.1711802467018894,0.17852224755626792,0.16454482392785735,0.16906520206330947,0.19949327616449036,0.16376136855781723,0.013891685121803906,0.037389530931339225,0.05766916287777481,0.10063353602241253,0.23561680945447158,0.3850523285219624,0.44132917964693663
1,2043,8,0.17307021264031522,0.17986507289685774,0.16694066351485198,0.17127018307267025,0.19950959405285487,0.16550456732068536,0.014145191447849769,0.036927028979690135,0.058064075414987364,0.10171806027501668,0.23344235486508585,0.387162841023263,0.44293007127721057
1,2044,8,0.1748733230772541,0.18152898805939627,0.16888861646592498,0.17321662364867393,0.19985250737463126,0.16677471636952998,0.013953488372093023,0.03749244104011288,0.05828888265019652,0.10318010075566751,0.23370740245032431,0.3890909090909091,0.4418626440550923
1,2045,8,0.17699907728668324,0.18518856517076954,0.169648068317957,0.1755446303730098,0.20128612380878594,0.1696467273515388,0.01420348668681933,0.037544311956171444,0.058368975308198255,0.10515910374694032,0.23584192439862542,0.38674932196822936,0.4462783320307112
1,2046,8,0.177705504512562,0.18479070887265975,0.17135160699965044,0.17577545770918446,0.20207454425823432,0.17196862403311908,0.014990920991512183,0.036957837401654224,0.05893570983239814,0.1023804310425725,0.237260707891475,0.38593475288142215,0.4454479768786127
1,2047,8,0.18035953295537396,0.18841447959630406,0.1731514701637181,0.17809386820094827,0.20407611842359208,0.17695495692005672,0.014448766725088701,0.038341253401567764,0.0598028968194714,0.10485479247164402,0.23974840144564916,0.38628691164487217,0.449425133091755
1,2048,8,0.18255169211439184,0.1908847743773231,0.17510910708006702,0.18147720052970398,0.20449022103923156,0.17521765317855775,0.014375405932019917,0.038146240988671476,0.05887455683789696,0.10658969748588372,0.23803790719273502,0.38987066454344194,0.4529842839484372
1,2049,8,0.1836128408728982,0.1918738784926942,0.1762494287732126,0.18219169634460325,0.2062396359569627,0.17731902009358658,0.015162868603164808,0.037408038571844215,0.057705466433513264,0.10749175131008605,0.2367697477850572,0.3904239285852301,0.4505349938607262
1,2050,8,0.1865321574817055,0.19464928426556619,0.1793128616860435,0.1855662903038063,0.2078864109885022,0.1803052084485237,0.014730244011640923,0.03657362848893166,0.05932825725659954,0.10946609891909598,0.23944755858715472,0.3904410066959132,0.45643749727870425
1,1990,9,0.06773132254373058,0.06333543569815467,0.0721660064448595,0.06593420797518258,0.07527903110900024,0.07238838318162115,0.014665030040700303,0.03706248192074053,0.05367231638418079,0.09288299155609167,0.21721664275466285,0.33978201634877386,0.4114713216957606
1,1991,9,0.0720818446901466,0.06779156327543424,0.07639498682845054,0.06980897166643611,0.08047759342533727,0.08061094611794654,0.015890517576858217,0.03856508513688332,0.054835039817974975,0.09850772783798188,0.23367602111697694,0.36863488624052004,0.40515933232169954
1,1992,9,0.07274511518543349,0.06899900930476505,0.07649391547762528,0.07010481356930705,0.08344733242134063,0.08242440977495513,0.015842425034298033,0.03810757379507806,0.056719902371730246,0.09941774571999652,0.22713784731588885,0.37037037037037035,0.4130893736805067
1,1993,9,0.07318209477447327,0.06917759963440409,0.077175791412674,0.07065419663116948,0.08343283582089553,0.08193618171984857,0.01582205157061997,0.03721893688817614,0.05728806868646995,0.09423142759328997,0.23230348064137663,0.3643132220795892,0.42292490118577075
1,1994,9,0.07396430402162263,0.07012554493236291,0.07777447630366958,0.0711839674264801,0.08542676656383134,0.08400475498613129,0.015693553830577116,0.03715261809342356,0.056499261447562774,0.09486133089031398,0.22803268384663733,0.370138017565872,0.4267990074441687
1,1995,9,0.0745212285043699,0.0712606523655598,0.07774608998928266,0.07135034182220634,0.0880225661796615,0.08556701030927835,0.015414587463257912,0.03725114481504336,0.057742445612685385,0.09343687374749499,0.2255584914724958,0.36292300147130946,0.438732815301853
1,1996,9,0.07543806213494822,0.0722683014785431,0.07856786782509614,0.07200887098599199,0.09114249037227215,0.08520739630184908,0.014480646059593427,0.03619764040248176,0.059585908033063156,0.09461309284161365,0.223321554770318,0.3750882976218507,0.42565597667638483
1,1997,9,0.07555633586446034,0.07273531493276716,0.07833434968202806,0.0723259272412492,0.0906919564453811,0.08470900108446801,0.013085423609893001,0.03697873160701664,0.05774430281962147,0.09575329358946051,0.21922762804806906,0.36959928363554956,0.42792538157150933
1,1998,9,0.07650630385799549,0.07400784694975869,0.07895902924534733,0.07355776037639268,0.09202708304546083,0.08241567172829489,0.013833015738584233,0.036768480492813144,0.05684437504647186,0.09369653001163507,0.2230092539700674,0.3692504258943782,0.42668136714443217
1,1999,9,0.07774563792914428,0.07552442785815312,0.07992186456524643,0.07471676312945984,0.09400840450047444,0.08366086468276249,0.014339196157377975,0.03708369674064024,0.05643511039310716,0.09410701607177435,0.21805085670631888,0.36858067124949456,0.4397622906537007
1,2000,9,0.07809419677617083,0.07584255554253377,0.08029903109989016,0.0750759910388422,0.09482299707213201,0.0828747523662778,0.01431963988232375,0.036319138521781695,0.05690717343635794,0.09204282759459788,0.2088587806149036,0.37355658198614317,0.42872117400419285
1,2001,9,0.07925288616994483,0.0775467912239729,0.0809183591554949,0.07616971600359515,0.09547673283436381,0.08484783310033336,0.013923915746101658,0.036389289933062084,0.05595844436199278,0.09271217712177121,0.21128021486123547,0.37159280548859636,0.4250371103414151
1,2002,9,0.0799042833974624,0.07775377969762419,0.08199730179148496,0.0773528278547239,0.09612570774222279,0.0814362582781457,0.013837638376383764,0.03544610945338886,0.05646169023347583,0.09060113990751693,0.21056201550387596,0.3691322901849218,0.43109048723897914
1,2003,9,0.08166060922789431,0.07958983590221637,0.08367149456861031,0.0796907884086126,0.09738836349971818,0.07870659180702849,0.014698410394135154,0.03485460554869295,0.05574016158457128,0.09253246753246754,0.21298949379178606,0.3761678124449145,0.432154052843708
1,2004,9,0.08266809828361577,0.0807720251445178,0.08450898607618229,0.08128393484509741,0.0956724000734529,0.0800321737381862,0.014625428550587205,0.0344618698256714,0.05514835323112377,0.09339797518893483,0.21414719734047466,0.36703994651512617,0.4334782608695652
1,2005,9,0.08470453678993518,0.08299808132697901,0.0863624064219356,0.08357621110673494,0.09928780896522832,0.07930607187112763,0.014474877562125885,0.03398860302795293,0.056321548289165774,0.09523809523809523,0.21720707442888726,0.3691433980123048,0.4432817078275429
1,2006,9,0.08563276617300873,0.08384529249765457,0.08736610418195158,0.08496472705807213,0.09977801144993574,0.07969432314410481,0.014526727046705736,0.03347294467337702,0.055710306406685235,0.09788042804610998,0.21599501823681166,0.3647220946256316,0.4456649666535896
1,2007,9,0.08659449247983725,0.08464843000339539,0.08848063413028859,0.08649094685724583,0.10082786183271482,0.07768854748603352,0.014169200995299972,0.03279182716462904,0.0556528264132066,0.0962432915921288,0.2173207914369121,0.36622872499253506,0.44756554307116103
1,2008,9,0.08818851795578149,0.08629624817750062,0.09001997960124627,0.08858944153171358,0.10166843368115619,0.07852658015906237,0.014044378896560971,0.032221367149596815,0.055870470702452164,0.09663833371621104,0.21743705373919578,0.3689615273358403,0.4504725236261813
1,2009,9,0.08787493557807936,0.08650349650349651,0.08919959473150962,0.08853239344500563,0.10383882384971413,0.07624931571126926,0.013670561869697454,0.031706285974439856,0.05543883854378978,0.09577850066538518,0.21106269328085464,0.3646559978115169,0.4442263657180242
1,2010,9,0.08991401112797168,0.08865038684055024,0.09113183058300002,0.09126678947650815,0.10475328684728802,0.07491236092059138,0.013904761904761904,0.03153371458111208,0.05571478063683034,0.09594928548404427,0.21214323467230445,0.3605027860567578,0.44771142770536526
1,2011,9,0.09213179558507417,0.09085974815458098,0.09335614559797302,0.09333415802216057,0.10808275574547918,0.07640871525169046,0.014187788936712896,0.0310375117936038,0.056135811429112364,0.09543956996705392,0.2119317115877681,0.36531862745098037,0.4431687715269805
1,2012,9,0.09412527761945007,0.09332834084435469,0.09489069845102623,0.09543875534350812,0.1084792485578641,0.07971924639822682,0.013727728108553675,0.03225067120686268,0.05493846639318397,0.09704570037858302,0.21116745351751473,0.3683960019038553,0.43518020441097366
1,2013,9,0.09673650646114919,0.09617616033755275,0.09727385377942999,0.09800454877054457,0.11230321869046425,0.08142586382854644,0.014224437015076011,0.03269574425838904,0.054095778197857596,0.09816295513117029,0.21264367816091953,0.367908109989558,0.4492753623188406
1,2014,9,0.09891145203386593,0.09815224463240078,0.09963858424725823,0.09983989699192708,0.11586566870198936,0.08431654676258993,0.014283035379422427,0.03297255637838019,0.0547303075412536,0.09631865991429685,0.21454287307945843,0.3680177679067185,0.44768563162970104
1,2015,9,0.10097496970876468,0.09995248918165825,0.10195307701756541,0.10192174269211157,0.11722267951387208,0.0871015830198055,0.014275960523865682,0.03315846112456282,0.05374219048833354,0.09632836299502966,0.21649871103820015,0.37339246119733926,0.44396649309486075
1,2016,9,0.10352283710440881,0.10355720193844671,0.10349003366514084,0.1044092147634382,0.11851005049061637,0.09170519826257531,0.014455231930960086,0.033546596256050915,0.05306292987079771,0.09913314069793287,0.22054686126252857,0.3670229653931633,0.43151278716948416
1,2017,9,0.10602529043625085,0.10639471473880831,0.10567318262199493,0.1069674070930783,0.12180479339618216,0.09342177998894417,0.014203936694523526,0.03367591640972936,0.052997978890635525,0.09843244272386875,0.21818105014151143,0.3687529861442905,0.4404936205814683
1,2018,9,0.10872677843226099,0.1096092375548232,0.10788694862694698,0.10982584355766362,0.12401201756413219,0.09646192651169132,0.014154717213366976,0.03297337679978267,0.05347990071242062,0.09921554927430368,0.219225309267897,0.36606199365973935,0.4389328063241107
1,2019,9,0.11195694973093581,0.11385956748548896,0.11014937875191959,0.11275936007907343,0.12912488605287148,0.10044402583423036,0.014024940137450632,0.033130516180797,0.0548994368463395,0.1002749009078123,0.2221657147328065,0.36316652994257587,0.43674144906215523
1,2020,9,0.11502579040348836,0.11726664968029217,0.11289876770701371,0.11594638171414119,0.13285894433435416,0.10259990690870403,0.014550849062559181,0.034110952111551136,0.054241868545507194,0.09917328786952745,0.2240557111497994,0.3652639632746748,0.4301571038251366
1,2021,9,0.11859606056672135,0.12061255076387546,0.11667243168453822,0.11946437187082282,0.13710433501495603,0.10561559371477823,0.014727973352491673,0.034646511939000736,0.05388888888888889,0.10200393688082868,0.22049234376144772,0.36882403929500146,0.43084849460634356
1,2022,9,0.121156977856079,0.123928469378036,0.1185284719007238,0.12165169885912622,0.1418436591169472,0.10916693470569315,0.015227257778070118,0.03351737577135434,0.05460750853242321,0.09959081096755486,0.2285928357356929,0.3672741946331293,0.43299293008641004
1,2023,9,0.12213253066995029,0.12552561723319786,0.11893263031967921,0.12266777095267674,0.14344226579520697,0.10964747208631288,0.015496384177025362,0.032306037210479685,0.05365511524850958,0.09651543348520825,0.2257333983694516,0.3701995012468828,0.4333843797856049
1,2024,9,0.12608444841588526,0.13008528461260252,0.12232039953899347,0.12675176224042675,0.14766694004402814,0.11292517006802721,0.015678254942058625,0.03251599147121535,0.05335218872533265,0.09708831469340533,0.22775934603413484,0.37230644130800955,0.44146624166908144
1,2025,9,0.12914892900066272,0.1329814385150812,0.1255524831805613,0.1295143496227774,0.15399093164513644,0.1141185076810534,0.015225950315320024,0.03190824426526658,0.05431320184047106,0.09729747162022703,0.2266846816416146,0.375181383350352,0.44490084985835693
1,2026,9,0.1324524348242847,0.13724066390041495,0.12796996050842702,0.13275916632759166,0.15711433062837235,0.11911340701585776,0.015114595472684253,0.03307071902344845,0.05500322788896062,0.09756888168557537,0.22801683816651075,0.3760157472366628,0.4423516749630028
1,2027,9,0.13559988480793939,0.1412437799536793,0.13032672737011247,0.13587967128546577,0.161395211350872,0.1208041750682007,0.014687444026509046,0.03361787986962595,0.05440558072823288,0.09529658962340391,0.23258606885508407,0.3763310745401742,0.44297924297924296
1,2028,9,0.1379946270891595,0.14421222048466448,0.13220266893508426,0.1381740539168477,0.1641021340824284,0.12409271833294311,0.014847161572052401,0.034386558836436584,0.05412645644385631,0.09713081536715837,0.23041781986728468,0.37429647890599566,0.4391333482242573
1,2029,9,0.14135342465753425,0.14729193436508567,0.1358305396630675,0.14136881506783053,0.16893301076165845,0.1267507813404329,0.014622467771639043,0.0351621508694115,0.05420019720729031,0.09775868750807389,0.2319604944907283,0.377039627039627,0.4364623898339824
1,2030,9,0.1435884296259145,0.14905861295511702,0.13851408154686842,0.1437032534487743,0.17033103791587156,0.1288087056128293,0.014215887466885563,0.03539678921488815,0.05460188762906189,0.09800012860909266,0.22952151975889742,0.37392884964944173,0.44114598058618415
1,2031,9,0.14673332501911368,0.15306133952628434,0.1408692018386962,0.14689211330391014,0.17297297297297298,0.13262584416321435,0.013432948456720247,0.035261397874383336,0.05608974358974359,0.09753276792598303,0.23010051616408583,0.37708681135225375,0.4409226976580384
1,2032,9,0.1486495977697698,0.1552992799279928,0.14250672985979027,0.1484972094187639,0.1765598720105017,0.1340426729719079,0.013250313223736664,0.03529252529354042,0.055877470479531434,0.09957490660827,0.22642597808014658,0.3744044952970398,0.44110892388451445
1,2033,9,0.1512852951468332,0.15842106444589105,0.14470757420569644,0.15098844427466335,0.1804631028709111,0.13662758235622557,0.013168411037107516,0.03525751814725199,0.05502781076182738,0.09999675756298435,0.2262218616913405,0.3774320614331755,0.4397905759162304
1,2034,9,0.15380777113669775,0.1610684885479084,0.14713121929616774,0.15366061085939678,0.1819547041155938,0.13990355301812538,0.013407778790641143,0.03520801506377234,0.0559234959148304,0.09878926701570681,0.22670817963382855,0.38007971241012817,0.43695120195767956
1,2035,9,0.15637044967880084,0.163011507878815,0.15027263485413264,0.15613118741163456,0.18599297225251424,0.14064651137177156,0.013645372770239366,0.03541818181818182,0.05531731095548083,0.09976744947758016,0.22683521995526335,0.38297790140627413,0.43672776646300066
1,2036,9,0.15822003133069928,0.16579824227922266,0.1512760878251693,0.157371642173929,0.18923583239685343,0.14374931521858222,0.013725415021278227,0.035833518807033164,0.054962630332482394,0.10007223061264692,0.22675350359736762,0.381980326864929,0.43696615503178987
1,2037,9,0.16068472816975107,0.16880967821284018,0.15325811462676805,0.15953609758958417,0.19078789814001756,0.15009821038847665,0.014544753086419754,0.0352386342199585,0.05649855996078191,0.10060995823112114,0.22826456393175176,0.38402140672782875,0.43350531107739
1,2038,9,0.16200482370016223,0.16949873032564072,0.15517012702137428,0.16119968012442867,0.1914048536362553,0.14922448979591837,0.014561027837259101,0.03592014352788487,0.056395637084779376,0.09872527761350942,0.22857045516489508,0.3813488123424731,0.43558282208588955
1,2039,9,0.16484888585332536,0.17294748748502123,0.1574784691433522,0.16333744892259752,0.1944224996049929,0.15611768537618065,0.014950035407978597,0.03646153846153846,0.057246330770697,0.10161864681126578,0.2306126602890291,0.3822874260695906,0.4348282337346736
1,2040,9,0.16698282080739532,0.17479063292844474,0.15989068697931005,0.16521745543583277,0.19613161929472817,0.15857552633003194,0.014368731093774876,0.03647951204253988,0.0582521148959439,0.10113445919814361,0.22956580503463422,0.38461240760091336,0.43796972583889066
1,2041,9,0.1688586505236654,0.17664825876253804,0.16180119466993415,0.16719123756766965,0.19794727151643357,0.15932845924722447,0.014942204680011277,0.03574132366418297,0.05788370874803562,0.101069774868274,0.23051454441028413,0.3850912344862467,0.4391664112779651
1,2042,9,0.17053187727063263,0.1792785064451317,0.16262700452931816,0.16837495825138235,0.20038978756577666,0.16322000866175834,0.015421783772901147,0.03638981085296117,0.057301417491307835,0.10216166311164879,0.23294165453252513,0.38240672295062833,0.4401424121050289
1,2043,9,0.1714221294094279,0.1800348637145703,0.1636527013366281,0.1695340848974361,0.19888685634219438,0.1656126695854278,0.015120721892529063,0.03552219635546279,0.05823485210738438,0.10302010225793135,0.22874080130825838,0.37831362547337505,0.4441340782122905
1,2044,9,0.17469581401353373,0.1842215885206603,0.16613033395650087,0.17244604047432013,0.2042772861356932,0.16866558616963803,0.01521827825377397,0.0357589195726668,0.058955642897248736,0.1038727959697733,0.23326126497134425,0.38344294003868473,0.4464068209500609
1,2045,9,0.17519142254334324,0.18331774314982546,0.16789711348440012,0.1728083231849413,0.2024870225459053,0.1716514954486346,0.015114497494720278,0.036053818884950045,0.058368975308198255,0.10261720956505366,0.23463917525773195,0.3802402169701666,0.44462323571330054
1,2046,9,0.1766105645445429,0.18529516297306903,0.16882235611030003,0.17443637464064154,0.2018810233386229,0.1743109271162436,0.01507537688442211,0.03611055073633246,0.057982176257013976,0.10313115830961243,0.2350571546618923,0.3804649345575308,0.44648663294797686
1,2047,9,0.17831376432310087,0.18645590912233,0.171027671244175,0.17660220552980663,0.20226193692824332,0.17259243101755917,0.014448766725088701,0.03752893871085659,0.05823503061072122,0.10339025302256014,0.23380594940227967,0.3845019595669551,0.44718829687290296
1,2048,9,0.18055775586572342,0.18948367897546345,0.1725856826690384,0.1790506663400669,0.20267715927940438,0.17642227454416032,0.014678501840225157,0.03703398558187436,0.05861054537225616,0.10564335509920823,0.23542361803859516,0.3841612615061949,0.4492318559067632
1,2049,9,0.18262989687324965,0.19173405420521544,0.174514976527772,0.1807116537933799,0.20616250819482473,0.17902559867877788,0.014986556177546613,0.03574545907976225,0.060214399756709495,0.1066507084168985,0.2380596761600869,0.3829269235228195,0.44970180670057885
1,2050,9,0.18475513515303363,0.19403964969459653,0.17649757572597882,0.18365731579560005,0.2055714175476503,0.18074753953334072,0.014506380120886501,0.036950244800602584,0.06071966915317126,0.10900753357353422,0.23836698858647937,0.3828215192796121,0.4512996908608003
2,1990,0,0.09042422756253066,0.08431161115745356,0.0965907924714189,0.08727460738059846,0.10290508984405922,0.10143042912873862,0.021545319465081723,0.05459936361006653,0.08408462555595625,0.13510253317249699,0.26126255380200863,0.3926430517711172,0.4621778886118038
2,1991,0,0.0941552302379507,0.08815880893300249,0.1001836034166201,0.09057182740797565,0.10877655450457435,0.10663272521566963,0.02338176157737709,0.05845949442327191,0.08447098976109214,0.1379463492627465,0.2741039177549319,0.39030335861321774,0.4673748103186646
2,1992,0,0.09515064952730735,0.08988131082577362,0.10042377823568291,0.0910429809273669,0.11187110503115975,0.1112798564130885,0.023257333246227217,0.057877155907014796,0.08505332413646734,0.13617797862170852,0.2739411923388185,0.4015873015873016,0.4672765657987333
2,1993,0,0.09621016201414771,0.0915703486490089,0.10083746368142198,0.09184445271511411,0.1155223880597015,0.11087074094104922,0.023567574724438118,0.05739868363903645,0.08487121286884437,0.13574118452584732,0.2762351714248468,0.4012836970474968,0.46179183135704877
2,1994,0,0.09648166270562468,0.09160476733960746,0.10132224038032982,0.09198959718512068,0.11657117672983694,0.11161009113723418,0.02240971987850152,0.05673083240260167,0.08488737075332349,0.1315066211376697,0.2703959773727216,0.4107904642409034,0.4683622828784119
2,1995,0,0.09789130494342414,0.09300617102556567,0.10272292964705455,0.09326616017800117,0.11912339071314913,0.11275773195876289,0.02255793287306036,0.05631515702640382,0.08603667136812412,0.13251503006012025,0.27107854912322843,0.41000490436488474,0.4757919904363419
2,1996,0,0.09884616762819365,0.09423007573025605,0.1034040734938043,0.09397135033605648,0.12423334759663386,0.10982008995502249,0.022103870788081313,0.055935962966534865,0.08618890939731964,0.1331025042273935,0.26914016489988224,0.41794207676006595,0.46530612244897956
2,1997,0,0.09895097221612606,0.09495753715498939,0.10288352643958533,0.09391161520875413,0.12497365648050579,0.11085672972647306,0.021820733204700928,0.05500224892372936,0.08559289300888374,0.13321557371016413,0.25982965814957415,0.41661070069397804,0.465799886941775
2,1998,0,0.10043172397186054,0.09640290267699038,0.10438680209966596,0.09586251211622866,0.12636451568329418,0.10849658050307175,0.02145528971698779,0.054735626283367554,0.08521079634173545,0.13188693450140304,0.2642522563692448,0.4171635434412266,0.48125689084895257
2,1999,0,0.10156098466001569,0.09788183971507933,0.10516562040870843,0.0973115231136264,0.1283041886945913,0.10533408197641775,0.02094370276188458,0.053816584294343765,0.08558607072338897,0.13096237010262698,0.26312343119065806,0.4148807116862111,0.49054565099945974
2,2000,0,0.10213210079021917,0.09874600277921948,0.10544780890863485,0.09778390146933538,0.12756188448229971,0.10939907550077041,0.020380675575089498,0.053255017131669115,0.08558699662385577,0.1283002798393965,0.25773840541948934,0.4178214010777521,0.47746331236897277
2,2001,0,0.10379650166142647,0.10063813690339134,0.10687966605121618,0.09943489984193725,0.1300357956394403,0.11001182922894935,0.0197137072425674,0.05171282320514503,0.08702398219044086,0.12730627306273062,0.26280712225206404,0.4162803634340812,0.47996041563582387
2,2002,0,0.10417527904092601,0.1009799813029883,0.10728516299061902,0.10009530955326182,0.13143329728354222,0.10678807947019868,0.018698552370139086,0.051808374594222384,0.08701085169352187,0.1251747499731154,0.2559108527131783,0.4182076813655761,0.4779582366589327
2,2003,0,0.10587452787609568,0.10191420627139619,0.10972031464602322,0.10257811235227457,0.13183440846746414,0.10313994593470575,0.019089787326703928,0.05224852268554068,0.08623273390669794,0.12799310064935066,0.2593123209169054,0.4103648863035431,0.47783251231527096
2,2004,0,0.107192319063847,0.10308936412167925,0.11117585720419555,0.10429974449057809,0.13350064271286038,0.10144781821837925,0.019111532569844627,0.05155818805950057,0.08584322888326985,0.12762013403678882,0.2581032412965186,0.41383921109811134,0.4708695652173913
2,2005,0,0.10853221502096835,0.10441294794825771,0.11253419921229067,0.10644938952343443,0.13447842480100544,0.09827471165761129,0.01911844730636677,0.05017365208888289,0.08487761684902916,0.1297421001672388,0.2581982313927782,0.4177315033917022,0.4755127668480536
2,2006,0,0.109955600584046,0.10667917561964713,0.11313279530447543,0.10806390740973708,0.13739922888187872,0.09970887918486172,0.018611259101402947,0.04911166655407687,0.0855998247316203,0.1330000413171921,0.2570056044835869,0.41601592405450927,0.47940368772067476
2,2007,0,0.11069534258519219,0.10747132375736282,0.11382009128500092,0.10917834074720438,0.1377105338281473,0.10099511173184357,0.018523638374343378,0.04850108859487523,0.08404202101050526,0.1343669250645995,0.25454103146286083,0.41221260077635113,0.4805243445692884
2,2008,0,0.11220765942944777,0.10920560680207296,0.11511324102664412,0.11114422208357003,0.13972434573963508,0.09970699037254081,0.019172755916068915,0.04848261786060829,0.0833985781842097,0.13400719810092657,0.2526118000751597,0.4207405264680359,0.47252362618130905
2,2009,0,0.11239993128328465,0.10983216783216783,0.11488010807159743,0.11215072126739581,0.14032126327252928,0.09759912411042465,0.01824875940451417,0.04734805372183019,0.08187262864130947,0.13437084134259944,0.2521788023615406,0.41116126384899465,0.48773307163886165
2,2010,0,0.1144832237396729,0.11179210927730215,0.1170767885995815,0.11471393057070807,0.1418534092723692,0.09716506630086877,0.01876190476190476,0.04658977092824142,0.0812572832351737,0.1358475699294438,0.2506606765327696,0.40689387067513283,0.4956047287056684
2,2011,0,0.11702814398754184,0.11459237950499349,0.11937257565269634,0.11714704790853023,0.1434154984626609,0.10180315552216379,0.019225251076040173,0.04671893808764681,0.08172667318797135,0.13556441824172014,0.2512663373147395,0.40955882352941175,0.48421354764638347
2,2012,0,0.11929610775893132,0.11693122400673986,0.12156746898199286,0.11948563020747177,0.1443156873755679,0.10520871813816032,0.019529516200621395,0.04632964442407177,0.081571473650994,0.13608707409410492,0.2508014221600513,0.4089719181342218,0.49139322216245296
2,2013,0,0.12119334391903232,0.11809071729957805,0.12416862655843007,0.12171823370381496,0.14479093552591998,0.10599212713223502,0.01936541979436069,0.04652855913693825,0.08175803402646503,0.13523425626115113,0.24978312730427238,0.4103724329968674,0.48919399949148235
2,2014,0,0.12361703482080336,0.12115810019518543,0.12597208374875374,0.12399088514091607,0.14718337600945441,0.10928057553956834,0.020065008126015752,0.046744630231545084,0.08044848446457416,0.13495000649266328,0.253486131534912,0.40699611327040536,0.4872227579556413
2,2015,0,0.12648866511391388,0.1244526625319414,0.12843631003562217,0.12638864508363218,0.1507287076937975,0.11478668275715198,0.020544969275650176,0.04778719397363465,0.08045390794338901,0.1352252685586019,0.2578861026482306,0.40698447893569845,0.4869821145573919
2,2016,0,0.12837352234145374,0.126049780529267,0.13059168301484658,0.1284121872677731,0.1516623797275412,0.11678576432674793,0.020557867159808906,0.047662570664500185,0.07964260461528572,0.13431556218842283,0.25791278354141023,0.4040639221081596,0.4880797572605115
2,2017,0,0.13081407797578629,0.1295992177412278,0.13197199254409023,0.13100814414649672,0.15383893813610994,0.11864289662797126,0.021122233446597485,0.04885234669407331,0.0792403195277662,0.13359141968648855,0.25717061631394417,0.4005733397037745,0.48253503451160845
2,2018,0,0.1344026582087298,0.1322199370617241,0.13647993774392472,0.13432390355653429,0.15946383175410214,0.12216238325720909,0.020216628715613267,0.05032599837000815,0.07936559105122336,0.13338838250706642,0.2588927195295072,0.40357520253610424,0.4901185770750988
2,2019,0,0.13638750014914866,0.13477504837011095,0.13791940062357486,0.13636979585980408,0.16048313582497722,0.1251345532831001,0.020524302640171656,0.049679058571810646,0.07813354786806115,0.1325278097429996,0.25800015648227836,0.40229696472518456,0.4858403824935638
2,2020,0,0.13999491872920963,0.1394460015287737,0.14051595070828055,0.13957035819291203,0.16551071878940732,0.13032781434935833,0.02010605391073796,0.05081699890179374,0.0788212206029019,0.13204876636536172,0.2620165014003482,0.3990053557765876,0.4844603825136612
2,2021,0,0.14324997344600096,0.1422959775672017,0.14416003689611437,0.14261533959234682,0.17027545872583597,0.13306371411522908,0.02135719417412318,0.05073239248210822,0.07859477124183006,0.1329504017554616,0.26042200893838374,0.3961282866223635,0.4809209467074545
2,2022,0,0.14548573481770818,0.14529955233831793,0.1456623118528472,0.14482715684290806,0.1745835903763109,0.13438404631714376,0.02088403604551733,0.04998376096135109,0.07682400669714727,0.13274478847826787,0.2650920508063365,0.39800928105454303,0.4832678711704635
2,2023,0,0.14753500250832308,0.14793629166764546,0.1471565608453887,0.1471921227597948,0.1776470588235294,0.13455024463680842,0.020795147798846936,0.049898746994051384,0.07581215927567188,0.13405634345119682,0.26210717023203955,0.40311720698254366,0.4799387442572741
2,2024,0,0.15060683867027114,0.1509105969922882,0.15032105811975194,0.15023052009906648,0.18189666335736177,0.13623995052566482,0.020483980913428766,0.04991847485262762,0.07495018319727453,0.13288983159789175,0.2643226049184253,0.40529709008538073,0.4729064039408867
2,2025,0,0.15483157173505263,0.15593967517401391,0.15379172200570446,0.1542556014709785,0.18782616134827615,0.14027066569129482,0.020905194940942826,0.04984686542908932,0.07702950545384343,0.13228844169246645,0.2645499071102854,0.41457515988606436,0.47195467422096316
2,2026,0,0.15798214425038173,0.15904794836330105,0.15698439759166144,0.15783564657835647,0.19063601988358755,0.14175876982220087,0.020941483914256452,0.04979291875564413,0.0776307295029051,0.13079416531604537,0.2656354403314179,0.41366779387270985,0.4801560608099018
2,2027,0,0.1604381728767002,0.16159508358366392,0.1593572576325656,0.16038330034191112,0.19336176681727968,0.14233187047799786,0.020562421637112662,0.04991463603911221,0.0786256804772305,0.12888314207208662,0.26594609020549775,0.4106969990319458,0.4800976800976801
2,2028,0,0.16470504040693193,0.1671441779766457,0.1624328778776118,0.164079822616408,0.2001593224602742,0.1475649730742215,0.02012372634643377,0.05021628738010156,0.08039892844463092,0.13195007294537203,0.2667311347494081,0.4130424670914926,0.48291266473084654
2,2029,0,0.16814794520547946,0.17046656280915615,0.1659916031260906,0.16779407496707074,0.20326186702260782,0.15053825674267854,0.020294659300184162,0.05068620833735095,0.0817456025955024,0.12914998062265856,0.2703238376780435,0.41424601039985653,0.48186103709776595
2,2030,0,0.17096067250346172,0.17357319255953055,0.16853720050441362,0.1703742689191493,0.20687795569567743,0.1532073310423826,0.01996194171859259,0.05011560128952424,0.08221954772914424,0.13037746768696548,0.2687006874132268,0.41647191205747425,0.47846574309678636
2,2031,0,0.1738557555185633,0.1765441980541808,0.1713643961554534,0.17321062187255523,0.20965545698370125,0.15663129220816072,0.02014942268508037,0.05069032877528722,0.08144796380090498,0.1316178360318684,0.26687720728063025,0.41911519198664443,0.476140165522099
2,2032,0,0.1768732475026068,0.17984923492349236,0.17412407886668121,0.17559309055031144,0.21569512245149117,0.16095254180037155,0.020843615930749078,0.0507224308868812,0.08190559714348357,0.13090944222594358,0.2684333751823827,0.41886884645140277,0.47670603674540685
2,2033,0,0.17962908131678823,0.18292217558194349,0.17659352142110762,0.17847094172182512,0.2190141707844979,0.16085985482970408,0.02070409134157945,0.050985136536467336,0.08355727767014562,0.13170779157614862,0.26742378151828566,0.4186527672780806,0.47566984909146903
2,2034,0,0.18306488824028072,0.18661589292714342,0.17979958186143752,0.18178419038402321,0.22384122087831804,0.16368272268721246,0.0207383773928897,0.05084023164102746,0.08368408021787571,0.13079188481675394,0.2690446377203966,0.4213426070647077,0.48287030372822803
2,2035,0,0.1847323340471092,0.18840936287283178,0.18135608884507562,0.18312614005142594,0.22484753019104164,0.16685940855773995,0.0203537124561671,0.05105454545454546,0.08354672507944343,0.13425698470407127,0.2647936013014302,0.4203368876526039,0.47997284453496264
2,2036,0,0.18687746274801242,0.19014021513071092,0.1838877903343135,0.18532634587899,0.2248354471022636,0.17125013695628355,0.020741479124333856,0.051079456933006896,0.08276689324270292,0.13379079388009718,0.2648753708186995,0.419412867914418,0.4844261768672532
2,2037,0,0.18990741432888736,0.19370960889107539,0.18643201700596845,0.18795818427071725,0.2285064261195817,0.17432343954604976,0.020910493827160495,0.05176381814751933,0.08272565720938783,0.13465490950076245,0.26680715111141323,0.42385321100917434,0.48273141122913504
2,2038,0,0.19119247844275591,0.19425458369223542,0.1883997347344794,0.18934286112558052,0.2287405171386583,0.17648979591836736,0.020634611641035625,0.05069282742298736,0.08307511155180962,0.13466719232538274,0.2663191605342055,0.422057588024135,0.48176872323185554
2,2039,0,0.19373239136002732,0.19692473094195515,0.19082709065892065,0.19137490078490166,0.2321061779112024,0.17967647378134838,0.02010386340388701,0.051,0.08393163479255353,0.13658141793460668,0.26691091661578126,0.4218065903679238,0.4837070584336684
2,2040,0,0.19626492826418018,0.1999146815150767,0.19294971804990466,0.19439343319246852,0.23182765263199276,0.18179358120907074,0.021015761821366025,0.05032061307475758,0.0838881919650037,0.13665076704911694,0.27183645886129415,0.41975308641975306,0.4856568222716206
2,2041,0,0.1983392708863472,0.2022540290769751,0.1947924643896462,0.19640675104235325,0.2336741489403377,0.1834281072298944,0.021748761528857383,0.0512411842052835,0.08489392352016763,0.1353345042311991,0.27105645460995303,0.4222464303777769,0.4847277556440903
2,2042,0,0.19900118957036148,0.20255322030837303,0.19579099849022727,0.19640776338739005,0.23539271097252,0.18812256388046775,0.02186430440910006,0.05146558963490223,0.083010163145226,0.13686288242972208,0.2667027869018997,0.42022332023499204,0.48701973001038423
2,2043,0,0.20149025376187077,0.20638639862356245,0.19707350944012744,0.19956932843549985,0.2341493792083447,0.19161126425598615,0.0217055523941143,0.051256321746809025,0.08344149190518478,0.13766712185207533,0.2672390297083674,0.4243759177679883,0.4872856867655558
2,2044,0,0.2031456757716265,0.20821640782103865,0.1985861248173915,0.20089028541503012,0.23688091911193915,0.1927066450567261,0.02174622603019176,0.050876839346905865,0.08348540145985402,0.13812972292191436,0.2692611276982738,0.4214700193423598,0.4902089384427996
2,2045,0,0.20525245112587212,0.2101366612671397,0.200868309765413,0.20320087802384496,0.23777794994963974,0.19467923710446466,0.021574392314381546,0.05095874959716404,0.08417496315997557,0.1377957697859788,0.2709965635738832,0.42278186749321967,0.4928968783044458
2,2046,0,0.20606553378323442,0.21049493826169702,0.20209331496370628,0.20458465728551975,0.2356697759027751,0.19609979300577404,0.02170516447785144,0.05019164817429897,0.08479113947262258,0.14010447621132974,0.27024514529679106,0.41914436413361983,0.4917810693641618
2,2047,0,0.20784138764051058,0.21258554344570152,0.20359602457833312,0.20670182728677214,0.23622959045817732,0.19740429708801396,0.021502158765442654,0.051216441249339995,0.08462744512468269,0.14040882462919108,0.2716499860995274,0.42008459120717084,0.49299870263499307
2,2048,0,0.2091284040315752,0.21359178332812265,0.20514199433263697,0.20765621292263414,0.23862978821895614,0.19881728084104475,0.021649707728945658,0.0509989701338826,0.08406879384476126,0.14116273934576196,0.2691341887103987,0.4212918009865227,0.4930690446759668
2,2049,0,0.2109815162597608,0.21690242595138776,0.2057039591209339,0.20936435255846939,0.24210404535112415,0.19944949077897053,0.02133380349980165,0.05112431938152043,0.08393522390329203,0.143462508895646,0.27125835907532503,0.4196390617150365,0.49175583231012104
2,2050,0,0.21336960960695797,0.22051185856477953,0.20701736093008707,0.21139952663640244,0.24369164287367853,0.20573924582550038,0.02140138795612268,0.051596434698916185,0.08340741313338229,0.1427120864723223,0.2722361045451476,0.42603709689832986,0.4921844385422563
2,1990,1,0.0900564001961746,0.08404712009928587,0.09611871677510725,0.08691268661539456,0.10243014327554817,0.10099696575639358,0.02135150849538084,0.054707839166907725,0.08420483231157591,0.13408184095759487,0.260545193687231,0.3871934604904632,0.4630091438071488
2,1991,1,0.09502104833653453,0.08907196029776675,0.1010018360341662,0.09130123118326898,0.11032718250891611,0.10818837505303351,0.023965494876118824,0.059123806859900006,0.08555176336746302,0.13705809202344998,0.2731314253959433,0.3981581798483207,0.48179059180576633
2,1992,1,0.0953644057092333,0.08943452670020785,0.10129854982310174,0.09117798669579519,0.11346709226326189,0.10907082700538451,0.02404128829947083,0.05862703660781239,0.08431050034488248,0.13617797862170852,0.2732667925546264,0.4013227513227513,0.4644616467276566
2,1993,1,0.09602951243629726,0.09027552982843651,0.10176797888300196,0.09177241785023951,0.11350746268656717,0.1115467820443483,0.023435172619244646,0.05769937522969496,0.08457515049837165,0.13693940431359122,0.26971711641246254,0.4074454428754814,0.45783926218708826
2,1994,1,0.09715270981872408,0.09199767994461804,0.10226935076511662,0.09270743848335432,0.11568973115910093,0.11385550125478801,0.023084711441106985,0.05751921687142763,0.08511816838995569,0.13425501790622138,0.2715273412947832,0.41380175658720203,0.4491315136476427
2,1995,1,0.09788217243993096,0.09210622979723773,0.10359484841328949,0.09331227447227955,0.11926804571097932,0.11237113402061856,0.022045252580490806,0.05676983534149589,0.08590844980125657,0.13560454241816966,0.2691568580350709,0.4131927415399706,0.4572624028690974
2,1996,1,0.09906116744902713,0.09442841687702849,0.10363552200541233,0.09426554119803571,0.12187990300955641,0.11319340329835083,0.02165135059871902,0.056225286912913494,0.08751304068694327,0.13873902890731943,0.2623085983510012,0.41652931481045447,0.4588921282798834
2,1997,1,0.10014484484045122,0.09508138711960368,0.1051311089816186,0.09536545846003595,0.12420091324200913,0.11194119773466683,0.02083844939484301,0.05628734819764827,0.08690614136732329,0.13777875910797086,0.2633298331583246,0.41929706738303113,0.4578858111927643
2,1998,1,0.10093912863998349,0.09541335370299642,0.10636376031085963,0.0966030995763404,0.12443001243609231,0.10988756230439319,0.020537793775142917,0.055441478439425054,0.08677225072496096,0.13428238998015193,0.2633382840169085,0.41460817717206133,0.48456449834619625
2,1999,1,0.10246333667850126,0.09798408397662015,0.10685187658608254,0.09795341970408568,0.12721973702046901,0.11083660864682762,0.02051988415624779,0.05433343024194851,0.08698617842398133,0.1345769056993481,0.26421477681981886,0.4173069146785281,0.4829821717990275
2,2000,1,0.1031923529314315,0.09909759078504579,0.10720199354066594,0.09896189404377505,0.1284269363854139,0.10917895663658375,0.020487009534611703,0.053809756893457336,0.08607427517315791,0.1309770045017642,0.2635747785304846,0.42051578137028484,0.4669811320754717
2,2001,1,0.1045601891345146,0.10045722180191441,0.108565465200289,0.10024070993935763,0.1300357956394403,0.11087213678890204,0.02031755052747487,0.05266439165244783,0.0871926333187169,0.1290359778597786,0.25843031930766935,0.42722047098090116,0.4789708065314201
2,2002,1,0.10568575698794798,0.10183424132039585,0.10943431744736924,0.10181899296331597,0.13105159361282526,0.10854718543046357,0.02040164632415555,0.05302160868282126,0.08533377178559684,0.1299602107753522,0.25872093023255816,0.4263869132290185,0.47424593967517403
2,2003,1,0.10695140588007063,0.10238030183705941,0.11139031090023724,0.10400477578112352,0.13083234170476607,0.10397171969224371,0.020904405893881105,0.05141388174807198,0.08649335418295544,0.12931209415584416,0.26437440305635146,0.4181209236735413,0.4688759516345723
2,2004,1,0.10847610600189844,0.10468458792684082,0.1121572716677912,0.10611625678696902,0.13215400624349635,0.1019505328775387,0.020971624480268437,0.050683179645958136,0.08593925039208783,0.12847568800798517,0.26272047280450644,0.42236336286144077,0.478695652173913
2,2005,1,0.10937094929470073,0.10538775762827257,0.11324073238928475,0.10730602599448602,0.135495840564965,0.0986559908492994,0.020932341737710865,0.04960043160130829,0.08645879451015116,0.13018220227092686,0.261238025055269,0.41599621391386654,0.4734198409376308
2,2006,1,0.11010459191275068,0.10617982628695942,0.11391049156272927,0.1086542090441952,0.1343614908283678,0.09998180494905386,0.020884389984017048,0.04840235087482267,0.08456699320835029,0.13130603644176342,0.2590516857930789,0.4152503445107947,0.4923499411533935
2,2007,1,0.1111022306183245,0.10707273505661435,0.11500765477672376,0.11058207582066336,0.13399942906080503,0.09767807262569832,0.02025158971523362,0.04806565064478312,0.08301025512756378,0.13202146690518785,0.26070385987674344,0.413257688862347,0.4910112359550562
2,2008,1,0.11280405549323375,0.10858487433776508,0.11688765316529977,0.11239209185811534,0.13693432286144747,0.0996232733361239,0.019809613193001275,0.04714424331649212,0.08383702358209891,0.13461980243510221,0.25591882750845546,0.4148105293607174,0.4977248862443122
2,2009,1,0.11266792647311459,0.1087972027972028,0.11640661938534279,0.11292285890774317,0.13781649877484345,0.09666067099397826,0.01940131263006243,0.04673018763617443,0.08193534225957166,0.13267041253881415,0.2559741355074501,0.407468198604842,0.5004906771344455
2,2010,1,0.11506322711178553,0.11109126138877819,0.11889121394326278,0.11564394684599288,0.14137435460690903,0.09625057155921353,0.019682539682539683,0.04655746179444929,0.08147774873232339,0.1318720676193546,0.25825845665961944,0.4097447194505637,0.5031827826614126
2,2011,1,0.11682849404044908,0.11221775944420322,0.12126634189663954,0.1175269938325057,0.14112251810933346,0.098572501878287,0.01973537382432648,0.04671893808764681,0.08059070398535861,0.1346280561817236,0.25307985741979866,0.4004901960784314,0.5020091848450058
2,2012,1,0.1195712703997065,0.11567418660319073,0.12331423874232578,0.12024308064670595,0.14283526468936647,0.10240118212042852,0.019688035000951114,0.04813044332394735,0.08090880403912906,0.13459978366684694,0.25243340910415574,0.4063541170871014,0.5024206562668101
2,2013,1,0.12223254973342111,0.11852584388185654,0.12578711782110613,0.12311719521091705,0.14574350747016945,0.10314914710599213,0.019428499337664794,0.04877887351909458,0.0793635790800252,0.13639066939800437,0.2550965083495988,0.4151293653556097,0.4874141876430206
2,2014,1,0.1239480552549494,0.12035133376707872,0.12739282153539383,0.1246431566552872,0.14752806775654914,0.10625899280575539,0.019689961245155645,0.0483865563113628,0.07918157919741552,0.13381379041682898,0.2553115967750114,0.4129927817878956,0.4872227579556413
2,2015,1,0.12690928952142988,0.12399039511023793,0.12970151087090037,0.12724126689570428,0.15164867089526946,0.11081138638460993,0.02045186518527714,0.049199623352165725,0.07850949891623103,0.13493666827000161,0.25713616123740335,0.41862527716186254,0.48901969662666966
2,2016,1,0.12891873807340587,0.12627813158095044,0.13143936641720555,0.1293534803071588,0.15232923692483566,0.11342300686562981,0.02095854523038989,0.049084323482617376,0.07729639390628013,0.13425205601244722,0.26182521540355197,0.4091438247433591,0.48179453836150843
2,2017,1,0.13234349477857105,0.1299126226980406,0.13466042154566746,0.13294217492777988,0.15501149101824493,0.11712271973466003,0.02133651697431659,0.04960602946214457,0.07802123768887748,0.13413086247382117,0.2620284712541714,0.41204013377926424,0.48399916335494664
2,2018,1,0.13510950007551728,0.1337190574125926,0.1364327740505359,0.13546935120876993,0.1590016177490178,0.11957188629081737,0.02132438919318112,0.04998641673458299,0.07772154347055221,0.134309397529139,0.26242141553437437,0.40982740401549844,0.48122529644268774
2,2019,1,0.13724659642759132,0.13619553770419535,0.13824514868072038,0.1376212605517604,0.16084776663628075,0.1232508073196986,0.021581615200422927,0.049110724792725324,0.0775221238938053,0.1339662447257384,0.2602300289492215,0.40869565217391307,0.4795880838543582
2,2020,1,0.1406448487140249,0.13987066089129935,0.14137970747437523,0.14093768771142234,0.16515042334714466,0.12554026198550436,0.021873619089703932,0.049419281839661884,0.07792040665315446,0.133946665808859,0.26072969495117704,0.4107880642693191,0.475068306010929
2,2021,1,0.1444773582901585,0.14366176754979695,0.1452553902917099,0.1447825296011263,0.16978436537345418,0.12888682622820394,0.021749069296584156,0.050397966691191225,0.07754901960784313,0.13385394817515892,0.26342589200674044,0.40472406818838486,0.4823699887296732
2,2022,1,0.14576391021888926,0.14579959996190114,0.1457300617653369,0.1462279568553596,0.17339384859434212,0.12705049855258926,0.021673353943300663,0.04982137057486197,0.07608345675832313,0.1333569610464929,0.2640930498073355,0.40601250924742754,0.4741555380989788
2,2023,1,0.1477744333470151,0.14885245131433672,0.14675779259620284,0.1478592955575494,0.17633986928104575,0.13066114665663028,0.02049521778251741,0.04888621693456525,0.07539771097012785,0.13229159982031702,0.26740296843425543,0.40355361596009975,0.4787136294027565
2,2024,1,0.15175491183024353,0.1528822932343985,0.15069425388288238,0.15201371689845686,0.1814218500453231,0.1332096474953618,0.02034764826175869,0.05035745641540198,0.07652503696085364,0.1319899730042422,0.2663747990559907,0.4066910611604809,0.4856563314981165
2,2025,1,0.15543249952262747,0.1565893271461717,0.15434692677828823,0.15545361489176177,0.1862434767730345,0.13771031455742502,0.020382565067419253,0.0507219201200075,0.07841307635380804,0.13009545923632612,0.2686708326296234,0.40946955446874833,0.484985835694051
2,2026,1,0.15875678507339583,0.16109958506224067,0.15656358574850557,0.15881519658815196,0.18931894464035348,0.14145843344545891,0.020764911537239115,0.05082053996823716,0.07876049063912201,0.12761750405186387,0.268575437658693,0.4134659062231868,0.4922642270953854
2,2027,1,0.16240972929865757,0.16524111995230342,0.1597643277986074,0.1625277427868754,0.19243275199527046,0.14517850788755782,0.020705713773956653,0.0519012882197734,0.07872347361215243,0.12852755778244707,0.2696156925540432,0.41737657308809295,0.48595848595848595
2,2028,1,0.16513443287164467,0.16755510404419738,0.16287947259290764,0.1649756993437703,0.19760177770324094,0.14592601264340904,0.02026928675400291,0.05256723716381418,0.07917244940773972,0.12780029178148808,0.2724665710760612,0.41453090841434487,0.4785570694661604
2,2029,1,0.16825753424657533,0.17129666480936082,0.16543110650493342,0.16783128316180357,0.2021773588053725,0.14961222363699503,0.020220994475138122,0.05261466268119436,0.07942364579026051,0.12795504456788528,0.27284332168771835,0.4127667204590281,0.48493543758967
2,2030,1,0.17147311839680757,0.1742868794888642,0.16886296763345943,0.1711970823480575,0.2074172405210321,0.1490836197021764,0.02029775008395209,0.05298121071998437,0.08095268258693862,0.12754806764838275,0.2734753310080932,0.414005020341037,0.48232965790217697
2,2031,1,0.17441967650455745,0.1775588198820784,0.17151065608023403,0.17379367352059868,0.21060449762739838,0.1540775211395494,0.020375820692777904,0.05270999569579181,0.08141654097536451,0.12740940632228218,0.27251426242868787,0.4187813021702838,0.4771086458883606
2,2032,1,0.17754318099549957,0.1807043204320432,0.1746229719476578,0.17665336415980679,0.21397218689748534,0.15858807633845634,0.020805649417214016,0.05356478191723345,0.08281391925329658,0.128172098415561,0.26982457330935494,0.4206604503440694,0.4776902887139108
2,2033,1,0.17983365185324757,0.1833037778625783,0.17663490486979733,0.17883825657677246,0.21787070690570506,0.15957565605806812,0.021008563273073263,0.05209125475285171,0.08305730891819262,0.12804383774845174,0.2677617792199013,0.4211594318227032,0.47982753310748383
2,2034,1,0.18294685109077058,0.18631349050792406,0.17985107675829326,0.18218009061716448,0.2192953973536813,0.16423701568649188,0.0207383773928897,0.05119550929051053,0.08365313196335726,0.1300065445026178,0.2683339537717012,0.42411691153485465,0.47876781344465236
2,2035,1,0.18508565310492506,0.189404699330105,0.1811199079921547,0.1838367263217271,0.222828062522719,0.16570295721130018,0.0210397926513188,0.051236363636363635,0.08367013235430229,0.13130916118043956,0.2656408865993357,0.42362076958738987,0.48126272912423623
2,2036,1,0.18774360153338646,0.19129190240847999,0.18449227995041137,0.18608861362553597,0.22491571680847647,0.17130491946970527,0.020473105087604953,0.052303583351880706,0.08445852428259465,0.13129555453411254,0.26692126709175845,0.4257664485015501,0.47999486224391497
2,2037,1,0.19009429428788058,0.19459290234575907,0.1859823399558499,0.1888085742771685,0.22591203001516724,0.17317765168048888,0.02048611111111111,0.051726089417091115,0.08496231386727128,0.13263276536498045,0.2669431037998776,0.4258792048929664,0.4813960546282246
2,2038,1,0.19208358234440365,0.1963352835233184,0.18820588685405296,0.1905313896245864,0.22671485879969813,0.17676190476190476,0.020556745182012847,0.05118906745047143,0.0846244422409519,0.13407582626979433,0.2668642681929681,0.42606736424043384,0.4819423544391712
2,2039,1,0.19426598651071458,0.1993549326374968,0.18963461244458035,0.19233030543551755,0.2300126402275241,0.17891651286505267,0.020693996380517745,0.05038461538461538,0.08453523095495266,0.1358368404014244,0.26592713209851415,0.42637683385820724,0.48453551308958354
2,2040,1,0.19551684522696305,0.19997081209726308,0.1914711370797516,0.19327978995656053,0.2301372017140386,0.18406667749093467,0.02093615666295176,0.050711604629340004,0.08446717488500756,0.13839113059172362,0.26311877006251055,0.42296528503425057,0.4832751137927384
2,2041,1,0.1979053384405218,0.20273864532852473,0.19352631847654056,0.19580688878850042,0.23116699964743212,0.18413214189006227,0.020298844093600225,0.051041957206040565,0.08342063907805133,0.1382723934216829,0.2647724585290044,0.4250476598062483,0.48610685463275105
2,2042,1,0.19880828626849997,0.20349007833487595,0.19457705961562002,0.19653393698741975,0.23141687780159814,0.1878518839324383,0.0198510167102879,0.05154556724117247,0.08428055629847553,0.1382636655948553,0.2612847516169449,0.42438625841341476,0.4861791030015329
2,2043,1,0.20035753206246612,0.20551480575930453,0.19570522704297835,0.19866774955479885,0.23041295294438174,0.1891249121669099,0.019673197301032435,0.05113590752187525,0.0828608511510349,0.14001714884562863,0.26236713000817663,0.42279156039879434,0.4857927181660566
2,2044,1,0.20220971889019182,0.20704620593280995,0.1978607986760244,0.2000748139004227,0.23272783729234592,0.19173419773095624,0.020195838433292534,0.05244910300342673,0.08264317798989332,0.13806675062972293,0.2652802086550671,0.4239071566731141,0.48571160873231517
2,2045,1,0.2033314807120541,0.208026282767904,0.19911735493185612,0.20124637288951033,0.2331293096769195,0.19440832249674903,0.020332104849062074,0.05176442152755398,0.08324048449124825,0.1388313563045252,0.26666666666666666,0.42123208058891903,0.48429957243345134
2,2046,1,0.20502479876412716,0.20969239764740952,0.20083897102671136,0.20367680435769406,0.23237992026938112,0.19446562806405926,0.020522781977112454,0.05095824087149486,0.08563464994315473,0.14035471863367638,0.2675251342790249,0.42047274858370776,0.48414920520231214
2,2047,1,0.2073517089785303,0.21288508951819166,0.20240009897315353,0.20556024871191883,0.23391361408113637,0.1992038390227942,0.021202923951609456,0.050485358027699934,0.0841048230550993,0.1402218621463293,0.27370030581039756,0.4209382639400877,0.4873618753634859
2,2048,1,0.2086367485182049,0.2145528652979933,0.2033528450576044,0.2064084997588775,0.23731821162674074,0.2018288342550512,0.02199610305260879,0.049680741503604534,0.08550199894395413,0.1425507081795527,0.27360599910563793,0.41597079271371423,0.4868444287480134
2,2049,1,0.2116734209745972,0.21837058096991446,0.2057039591209339,0.2102045850484868,0.2380162739578111,0.20363336085879438,0.021906818883060782,0.050958061432312234,0.08488557743480575,0.14388303034223976,0.27563732645371536,0.41871159717123313,0.4906156814593931
2,2050,1,0.21245350492820167,0.21827262389064095,0.20727803555601898,0.21093392309781556,0.23821282506366231,0.20634745106712374,0.022028206850235058,0.051219818387245264,0.08329146214200131,0.14313789715034392,0.27611940298507465,0.41649349649811435,0.49009448338921063
2,1990,2,0.09021987902566618,0.08410815649732457,0.0963855421686747,0.08680928068247916,0.10322172088973323,0.1035977459904638,0.02135150849538084,0.05467168064796066,0.08426493568938574,0.13575206458198014,0.2582496413199426,0.3926430517711172,0.45802161263507896
2,1991,2,0.0948120577610143,0.08843672456575682,0.10122136185838589,0.09108744042154508,0.11110249651108699,0.10748126149059539,0.023154754183421975,0.05894898779762946,0.08464163822525597,0.13998934091312845,0.27521533759377603,0.39626218851570966,0.46965098634294383
2,1992,2,0.09488831239494369,0.08887119019405972,0.1009097624509156,0.09093252166228921,0.11171910624715002,0.10893276266740301,0.022702031750179655,0.057604472015815665,0.08415132381811428,0.13661249674111411,0.27380631238198005,0.403968253968254,0.4686840253342716
2,1993,2,0.09570624477067012,0.08981853495058743,0.10157807782145502,0.09164035393130275,0.11425373134328358,0.10803136830719308,0.023104167356260964,0.056162507099662556,0.08501924405408072,0.13659705580280726,0.27480119932212227,0.4012836970474968,0.45915678524374176
2,1994,2,0.09611817885269584,0.09096862312197129,0.10122938642103699,0.09178954305282606,0.11723226090788894,0.10738343679830933,0.022713466081673978,0.05538400893502398,0.08594903988183161,0.13375530940284833,0.27228158390949087,0.4002509410288582,0.4497518610421836
2,1995,2,0.09756253481766956,0.09247355274757567,0.10259577482697863,0.09288571725020463,0.12028063069579054,0.10966494845360825,0.02180600177729168,0.05527589230619337,0.08693422233619695,0.13451903807615231,0.26903675234206104,0.41025012260912214,0.46921697549312613
2,1996,2,0.0988103343247214,0.09437432383699965,0.10319042871385843,0.0941184457670461,0.12145200399372415,0.11044477761119441,0.021825396825396824,0.054714372970713986,0.08655003611267154,0.13849746356389403,0.26996466431095406,0.410407346362138,0.46005830903790085
2,1997,2,0.09965325023043498,0.09520523708421798,0.10403345239132329,0.09467737997469647,0.12455216016859852,0.11121821906253765,0.021785651640063148,0.05410267943198612,0.08563151796060255,0.13571796570250974,0.27114689067786724,0.41258115066039847,0.4629734313171283
2,1998,2,0.09999311993670341,0.09534391166973369,0.10455722953166542,0.09536152648144719,0.12622633687992263,0.10571461690042888,0.021525866327898935,0.05402977412731006,0.08450442412075247,0.13421394839504483,0.2650519821775391,0.41077512776831343,0.4685777287761852
2,1999,2,0.10089476214169457,0.09622889082016939,0.10546614131160678,0.09623099718635328,0.1274908499389996,0.10713082537900057,0.020908384544748183,0.054139613011596734,0.08443726440495422,0.13160782288775577,0.26312343119065806,0.40800646987464617,0.473257698541329
2,2000,2,0.10235574772625615,0.09780843476368263,0.10680853156712625,0.09804684624041567,0.12769496939047112,0.10741800572309047,0.02137312586396342,0.05286343612334802,0.0849953012425603,0.12896946100498843,0.266284523189161,0.4091608929946112,0.4669811320754717
2,2001,2,0.10313030620617937,0.09841781520344725,0.10773059324074817,0.09869107513662613,0.1300357956394403,0.10764598343907947,0.02088587361915249,0.05161438508990681,0.08591088474381893,0.12707564575645758,0.25663980901223515,0.4185054700537734,0.4675903018307768
2,2002,2,0.10458072312144243,0.09991618580961284,0.10912057227120132,0.10016628475249933,0.13296011196641008,0.1072019867549669,0.019904910587567413,0.05236580647276781,0.084380138112463,0.12850844176793202,0.2559108527131783,0.42069701280227595,0.47981438515081204
2,2003,2,0.10531233421225582,0.10035519696555714,0.1101261081283556,0.10186983972802331,0.13396380033819752,0.09814930338947807,0.020287435581040864,0.052048208860548194,0.08401746155850925,0.12839894480519481,0.2544412607449857,0.413185263528997,0.47648902821316613
2,2004,2,0.10753466224732738,0.10294721546577376,0.1119885910568607,0.10433966783775152,0.13643875864601823,0.09993967424090086,0.020424538624261433,0.05145722555024568,0.08421086323336427,0.13094728836921907,0.2545941453504479,0.4165134547885676,0.47695652173913045
2,2005,2,0.10856271444910408,0.10432010893111344,0.11268452542016175,0.10545490350531705,0.13890717577353523,0.09960918882851968,0.020170506076546343,0.05034224634993425,0.08421352223135792,0.13084235542645895,0.25534266764922625,0.4158384603249724,0.4792800334868146
2,2006,2,0.10947882833219107,0.10524165481342493,0.1135876742479824,0.1069994290525175,0.14026171281691788,0.0968886462882096,0.020529213283608596,0.04904411267986219,0.08325248036055209,0.13151262240218156,0.25282448180766837,0.41999693768182517,0.4856806590819929
2,2007,2,0.11050643028409504,0.10636413292195043,0.11452118298493369,0.10838162624605199,0.14147873251498716,0.09785265363128491,0.01897290572297484,0.048802545637246696,0.08357303651825913,0.13229974160206717,0.2504865390853065,0.41818453269632727,0.49138576779026216
2,2008,2,0.11141956463087344,0.10800744878957169,0.11472203205119248,0.11004535168508982,0.14217956587244016,0.09434910004185852,0.019172755916068915,0.04767959313413859,0.0831793554852651,0.1312121908262501,0.2491544532130778,0.42334393983222446,0.479873993699685
2,2009,2,0.11170589245834049,0.1087972027972028,0.11451536643026004,0.11094255295955815,0.1430982847808331,0.09384531164463909,0.018664959180406594,0.045852167409189945,0.08306418738829137,0.13281827591305634,0.2500702839471465,0.4103405826836274,0.4785737651292116
2,2010,2,0.11398415107064576,0.111297393120697,0.11657351733637061,0.1136229499400855,0.14446159578431894,0.0953360768175583,0.018571428571428572,0.046298988724112304,0.0821076501527511,0.13316141971992407,0.2504624735729387,0.411299727873526,0.48287359806001817
2,2011,2,0.11589679428734952,0.11341185410334347,0.11828855773374952,0.11599837418488346,0.14450987544947627,0.09564237415477085,0.01868324565598597,0.04652373361095748,0.08144268088731817,0.13407317496098492,0.24451253830279532,0.4126225490196078,0.4807692307692308
2,2012,2,0.11843131088792364,0.11574105029486888,0.12101518148424054,0.11830156975073786,0.14697023839910153,0.10018470631695604,0.019022256039566292,0.04580577565319888,0.08226569895866204,0.1336195240670633,0.250859707408055,0.4058781532603522,0.48493813878429265
2,2013,2,0.12088997327756477,0.11852584388185654,0.12315706951925752,0.12083422735270137,0.14784919282061565,0.10285755941099285,0.018671544818015518,0.046495466278377126,0.08071833648393195,0.1344412872530232,0.25406636304489266,0.40584754611903934,0.4874141876430206
2,2014,2,0.12309504105926539,0.12139232270657124,0.12472582253240279,0.12292353175376326,0.15141816033090408,0.10453237410071943,0.018783597949743717,0.0473477867506618,0.07972001393595794,0.13514478639137775,0.254804523097206,0.39955580233203775,0.4869816779170685
2,2015,2,0.12581064368090303,0.12451686634051132,0.12704827416779266,0.12538556059884143,0.15295598702367694,0.11088237381983389,0.018962199739308547,0.04778719397363465,0.07873262782098686,0.13599486932820265,0.2594328568080619,0.4008869179600887,0.48585012451890425
2,2016,2,0.12916656340611138,0.1282571740288737,0.13003463392186781,0.128981917265296,0.15752119653234256,0.11076082387557798,0.019941439358915087,0.048034934497816595,0.07890338754258533,0.1374908709872035,0.2610339370494109,0.40448724732775954,0.4848287819679237
2,2017,2,0.13200090541474724,0.13141696649074203,0.13255747263776704,0.1321016467823277,0.15848224754936446,0.11428966279712548,0.02087733798634708,0.047447756080849605,0.07895158961855571,0.13463857333248716,0.26359143327841844,0.4064978499761108,0.4835808408282786
2,2018,2,0.13489201027035191,0.13432613920757241,0.13543054556602327,0.13509022416894545,0.16159001617749016,0.11664053446042676,0.021755184934457505,0.047881010594947024,0.07785048837884014,0.136310223266745,0.26246197525856824,0.40172595984501586,0.4883399209486166
2,2019,2,0.13827273920462002,0.13809360534887707,0.13844292428684443,0.13853793851083673,0.1649042844120328,0.11968514531754575,0.02089747177908387,0.04804092003209414,0.07913113435237329,0.13690704513489324,0.26418120647836635,0.40401968826907303,0.48694372931224716
2,2020,2,0.14125341951798828,0.14109610648030188,0.14140274098813774,0.14154626790174196,0.16744730679156908,0.1236784360662278,0.021116091155861372,0.047089753402775464,0.07981855033297944,0.1370026055907614,0.2628112936189539,0.40512624330527924,0.48565573770491804
2,2021,2,0.14461897961833053,0.1441210597563334,0.14509396979130634,0.14482998631664704,0.17264163578731193,0.1250414373798316,0.02135719417412318,0.047187479098388066,0.07833333333333334,0.13633870082932653,0.26716242948201335,0.4014013290956371,0.47834487200128806
2,2022,2,0.14605367626178622,0.14613296504428994,0.14597847811113243,0.14649255241326714,0.17427513880320789,0.12537793502734,0.02144313622311386,0.04524196167586879,0.07679180887372014,0.13603118858137062,0.26769658912516053,0.40473468289730313,0.4758837391987431
2,2023,2,0.14764331645915993,0.14820644130705443,0.1471122532621458,0.14779027768191963,0.1776470588235294,0.12896750721364947,0.021561635618355716,0.043380584736109354,0.07734242994229604,0.13258037605082462,0.2672287645460247,0.40698254364089775,0.4785604900459418
2,2024,2,0.1515286905179337,0.15256728850932763,0.15055156138521486,0.15189940941131644,0.18232831182285147,0.1303648732220161,0.021949556918882073,0.0449642543584598,0.07662145657903195,0.13186142177657798,0.26757191230290384,0.41058256374513563,0.48333816285134745
2,2025,2,0.15537072189960574,0.15632250580046403,0.15447756319536676,0.15587822724343178,0.18744118401916332,0.13271153377225067,0.022298874603672345,0.04594037127320458,0.0767399208468741,0.13244969040247678,0.2670157068062827,0.4174235502767776,0.4803116147308782
2,2026,2,0.15817719769502558,0.1598893499308437,0.156574375795766,0.15849119158491193,0.19254790330118537,0.13455069678039405,0.021435886569905003,0.04814249680814623,0.07685603615235635,0.13115072933549432,0.26690498463183215,0.41528289506889415,0.4824431588860487
2,2027,2,0.16139072260865714,0.16396844688023116,0.15898232458489556,0.16162047867554435,0.19712005405177146,0.13705373028110546,0.02138635142396561,0.04907651715039578,0.07500733448511915,0.12943268142880232,0.26988257272484656,0.41621490803484995,0.48473748473748474
2,2028,2,0.16407196177306058,0.166607691166231,0.16170981976713275,0.16431125743764324,0.1987338057104524,0.14100913135097168,0.021033478893740902,0.0495893674377782,0.07484749701449182,0.1312692494731723,0.2690653239521158,0.415647239406484,0.4769935224480679
2,2029,2,0.16706849315068492,0.16914749661705006,0.16513499508243532,0.16715409401766645,0.2044715108033703,0.1411042944785276,0.020810313075506445,0.04965769935396779,0.07563853812144151,0.13047409895362355,0.26850980919107764,0.4195804195804196,0.47233039557286327
2,2030,2,0.17030648625663727,0.17297278926977366,0.16783312316099203,0.17000363223946094,0.20878619430847092,0.14627720504009165,0.020894742733480094,0.050506366211859714,0.0751251029327928,0.13060253359912546,0.26863296197216485,0.4207997922617502,0.4748845537649609
2,2031,2,0.1734057031932026,0.17637509441619786,0.17065399080651902,0.17273827623363397,0.2129152052816175,0.14965098462062312,0.02030035469021206,0.05019368936860577,0.07541478129713423,0.12946543305062966,0.271665308340125,0.4214524207011686,0.47525972882549744
2,2032,2,0.17584133381597358,0.1792866786678668,0.1726585804413125,0.1754973714050098,0.2142183205480576,0.15160727354613523,0.020274118227723147,0.05092545596047779,0.07470166316910452,0.1284941388638413,0.2708085914967256,0.42237061769616024,0.473999343832021
2,2033,2,0.17825092191327285,0.18241711373992683,0.17441054450272614,0.1770384137875304,0.2191366847715114,0.1556672250139587,0.020818268315889628,0.05077773937089526,0.07549528154490344,0.1292111150740897,0.2669505847360238,0.4221143516492261,0.47636279642747154
2,2034,2,0.18089193162429848,0.18449907599260795,0.17757500231727036,0.17953342424375723,0.22294829125740726,0.15758549969513885,0.02168793679732604,0.051266564820407146,0.07733968804159445,0.12706151832460733,0.2658296389048699,0.4222022507033448,0.47927162804088097
2,2035,2,0.1833083511777302,0.18809622331324022,0.17891213045398066,0.18191008519709612,0.2236762389434145,0.161793050278099,0.02252629974081415,0.05043636363636363,0.07894980409095116,0.12754249778913235,0.26374296753202736,0.4247411528357286,0.4775967413441955
2,2036,2,0.1857600367841657,0.19075519377417985,0.18118295544194338,0.18427822772748928,0.22624016696098892,0.16467623534567766,0.022505079937123796,0.05030046739372357,0.08064466521083874,0.12774968809508175,0.26228390220615816,0.4246947602097447,0.48166463297154966
2,2037,2,0.187857074207362,0.1931729242603815,0.18299811953233586,0.18655064219107384,0.22675021952582422,0.1665757311217809,0.0220679012345679,0.04942463686096963,0.08238862675409032,0.12888682622820394,0.2626945822853647,0.4243119266055046,0.4792109256449165
2,2038,2,0.18975177153590028,0.19557459756356763,0.18444115696577054,0.18764810752514618,0.22758867220081822,0.17393197278911565,0.02246447342807086,0.04989120891705157,0.08254833911750124,0.1283264340626848,0.262230853093486,0.4232414267165661,0.4819423544391712
2,2039,2,0.19209959019892428,0.19722710626812853,0.1874331142027213,0.19002263574095304,0.23159266866803602,0.1752252741287591,0.02270044850106224,0.05080769230769231,0.08205730986720884,0.1292003884752347,0.26304362575480017,0.42211383362777477,0.48514304650392137
2,2040,2,0.19448021587539074,0.20013920384382228,0.1893399410607034,0.1922767735321666,0.23017651452608406,0.1819018238891595,0.02141378761343735,0.05153268689396309,0.08337354048055583,0.13097847105839885,0.2641662442980233,0.42308138859863,0.4834338943579973
2,2041,2,0.1958374628344896,0.20016905218077313,0.19191300352274468,0.19348149684146604,0.2325772711246915,0.1809369076631465,0.021346006685730397,0.051759174403315136,0.08381351492928235,0.13054446750758422,0.2605831278083719,0.4229467377348948,0.4849831443456942
2,2042,2,0.19722755087824587,0.2018872609883288,0.19301628106255356,0.19518313726945485,0.23129994153186514,0.18546990038977912,0.021300583853432656,0.052305354500739795,0.08290986894891682,0.13125974976918914,0.2579662050049101,0.42423063455627746,0.48682193542006624
2,2043,2,0.19905839153518684,0.2030245404328534,0.19548058366434196,0.19708812374728968,0.23368232592534932,0.18490892384195448,0.02154296398666775,0.051737978646544114,0.08187034633513218,0.1304900123852774,0.2609362224039248,0.42031841718834534,0.49214987478327876
2,2044,2,0.2005153141910428,0.20486485872368465,0.19660424775506452,0.19816705943964388,0.23466852973140817,0.1893030794165316,0.022072623419012647,0.05208627292884499,0.08264317798989332,0.13217884130982369,0.26160815402038506,0.41655705996131526,0.4918954370842312
2,2045,2,0.20170189345089384,0.20681709292509867,0.1971104125495336,0.19916407318869994,0.2347563337723716,0.1917533593411357,0.021491573150026918,0.05353689977441186,0.08212629838622722,0.13283750706081718,0.26171821305841925,0.4143742735373886,0.49206933014574045
2,2046,2,0.20377808493915495,0.20950895979271522,0.1986387283831301,0.20138447571493417,0.23594070519023105,0.19430221156988778,0.021198429120391875,0.05394391769215251,0.08321414163641032,0.13560011260909005,0.2627048615893128,0.41617503418636453,0.49083273121387283
2,2047,2,0.20555622055126935,0.2125394594345492,0.19930718792527527,0.2030411653234092,0.23819817037866214,0.1966408550550769,0.021160176121061858,0.054303237074042485,0.0833582200985516,0.13766670821388508,0.26463024742841257,0.41884288541383724,0.4870934550172236
2,2048,2,0.2073092786321051,0.21275807366751195,0.20244275756510227,0.20480101654176777,0.24063572888940324,0.19766741499206045,0.021086815327993072,0.054912461380020594,0.08131553141736442,0.13885997287151824,0.2661759141412404,0.4165922243368159,0.49033197951615753
2,2049,2,0.2100589766399789,0.21682086178369184,0.20403182252503013,0.20807702388110325,0.24002159577339863,0.200990916597853,0.02208313130867898,0.05382601105615362,0.08302288451303885,0.14035711975156887,0.267965647170644,0.4194071955790857,0.49057182950359585
2,2050,2,0.21079789406297944,0.21736989577593585,0.20495281789270633,0.2087533465254336,0.2414923991048692,0.20015481587968595,0.02099843295276472,0.05393982508264636,0.08321416148108067,0.14071405175237472,0.26730600391706627,0.4170322481336104,0.48926720947446334
2,1990,3,0.09045487984306032,0.08437264755549226,0.0965907924714189,0.08722290441414077,0.10298424760547771,0.10186389250108366,0.02144841398023128,0.0546355221290136,0.08426493568938574,0.13556648417927067,0.25982783357245337,0.39591280653950955,0.45802161263507896
2,1991,3,0.0949414328791935,0.0889727047146402,0.10094196535483356,0.09145214230919174,0.11048224530935029,0.10564276622825626,0.02328447269425347,0.05852942204818013,0.08566552901023891,0.14034464380884704,0.2757710475131981,0.39761646803900325,0.4620637329286798
2,1992,3,0.09521866285792015,0.08931797431962547,0.10112359550561797,0.09166891676280714,0.11073111415108679,0.10686179759768052,0.02286535571960541,0.05804758333901425,0.08484108876744309,0.1382636655948553,0.277043431346102,0.3968253968253968,0.4595355383532723
2,1993,3,0.09592492583859435,0.09078964906601672,0.10104635484912361,0.09216860960704981,0.11246268656716418,0.10884261763115198,0.022806262619575652,0.057097992048377934,0.08585808743708674,0.13805203697363916,0.27036892191370093,0.4020539152759949,0.4598155467720685
2,1994,3,0.09746027307889464,0.09235317230153237,0.10252934185113653,0.09346058345199289,0.1156162773615396,0.10989301281204597,0.022477219034762064,0.05623809210958544,0.0869645494830133,0.13700341467477306,0.2742928975487115,0.4082810539523212,0.4596774193548387
2,1995,3,0.09833879761459009,0.09359388774610637,0.1030317342100961,0.09415386034285977,0.1194127007088095,0.10837628865979382,0.02160092966026386,0.056055340846351207,0.08795999487113733,0.13760855043420173,0.26963728080711025,0.41245708680725846,0.46443514644351463
2,1996,3,0.09918658401118,0.09466282005048683,0.10365332573707449,0.09508022358505511,0.11966909142775638,0.10932033983008496,0.02133806739069897,0.05484296139132671,0.0885562956424043,0.13890007246960304,0.2678445229681979,0.4151165528608429,0.45714285714285713
2,1997,3,0.09995171838651626,0.09536447275300779,0.10446903040334524,0.09566510554236123,0.12174218475588339,0.11001325460898903,0.020908612524118575,0.054423954250465846,0.08706064117419854,0.13792595863693236,0.2683467506708669,0.41571524513096036,0.4584511023176936
2,1998,3,0.1015583343366759,0.09666331030172563,0.10636376031085963,0.09772487175856849,0.12539726405969323,0.1045554653993277,0.020714235302420777,0.05415811088295688,0.0860287010186631,0.13879953459722127,0.26996458357134695,0.4231260647359455,0.46416758544652703
2,1999,3,0.10212600882112347,0.09743878124840244,0.10671831174034994,0.09841344559391482,0.12545750305002035,0.10421111734980348,0.020767111676202585,0.05342894983364021,0.08551427032848681,0.1347705415348867,0.2715267925351959,0.4130610594419733,0.4683954619124797
2,2000,3,0.10292728989612843,0.098528353061327,0.1072347820384609,0.09906707195220715,0.12802768166089964,0.10488663878494386,0.019423669939389644,0.05384238864415076,0.0851693292958825,0.13207202822727826,0.2693069306930693,0.4122401847575058,0.46331236897274636
2,2001,3,0.10366651230430508,0.09930594388342488,0.1079232560006422,0.10004442286434496,0.1266514806378132,0.10710829121410904,0.01942954569672859,0.05128625803911274,0.08594461496947414,0.13093865313653136,0.2653934149010246,0.4086779158167996,0.4745175655616032
2,2002,3,0.1049225681305053,0.10060926469166048,0.10912057227120132,0.10138300245371402,0.1295883962084102,0.1060637417218543,0.019017882486517174,0.05092304161065023,0.08497204866820125,0.13065921066781375,0.26627906976744187,0.4102062588904694,0.48259860788863107
2,2003,3,0.10681679612957376,0.10215529018467027,0.11134348857535273,0.10440950299498138,0.12951712907872487,0.09981285090455397,0.019053494955360382,0.05148065302306948,0.08408261662757363,0.1317471590909091,0.2700095510983763,0.41459545214172394,0.477384684281236
2,2004,3,0.107744736473554,0.10340525002369144,0.11195792185487334,0.10548746406898754,0.13001163004223543,0.10174944701387492,0.019512728864249762,0.04984182540216733,0.08443491342060622,0.13303864252103237,0.2608735802013113,0.4168477352498746,0.4678260869565217
2,2005,3,0.10940144872283644,0.10521755276350808,0.11346622170109137,0.10814296967309965,0.13004967382847568,0.09979982842436375,0.01890077997460548,0.050038776680041815,0.08335968629435203,0.13581550919813395,0.26261974944731026,0.412210127780407,0.48430305567182924
2,2006,3,0.11046217110164189,0.10646733044820386,0.1143360234776229,0.10981545816116202,0.13173267905129105,0.0968886462882096,0.019108506481974784,0.04823346618928596,0.08284560733623361,0.13593356195512954,0.2662574504047683,0.41203491042719337,0.4868575912122401
2,2007,3,0.1115018527937223,0.10742703612394633,0.1154512025868853,0.1109424942854704,0.1349129317727662,0.09767807262569832,0.01924937793751728,0.04622341316362418,0.0830415207603802,0.13317431922083084,0.2681641258514434,0.4135562854583458,0.4966292134831461
2,2008,3,0.11271885605555003,0.10960980468580832,0.11572799798806813,0.11267146568823742,0.13548351096478992,0.09627459187944747,0.0190721995039217,0.04567203131796433,0.08314803795684444,0.13423692472624243,0.2641112363773018,0.41162857969337574,0.49737486874343717
2,2009,3,0.11301151004981962,0.10988811188811189,0.11602836879432624,0.11354965299226046,0.13650966512387694,0.09634785328849613,0.018728989915159276,0.045201782055868105,0.08143363331347402,0.13385331953275173,0.2619482710149002,0.4119819450143619,0.49525678770035986
2,2010,3,0.11465857359635812,0.1114485563907708,0.11775223161073292,0.11583173859388693,0.13684994943311865,0.0953360768175583,0.019365079365079366,0.04387580368970308,0.08097382759598123,0.13373446509795495,0.2578620507399577,0.41298432033173516,0.49651409518035766
2,2011,3,0.11702148898930542,0.11376465479808945,0.12015620306398318,0.11795111951508297,0.14054927302100162,0.09759579263711494,0.019926669854933843,0.04473435924130527,0.07894985958158468,0.1359112190046818,0.257207179038209,0.41041666666666665,0.4882319173363949
2,2012,3,0.11884405484908639,0.11583465946321829,0.1217344396208482,0.11981647062920625,0.14155903823574456,0.10025858884373845,0.01918077483989601,0.04518368148778731,0.0786367939413064,0.13622228231476474,0.25744594043247654,0.4031413612565445,0.49166218396987627
2,2013,3,0.12144507700450538,0.1185785864978903,0.12419391548440938,0.12233617989100116,0.14298606236839467,0.10380521941974048,0.019270800479404528,0.04540340194586008,0.07889098928796472,0.13566378114055375,0.25948818043808286,0.4116486831418958,0.4800406814136791
2,2014,3,0.12345152460373035,0.12054651919323357,0.12623379860418743,0.12428737219290295,0.14526295056135513,0.1060431654676259,0.019783722965370672,0.04634252588546728,0.07626769708295063,0.13326191403713802,0.26159931037979817,0.40921710161021657,0.4869816779170685
2,2015,3,0.12604292880147155,0.12378494292281418,0.1282029234737747,0.1269152644381473,0.14680675930857504,0.10995953716192235,0.02007944882378499,0.046711057304277645,0.07643758765778401,0.13237133237133236,0.26472931802202954,0.41175166297117516,0.487434910572787
2,2016,3,0.12943917127208743,0.1274325730089057,0.13135459807696964,0.13075716290975148,0.14970944079260742,0.11104105366400448,0.02120511635074742,0.04712095054331268,0.07601079899723596,0.13317245102086178,0.26670476525408826,0.41559953434225844,0.4895968790637191
2,2017,3,0.13160325704602321,0.1291855231982349,0.13390766142522584,0.13262391669794846,0.15215046198583557,0.11463515754560531,0.0217956959622861,0.04826995546420007,0.07494145199063232,0.13232214253982358,0.2658302707726101,0.410606784519828,0.4800250993516001
2,2018,3,0.13345416100286966,0.13119161483757463,0.1356074094162314,0.13446103461349207,0.15363993529003928,0.11732224418842457,0.02283217428764847,0.047473512632436835,0.07449792076335386,0.13059357830215645,0.26246197525856824,0.4096512856639662,0.475098814229249
2,2019,3,0.13700795857246836,0.13548529303715315,0.1384545581460282,0.13775676946744997,0.15888787602552415,0.12029063509149623,0.022079174052305875,0.04854239101364001,0.07552695092518101,0.13188850530622684,0.2623816602769736,0.4155045118949959,0.47039352703199705
2,2020,3,0.14061530644198783,0.1394338684041301,0.14173672693769435,0.14156997881824793,0.16181769050621508,0.12434337389454087,0.022725838015276813,0.0489200971746148,0.07570054370556252,0.13195226300382798,0.2652713647717811,0.4063504208110176,0.483948087431694
2,2021,3,0.14375154898327688,0.14276735641075228,0.1446904185402975,0.14462434054939058,0.16411446939595517,0.1294172246900484,0.02266344458232643,0.04996321316299913,0.07594771241830066,0.1317241601858724,0.26313283024397394,0.40212366368101704,0.4857510867815167
2,2022,3,0.1453872143631232,0.14468044575673875,0.14605751967570374,0.1459711435197435,0.16973649422754913,0.1286587327114828,0.02312043675590344,0.048132510555375124,0.07450576341039346,0.13100492960015464,0.2627729413443699,0.4112583226847804,0.4779261586802828
2,2023,3,0.1469193232088293,0.1474077380253236,0.14645871640931346,0.14741451369237965,0.17241830065359476,0.1314138752979551,0.02286133235578365,0.04844323503354006,0.07338923072018363,0.1301097349675929,0.2607483799038395,0.4114089775561097,0.4770290964777948
2,2024,3,0.15111583662296826,0.15199561326753236,0.15028812908182865,0.15138121546961325,0.18060171796089264,0.13277674706246134,0.022869802317655077,0.04926000250846607,0.07498232307000065,0.12739426661524617,0.264219995211547,0.41627461230179474,0.47652854245146337
2,2025,3,0.1543710476361635,0.15577726218097449,0.15305144897559275,0.15427834856124653,0.18513132004448626,0.13752743233357717,0.02310024040974182,0.05012813300831302,0.07529199781202742,0.12825722394220845,0.26289478128694477,0.4169398613425055,0.4762039660056657
2,2026,3,0.15795427947257548,0.15950899031811894,0.15649884546494314,0.15810690658106907,0.18978629392021074,0.13833493512734263,0.022742522159833314,0.05116308037243484,0.07588766946417043,0.12755267423014588,0.26333021515434984,0.4186645131984051,0.48338490515269744
2,2027,3,0.16133534181028752,0.16287922217890802,0.15989287627209428,0.16138803910983143,0.1920527004771758,0.14369588423674534,0.021959519971341573,0.05224274406332454,0.07751735828144864,0.12584451268789398,0.2657459300773953,0.4166505324298161,0.4873015873015873
2,2028,3,0.16479312091251405,0.16658486194025593,0.16312403636556969,0.16499063062255967,0.19600855310049894,0.14563334113790682,0.021724890829694324,0.05241050717823334,0.0772681793241455,0.12650348516777435,0.26629764246890525,0.420577701288432,0.484922939468394
2,2029,3,0.16727123287671233,0.16920435291843394,0.16547340813671887,0.1671987438513458,0.20000834237090181,0.1481074198402593,0.02136279926335175,0.05232539452961785,0.07767422627946181,0.12624337940834518,0.26585595270088686,0.4203873050026896,0.47919655667144906
2,2030,3,0.16983765277974638,0.17157940050297937,0.1682219419924338,0.16942543901914708,0.20405708122459137,0.15051546391752577,0.020932054774075594,0.05216711713178547,0.07870399695952365,0.12651919490707994,0.2650435135958823,0.4170778152860729,0.48129299783243806
2,2031,3,0.17255439939703834,0.17452622797425116,0.1707271207689093,0.17208142057950906,0.20870641634000411,0.15146699960274673,0.020187155686363294,0.051617389001092605,0.07934263448969331,0.12602801336417374,0.26517929910350446,0.4201168614357262,0.47596407818277864
2,2032,3,0.17605203870486727,0.179005400540054,0.17332377121594794,0.1751660359020425,0.21393116462238995,0.1552102685357203,0.020577850336003643,0.05173755625486414,0.07971309549910734,0.12846193481901327,0.2655491839435377,0.4203347041817664,0.47834645669291337
2,2033,3,0.1782939893946327,0.1817661451435498,0.17509337140610612,0.17740572864247775,0.21509372320006534,0.15829145728643215,0.02043767840152236,0.05153819564465952,0.07952627960752454,0.12613079990921178,0.26708578381667003,0.4180957307126089,0.4809054511857099
2,2034,3,0.18147675204687147,0.18472307778462227,0.17849161148130221,0.18006862270707782,0.2197824498741781,0.16179812648966244,0.020624430264357337,0.05147973141009699,0.08015597920277297,0.12922120418848168,0.26413753426511893,0.41981869334166927,0.48538937670937093
2,2035,3,0.18407922912205568,0.1882863437601351,0.1802162595114137,0.18286241731193273,0.2212124883880609,0.16465664408833086,0.021497179448086597,0.051963636363636365,0.08101687594483695,0.1279355409256166,0.26442079577035177,0.4195642095503013,0.4887304820095044
2,2036,3,0.18639092799820356,0.19030793657892972,0.18280175814268004,0.18468867959101404,0.22435382886498637,0.1686205763120412,0.02104819230916689,0.0524519623117442,0.08270537938670686,0.12991660647448947,0.2656596310567054,0.4167336471849045,0.4864170573502023
2,2037,3,0.18847110835833966,0.19232317359511616,0.18495012672716868,0.18660928977772565,0.22459487506984913,0.17312309035355739,0.0216820987654321,0.05157517449537823,0.08266437894478829,0.13041172180600677,0.26425803820270544,0.4176987767584098,0.48770864946889225
2,2038,3,0.19077093827371297,0.19348271117425303,0.18829770953425495,0.18932085133856189,0.22599992056241808,0.17295238095238094,0.021413276231263382,0.052410581364278355,0.08242439266236985,0.13010053222945003,0.2642068683565004,0.4212556327808753,0.4874985530732724
2,2039,3,0.19288397507043456,0.19662235561578176,0.189481730622229,0.19080900726107536,0.22681308263548744,0.17951362501357074,0.021795577936895114,0.052423076923076926,0.08307389287756528,0.12978310132729037,0.26694484021982495,0.4213841308856287,0.48414890091682317
2,2040,3,0.1946191455823025,0.19871348705628775,0.19090009891196835,0.19250540227596227,0.22777843299131187,0.18195594522920389,0.021294379875815953,0.05270566155771035,0.08330920904499983,0.13068841046796442,0.2673762459874979,0.41967568404350014,0.4835926749232561
2,2041,3,0.19621246618273377,0.20025921334385213,0.1925460764792975,0.19422206752523494,0.227719669369687,0.1842404549147035,0.02199041443473358,0.051759174403315136,0.08302776322682033,0.13220501357177072,0.2653805871819994,0.41913395323503094,0.48406374501992033
2,2042,3,0.19739366205484885,0.20092782806962098,0.1941996164361203,0.19499016588117415,0.22880530111089456,0.18731052403637938,0.02097845782162271,0.052465309713280284,0.08374565391815994,0.1309413899589316,0.26406149470048423,0.4162938178422752,0.48899767591356375
2,2043,3,0.19973480354525786,0.20442814452594404,0.19550100578967253,0.1977065621530598,0.23052971626513058,0.18917896329928113,0.020445492236403545,0.05246046399614675,0.08501263747523738,0.13331639620184826,0.26591032979013357,0.4186181312311616,0.4850221537276055
2,2044,3,0.2002571191892677,0.20369465683545598,0.19716612011809537,0.19854112894175738,0.22818661698494022,0.19000540248514317,0.0208078335373317,0.05333602096351542,0.08345030881527232,0.13350125944584382,0.26503998078177016,0.410715667311412,0.48899091164621006
2,2045,3,0.20304549354370477,0.20720494627090416,0.199311905468918,0.20094567979192038,0.23328426435267685,0.19370394451668835,0.02074620067083523,0.053496616177892364,0.08442655357078675,0.13506558714617461,0.26810996563573886,0.4162340178225494,0.4874258654774493
2,2046,3,0.20495975282543297,0.2100248787590429,0.20041742921181963,0.20315478892419428,0.23327011649959362,0.19609979300577404,0.02136734090621173,0.053419406899334276,0.08534125499688268,0.13638212017892334,0.2692466602396364,0.417112717327603,0.48767160404624277
2,2047,3,0.20630706116630576,0.2110647710776746,0.202049569054394,0.2042512386127537,0.23530319990736095,0.19789508125204494,0.022271619715299448,0.05308476503797571,0.08623264148126027,0.13922472890439985,0.2714067278287462,0.414458111831128,0.4840960944839619
2,2048,3,0.20820518423424653,0.21360336262896445,0.20338387076757605,0.2065080106246986,0.23565945299540947,0.19826972567486173,0.02134661182074042,0.05305870236869207,0.08674662442483216,0.13854452540929307,0.26989095662343915,0.4175243717714685,0.48755076814409326
2,2049,3,0.20897718910963944,0.21439724080072708,0.20414606788251421,0.2072444999460401,0.2346997801858779,0.20176162950729426,0.0212897253933971,0.05307785028471674,0.08545578955371398,0.13780164326842206,0.2707152313384704,0.4144993623681261,0.486186633923873
2,2050,3,0.21074822573702276,0.21609200792524944,0.20599551639643396,0.20949055212819617,0.236399413534995,0.19987835895167533,0.021267069621670024,0.05331213122986149,0.08665404089204963,0.13976416639371111,0.2677787532923617,0.41576233356422687,0.4874820394479035
2,1990,4,0.09048553212358999,0.08418953836137617,0.09683709283471194,0.08745556776320042,0.10243014327554817,0.10143042912873862,0.0214161121519478,0.05449088805322534,0.08450534920062508,0.13454579196436856,0.2637015781922525,0.39455040871934605,0.45220282626766417
2,1991,4,0.09568782779176577,0.09002481389578164,0.10138101700327293,0.09187972383263956,0.11257559311521166,0.10762268420308302,0.02354390971591646,0.059298625922170556,0.08617747440273038,0.14034464380884704,0.27618782995276464,0.40384615384615385,0.46965098634294383
2,1992,4,0.09574333712264747,0.08962878066784515,0.10186229151277167,0.09168119001448244,0.11392308861529107,0.1085185696534585,0.023355327627882668,0.057911241393414685,0.08574308908579614,0.13756843660380638,0.27488535203668735,0.4044973544973545,0.47431386347642507
2,1993,4,0.0965619532973302,0.09105622941142869,0.10205283047532236,0.0925287839314228,0.11365671641791045,0.11100594916170903,0.023269669987752806,0.05693094116467876,0.08719036810421396,0.1388223211229031,0.26919567201147176,0.40924261874197687,0.46179183135704877
2,1994,4,0.09758143436320425,0.09218478118509926,0.10293789927202496,0.09309577885780858,0.1171588071103276,0.112534671773874,0.023354708066149175,0.05679653110833716,0.08714918759231906,0.13550428916465396,0.2715273412947832,0.4095357590966123,0.46029776674937967
2,1995,4,0.09856711020191965,0.093483690861005,0.10359484841328949,0.0938195317093416,0.11970201070446984,0.11417525773195876,0.02351493608585686,0.05579552466629859,0.0865922981578835,0.13894455577822312,0.26663463848186403,0.4122118685630211,0.4757919904363419
2,1996,4,0.0996524169563192,0.09466282005048683,0.10457911978350662,0.09501233338613682,0.12202253601483383,0.11281859070464767,0.023113338902812586,0.05510013823255216,0.08787416740229516,0.13865850712617764,0.2667844522968198,0.41417471156110197,0.47230320699708456
2,1997,4,0.10048720537242681,0.09520523708421798,0.10568864883700671,0.09588706634408363,0.12335792061819459,0.11302566574286059,0.022417119803543238,0.055419906187753006,0.08663576670529162,0.13630676381835577,0.2669466806673667,0.41840161182001345,0.4697569248162804
2,1998,4,0.10188513734326356,0.09688899690982952,0.10678982889085828,0.09704963025081954,0.1271244991018378,0.11266952590703605,0.022725668713388384,0.054414784394250515,0.08770168785783329,0.13599342960782973,0.26802239232263225,0.41652470187393525,0.4735391400220507
2,1999,4,0.10301149444674015,0.0987338752279195,0.10720248430613062,0.09817808351074642,0.12776196285753016,0.11521617069062325,0.02221515857879494,0.053493555577090804,0.0863040746724107,0.1370941715613503,0.2666157372039725,0.4243833400727861,0.46461372231226367
2,2000,4,0.10417805609396484,0.09986773594066534,0.10839877371018247,0.09952985474930845,0.12882619110992813,0.11556240369799692,0.022082018927444796,0.05364659813999021,0.08628310883714455,0.13280204404428764,0.268264721208963,0.42340261739799845,0.4580712788259958
2,2001,4,0.10495828154069886,0.10032564718265846,0.10948061330978566,0.10051964420384929,0.12951513179303611,0.11377567480374234,0.021312115937910703,0.052533140832130204,0.08709144264175127,0.13099630996309963,0.2621108126927285,0.42110142777674764,0.47402276100940127
2,2002,4,0.10679079085445352,0.10196318622868379,0.1114893483512691,0.10299515340782349,0.12939754437305173,0.11247930463576158,0.021678966789667898,0.05341509000885333,0.08513646826701743,0.13082051833530486,0.2638565891472868,0.4274537695590327,0.48445475638051044
2,2003,4,0.10827374872318693,0.10339285427281056,0.11301348482956673,0.1051987210620042,0.13127074591344648,0.1082345601996257,0.02115845249328591,0.05411811838547057,0.08522283033620015,0.13164569805194806,0.26762177650429797,0.42199894235854046,0.4760412001791312
2,2004,4,0.10989994242410096,0.10411599330321887,0.1155155492854076,0.10717422548706483,0.132643692232356,0.10778202292378845,0.020315121453060032,0.05411590496062462,0.08443491342060622,0.1326108655354342,0.26521377781881983,0.42503760655189704,0.4856521739130435
2,2005,4,0.11077392298894395,0.10493903571207526,0.11644268061693876,0.10888144938952343,0.13405948889819858,0.10313602135163473,0.020170506076546343,0.05266884715244293,0.08418189867813547,0.13264677405157996,0.26897568165070007,0.41646947468054896,0.49141900376726666
2,2006,4,0.11201168092017044,0.10719365675029507,0.11668378576669113,0.1105896242391399,0.13482883514429256,0.10398471615720524,0.020316107263363522,0.050665405661014656,0.08437920565866483,0.13527248688179153,0.2653678498354239,0.4172408513244526,0.5045115731659474
2,2007,4,0.1122938312867834,0.10680700925611539,0.11761170966218827,0.11135982092893117,0.13634027976020555,0.10116969273743016,0.019214818910699476,0.050075364260592864,0.08447973986993497,0.1338501291989664,0.25891988323061954,0.4198268139743207,0.49812734082397003
2,2008,4,0.11348565099470344,0.10861374561517474,0.11820099758288741,0.11269940307124963,0.13738072652195749,0.10372540812055253,0.019206274720117985,0.049218723859872186,0.08349253076947168,0.13335630599586493,0.2609545283727922,0.4205958923922476,0.49387469373468673
2,2009,4,0.11372616388936609,0.10927272727272727,0.11802769334684228,0.1139039279095963,0.13781649877484345,0.10111832329709862,0.018632943813030253,0.047835842736821566,0.08278197610611145,0.13363152447138843,0.2582935057632837,0.41458076870469157,0.5024533856722276
2,2010,4,0.11500252908447142,0.11040415561571548,0.1194342171483061,0.1154472126339134,0.13887262468728376,0.10067062947721384,0.019206349206349206,0.04723595360408388,0.08147774873232339,0.13326886572830485,0.25396405919661735,0.41505766489568485,0.49408911791451954
2,2011,4,0.11737420389583597,0.11337114633087278,0.1212271605260752,0.11794228356336262,0.14008025431236645,0.10360631104432758,0.01935278176311175,0.047597358232748806,0.08084314158593922,0.13511357724986994,0.25139140766681256,0.41544117647058826,0.48765786452353616
2,2012,4,0.11942713758787188,0.11574105029486888,0.1229674535693185,0.12022566799293047,0.13941497779365972,0.10661248614702623,0.018990552279500347,0.04701722218584244,0.08258125591669296,0.1341941590048675,0.2503934254240252,0.4145644930985245,0.49139322216245296
2,2013,4,0.12236809831790661,0.11901371308016878,0.12558480641327163,0.12310003003905076,0.14433971723653866,0.10847062253972882,0.018640005046363463,0.047091137732477334,0.081411468178954,0.13411088349963657,0.2580785079158534,0.4202343659357234,0.48792270531400966
2,2014,4,0.12438729390795085,0.1218217306441119,0.1268444666001994,0.12488881735550492,0.14496750049241677,0.11402877697841726,0.018846105763220402,0.047012699795596954,0.08171538973173281,0.13413842358135308,0.2571370620151108,0.4123264852859522,0.491321118611379
2,2015,4,0.12694695737881936,0.1248764076685029,0.1289276501658273,0.12745860186740895,0.1490824577543214,0.11471569532192802,0.019334616100800697,0.04691283292978208,0.08016702792298865,0.13461600128266796,0.25933911413170846,0.42062084257206206,0.4896988906497623
2,2016,4,0.12940819310549925,0.12761017938243727,0.13112451258204363,0.12995623813062504,0.15180527769839003,0.11601513240857503,0.019263368777931885,0.048034934497816595,0.07961046474255962,0.1342203029244594,0.2621329347634957,0.41231876389035876,0.494148244473342
2,2017,4,0.1320559644196475,0.13100327194774913,0.13305931271806146,0.13241990501215908,0.15412035082782233,0.1203012714206744,0.019714084550157652,0.048132922233641656,0.08013859035642103,0.13638382940915147,0.25940945380813585,0.40993788819875776,0.48316251830161056
2,2018,4,0.13530886573025222,0.1344376440270585,0.13613800096685572,0.13580007905202107,0.15729142593020567,0.12304860590360625,0.020124315342482615,0.047779136104319476,0.08059056767995874,0.13503985771905866,0.2628270127763131,0.40824233885170835,0.48774703557312254
2,2019,4,0.1376164851030319,0.13682006318728418,0.13837312113174183,0.1382031517779567,0.15952597994530537,0.12466361679224973,0.020275523214230182,0.047706606044396895,0.0811906677393403,0.13383838383838384,0.2614427666066818,0.40787530762920426,0.4823464509010666
2,2020,4,0.14122387724595123,0.14090197648600444,0.1415294253138316,0.14167272612310708,0.1649252386957305,0.12673715007646785,0.0207688908528502,0.048121401710539455,0.08104108355049384,0.13436484704217197,0.2612595564302475,0.4056618209640398,0.49470628415300544
2,2021,4,0.14451866451087533,0.14462869851092633,0.14441369768246282,0.14528082511409385,0.16683780525916336,0.1303454219982762,0.02112860035268761,0.04782288810113036,0.08006535947712418,0.13608054470941303,0.26298629936259066,0.39923432533949726,0.4896151988407664
2,2022,4,0.14619855928323472,0.14668063625107153,0.1457413534174185,0.14685053463867143,0.17004494580065216,0.13200385976198134,0.02147602446885483,0.04680090938616434,0.07878807392620259,0.13580565131939298,0.263593549307835,0.4049364449525859,0.48106834249803615
2,2023,4,0.1478143384867971,0.1491226009537457,0.14658056226323135,0.14850346239676077,0.1744226579520697,0.13084932881696149,0.021828240077315292,0.04531072016200481,0.07711926547008002,0.13476224090354874,0.26423245766845516,0.4056733167082294,0.4796324655436447
2,2024,4,0.15248447556244274,0.1547256542181466,0.15037593984962405,0.15293579729472281,0.1806880476539906,0.13611626468769325,0.021233810497614178,0.04624984322087044,0.0770714147971974,0.1355572695719244,0.2652460922803297,0.41737817273624905,0.4791364821790785
2,2025,4,0.15514045985016117,0.15794663573085846,0.15250713057109888,0.15568108579444212,0.18461801693900248,0.13679590343818582,0.0217065607470123,0.04700293768360522,0.07635380803758164,0.13412667698658412,0.26681303833811854,0.41183425592518946,0.4820113314447592
2,2026,4,0.15843912660640444,0.16082295988934994,0.15620751418891216,0.15896589658965896,0.18834175978247014,0.13935607880826525,0.020941483914256452,0.04820477688163672,0.07682375726275016,0.13153970826580227,0.2667713483896833,0.4191187604098319,0.4792143145432531
2,2027,4,0.16237096273979887,0.16513793024375703,0.15978575254418853,0.1628126687061364,0.19348845065664458,0.14310283477642036,0.02092065197922264,0.049014434269750114,0.07719138116504222,0.13172781638920317,0.27078329330130774,0.4158276863504356,0.489010989010989
2,2028,4,0.16497478695527712,0.16695012955585742,0.1631346695730767,0.1652369967225843,0.19797912037231144,0.143818777803793,0.02099708879184862,0.04962071343489437,0.07684859439047219,0.13165829145728644,0.268831905031845,0.41783338759942323,0.4825776189412553
2,2029,4,0.16764931506849315,0.17054616163109357,0.16495521314734715,0.16818848183123852,0.19946608826228415,0.14596596828336614,0.021141804788213626,0.04997910841127503,0.07681542033779701,0.13199199069887613,0.2670653050255308,0.41774251389636,0.4812461569993851
2,2030,4,0.17175659910376484,0.17480798423091737,0.1689260193358554,0.1717901010355589,0.20654608811084377,0.14988545246277205,0.02014850192157009,0.05102738610830701,0.07746880344587319,0.13442865410584529,0.26853137381057196,0.4187656885657405,0.4868532654792197
2,2031,4,0.1737527314922759,0.17683731102668454,0.17089427496865858,0.1737789127193824,0.20837631524654426,0.15277226037114805,0.01954569466455362,0.05151806111975631,0.07723730517848165,0.13264584939604215,0.26755637055148057,0.41773789649415694,0.4837999647825321
2,2032,4,0.17658150227183092,0.17944419441944195,0.173936993961315,0.17628521360095425,0.21298765229519628,0.15560434611270618,0.01951478795702191,0.05163604371806585,0.07846023741660664,0.12917042380522994,0.26860303349055004,0.4226556455881754,0.47834645669291337
2,2033,4,0.179699065973998,0.18284361040651867,0.1768004386645561,0.17951411590987562,0.21652305304855637,0.155499720826354,0.019600380589914368,0.05184929139301763,0.07799512530466846,0.13135112350442593,0.2690799702562023,0.4218358333664903,0.4815983985217123
2,2034,4,0.18230837741842024,0.18568628549028393,0.17920224105791116,0.1817695274124254,0.2186054062829775,0.160301535391608,0.01990276511698572,0.05130209258535545,0.0792894280762565,0.1318062827225131,0.26823242749331616,0.4206783369803063,0.4843097740031668
2,2035,4,0.18460920770877945,0.18897972421351644,0.18059620262263434,0.183214047631257,0.2237570176501474,0.16559281898782974,0.02031559688976978,0.0512,0.08055409866411625,0.13212800104811503,0.2672676743713143,0.42335033225158397,0.4789545145960625
2,2036,4,0.186663601319525,0.1914819867164613,0.1822484964601498,0.1857807747278924,0.22190560282549365,0.16774405609729373,0.020396426791396693,0.05152459381259737,0.08058315135484267,0.1305732484076433,0.2663074982098408,0.4230872277720366,0.48365551345449875
2,2037,4,0.18824151298014802,0.1922337261566672,0.18459242907366527,0.1871517799542549,0.22395625449030096,0.16886730685290266,0.020794753086419752,0.05161290322580645,0.08045836141920461,0.13004707286348868,0.26731697369315477,0.4195336391437309,0.4830955993930197
2,2038,4,0.19144326816357893,0.19561934379649412,0.187634545732796,0.190318628350073,0.22540413869801804,0.17355102040816325,0.02067354487054701,0.05179982440737489,0.08220748636588994,0.1314475326894014,0.26890842191332787,0.42392881692507445,0.4828105104757495
2,2039,4,0.19376974302057542,0.19794384778202098,0.18997095245375326,0.1925875297645295,0.22716858903460263,0.1756595375094995,0.020261232197655205,0.05173076923076923,0.08208907808628248,0.13217869860796375,0.2730850125517335,0.4224978877025885,0.48249199160499284
2,2040,4,0.19504662160356942,0.19952176743977187,0.19098167579308023,0.1934125421303774,0.2288398789165389,0.17930399956702928,0.020100302499601975,0.050946199562089456,0.0830518833027759,0.13275106355549826,0.2717350903868897,0.4203723054297767,0.4810521858791151
2,2041,4,0.19731604746470952,0.2014200383184943,0.1935977944555062,0.19558471758336973,0.22983507658557606,0.18207419442187922,0.020701598936727215,0.05044427620831175,0.08319146149816659,0.1318856777901964,0.27244163654177506,0.42026222619927633,0.48600469915210953
2,2042,4,0.1983313864388979,0.20238390861683636,0.1946688701187416,0.19710542917578952,0.2300916000779575,0.18086834127327847,0.020293940004026574,0.05170552245371296,0.08351163412677186,0.13422049600458438,0.26585621888862554,0.4220908065206396,0.48469564357414824
2,2043,4,0.20021795498102288,0.20364710676446618,0.19712456475345388,0.19859323890350125,0.23158058615187016,0.1865845089454624,0.020120315421510448,0.0522196355462792,0.08361226859758181,0.13404680999714186,0.26751158353774873,0.42039570291367184,0.4864188017722982
2,2044,4,0.20169870794917863,0.20536475079244254,0.1984022393167632,0.20013466502076085,0.23144698028256483,0.18881685575364668,0.0204406364749082,0.0521669018343076,0.08288882650196519,0.13693324937027707,0.2646281615704039,0.4200773694390716,0.48819450950997845
2,2045,4,0.20312643330833194,0.20737605804111245,0.199311905468918,0.20184775908469021,0.2302626481754087,0.19224100563502383,0.020414924013416706,0.0514018691588785,0.08334830895302447,0.13788991401493755,0.263127147766323,0.41894614490507553,0.49156360627097606
2,2046,4,0.2049868552998889,0.20916501381516342,0.20123994982624252,0.2035935845059767,0.23315400394782676,0.19179649199259177,0.021113973227481948,0.05180552753681662,0.08460776763120255,0.13760205198786324,0.2655281641647156,0.4195350654424692,0.4911940028901734
2,2047,4,0.20611663057553564,0.2104771999354824,0.20221452431028084,0.20494379628149806,0.23298722353032,0.19451412367760934,0.021758645748728253,0.05113520978026888,0.08432880394206362,0.1390377664215381,0.2636919655268279,0.4198905746769625,0.4914329172817966
2,2048,4,0.2088552620797028,0.2139970588575862,0.20426293255010652,0.20765621292263414,0.2353894225205416,0.19668181569293106,0.022255899545356138,0.04943357363542739,0.08463453269970582,0.14173054477776725,0.2677582470503251,0.4250980696780207,0.48790393784213315
2,2049,4,0.21067949436042743,0.21539931486099134,0.20647251879855427,0.2100118711746296,0.2360109521422236,0.19763281034957336,0.022215365627892624,0.04979425578785485,0.08534174712993234,0.1410040758232516,0.2682372110390713,0.4253970707578158,0.4889493071390984
2,2050,4,0.21239279919647686,0.21816711021489618,0.20725718158594442,0.21158576805183718,0.23705532834323637,0.2012053522061263,0.0224759346317439,0.05050843202075574,0.08526262899547792,0.14156567310841794,0.2707840886067401,0.4223812822288925,0.4900074019245004
2,1990,5,0.09047531469674677,0.08475921140973734,0.09624186695675375,0.08715827570606864,0.10322172088973323,0.10287530703655541,0.021577621293365205,0.05478015620480185,0.08486596946748408,0.13482416256843277,0.2593974175035868,0.39318801089918254,0.4621778886118038
2,1991,5,0.09499119254003165,0.08863523573200993,0.10138101700327293,0.09140183860055083,0.10993952550783068,0.10592561165323151,0.0231223245557141,0.05884409636026712,0.0845278725824801,0.13892343222597264,0.2785495971103084,0.3970747562296858,0.4764795144157815
2,1992,5,0.09574333712264747,0.09001728860311972,0.10147350414058551,0.09164437025945654,0.11346709226326189,0.10796631230153252,0.02342065721565297,0.05852478014861272,0.08569003024354009,0.136525593117233,0.2734016725114648,0.4068783068783069,0.4707952146375792
2,1993,5,0.09610557541644482,0.09099910505169755,0.10119827569836115,0.09212058636380008,0.11313432835820895,0.10965386695511087,0.022740061566978914,0.05713140222511777,0.08615414980755946,0.1377952755905512,0.2716725329161778,0.406418485237484,0.45322793148880103
2,1994,5,0.09702222843562142,0.09201639006866616,0.10199078888723816,0.09277804582416418,0.11546936976641692,0.11187425703341698,0.022105973675329058,0.05627094146245319,0.08710302806499262,0.13458815690847006,0.2715273412947832,0.4148055207026349,0.45037220843672454
2,1995,5,0.09791870245390369,0.09302453717308258,0.10275925959564768,0.09349673164939303,0.11832778822508318,0.11095360824742267,0.022626290245402966,0.056055340846351207,0.08672051972475103,0.13393453573814296,0.2699975978861398,0.4153997057381069,0.4536760310818888
2,1996,5,0.09828179309850575,0.09453660295708619,0.10197977496083178,0.09381293987191383,0.12009699044358865,0.10982008995502249,0.021442495126705652,0.05603240428199441,0.08711178878099671,0.13664546259763266,0.264075382803298,0.4115846479868142,0.43965014577259476
2,1997,5,0.09965325023043498,0.09557678697806087,0.10366756686122484,0.09513239961822742,0.1232876712328767,0.10941077238221472,0.02132959129977197,0.05583756345177665,0.08675164156044805,0.13696916169868256,0.258429588146074,0.4170584284754869,0.464104013566987
2,1998,5,0.10067252618724093,0.09652442623520016,0.10474469970686481,0.09621102386216361,0.1255354428630648,0.10780108960241104,0.02142000141153222,0.054671457905544146,0.08565692616551417,0.1340086236397235,0.26402376328116073,0.4169505962521295,0.4762954796030871
2,1999,5,0.10118149082046568,0.09694460065095513,0.10533257646587418,0.0967445144587207,0.12613528534634674,0.10881527231892195,0.02094370276188458,0.05359046419226669,0.08547837013103572,0.13418963402827083,0.2559205500381971,0.42094621916700364,0.46407347379794706
2,2000,5,0.10230604840713682,0.0980763113395503,0.10644785809138155,0.09803632844957245,0.1273622571200426,0.10730794629099714,0.020416120228263567,0.05260238211780062,0.08617869200515123,0.13024698868475484,0.2611776967170401,0.4133949191685912,0.46750524109014674
2,2001,5,0.10320342521956015,0.09905924147232,0.10724893634101308,0.09906298748928169,0.1272372274650179,0.11011936767394344,0.02031755052747487,0.052106575666097915,0.0858096940668533,0.1264990774907749,0.26101661195662984,0.41312812905618396,0.4715487382483919
2,2002,5,0.10485896905905173,0.10128622546017214,0.10833620933078154,0.10093687262993531,0.13009733443603283,0.10792632450331126,0.019053363610559183,0.050988621831655576,0.0861229858599145,0.12823959565544682,0.2609496124031008,0.41785206258890467,0.4877030162412993
2,2003,5,0.10564489947818927,0.10186598948874138,0.10931452116369085,0.10285130322162862,0.12751299555332873,0.10397171969224371,0.01890832546998621,0.05111341101058325,0.08509252019807141,0.12855113636363635,0.2591212989493792,0.41582936717786007,0.4800716524854456
2,2004,5,0.10605636213684391,0.10222067789114572,0.10978040851377047,0.10349129671031619,0.12811409683540428,0.10355921978684898,0.018819753446640893,0.050077404590428753,0.08424287040297027,0.1282380341270973,0.25588697017268447,0.406317900718703,0.47608695652173916
2,2005,5,0.10713686618375906,0.10336077242062264,0.11080544782177325,0.1053072075620323,0.13022921778682148,0.09875131064722142,0.018501723199709778,0.049735307010149374,0.08320156852823983,0.1297861103776076,0.25350036845983787,0.40937056318031234,0.4767685223943072
2,2006,5,0.10869662385649155,0.10530218200526587,0.11198826118855466,0.10736715793955698,0.13196635120925343,0.09907205240174673,0.018256082400994494,0.048165912315071266,0.08315858658570936,0.1322150146676032,0.2561160039142425,0.4082070127086204,0.4899960768928992
2,2007,5,0.10954007120540579,0.10636413292195043,0.11261821979940193,0.10882740697883964,0.1319440479588924,0.09881284916201118,0.018523638374343378,0.04655836543292581,0.08310405202601301,0.13134565692705227,0.2561628284138826,0.40758435353836964,0.48651685393258426
2,2008,5,0.11092256791105179,0.10774760729288467,0.1139955010967823,0.110604099345334,0.13442330227107863,0.09753034742570113,0.018301267010793053,0.04637467795362532,0.08151952647897028,0.13343288153763688,0.2531379180759113,0.410616141162858,0.4886244312215611
2,2009,5,0.11040714653839546,0.10772027972027973,0.11300236406619385,0.11059736201446169,0.13476722025592158,0.09517478689293814,0.017576436689611015,0.04487658937920718,0.08124549245868741,0.12986100842821233,0.25161653078436885,0.4047325947202845,0.48904154399738303
2,2010,5,0.1123115832068791,0.11006060272918414,0.11448096839986226,0.11278235830665498,0.13594506839836057,0.09686023472031703,0.017904761904761906,0.04416658589383218,0.08046990645963907,0.13018874682138892,0.24947145877378435,0.4071530387456265,0.4892391633828433
2,2011,5,0.11398015479525898,0.11190566652192792,0.11597685687045332,0.11416049622704862,0.13799572671843244,0.09917355371900827,0.018332536266539134,0.044246348049581934,0.07787699977911709,0.13247789145136118,0.24338690513413797,0.4091911764705882,0.480195177956372
2,2012,5,0.11653137836828555,0.11443052193797724,0.11854915358729996,0.11706527133267745,0.13941497779365972,0.10077576653121537,0.01908566355969818,0.044397878331477965,0.07791101293783528,0.1328082747431044,0.24707116628781256,0.40135649690623515,0.48924152770306617
2,2013,5,0.11920529801324503,0.11743143459915611,0.1209063551070986,0.11974423893919238,0.14088037701794845,0.10540895174223648,0.019050022077840158,0.04368257330068171,0.07804032766225583,0.13285534923676734,0.2502710908696595,0.4085160691495533,0.4853801169590643
2,2014,5,0.12159908332802852,0.12054651919323357,0.12260717846460618,0.1223220865911613,0.14088044120543627,0.10863309352517986,0.019721215151893987,0.04406393459102637,0.0772178760333196,0.13137904168289832,0.2534354241671315,0.4102165463631316,0.4770973963355834
2,2015,5,0.12390841688273369,0.12282188579426531,0.1249477951111657,0.12467504242211466,0.14399845058829225,0.10939163768013062,0.020265657004531066,0.04455878396556363,0.07615070763738366,0.13301266634599967,0.25385516756503396,0.4062084257206208,0.4849445324881141
2,2016,5,0.12745656861044335,0.12762286555197525,0.12729782750853738,0.12806539509536785,0.14828046108411927,0.1136331792069497,0.021698258591462474,0.04522528011915643,0.07684643568811468,0.13342647572476424,0.2588359416212414,0.4077680177796592,0.4763762462071955
2,2017,5,0.13000042823670477,0.13018841906003586,0.12982124934282846,0.1305674789051917,0.15280709159983116,0.11477335544499724,0.021612024367098293,0.04628297362110312,0.07484520868756216,0.1338135431871549,0.25839564060321885,0.4075489727663641,0.47291361639824303
2,2018,5,0.13304334692644615,0.1328517977054786,0.1332256429000955,0.1336463148045076,0.15622833371851166,0.11650419251482719,0.02209366730260324,0.046964140179299105,0.07475581057992972,0.1346269889160606,0.2586899209085378,0.40234237407537865,0.4774703557312253
2,2019,5,0.1358028374040974,0.13585266096838186,0.13575550281539392,0.13631399807099073,0.15961713764813126,0.11867599569429495,0.021084056348539975,0.047673174645627175,0.07436846339501207,0.1333269402889656,0.26109068148032233,0.40229696472518456,0.4779330636263332
2,2020,5,0.138765960212468,0.13976146276950704,0.1378210295980652,0.1393253453890171,0.1636642046478112,0.12002127801050602,0.021147654819771478,0.047355985224133916,0.07505710517002863,0.1332711422781227,0.26163802891529786,0.39824024483550113,0.47797131147540983
2,2021,5,0.14255956947116236,0.1434200348095146,0.1417387293900611,0.14346165101913297,0.16531988035180142,0.12451103891798714,0.02168375677617399,0.04758879004748846,0.07392156862745099,0.13301494078544,0.26316946296431976,0.39815082346142733,0.48172597005313156
2,2022,5,0.14418178762467185,0.14579959996190114,0.1426474407470557,0.1447182057308285,0.17136688111395082,0.12357671276937922,0.021245806748668026,0.046573562845079575,0.073926202588705,0.1331636433933692,0.2634151562722991,0.39962337749680543,0.4783974862529458
2,2023,5,0.14656587768504584,0.14854706476543963,0.1446974899754093,0.14684703338164584,0.17498910675381263,0.12771295947810815,0.0206285200119972,0.046449816478926716,0.07348487263684764,0.13354296348584996,0.26304787122848583,0.4025561097256858,0.48223583460949465
2,2024,5,0.1503297175626916,0.15350063584287096,0.14734646836068274,0.15062678605448657,0.1808175421936375,0.12987012987012986,0.02062031356509884,0.04766085538693089,0.07315035032461271,0.13083301195526417,0.2650066696309471,0.40616832200731834,0.4879745001448855
2,2025,5,0.15401723034067552,0.15750580046403712,0.15074353894053866,0.15372483603139098,0.18722730772521173,0.1354547671299683,0.021985296679558203,0.048065504094005874,0.0735544901702114,0.12932146542827658,0.2662725890896808,0.41285537700865266,0.48073654390934845
2,2026,5,0.15725766002741895,0.16129552789303828,0.15347763223202918,0.15698419156984192,0.18987126651654843,0.1391158097068717,0.02168308789772928,0.04885871765328683,0.07353131052291802,0.1285899513776337,0.26884271014299077,0.40942815323272597,0.4884972420287905
2,2027,5,0.16049909175490673,0.16417482629732394,0.15706480985538296,0.16013586467518445,0.19509311262193318,0.13912940339224292,0.021422174458176606,0.05000776036008071,0.07438797796394693,0.12788104089219332,0.26941553242594074,0.4111326234269119,0.484004884004884
2,2028,5,0.16342787307599146,0.16738388484938418,0.15974267637832953,0.1631690146102563,0.1981049012620016,0.14294076328728636,0.02197962154294032,0.05131339727916745,0.07416970596778878,0.12627654401037444,0.26699789922971756,0.4156007256151449,0.48146079964261784
2,2029,5,0.1661917808219178,0.17003445491863864,0.16261804799120125,0.16562111639467475,0.20171852840577292,0.14579233707605047,0.020957642725598528,0.05126474464050397,0.07525684659181271,0.12679240408215992,0.26884574039236764,0.4135736058812982,0.47601967616314816
2,2030,5,0.16977223415506396,0.17411695402949906,0.1657419083648592,0.16943285175274087,0.20575790259686386,0.1473081328751432,0.021603671504794596,0.05213455338825752,0.07575853550389561,0.12761237219471416,0.2678541193999526,0.4161689604431749,0.4782772594477429
2,2031,5,0.17271164659505592,0.17719806545438146,0.16855411617216884,0.17182310655822397,0.2095316690736538,0.15294251177572216,0.020564485699192513,0.053868820978048536,0.07585470085470085,0.12834104343356464,0.26833740831295844,0.41765442404006675,0.47209015671773197
2,2032,5,0.17583052843705596,0.18103060306030602,0.17102678432228494,0.1745033648961079,0.21524387742544202,0.1545347069751731,0.021109381525494512,0.05363245694176564,0.07717605788204342,0.1283653226845292,0.26751722031827896,0.41935746569485727,0.4733431758530184
2,2033,5,0.17880541573578101,0.18358436777480977,0.1744001986405537,0.1777069268235346,0.21542042716543472,0.16035734226689,0.02104662226450999,0.05378499827169029,0.07683894756577714,0.12846535456048766,0.2672209828973163,0.42100027851828276,0.4771327379119187
2,2034,5,0.18063976135034499,0.1855406843254746,0.17613314520531015,0.17965072801653983,0.21771247666206672,0.16091125769081535,0.021080218778486783,0.05400220272142679,0.07746348105966823,0.12598167539267016,0.2616332193982876,0.42458580806502033,0.4781200518209299
2,2035,5,0.1834100642398287,0.1896619211111981,0.1776696137929618,0.18228369241137818,0.21939496748657053,0.16471171320006608,0.020658636987345633,0.05505454545454545,0.0781168049856539,0.12852510563034292,0.26306513929370295,0.42018235203214344,0.48275627970128987
2,2036,5,0.18615568042686742,0.1927231254332804,0.18013790559716403,0.1848939055227764,0.2225878953283031,0.16878492385230634,0.02058812253191734,0.05575339416870688,0.08092147756282103,0.12745419922516252,0.26426160193678183,0.42056110536992386,0.48339862565024727
2,2037,5,0.188407035229542,0.1949954158187795,0.1823849235549015,0.18685121107266436,0.224115909635188,0.17246835443037975,0.02033179012345679,0.05504621769477457,0.08315460506158466,0.12991447324802757,0.26017945754877303,0.4239296636085627,0.48084977238239757
2,2038,5,0.18991185008110648,0.19655901468795095,0.1838494108044687,0.1887339236847318,0.22317988640425784,0.17317006802721088,0.01993381350983064,0.054319196854601674,0.08397372335151215,0.12993626388067547,0.2604933224311802,0.4219812113343008,0.48009028822780414
2,2039,5,0.19322547596687442,0.20002687780677098,0.18703562146460787,0.19180115824440722,0.2273265918786538,0.17831940071653457,0.01963175702258242,0.053807692307692306,0.08526589999364635,0.13136937520233086,0.2635185562114119,0.4203471848836316,0.4892853197834972
2,2040,5,0.19454433727858078,0.20107097150811648,0.18861594624083536,0.19274140614052554,0.22915438141290245,0.17941224224711805,0.01990128960356631,0.053800437910541135,0.08617195792724115,0.13010828928709553,0.261226558540294,0.41824374008282056,0.49105536149042023
2,2041,5,0.19755712104572362,0.2049137833878057,0.19089191810894982,0.19560693470388282,0.22960003133936616,0.18461955050094775,0.020580772483789117,0.05227716460134677,0.08662912519643792,0.13322688807280855,0.263792695699179,0.420456756020698,0.49141893962611094
2,2042,5,0.19886187051901705,0.2060410411540285,0.19237360754070265,0.19663784465803244,0.23126096277528746,0.18574058033780858,0.020012079726192872,0.0525052985164154,0.08769055897298743,0.13208748527585878,0.2646371609495107,0.41928957709216824,0.49142065964495873
2,2043,5,0.20069036971821536,0.20799375169790818,0.1941020902045276,0.1984889239916846,0.23305958821468883,0.188908707637425,0.02068937484757337,0.052861844745925986,0.08955529749299816,0.1328082822572962,0.26124284546197873,0.41904320272045753,0.4932575611635523
2,2044,5,0.202446397641819,0.2094547768095525,0.19614453400349383,0.20008977668050723,0.23214562956062723,0.1928146947595894,0.02003263973888209,0.05232815964523282,0.08941605839416059,0.13460327455919396,0.2641820240914239,0.4165183752417795,0.4946594209687998
2,2045,5,0.20376855544104078,0.210878145604709,0.19738687910220046,0.20129899418158856,0.23254822964282948,0.19652145643693109,0.02074620067083523,0.05236867547534644,0.08852388311828344,0.1343438147241574,0.2660481099656357,0.4151104223169314,0.49478184911038575
2,2046,5,0.20574572458465457,0.21364777638925514,0.19865929139849067,0.2033817521561507,0.23423772109765065,0.19816973526527945,0.02170516447785144,0.052168650393383094,0.08933876113983936,0.13728924895992994,0.26814488362484507,0.4157452627466302,0.4920520231213873
2,2047,5,0.20722656887602425,0.21524689508974862,0.20004948657676605,0.2050046804721569,0.2342224109314085,0.2003490020721998,0.021801393579275852,0.0519069087364445,0.08877109153352247,0.14259005359591176,0.2668543230469836,0.4115866671840441,0.49474343488569766
2,2048,5,0.2096419109010953,0.2177487523303343,0.20240138995180673,0.20724286009537735,0.2378582725764765,0.2017740787384329,0.020913617666161507,0.05178166838311019,0.08840612506600287,0.1451689221160216,0.2673110660108011,0.41546587951994407,0.4954087939254812
2,2049,5,0.21035550723205165,0.2189065740719163,0.20273357982634704,0.20809244099101182,0.23570244109367167,0.2039086154693091,0.020231850839687926,0.05187248015295731,0.0886489774196001,0.14517694248560523,0.26728673749957566,0.4120647679406423,0.49302753902824065
2,2050,5,0.21328682906369686,0.22191870757470955,0.20560971795005475,0.21105032398246226,0.2387529901998611,0.20784031847838108,0.0207745690620103,0.052098589781144074,0.08781355080585938,0.14664264657713724,0.26953467954345917,0.4174170707303933,0.494666260286498
2,1990,6,0.09073075036782736,0.08488128420581473,0.09663184253196773,0.08737801331351386,0.10330087865115174,0.10388672157202716,0.021545319465081723,0.054707839166907725,0.08408462555595625,0.13547369397791592,0.2634146341463415,0.39618528610354226,0.45802161263507896
2,1991,6,0.09468268264283511,0.08831761786600496,0.10108166360660972,0.09106228856722462,0.11055977670956738,0.10578418894074389,0.023511480088208588,0.05891402398517535,0.08424345847554039,0.13803517498667614,0.2731314253959433,0.40411700975081255,0.4635811836115326
2,1992,6,0.09539355427949592,0.08970648225490005,0.10108471676839936,0.09163209700778124,0.11141510867913057,0.10769018362556952,0.023126674070686613,0.05818392528461381,0.08452273571390673,0.13687320761275745,0.2740760722956569,0.40476190476190477,0.4736101337086559
2,1993,6,0.09566821328059634,0.09067540034655446,0.10064756261987505,0.09140023771505408,0.11328358208955223,0.11127636560302867,0.022938664724769124,0.05753232434599579,0.08418040067107471,0.1377952755905512,0.2701081997132056,0.403594351732991,0.4525691699604743
2,1994,6,0.0972365907078615,0.09237188242558048,0.10206507205467241,0.09288395683537899,0.1156162773615396,0.1134592524105138,0.022578467769152885,0.056336640168188686,0.08562592319054653,0.13517115016240527,0.2755499685732244,0.4120451693851945,0.45719602977667495
2,1995,6,0.09737075224431273,0.09216132823978843,0.10252311492979238,0.09297794583876137,0.1176045132359323,0.1115979381443299,0.02238703944220384,0.05582800168880517,0.08625037397957003,0.13535404141616567,0.26495315877972614,0.41025012260912214,0.4602510460251046
2,1996,6,0.09889095925753395,0.09442841687702849,0.10329725110383137,0.09453710199370884,0.11988304093567251,0.11219390304847576,0.022800055694792536,0.05567878612530942,0.08586790787256239,0.13632337547306547,0.26690223792697293,0.4188839180598069,0.4513119533527697
2,1997,6,0.09997805381205285,0.09598372257607926,0.10391149054795713,0.09543204670055268,0.12258517737969793,0.11218219062537656,0.022732853885283285,0.05558054359699287,0.0854383932020085,0.13490836829322145,0.26414654066036636,0.4177300201477502,0.47258338044092707
2,1998,6,0.10104232958943223,0.09687163640151383,0.10513668280046357,0.09712586719524281,0.12429183363272074,0.10559870175031877,0.022584515491566096,0.05512063655030801,0.08454160160606737,0.13428238998015193,0.26699417342625387,0.4137563884156729,0.48235942668136716
2,1999,6,0.10182241374948346,0.09796704326636334,0.10559970615733939,0.09782504038599382,0.12633862003524468,0.10567097136440202,0.02256834075015893,0.054365733113673806,0.08504756776162269,0.13199509455883301,0.2632325657535742,0.4120501415285079,0.47974068071312803
2,2000,6,0.10238888060566903,0.0977916924776909,0.10689050281161369,0.09838341554739842,0.12729571466595688,0.10631741140215717,0.02165668308935597,0.05413607440039158,0.085447774181198,0.12860445309648375,0.2570088587806149,0.4147421093148576,0.4722222222222222
2,2001,6,0.10347965260344309,0.0992566034012039,0.10760215140081882,0.0996311869169499,0.12743247640741945,0.10786106032906764,0.020459631300394274,0.05361596009975062,0.08641683812864707,0.12574953874538744,0.2546503531284194,0.4220285555349527,0.4690747154873825
2,2002,6,0.10540751105033866,0.10102833564359627,0.10966962632949519,0.1017784357066088,0.12984286532222153,0.10751241721854304,0.01951461822310531,0.05341509000885333,0.08701085169352187,0.12823959565544682,0.25784883720930235,0.41945234708392604,0.4774941995359629
2,2003,6,0.10661884061413719,0.10189813401051126,0.11120302160069921,0.10401489396146997,0.1289534665247072,0.10282803077562903,0.01930754155476519,0.05234867959803693,0.08714490487359916,0.1278916396103896,0.2589302769818529,0.4205887537458135,0.4800716524854456
2,2004,6,0.10858503337846039,0.10466879363174021,0.11238729068269644,0.10626596933886936,0.13068494827691743,0.10285541926402574,0.019731563206652564,0.051760113078010365,0.08686745831066159,0.12985408051713485,0.2600424785298735,0.4208591007855591,0.47695652173913045
2,2005,6,0.10970644300419367,0.10537228445874854,0.1139172003247046,0.10800512012603387,0.1318451134119337,0.10142026498903822,0.02009795029929258,0.050038776680041815,0.08705964202137752,0.1297421001672388,0.261238025055269,0.4202555608140085,0.4809543742151528
2,2006,6,0.11051431806668852,0.10636140786248222,0.11454145267791636,0.10944772927412254,0.13220002336721579,0.10025473071324599,0.019605753862546618,0.04880767412011079,0.08672655002973303,0.13155393959426517,0.2602081665332266,0.41616903996325216,0.4864652805021577
2,2007,6,0.11143646007411175,0.10732369831264117,0.11542258659913293,0.1106389839993171,0.13536968312874678,0.09846368715083799,0.019145700857063866,0.04719477474459889,0.08676213106553277,0.13126614987080104,0.25689263704184234,0.41803523439832785,0.49775280898876406
2,2008,6,0.11213665989804467,0.1088880227505666,0.1152809020161234,0.11187059404188746,0.1347023045588974,0.0988698200083717,0.019172755916068915,0.046943487134874694,0.08599793304312424,0.1310590397427062,0.2532130777903044,0.41553369973965865,0.4928246412320616
2,2009,6,0.11272977151692148,0.10955244755244756,0.11579871664978048,0.11278659932415247,0.13868772120882114,0.09720810197857199,0.018600928445653912,0.046274917888849146,0.08416167570787997,0.13400118290699395,0.25084340736575766,0.4133497469566407,0.4910042525351652
2,2010,6,0.11368740515933232,0.11025299234564169,0.11699732471591662,0.11416844025539678,0.13993719061052856,0.09457399786617894,0.018412698412698412,0.04490969597105102,0.08450127555037637,0.13301815837541636,0.24431818181818182,0.40987430348581055,0.4937859957562898
2,2011,6,0.11632271417448074,0.11327616152844117,0.11925503154100331,0.11682011769487692,0.14070561259054667,0.10037565740045079,0.019225251076040173,0.04457168884406416,0.08380928339276135,0.13393445465580026,0.246638734288037,0.40698529411764706,0.4945464982778416
2,2012,6,0.11892267274645073,0.11603525053825271,0.12169590793495852,0.1190677265168598,0.14446883455000256,0.10432212781677133,0.019402701160357617,0.044823521707812196,0.08333859261596718,0.1351406165494862,0.24765401876784987,0.40552118039029034,0.5043033889187736
2,2013,6,0.12089642797206408,0.11838080168776371,0.1233088030751334,0.12122044371969275,0.14443998796751228,0.10693978714098265,0.02005929477070586,0.0451386590773711,0.08213610586011343,0.1346064891297165,0.2472890913034049,0.4107205012182388,0.49529621154335113
2,2014,6,0.12392259214463047,0.12248536109303838,0.12529910269192424,0.12410947996171082,0.14905455977939727,0.10892086330935252,0.01975246905863233,0.04583989545287002,0.0819054255218066,0.135404492922997,0.25338471679935093,0.4085508051082732,0.49035679845708774
2,2015,6,0.1253649073684607,0.1234382423565366,0.12720795971010931,0.1257533582432647,0.14835617101631723,0.11081138638460993,0.019148407920054622,0.04684557438794727,0.07965701899783247,0.13634760301426968,0.2549800796812749,0.40199556541019954,0.4849445324881141
2,2016,6,0.12878862977373548,0.12842209423286732,0.12913851146794544,0.12926265378581456,0.15118605315804515,0.11503432814908225,0.019540761288334103,0.04671473545242206,0.07809989072443273,0.1384434636268377,0.257209425004396,0.40946131865805907,0.4904638058084092
2,2017,6,0.13154208037391182,0.1316927628527373,0.13139846102375377,0.13214244911948556,0.15402654659725154,0.11663902708678828,0.020020203875470658,0.04713943131209318,0.07696256135510571,0.13793869391381608,0.2616905335191991,0.40410893454371716,0.4814892281949383
2,2018,6,0.13449327896088203,0.13458631711970662,0.13440473523481625,0.13495309311198767,0.1575687543332563,0.12032176699161497,0.02080128007877408,0.04798288508557457,0.07646433061474485,0.13640550068282148,0.26173190022307846,0.4063050369848538,0.48201581027667983
2,2019,6,0.13694233316230953,0.13813034214199996,0.13581367211131276,0.1371429937905032,0.16048313582497722,0.12466361679224973,0.020368815498958238,0.04713827226531158,0.07893805309734513,0.13511699271192942,0.2619904545810187,0.39942575881870385,0.48602427363001105
2,2020,6,0.13971131291765387,0.1408291777381429,0.13865023609351607,0.14017893838323164,0.16244820753017475,0.12733559412194959,0.021084527491951267,0.04698991646976605,0.07676221728919345,0.13368932351143564,0.2639845583226099,0.39808722264728386,0.48599726775956287
2,2021,6,0.14366303565316937,0.14456826532585573,0.14279949267842731,0.14422886792005124,0.16795392651457655,0.12756083007359278,0.02090000653125204,0.04845829710387265,0.07722222222222222,0.13291813224047241,0.2648545681002271,0.40017336030049117,0.4838190307518918
2,2022,6,0.14475552438960784,0.14688303647966472,0.14273777396370863,0.14516957462372956,0.17110249405129108,0.12769379221614668,0.019996053410511083,0.048327379019162064,0.07540730246635327,0.1321648355188968,0.2646282289139432,0.40110296590221267,0.4802827965435978
2,2023,6,0.14743238929174077,0.1496394089595715,0.14535102682824166,0.14778260902907187,0.174640522875817,0.13172751223184043,0.02009531109407805,0.048063536261232755,0.07536583033123984,0.13007764871975872,0.2665319489931015,0.40467581047381546,0.4871362940275651
2,2024,6,0.15147779072266399,0.1543056479180521,0.14881729872125568,0.1514650409601829,0.18116286096602927,0.13543599257884972,0.020518064076346286,0.047347297127806345,0.07578581988815325,0.13109011441059262,0.26825597701542564,0.4094790033106813,0.4842074760938858
2,2025,6,0.15430365386559436,0.15761020881670534,0.15120076640031352,0.15456647837130832,0.1848746684917444,0.13600341380151182,0.020521933033692204,0.04794049628101756,0.07599987129573024,0.1281282249742002,0.27012328998479984,0.4110281077014027,0.4776203966005666
2,2026,6,0.15794313356145298,0.16192946058091287,0.15421135544573686,0.1580240215802402,0.18970132132387305,0.13803459875060067,0.0203411378323975,0.04820477688163672,0.07585539057456424,0.13098865478119937,0.2692770279299746,0.41164891737747944,0.48567200322884435
2,2027,6,0.16068738646936334,0.16433534362172947,0.15727905731119443,0.16094565412992623,0.19137705333389637,0.14162021112560788,0.019810137918681713,0.050225050442340526,0.07647423150894807,0.1282042993373202,0.26941553242594074,0.411810261374637,0.48205128205128206
2,2028,6,0.16368110452954,0.16710993413768307,0.16048700090382265,0.16319887716783504,0.19797912037231144,0.14487239522360104,0.019759825327510916,0.0503730173656824,0.0776877642578188,0.13026422434754417,0.2690653239521158,0.41006558444578817,0.4772168863077954
2,2029,6,0.16663013698630136,0.1704779340694329,0.1630516397170021,0.16652899634615528,0.19954951197130225,0.14747077208010187,0.02014732965009208,0.04940057210812201,0.07656095931804446,0.1314752615941093,0.2710292932007525,0.40949435180204413,0.47601967616314816
2,2030,6,0.16981039501946205,0.17441149149239868,0.1655422446406053,0.1694032008183658,0.2042644984651124,0.15126002290950744,0.02003656579978359,0.05070174867302745,0.07822892253119655,0.12963796540415407,0.2729335274795977,0.41075911018783,0.47139760625765714
2,2031,6,0.17250559854248115,0.17746863127515417,0.16790639364814042,0.17177144375396697,0.20709717350938725,0.15600703705805574,0.020036223681231605,0.050359235837499586,0.07805429864253394,0.12969031097404266,0.2690844879108938,0.4136060100166945,0.47605212185243884
2,2032,6,0.17482562819771683,0.17917416741674166,0.17080851859935767,0.17418675541549472,0.21007507076342455,0.15644879806339018,0.020084285660047836,0.04943660542076946,0.07896138064960692,0.12813989437073298,0.26595636388313937,0.417443706991327,0.473999343832021
2,2033,6,0.1776425937390649,0.18303441154683606,0.17267243965775889,0.17695760451944198,0.213827745334259,0.15857063093243998,0.020361560418648905,0.04932595921189077,0.07899506280857446,0.1279465646379819,0.264381802203745,0.4188119205825011,0.4784416384354789
2,2034,6,0.17974375207906343,0.18489107912863303,0.1750105564538554,0.17924749629759967,0.21450604756879618,0.16063411119117565,0.020396536007292618,0.050484953991544394,0.07944416934884872,0.12778141361256545,0.2613963247487225,0.4193497968115036,0.4761047934360155
2,2035,6,0.18239293361884368,0.18890143932361855,0.17641682839920725,0.18140461661306745,0.21685043822448402,0.166143510105182,0.020734868120140266,0.05138181818181818,0.07959769228396014,0.12672365792145687,0.26238731105537855,0.41898470097357443,0.48051595383570944
2,2036,6,0.18494201682020134,0.19113536239014245,0.17926703072651456,0.1834646534980027,0.2220661422379194,0.16779883861071546,0.019936357014147147,0.05178425699235848,0.0795374158029096,0.1292927966379933,0.26074948000136394,0.42369962108163967,0.47742598420140003
2,2037,6,0.18663968476020631,0.1927927726469733,0.18101545253863136,0.18482053838484547,0.223277720124531,0.1719773024879965,0.019791666666666666,0.05149971703452179,0.08061155708070347,0.13008022276735398,0.25953368227856705,0.4206422018348624,0.47842185128983306
2,2038,6,0.18850315888329208,0.19493696374436478,0.1826353109217977,0.1869731407232416,0.2238551058505779,0.17317006802721088,0.021140743624683666,0.0503111043249227,0.08072012890431333,0.1314475326894014,0.26202643772145,0.4185060719468418,0.4751707373538604
2,2039,6,0.19094702467343977,0.1967119483050183,0.1857004535494063,0.18863362436428843,0.22918312529625534,0.1765823471935729,0.02085136517428594,0.05080769230769231,0.08145371370480971,0.1316607316283587,0.26412918108419836,0.41831169828711884,0.4763614271512206
2,2040,6,0.19332068716770417,0.19883697433709782,0.18831003293666576,0.19137700879851907,0.22805362267562998,0.1795204849272068,0.02093615666295176,0.0509852987175477,0.08179742030943421,0.13175196596622404,0.26028045277918566,0.42501644800495375,0.4780882819942839
2,2041,6,0.19507138456593362,0.2010143130846388,0.18968703732067188,0.19280017181239864,0.23175461276295686,0.17904142973192527,0.020621047968101817,0.0509224210064948,0.08139078051335778,0.13361009101069776,0.26220480421635867,0.4239582928062872,0.4747675962815405
2,2042,6,0.19684710269957453,0.20361424024200284,0.19073121965152814,0.1949382120458678,0.22993568505164685,0.18411650064963186,0.020575800281860276,0.050665813572199785,0.08351163412677186,0.1346343637579192,0.26175882970437847,0.4182780220207758,0.4821243139000148
2,2043,6,0.19855376670227673,0.20442814452594404,0.1932545720033084,0.19662615770924455,0.23239792939711204,0.18426031025349981,0.021339728477359564,0.05157742634663241,0.0820069676890498,0.13465019530629743,0.2644794221858817,0.41398098771156966,0.4844442303987671
2,2044,6,0.2003378051273224,0.20689851054885877,0.19443848519210927,0.19785284105786854,0.23587175904362676,0.18768233387358185,0.021419828641370868,0.050473694819592824,0.08390651319483436,0.13548488664987404,0.26397611448574076,0.4148936170212766,0.4851494425185046
2,2045,6,0.2020526324309449,0.20857384043257055,0.19619909687592796,0.19960759550764512,0.23537615247540095,0.19126571304724752,0.021077477328253758,0.05220754108926845,0.08514538331596161,0.1340613820372811,0.2663573883161512,0.4125920185974429,0.48728794078433174
2,2046,6,0.20411415562240834,0.21048347339577864,0.1984022537064835,0.20157361174156455,0.23814684367380115,0.19375748992264952,0.02136734090621173,0.05245107928182369,0.08530458062859868,0.13591291563702337,0.2694532433549098,0.4139089665950381,0.4858652456647399
2,2047,6,0.20637779252859179,0.2131385515795295,0.2003278485710751,0.20413708075526837,0.2381209711660941,0.1958228814483586,0.021673150087633052,0.05255676048901344,0.08585934000298641,0.13891312476629689,0.2694954128440367,0.41732955647821196,0.4859303001834206
2,2048,6,0.2077299172379886,0.2142402241752643,0.201915320495584,0.2053215349168319,0.23963275855417968,0.19711985982587746,0.022212600129898247,0.05338825952626158,0.08406879384476126,0.1381975332008454,0.2725396443190809,0.4143006952266283,0.48635882041320855
2,2049,6,0.20976793735516677,0.21588869986716694,0.20431224294794567,0.20762221913880025,0.2417569704215032,0.19713735205064684,0.023096927755983602,0.053327237208529034,0.08408728046833422,0.1386103383580255,0.2713601955259853,0.4146925841480852,0.4898701982108402
2,2050,6,0.21143806359753203,0.21787401667116077,0.20571398780042752,0.2102044775540294,0.23964040435218767,0.1986619484684286,0.021893888515782403,0.05389797882579403,0.08383256676844587,0.13982967572879135,0.2731816032957385,0.41422304317709535,0.4895719946009492
2,1990,7,0.0901892267451365,0.08420988382738907,0.09622134192647934,0.08693853809862341,0.1027467743212222,0.10200838029186533,0.02128690483881388,0.054743997685854785,0.08480586608967423,0.13352509974946647,0.25982783357245337,0.3970027247956403,0.4455527847049044
2,1991,7,0.09463292298199695,0.08931017369727047,0.0999840344855113,0.0906347070437768,0.11141262211195534,0.10804695234054588,0.02296017641717473,0.05810985629873081,0.08532423208191127,0.13865695505418368,0.2774381772714643,0.3946370530877573,0.47344461305007585
2,1992,7,0.09518951428765753,0.09019211717399328,0.10019050581237121,0.09067478337710794,0.11384708922328621,0.1123843711169405,0.02296335010126086,0.057945326879814574,0.08484108876744309,0.13687320761275745,0.2739411923388185,0.4031746031746032,0.46798029556650245
2,1993,7,0.09576329200578079,0.0907515661595293,0.1007615032568032,0.09137622609342921,0.11365671641791045,0.11276365603028664,0.022872463672172386,0.05636296816010157,0.08477252541202013,0.13788086271824718,0.2731065050189024,0.40436456996148906,0.45783926218708826
2,1994,7,0.09685446665734657,0.09270866465844668,0.10096939533501709,0.09220141920755028,0.11642426913471426,0.11491216483951922,0.022105973675329058,0.05623809210958544,0.08567208271787297,0.1339218789039727,0.2729101194217473,0.4150564617314931,0.456575682382134
2,1995,7,0.09779084740499913,0.09361225389362328,0.10192367077800585,0.09312781729516607,0.11883408071748879,0.11327319587628866,0.021669287032606465,0.056282680003897245,0.08620763345728084,0.13610554442217768,0.26939706942109054,0.40902403138793525,0.46802151823072324
2,1996,7,0.0987386677177769,0.09450054093040029,0.10292337273892607,0.09391477517029125,0.12152332049636286,0.11269365317341329,0.021755778334725702,0.05577522744076896,0.08538640558542653,0.13543763588050567,0.2673733804475854,0.42147398163409466,0.4618075801749271
2,1997,7,0.09927577579774394,0.09584217975937721,0.10265702587333392,0.0945331054535769,0.12223393045310854,0.11242318351608628,0.02154008068759867,0.054423954250465846,0.08528389339513326,0.1348347685287407,0.2637965231594913,0.41661070069397804,0.4742792538157151
2,1998,7,0.10032852302241181,0.09688899690982952,0.10370509237166814,0.09560112830677746,0.12525908525632168,0.11069896835516402,0.02124355988425436,0.0542864476386037,0.08535950628299502,0.1333242077886524,0.26756540614646407,0.4084327086882453,0.4785005512679162
2,1999,7,0.10112245844542457,0.09754102550994326,0.10463136102577801,0.09647705754602934,0.1274908499389996,0.10825379000561482,0.02129688493324857,0.05307361824466195,0.08565787111829115,0.1303814625960111,0.2649787187602314,0.4106348564496563,0.47541869259859537
2,2000,7,0.10203270215198051,0.09891342563913677,0.10508713543289014,0.09774183030596253,0.1264972052169284,0.10983931322914374,0.02091234537270053,0.051721324849078154,0.085447774181198,0.12769193332522205,0.26263678999478896,0.41454965357967666,0.47955974842767296
2,2001,7,0.10320342521956015,0.10021051939080951,0.10612507024163122,0.09894934760374804,0.12873413602342987,0.10904398322400258,0.02042411110716442,0.051417508859430375,0.08584342429250852,0.1260378228782288,0.26051924798567594,0.41813461895049137,0.4730331519049975
2,2002,7,0.10381753426399974,0.10070597337287644,0.10684591974398394,0.0997404335570742,0.12850690247471214,0.10978890728476821,0.02036616520011354,0.05121815260517428,0.08464320947056889,0.12646521131304442,0.25552325581395346,0.4155405405405405,0.47470997679814386
2,2003,7,0.10558947193386702,0.10221957922821004,0.10886190535647397,0.10233527602395985,0.12951712907872487,0.1049074651694739,0.021013283007911738,0.05158080993556572,0.08398488402397707,0.12799310064935066,0.25663801337153774,0.4177683765203596,0.4715629198387819
2,2004,7,0.10695112273003128,0.10384749028650851,0.10996442372569466,0.1040202810603641,0.13178674175185162,0.10355921978684898,0.021081041651469838,0.04957259204415427,0.08321864097557853,0.13094728836921907,0.2550558685012467,0.41450777202072536,0.47739130434782606
2,2005,7,0.1085169653069005,0.10476883084731076,0.11215838369261297,0.10595706971248522,0.134598120773236,0.10256410256410256,0.020714674405949575,0.05017365208888289,0.08323319208146228,0.13101839626793416,0.25865880619012527,0.4117368670137246,0.4796986186688991
2,2006,7,0.10959057182871956,0.10646733044820386,0.11261922230374175,0.10781230343439427,0.1354714335786891,0.0988901018922853,0.020387142603445214,0.04971965142200905,0.08387843885950362,0.13213238028343594,0.2570945645405213,0.41065686724850714,0.4766575127500981
2,2007,7,0.11115309162246603,0.10767799937997313,0.11452118298493369,0.10988969298037617,0.13679703111618613,0.09977304469273743,0.019422173071606305,0.04980740244515157,0.08316658329164582,0.1326575233551978,0.25997405124878364,0.41221260077635113,0.4812734082397004
2,2008,7,0.11240645811737643,0.10958093340839865,0.11514118452489067,0.11163778251678572,0.13715752469170248,0.10029300962745918,0.01927331232821613,0.04925218322347509,0.08261563997369327,0.1327054138908033,0.2566704246523863,0.4145212612091409,0.49002450122506125
2,2009,7,0.11211132107885242,0.10976223776223776,0.11438027693346842,0.11228698085098653,0.13787095017696704,0.09548760459842028,0.018761005282535617,0.048518747357809505,0.08064971308519644,0.13370545615850954,0.2528816418330053,0.4056900560798796,0.48544324501144914
2,2010,7,0.11417298937784522,0.1114760406216933,0.1167721770455328,0.11430257721817824,0.14094852823761111,0.09693644261545496,0.01892063492063492,0.04865755549093729,0.07936757897389059,0.13491637119014363,0.25231236786469347,0.40184009330050535,0.4910578963322219
2,2011,7,0.11662884409335632,0.11394105514546245,0.11921585017043897,0.11702334458444519,0.14044504664130492,0.10120210368144253,0.020022317870237526,0.04850831245729902,0.0794547347827459,0.13483613663950061,0.2508285910824839,0.4025735294117647,0.4890929965556831
2,2012,7,0.1190799085411794,0.11657016007167788,0.12149040561021346,0.11986870859053274,0.14115064577058553,0.10328777244181751,0.020290406442204045,0.048228668718486016,0.0803408015146734,0.13547863710113575,0.25109284840006996,0.39933365064255116,0.49623453469607315
2,2013,7,0.12145153169900469,0.11859177215189873,0.12419391548440938,0.12232759730506802,0.14358768675423644,0.10497157019973757,0.020122374314009966,0.0474882520352108,0.08078134845620667,0.13358223749421794,0.2553133810453264,0.4042232277526395,0.49402491736587845
2,2014,7,0.12379527659303584,0.12192582953806116,0.12558574277168494,0.12432125642741573,0.14639550915895214,0.10863309352517986,0.020190023752969122,0.04758234761920718,0.08063852025464796,0.13378132710037657,0.25571725571725573,0.40499722376457525,0.4879459980713597
2,2015,7,0.12687789964027196,0.12496629300050079,0.12870654710723498,0.12755055127851478,0.14942139156539003,0.11074039894938596,0.020265657004531066,0.0475181598062954,0.08169705469845723,0.13384640051306718,0.26027654089524255,0.4082039911308204,0.4917364727190401
2,2016,7,0.1294825407053109,0.1283967218937914,0.13051902443750152,0.13020394682520023,0.15180527769839003,0.11377329410116295,0.02068115271998767,0.0485765546190041,0.08118531850613872,0.13676054996348394,0.2603305785123967,0.40279394644935973,0.4837451235370611
2,2017,7,0.13215996476223688,0.13126653211147188,0.1330115184247001,0.13276264464428522,0.15407344871253695,0.1183665008291874,0.021244681176722686,0.04953751284686536,0.080716050174842,0.1340356666878213,0.25949393824187894,0.4064978499761108,0.48650909851495505
2,2018,7,0.13506116900770276,0.13312436504200015,0.13690441098442419,0.13582427865030774,0.15641321932054542,0.12066262185561388,0.022032125053849466,0.04940912795436023,0.08133200090261436,0.133705973893988,0.2593388764956398,0.4075378654455794,0.48023715415019763
2,2019,7,0.13726449426672552,0.1364282040606402,0.13805900693378007,0.13790822060851474,0.15920692798541478,0.12318353067814855,0.021239543489753397,0.04891013640010698,0.08205953338696702,0.13268763585219281,0.25933025584852515,0.4050861361771944,0.4770136079440971
2,2020,7,0.14086346152709914,0.1403681190016865,0.14133364044685018,0.14155417154057728,0.16429472167177087,0.1248753241571913,0.021494855122782652,0.049019934107624216,0.08162017823247435,0.13356065236272396,0.2612595564302475,0.40191277735271613,0.4853142076502732
2,2021,7,0.14491992494069608,0.1446770450589828,0.1451516199700219,0.14579493953223496,0.16781999196392697,0.12954982430550951,0.021651100515968913,0.04895993579024814,0.08101307189542484,0.13469295556487787,0.2618873177522163,0.4012568621785611,0.4950893575913701
2,2022,7,0.1463898048715467,0.14665682445947234,0.14613656124027508,0.14744976575510904,0.1703093328633119,0.1289803795432615,0.021212918502927055,0.04904189671971419,0.07911005216047395,0.13438798852981926,0.26566290852005137,0.39962337749680543,0.48531029065200315
2,2023,7,0.14846422219181832,0.14936925932016257,0.14761071357362812,0.1492856649872317,0.1744226579520697,0.13059841926985322,0.02196154230679508,0.047683837488925455,0.07813944591449613,0.13524353462106142,0.2645808654449167,0.40405236907730674,0.48024502297090355
2,2024,7,0.15141557986177878,0.1518089438008237,0.151045496954064,0.15184606591731759,0.1795225967971684,0.13457019171304885,0.021131561008861623,0.049291358334378525,0.07800347110625441,0.13346831212238078,0.2626466463727469,0.40593599349480164,0.4829035062300782
2,2025,7,0.1553651057520583,0.15678654292343389,0.15403122210368178,0.15570383288471015,0.18406193857472838,0.138502804194099,0.02149750879760287,0.0498781173823364,0.07789825927475144,0.13390092879256965,0.2666103698699544,0.40984575697318215,0.47577903682719547
2,2026,7,0.1583499593174244,0.159820193637621,0.15697360754440104,0.15908645659086457,0.18541020520882015,0.142239308024988,0.021118056291273793,0.05085168000498241,0.07672692059393157,0.13176661264181525,0.2655352131498062,0.41664563670317467,0.4759854702004574
2,2027,7,0.16140179876833105,0.16383086060216928,0.15913229780396357,0.16164297282706497,0.1891389721717833,0.14701696121456528,0.021493820526598602,0.05159087381654509,0.07846269191902729,0.13276224341360918,0.26544568988524153,0.4112778315585673,0.4778998778998779
2,2028,7,0.16452337436416886,0.16683598342598194,0.16236907863256952,0.1648114552770872,0.19466689027713724,0.1475649730742215,0.021761280931586607,0.05187762522725848,0.07742955814478908,0.132371535094829,0.26393010770615893,0.4169031117726406,0.4772168863077954
2,2029,7,0.16717808219178082,0.1692270954389875,0.165272475385738,0.16710944418398707,0.19954951197130225,0.1492649612223637,0.022099447513812154,0.0522611127181564,0.07726072712236394,0.13199199069887613,0.263538027411986,0.41626322395553167,0.47519983603197374
2,2030,7,0.17086799611849493,0.17357319255953055,0.16835855401429173,0.1707226673980564,0.20364224674354933,0.1534364261168385,0.022685720682064103,0.050278420007164024,0.07908405650218535,0.13339978136454247,0.26473874911110357,0.4167748636717736,0.4803505795872208
2,2031,7,0.1739370902761586,0.17804358364429612,0.17013163393230255,0.1737641519181661,0.20689086032597484,0.15617728846262982,0.021394611727416798,0.0524451213455617,0.07915409753645047,0.1319390902081727,0.26663950013583265,0.41890651085141906,0.47649234020073955
2,2032,7,0.1763599920040196,0.17954545454545454,0.17341731366863106,0.17590970003092465,0.21044427123928294,0.15791251477790913,0.021716845742055506,0.05271884411058099,0.08021423873210762,0.13129589076387993,0.26378473753859727,0.4198053666680239,0.47498359580052496
2,2033,7,0.17867082985653146,0.18287728119598645,0.17479334140310582,0.17855909728701247,0.2108465716502634,0.1609715242881072,0.021731684110371075,0.05309367438645005,0.07962002374851572,0.13047566551019746,0.26343540863922127,0.41909043886523695,0.47605481983369263
2,2034,7,0.18145529074696054,0.1851934815478524,0.17801785843022958,0.18051584334081144,0.21783423979219094,0.16218613158915804,0.021232148283196597,0.052616619888442816,0.0808677890566972,0.1307264397905759,0.2611932721919524,0.42196780243826193,0.47898373398589317
2,2035,7,0.18342077087794434,0.18656407618238144,0.18053459022622018,0.1829429992601112,0.21664849145765178,0.16559281898782974,0.0212684860497027,0.0528,0.08095517230740752,0.13284858013166945,0.26154002575747304,0.42010508422191317,0.47399864222674815
2,2036,7,0.18639092799820356,0.1896929579354608,0.1833652654119238,0.18550958331806355,0.2202600738481297,0.17048318176837954,0.02112487060537515,0.05382446769048149,0.08193645618675607,0.13034342373103946,0.26504586217478776,0.4211734986795269,0.47838931346734315
2,2037,7,0.18899971167092042,0.19344126657572844,0.18493990679421143,0.1878848747874025,0.2221601341103217,0.17415975556525534,0.020679012345679013,0.054857574042633465,0.08318524419388443,0.1327322150765763,0.26616137584120725,0.4194571865443425,0.4785432473444613
2,2038,7,0.19026402288056007,0.19478035192912196,0.18614497780951894,0.18903472410731972,0.22298129244945783,0.17610884353741496,0.020089546427876193,0.05489178150169867,0.08369484382746653,0.13154609369866613,0.2670686835650041,0.41709310318490794,0.47673341821970133
2,2039,7,0.19322014001536755,0.1973166989573651,0.1894919227437191,0.1919260957756416,0.2257070627271291,0.1788622299424601,0.020615311983633644,0.05465384615384616,0.08523413177457272,0.13159598575590806,0.26867494402605335,0.41900299562178356,0.4798409367060643
2,2040,7,0.19576264393919154,0.20068928354924898,0.19128758909724983,0.194644187298567,0.2274639304949483,0.18098176110840505,0.02093615666295176,0.05430872693149828,0.08559297500723728,0.1326543766920201,0.2720729853015712,0.41882425790471767,0.48004657563247594
2,2041,7,0.19830712774221199,0.2032232615800744,0.19385306580895492,0.19687331057312765,0.22928663767775298,0.18575683725968048,0.021668210560231986,0.05430927999362473,0.08656364588789943,0.13194954494651126,0.27048211088212437,0.4226354900206202,0.4837572785779957
2,2042,7,0.19859930769148332,0.20271124455380726,0.1948830946260252,0.19700894348164916,0.22771389592671995,0.18844737981810308,0.021904570163076304,0.052745231335226135,0.08658732281358653,0.13345643245996625,0.2671091395482713,0.4186281756993347,0.4831132868516046
2,2043,7,0.20150635880972959,0.2063071629086299,0.19717562006678035,0.20017286471101045,0.23099676954812595,0.18966542349062213,0.02186814080156085,0.051858392871477886,0.08788168590750735,0.1343326240909524,0.2714636140637776,0.41923641703377384,0.48574455788865345
2,2044,7,0.20267769733090918,0.20730751315056975,0.19851461378936938,0.2009650993154528,0.23098121409718989,0.1940032414910859,0.021623827009383926,0.051360612779681514,0.08738068500842223,0.1369647355163728,0.26915817289543226,0.419110251450677,0.48524313688747306
2,2045,7,0.20481537639688543,0.2099655494969314,0.20019250263667177,0.20285508096161653,0.23421399240722088,0.1960338101430429,0.021822849807445442,0.05204640670319046,0.08719404808970996,0.13697985313500283,0.27164948453608245,0.42037969779155365,0.4869661165003908
2,2046,7,0.20593002141095482,0.21132040860782134,0.20109600871871852,0.20372219700408534,0.23423772109765065,0.20072992700729927,0.021071745281026982,0.05220899737744603,0.08640481167711886,0.13838405955769653,0.2697631180278199,0.42297323696034383,0.4857749277456647
2,2047,7,0.20755846219136642,0.21370308071614552,0.20205987875788692,0.20555263818808647,0.2349558034508048,0.2012215072526993,0.021587654426537855,0.0510133625766622,0.08776317754218306,0.13994141842203664,0.27192799555184877,0.4232276589965465,0.4837382006889456
2,2048,7,0.20975116768184426,0.2161508088141638,0.204035410676981,0.20763324887667542,0.23724106006249276,0.20352625527021848,0.021303312405282528,0.051658084449021625,0.0879912499057102,0.14195135800132488,0.2705445289119741,0.42245698527983844,0.48891930072399786
2,2049,7,0.21186012542145782,0.21847544918552353,0.2059636076606705,0.21039729892234402,0.23786201843353516,0.20533993944398568,0.02212720941508353,0.05187248015295731,0.08636812894396716,0.14271850941321085,0.271665704877966,0.4269042006414963,0.48662515348184526
2,2050,7,0.2134965397732917,0.22032427869678886,0.20742401334654084,0.21188065029294223,0.23960182112817346,0.20795090124958532,0.022117752406536826,0.051261664644097586,0.08649943957020832,0.14480838519489028,0.2692307692307692,0.4263064727160779,0.4901380241215657
2,1990,8,0.09045487984306032,0.08475921140973734,0.09620081689620492,0.08713242422283979,0.10314256312831473,0.10287530703655541,0.02135150849538084,0.05456320509111947,0.08384421204471691,0.13417463115894962,0.2637015781922525,0.39591280653950955,0.45802161263507896
2,1991,8,0.094712538439338,0.08841687344913152,0.10104174982038797,0.09086107373266095,0.1110249651108699,0.10719841606562014,0.023576339343624336,0.05856438586063424,0.08503981797497157,0.1397228637413395,0.27076965823839955,0.40167930660888407,0.4666160849772382
2,1992,8,0.0955684457010717,0.090211542570757,0.1009292018195249,0.09123935295417168,0.11445508435932512,0.10810437663951401,0.023355327627882668,0.057877155907014796,0.08515944182097947,0.13843747284261754,0.27569463177771786,0.4021164021164021,0.4651653764954258
2,1993,8,0.09617213052407393,0.09088485633223528,0.10144514707837217,0.09176041203942709,0.11522388059701492,0.10924824229313142,0.022706961040680547,0.05733186328555678,0.0857100562518504,0.1372817528243752,0.2763655325250945,0.3994865211810013,0.45849802371541504
2,1994,8,0.09749755347406683,0.09214736093700301,0.10280790372901501,0.092872188945244,0.11767298369325695,0.11227050587769119,0.022780965237934526,0.05705932593127915,0.08701070901033973,0.1365869909219622,0.27341294783155246,0.4032622333751568,0.46029776674937967
2,1995,8,0.09846665266349465,0.09386937995885983,0.10301356923579953,0.09357743166438016,0.12136554317951685,0.11134020618556702,0.02255793287306036,0.05709460556656166,0.08710518442535367,0.13652304609218438,0.2711986548162383,0.4087788131436979,0.45786013150029886
2,1996,8,0.09886408427992976,0.09487919221060223,0.10279874661729098,0.09402792550182172,0.12123805448580802,0.11244377811094453,0.022103870788081313,0.055293020863471244,0.08691116282802343,0.13720911506562525,0.26831566548881036,0.41111372733694374,0.4588921282798834
2,1997,8,0.09985515515954879,0.0956475583864119,0.10399860615036154,0.09486604665616052,0.12427116262732701,0.11097722617182793,0.021996141027889844,0.05477735655079355,0.08555426805716493,0.1375579598145286,0.26683000816707503,0.41347660622341614,0.46636517806670436
2,1998,8,0.10061232563339582,0.0958647269192042,0.10527302474606312,0.09563380128295887,0.12726267790520934,0.10849658050307175,0.02096125344060978,0.05454312114989733,0.08584281359208863,0.1346930394907946,0.2667656803381698,0.4097103918228279,0.4790518191841235
2,1999,8,0.10162845023149124,0.09691051923044153,0.10625083478028582,0.09673381618221305,0.12735529347973432,0.11049971925884335,0.020378611287702197,0.05362276706399199,0.0857655717106444,0.13535144904150262,0.2649787187602314,0.409826122118884,0.47163695299837927
2,2000,8,0.1028775905770091,0.09908084849905406,0.10659540633145892,0.09816254193969098,0.12915890338035665,0.10983931322914374,0.019955339737000675,0.05312449012889542,0.08551738540252689,0.13115950845601654,0.26440854611776965,0.4178214010777521,0.4758909853249476
2,2001,8,0.10342278225970249,0.09905924147232,0.10768242755077466,0.09906298748928169,0.12860397006182883,0.10839875255403807,0.019287464923809186,0.05213938837117732,0.0861469963234054,0.1261531365313653,0.26260817666368247,0.41961802336361953,0.4715487382483919
2,2002,8,0.10499411708589054,0.10056091035105251,0.10930881937690208,0.10093687262993531,0.12907945798078757,0.1095819536423841,0.01933721260289526,0.052201855920254454,0.08539953962512331,0.12920744166039358,0.261531007751938,0.4134068278805121,0.4853828306264501
2,2003,8,0.10608831983276718,0.1010463041836095,0.11098451741790485,0.10305366682855756,0.12864032066136408,0.10386774797255147,0.019743050010887712,0.05154742429806697,0.08610242376856919,0.1268262987012987,0.26179560649474687,0.4165344614842235,0.4760412001791312
2,2004,8,0.10776807805424583,0.10308936412167925,0.11231061767772803,0.10515809645480677,0.13007284079084286,0.10265433340036195,0.019585673645050698,0.05051490879719997,0.0856831930352399,0.12961642663624698,0.2610582694616308,0.41517633294333944,0.47739130434782606
2,2005,8,0.10956919557758292,0.10483072352540694,0.11417275487808544,0.10721740842851517,0.13322161709258484,0.10447049852254313,0.019952838744785054,0.04916208652257477,0.08626905319081651,0.1322066719478919,0.26050110537951365,0.41710048903612557,0.4847216408539138
2,2006,8,0.11045472153520665,0.10611929909511848,0.11465884079236978,0.10878968810784133,0.13500408926276433,0.10125545851528384,0.018966435801811402,0.04894278186854016,0.08425401395887452,0.13361979919844647,0.26243216795658747,0.4138723013321084,0.49627304825421736
2,2007,8,0.11156724551333284,0.10778133719127829,0.11523658267874261,0.11024062674874091,0.13656865543819582,0.10160614525139665,0.01824716615980094,0.04860157427566572,0.08397948974487243,0.1326575233551978,0.2647583522542978,0.4102717229023589,0.50187265917603
2,2008,8,0.11237095835167488,0.1084260823120119,0.11618906570913613,0.1115819077507613,0.1366553205736287,0.10129761406446212,0.01843534222698934,0.0477799712249473,0.08249036986001065,0.13370089593383874,0.259902292371289,0.41264101822389354,0.4942247112355618
2,2009,8,0.11201511767737501,0.10862937062937063,0.11528537656197231,0.1121053014061989,0.13678192213449497,0.09799014624227731,0.018312790139266847,0.045592013267861206,0.08152770374086733,0.13255951500813248,0.2580123699746978,0.4065107372452469,0.4900228982662741
2,2010,8,0.11479345810150059,0.11183333562368591,0.11764627976584642,0.11489277985441668,0.14089529994144886,0.09990855052583447,0.018603174603174604,0.04471584116829828,0.08097382759598123,0.135238709215286,0.2562103594080338,0.41194764804976025,0.4992421946044256
2,2011,8,0.11669539407572058,0.11421244029526705,0.11908524560189115,0.11692614911552124,0.14101829172963676,0.1019534184823441,0.018523832297146502,0.04528743859192504,0.08065381338550377,0.13587653892838564,0.25408042023638294,0.40637254901960784,0.49052812858783007
2,2012,8,0.11864751010567556,0.11599513232324583,0.12119499601839245,0.11869335446068659,0.14395834396855378,0.10476542297746583,0.018863737239236573,0.04524916508414642,0.08027769012306721,0.1346335857220119,0.2557556682403684,0.40540218943360307,0.4870898332436794
2,2013,8,0.12138698475401159,0.11960706751054852,0.12309384720430923,0.12151225164141956,0.14529228918078813,0.10883510715847791,0.018955402762883995,0.04494010192600437,0.08034026465028356,0.13559770038987642,0.256072435480373,0.41025641025641024,0.49173658784642765
2,2014,8,0.12378891081545611,0.1229277813923227,0.1246136590229312,0.1241433641962236,0.14747882607839274,0.10942446043165467,0.019564945618202274,0.04496866936970144,0.08019510341114243,0.1368653421633554,0.2574920135895746,0.4087729039422543,0.475168756027001
2,2015,8,0.12604292880147155,0.1253771973753483,0.1266797690701388,0.12613787396243448,0.1506318694620636,0.1125150848299851,0.019365650797591706,0.04610573042776433,0.07835012112711973,0.13519320185986852,0.2599484415280056,0.415410199556541,0.4788317862802807
2,2016,8,0.12863373894079452,0.12866313145408875,0.1286056819007484,0.12880026422260754,0.1535676860055254,0.11426369623090935,0.020465402989674836,0.04573304898276971,0.07912836665166806,0.13390277204458134,0.25879198171267803,0.420256111757858,0.4789770264412657
2,2017,8,0.13145643303295587,0.13132921310283444,0.1315776896238589,0.1317425862153384,0.15416725294310774,0.11878109452736318,0.021550800502035693,0.045906132237067486,0.0782137242950178,0.13552706733515263,0.2597051493262366,0.4119445771619685,0.4760510353482535
2,2018,8,0.13422745808790212,0.13415268726614962,0.13429861692469136,0.13480789552226766,0.15766119713427318,0.11916286045401868,0.021293618068804233,0.04625101874490627,0.0773669449727604,0.1344046749452155,0.2625836544311499,0.41255723846424797,0.4689723320158103
2,2019,8,0.1368588099130165,0.1379466581763856,0.13582530597049652,0.13733430049500608,0.16002734731084778,0.12257804090419806,0.020275523214230182,0.047472586253008826,0.07639581657280772,0.13524485359928398,0.26218605742899614,0.407383100902379,0.4771974990805443
2,2020,8,0.1395754184662834,0.1406957133670634,0.13851203501094092,0.1402500711327495,0.1635290938569627,0.12327947336923997,0.020453254213749134,0.0472894272687943,0.0758292314126693,0.13430051146781613,0.26447657255317536,0.40175975516449886,0.47523907103825136
2,2021,8,0.14434163785066031,0.14605492167859216,0.14270725239248241,0.14509099825201097,0.16817715076565917,0.12716303122720943,0.02106328783227745,0.04765567520567186,0.07575163398692811,0.13495111168479137,0.2653307934647227,0.40631320427622075,0.4867171147963291
2,2022,8,0.14574652425631546,0.14758548433184113,0.14400243899684964,0.14601783685349187,0.1722041068123733,0.12962367320681892,0.020982700782740248,0.04689834361805781,0.07424818082297636,0.13374359635274027,0.2669116597688026,0.4078283677449728,0.48153967007069914
2,2023,8,0.14751790030555936,0.15003876060043694,0.14514056580783802,0.14800499996165672,0.17450980392156862,0.13091205620373855,0.02129503115939614,0.0471142893304645,0.07249657283131954,0.1318744785984727,0.2663229043272246,0.4107231920199501,0.4797856049004594
2,2024,8,0.15087830424504292,0.15378064004293399,0.14814774161681576,0.15099257001333588,0.1793499374109725,0.13555967841682126,0.021915473755964553,0.04741000877963126,0.07247541299736453,0.13160431932124952,0.26510927933782535,0.41069872800139395,0.4855114459576934
2,2025,8,0.1539947657504858,0.15735498839907192,0.15084151625334755,0.15416461310990637,0.18453246642142185,0.1355157278712509,0.02240340057837706,0.047971748234264644,0.07358666623765243,0.1288377192982456,0.2652930248268873,0.4150051056054173,0.47932011331444757
2,2026,8,0.15742484869425652,0.1613531581373905,0.15374738341353936,0.15797127657971277,0.18651484896121,0.13935607880826525,0.022283433979588232,0.0480490766979105,0.07404777275661717,0.13008103727714748,0.26596953093679004,0.41609044566698633,0.4792143145432531
2,2027,8,0.1608812192636569,0.16540163727670892,0.15665773968934119,0.1617029572311199,0.19023689877961233,0.1409085517732179,0.021923696937130574,0.049014434269750114,0.074746552791994,0.12830127687085824,0.2688817720843341,0.41534365924491773,0.48302808302808303
2,2028,8,0.1639783762358796,0.16854817537411393,0.15972140996331544,0.1644456389467476,0.19483459813005743,0.14434558651369703,0.02143377001455604,0.048993793492571,0.07684859439047219,0.12799481277354516,0.26873186835172896,0.414577422205684,0.48402948402948404
2,2029,8,0.16632876712328767,0.17103512582299496,0.16195179729058048,0.1668341035429643,0.19767247851839492,0.14538719759231392,0.02147329650092081,0.04888631761643043,0.0765291516905754,0.12753520217026224,0.2679387261488847,0.41370808678500987,0.4807337569174011
2,2030,8,0.17010477883053304,0.1752837755171398,0.16530054644808742,0.17006293410821108,0.20389114743217457,0.1509163802978236,0.021155927017648596,0.04917125272721352,0.07617026667511244,0.12854478811651984,0.26863296197216485,0.41777027611875706,0.4841202525680897
2,2031,8,0.17261946720311458,0.17811122509948932,0.16753029669870456,0.17278255863728284,0.20400247575820096,0.15368026786220987,0.021092747717153422,0.04986259643081813,0.0775201106083459,0.12837316885119507,0.2669790817712578,0.4159432387312187,0.4823912660679697
2,2032,8,0.17586834726326767,0.1819081908190819,0.17028883830667374,0.1751071318126261,0.2124543627189564,0.1572932500140742,0.020995481984889326,0.05089161844821169,0.07814702289598145,0.12888058740177766,0.26890841844525126,0.4152449203957816,0.4818733595800525
2,2033,8,0.17817555382089312,0.18395474645895532,0.17284831931469008,0.17727349529469671,0.21460366725201127,0.16169737576772752,0.020970504281636538,0.05091600414794331,0.07865133429160677,0.12713595538406666,0.2682687757723248,0.41674292762503484,0.4792115799199261
2,2034,8,0.18092948889914262,0.18762390099120793,0.1747736799283191,0.17973137436032785,0.21673837162107315,0.16418158638656394,0.02077635976906715,0.05084023164102746,0.07984649665758851,0.12643979057591623,0.26545737588412466,0.41899812441387935,0.4845976680581546
2,2035,8,0.1828426124197002,0.19010926333918607,0.17617037881355063,0.18160973429933996,0.21830445494567632,0.166143510105182,0.020582405854550997,0.05210909090909091,0.07932002591552773,0.12924568471389736,0.2619467227004677,0.41968011126564675,0.4801765105227427
2,2036,8,0.1850970663558547,0.19304738689983675,0.17781215741319426,0.18381646938102392,0.21881521913629795,0.17048318176837954,0.02051144423570908,0.05241486757177832,0.07919908959493126,0.13011359905443562,0.26664848092201726,0.4168101963486049,0.47678376469077133
2,2037,8,0.18809734844035325,0.19592343299268766,0.18094391300793067,0.18682921822766993,0.22152151353077354,0.17301396769969446,0.020679012345679013,0.052178834182229766,0.08051963968380416,0.13173771796061792,0.2629664876622935,0.42228593272171255,0.4809104704097117
2,2038,8,0.1900772645778195,0.19748749902117615,0.18331887976330152,0.1889173385765537,0.2222266354212178,0.17616326530612245,0.021374343001751995,0.051723479787761956,0.08112295488349033,0.13164465470793088,0.2625715453802126,0.4248071488581685,0.47818034494733186
2,2039,8,0.19192883975070435,0.1996013125328973,0.18494623655913978,0.19061057706440898,0.22392953073155317,0.17935077624579307,0.021441498150916675,0.05130769230769231,0.08262913781053434,0.13221107154418907,0.2617206051970961,0.4229971579998464,0.47917817298133214
2,2040,8,0.19382297149269284,0.2007790924807472,0.18750446123568582,0.19221777256602576,0.22317883398199473,0.18395843481084592,0.021652603088680146,0.05137629027213012,0.08324487760944385,0.13352455846332345,0.26284845413076535,0.41959828166724716,0.47967608764687203
2,2041,8,0.19626068089893658,0.20345993463315676,0.18973809159136162,0.1941109819226696,0.22681866259254907,0.18841050636339018,0.02182931249748278,0.05076303940710045,0.08342063907805133,0.13338655596359572,0.2642318997263421,0.4220519005563553,0.4814077025232404
2,2042,8,0.19790271243476118,0.2047881346366571,0.19167992818378424,0.1965042490815304,0.22623270317676866,0.18741879601559117,0.021542178377290114,0.051105690406686125,0.08387937951323883,0.1355576072076661,0.26406149470048423,0.4198342605921488,0.48281659496612767
2,2043,8,0.1996542783059637,0.20706556189441275,0.19296866224868023,0.19773636641357883,0.2297123730198887,0.19015188368196315,0.021339728477359564,0.05201894517138958,0.08463692875196394,0.13566642319540156,0.26543336058871625,0.4169951309993044,0.4834328645732999
2,2044,8,0.2008757113810205,0.20857996568922618,0.19394812385710053,0.19891519844387087,0.22989442633131502,0.19249054565099946,0.020930232558139535,0.05297319088893368,0.08418725435148793,0.1339735516372796,0.26521157211983937,0.4167504835589942,0.4854305256254099
2,2045,8,0.20329910480620322,0.21085533070201457,0.19651652143639733,0.20175755115541322,0.23045634152010536,0.1941374078890334,0.021905668971800074,0.05261037705446342,0.08492973439240915,0.1363522249419444,0.2665979381443299,0.4183262301433553,0.48632246793250883
2,2046,8,0.20529040301379517,0.21428980888068513,0.1972198803232506,0.20298834922075956,0.23288307466037078,0.1988778734066892,0.021958532156581227,0.05208795642525721,0.0849011625774746,0.13700772623478996,0.2687646329706652,0.41812854073061145,0.4903811416184971
2,2047,8,0.20663895448164793,0.21417544183045692,0.19989484102437213,0.2046622068997009,0.23484000463195276,0.19784054967826373,0.02325481981789424,0.05125705698387555,0.08518739734209348,0.13860152062819395,0.26713233249930496,0.41775639284467037,0.49165660090368185
2,2048,8,0.2089098904700773,0.2179919176480124,0.20079839493660412,0.20691370876996915,0.23558230143116152,0.2024311449378525,0.022862091361766618,0.05342945417095778,0.08376706645545749,0.1387653386328507,0.2721612603625606,0.4179127665359071,0.4911266113367473
2,2049,8,0.21078382919837896,0.2207126377851833,0.2019338623239583,0.20838536607927477,0.23817052948208708,0.20495458298926508,0.02287653722396086,0.05357662413234133,0.08393522390329203,0.14148929287701364,0.2711565226246648,0.41600649225180664,0.49298368707244344
2,2050,8,0.2125804350945354,0.22141458667948463,0.20472342422188625,0.21124432545687347,0.23825140828767652,0.20430166979984518,0.02278934407880009,0.05306105368874754,0.08452827271673173,0.14290861447756306,0.2688593232930371,0.42026475794658663,0.49244568293638696
2,1990,9,0.0904446624162171,0.08447437488555676,0.09646764228977238,0.08718412718929748,0.10314256312831473,0.10301979482733709,0.0214161121519478,0.0546355221290136,0.0843851424450054,0.13491695276978752,0.26025824964131994,0.3983651226158038,0.45220282626766417
2,1991,9,0.09500114447219928,0.08909181141439206,0.10094196535483356,0.09141441452771105,0.11009458830826485,0.10733983877810777,0.023511480088208588,0.059823083108982204,0.08503981797497157,0.1399005151891988,0.270075020839122,0.3995124593716143,0.47116843702579664
2,1992,9,0.0958404990235229,0.09003671399988344,0.10164845845806929,0.09180392253123543,0.1130110959112327,0.1101753417092365,0.023224668452342067,0.05924057536301043,0.08526555950549158,0.13869818371426088,0.2746155921230105,0.3984126984126984,0.47149894440534834
2,1993,9,0.09651441393473796,0.09122760249062209,0.10178696898915665,0.09246875487736064,0.11373134328358209,0.11195240670632775,0.023302770514051174,0.05820052788079249,0.08640086844962006,0.13839438548442315,0.2706296441141963,0.4020539152759949,0.45783926218708826
2,1994,9,0.09768395544992776,0.0926338241622542,0.10269647897786362,0.09327229720983325,0.1156162773615396,0.11583674547615903,0.022544718191022613,0.05728927140135339,0.08701070901033973,0.13633713667027567,0.27504714016341925,0.41555834378920953,0.43610421836228286
2,1995,9,0.09847578516698782,0.09379591536879224,0.10310439410728234,0.09371577454721527,0.11897873571531896,0.11610824742268042,0.022318682069861234,0.05641258809392355,0.08736162755908877,0.1347695390781563,0.27131876050924814,0.41662579695929375,0.46443514644351463
2,1996,9,0.09981366682194431,0.09536602957086188,0.10420524141860134,0.09504627848559596,0.1211667379831693,0.11656671664167916,0.02227791701475912,0.056289581123219856,0.08803466816467378,0.13608181012964007,0.27208480565371024,0.41794207676006595,0.45597667638483963
2,1997,9,0.10063643945046745,0.09603680113234253,0.10516595522258036,0.09602024282511708,0.12349841938883034,0.11302566574286059,0.02210138572180319,0.05548416115144895,0.08717651602935496,0.1366011628762788,0.2699801656749504,0.4148197895679427,0.46749576031656304
2,1998,9,0.10124013140920897,0.09635082115204333,0.10603994819006067,0.09675557346518694,0.12394638662429183,0.11266952590703605,0.022055190909732514,0.054126026694045176,0.08807346271098222,0.13373485729929505,0.2679081457785902,0.41120102214650767,0.47464167585446526
2,1999,9,0.10260670101788681,0.09772847332276809,0.10738613596901296,0.09834925593486889,0.1262030635759794,0.11049971925884335,0.022109203927385745,0.052847498142584874,0.08870938790163346,0.1328987284580133,0.27163592709811196,0.4073999191265669,0.4705564559697461
2,2000,9,0.10370591256233123,0.0999012205126488,0.10743151302523075,0.09935105230497386,0.1283603939313282,0.11182038300682369,0.021869351008400383,0.05247185511502692,0.08826702864501758,0.1314636817131038,0.26805627931214177,0.41147036181678215,0.46540880503144655
2,2001,9,0.10495015720587877,0.10044077497450742,0.1093521714698563,0.10095354194861411,0.1275626423690205,0.11248521346381331,0.021063474585301743,0.05108938180863631,0.08793469828313151,0.12880535055350553,0.26827812593255745,0.4209160022251066,0.47501237011380504
2,2002,9,0.1059322033898305,0.10147964282260405,0.11026574216421423,0.10193052541926065,0.1316241491189007,0.10947847682119205,0.02015327845586148,0.05092304161065023,0.0874054587306807,0.128454672545435,0.2646317829457364,0.422475106685633,0.4872389791183295
2,2003,9,0.10658716773166733,0.10176955592343175,0.11126545136721189,0.10364052128865145,0.1323980710214818,0.10022873778332293,0.01941641866879582,0.050679397723099526,0.08691686213187386,0.13002232142857142,0.26485195797516714,0.4161819143310418,0.4670846394984326
2,2004,9,0.10878732707778971,0.1044792620905329,0.11297000552045636,0.1060763334397956,0.1330721674726082,0.10365976271868088,0.01940331169304836,0.04967355455340917,0.0860672790705118,0.1335614810589857,0.26225874965370766,0.4220290824001337,0.4826086956521739
2,2005,9,0.10907357987037743,0.10541870396732067,0.11262439493701332,0.10681370618353682,0.13543599257884972,0.09989514822228576,0.01911844730636677,0.048453990626159085,0.08497248750869647,0.13392307015227534,0.26105379513633015,0.41599621391386654,0.4771871075763918
2,2006,9,0.11032062933937245,0.1068456253972097,0.11369038884812913,0.10876065687991716,0.1355882696576703,0.09870815138282388,0.018788847451607176,0.048199689252178615,0.08419141810897937,0.13609883072346404,0.26011920647629216,0.41341295360587965,0.48842683405256965
2,2007,9,0.11036111312940493,0.10680700925611539,0.11380578329112476,0.10949133572979997,0.13519840137025407,0.09689245810055866,0.01890378766933923,0.04793166973706247,0.08291645822911456,0.1336116080302127,0.2560817385663315,0.41206330247835177,0.4794007490636704
2,2008,9,0.11209406017920281,0.10871479508610858,0.11536473251086303,0.11149809560172466,0.1366553205736287,0.09736291335286731,0.018502379835087485,0.04838223976979958,0.08242773480316934,0.1354238456237078,0.25546786922209697,0.41133931154179926,0.4823241162058103
2,2009,9,0.1128465899330012,0.10983216783216783,0.115758189800743,0.11290469096326441,0.13814320718758508,0.09744271525768358,0.018568913078277575,0.04679522617150662,0.08171584459565395,0.13607127014638473,0.2544981726173742,0.4149911092873752,0.47791952894995093
2,2010,9,0.1141662451525881,0.11128365100523574,0.11694434879347336,0.1147497004274498,0.13876616809495929,0.09609815576893767,0.017873015873015874,0.04700978966753901,0.08043841138861768,0.13588338526557073,0.2516516913319239,0.41168847997926655,0.47772052137011217
2,2011,9,0.11607647923973301,0.11352040816326531,0.11853670641399036,0.11644017177090145,0.14075772578039503,0.0994740796393689,0.01766300015941336,0.046946676643784366,0.07948628948281847,0.136153979538755,0.25045338002626477,0.4068627450980392,0.4807692307692308
2,2012,9,0.1183526929905593,0.11533986814480002,0.12124637159957873,0.11915478978573729,0.14104854765429578,0.1009235315847802,0.01791262443725826,0.045740292056839764,0.07958346481539919,0.13733775013520821,0.24940257620796177,0.4092099000475964,0.4841312533620226
2,2013,9,0.12019286627163936,0.11770833333333333,0.1225754242217333,0.12107453975882934,0.14288579163742104,0.1026388686397434,0.017883050526714187,0.04494010192600437,0.07923755513547574,0.1370845172801163,0.25319887226198223,0.40433925049309666,0.47724383422323924
2,2014,9,0.12266853396142338,0.12076772934287573,0.1244890329012961,0.12312683716084,0.14728185936576718,0.10546762589928058,0.017939742467808478,0.04583989545287002,0.07718620340164065,0.1353395662900922,0.25662998833730544,0.407329261521377,0.4804725168756027
2,2015,9,0.1258483115382925,0.12472231852793508,0.12692543913524137,0.1260960787755682,0.15034135476686195,0.11038546177326614,0.01818633231953324,0.04539951573849879,0.07847762335840877,0.13634760301426968,0.2611670963206,0.4087583148558758,0.48381254244962646
2,2016,9,0.12877623850710018,0.1279780782990384,0.12953813364334327,0.1295268763933614,0.1515194817566924,0.11069076642847135,0.018400369856680535,0.04610541281608612,0.07983544385164235,0.1361254882037278,0.2634517320203974,0.4091438247433591,0.4759427828348505
2,2017,9,0.13118113800845463,0.13036392583585102,0.1319600439707499,0.1317833885524963,0.1560433375545237,0.11214759535655058,0.01934674135978204,0.04655704008221994,0.07866285970934522,0.13454337754648726,0.26350694884467535,0.4049689440993789,0.47772432545492577
2,2018,9,0.13385893369581633,0.13358277374433183,0.13412175307448326,0.13508215763618325,0.15618211231800325,0.11323198582043766,0.01978583297433688,0.04638685139907634,0.07843074046613584,0.13361069647791152,0.26294869194889475,0.4049841493483621,0.47944664031620554
2,2019,9,0.1362920450070995,0.13659964242854694,0.13599981385825305,0.1370553115509394,0.15865998176845944,0.11968514531754575,0.01980906179058992,0.04700454667023268,0.07858407079646018,0.1330072880705792,0.2642594476175573,0.3989335520918786,0.4746230231702832
2,2020,9,0.13934498874439435,0.1395673327752096,0.1391339398825291,0.13996554013467802,0.16321383534498288,0.12288051067225214,0.020326999558108707,0.0467236846484076,0.0782421259209214,0.13163058513204876,0.26621754598440694,0.393726090283091,0.48360655737704916
2,2021,9,0.1438577649794059,0.14445948559272867,0.14328375417963796,0.14452151766576235,0.16898075806955667,0.1250414373798316,0.020573443929201227,0.047488462310213364,0.0784967320261438,0.1299170673464778,0.27100886511832367,0.39764518925166137,0.482691998067944
2,2022,9,0.14571754765202574,0.14595437660729593,0.14549293707162295,0.14651589908014132,0.1714990746452807,0.12486330009649405,0.020719594816812473,0.046670997076973045,0.07704939146113722,0.13045719624963753,0.2711574140145569,0.40063218777321946,0.4835820895522388
2,2023,9,0.1478314406895608,0.14965115459606756,0.1461153326391812,0.1482273908942416,0.1774727668845316,0.12765023209133108,0.021128403372546407,0.0468927983799519,0.07539771097012785,0.13071937367644226,0.27032959375653265,0.4057356608478803,0.4762633996937213
2,2024,9,0.15142123539458652,0.15350063584287096,0.14946490313374677,0.15200609639931414,0.1799542452626581,0.13116883116883116,0.020586230402181323,0.04731594130189389,0.07559298065179662,0.13019025581694305,0.27078701645175635,0.40913051054190624,0.4776876267748479
2,2025,9,0.15425872468521493,0.1567169373549884,0.1519519257985151,0.15460439018842173,0.18470356745658312,0.1336869056327725,0.0209748789240793,0.04709669354334646,0.07497023713761704,0.12954721362229102,0.26752237797669315,0.4174235502767776,0.4708215297450425
2,2026,9,0.15771464238344163,0.16014292300599353,0.15544142083342324,0.15781304157813042,0.18982878021837957,0.13755406054781355,0.020588339160221774,0.04786223647743904,0.07514525500322788,0.12965964343598055,0.268107710811172,0.4179074345126937,0.4771962868290058
2,2027,9,0.16046032519604803,0.16277603247036163,0.15829673272629888,0.16056325355407594,0.19289725940627508,0.1400189775827304,0.020096722192369694,0.04907651715039578,0.07618085210418228,0.1286891870050105,0.2668468107819589,0.418054211035818,0.4735042735042735
2,2028,9,0.16417105234184043,0.16681315420000684,0.16170981976713275,0.16384092215577803,0.19906922141629282,0.14264809178178411,0.019759825327510916,0.05012224938875306,0.07671949133395733,0.12994002269411575,0.26743139151022044,0.42136843574119726,0.47085101630556175
2,2029,9,0.1674027397260274,0.170728101795522,0.1643101132626191,0.16733269335238393,0.20230249436889963,0.14376663965736775,0.020810313075506445,0.05039694018577443,0.07834218645631222,0.1306355767988632,0.2656879871002419,0.421463152232383,0.4713055954088953
2,2030,9,0.170317389360751,0.1740942973015837,0.16681378730559057,0.1703816816527431,0.2048452667385713,0.14621993127147767,0.021155927017648596,0.0506691849294995,0.07734211693165263,0.1301845540479712,0.26592394432968747,0.4234830779884013,0.47026670436339646
2,2031,9,0.17345450404775978,0.17725443333370913,0.1699331383201003,0.17324752387559597,0.2093253558902414,0.14902672947051812,0.0210550147158705,0.050160580074827,0.07893413775766717,0.1319390902081727,0.26256452051073076,0.4257095158597663,0.47235428772671245
2,2032,9,0.17590076340002053,0.17955670567056706,0.17252346356521467,0.17505559073438673,0.2127825409197194,0.15554804931599392,0.02145108014731007,0.050654755862349,0.0783975945124816,0.1322942161535489,0.26483661904923483,0.4202939859114785,0.4722769028871391
2,2033,9,0.17880003230061103,0.1830007407573683,0.17492783761134734,0.17800077870749248,0.21570629313513293,0.1576214405360134,0.021389153187440533,0.05081230556515728,0.0792137991375539,0.1312214260237995,0.2628608125464747,0.42366609636732583,0.4753618724976902
2,2034,9,0.18182013284544646,0.18564148513188106,0.1783062298526216,0.18033988768163756,0.2205942040750061,0.16196441438944625,0.020966271649954422,0.05172842576473514,0.07950606585788561,0.13141361256544504,0.2640360079867339,0.42185057830572054,0.48200662156326474
2,2035,9,0.18401498929336188,0.18789491931064561,0.18045244036433464,0.18275985846879647,0.22193949674865707,0.1639407456357729,0.0208110992529349,0.05138181818181818,0.08021472865825441,0.13124365399102553,0.2652680810682573,0.41875289754288364,0.48486082824168364
2,2036,9,0.18629469035538423,0.19015139656059216,0.18276077579582595,0.1853776523619306,0.2214239845882164,0.1658814506409554,0.021163209753479278,0.05119074115290452,0.0803986097868545,0.1314925471140587,0.266477989565929,0.4197573391510698,0.4823710744332413
2,2037,9,0.18769689138536783,0.19129452805295288,0.18440847028043497,0.18633071374112956,0.223277720124531,0.17017677869925796,0.02141203703703704,0.05021694019996227,0.08223543109259146,0.13100842007558178,0.2669431037998776,0.4160550458715596,0.47908952959028833
2,2038,9,0.19106441560659096,0.195954940543443,0.186604091210529,0.1894969296347109,0.2262382333081781,0.174421768707483,0.021607942378820324,0.050998205901439095,0.08301313832424392,0.1328273868191077,0.26611474516216954,0.4196899106392729,0.4857622410001158
2,2039,9,0.19325215572440876,0.19735029621582878,0.18952249910818936,0.19171296704588883,0.22622057197029546,0.17897079578764521,0.020969391769612086,0.05211538461538461,0.08256560137238707,0.1325348009064422,0.26806431915326684,0.4196942929564483,0.48635811333259693
2,2040,9,0.19506799540463277,0.19977996811782933,0.1907879307004395,0.19305853633353245,0.2274639304949483,0.18341722141040212,0.020697341187708964,0.05297935564591805,0.08324487760944385,0.13436251128013407,0.2693360364926508,0.41522504740895544,0.4855509685614481
2,2041,9,0.19664104143786998,0.20120590555618167,0.1925052330627457,0.19438499307566412,0.22909076663924471,0.18396967235310047,0.0211043537798542,0.053153763398015696,0.08168543740178104,0.1324604821970302,0.26987398222912934,0.4158269462708633,0.4867197875166003
2,2042,9,0.19837425383931154,0.20242905840124614,0.1947096747867956,0.19592533491668832,0.22958487624244786,0.1883391078388913,0.020132876988121603,0.05338505218538809,0.083010163145226,0.13304256470663142,0.27073245064508483,0.4148932031280395,0.487810908371656
2,2043,9,0.20042195225390144,0.20536765371728696,0.19596050360961065,0.19810146860493708,0.22998482076830265,0.19047619047619047,0.021177140069913017,0.052821706670948064,0.08272422979711729,0.13372923878179682,0.2700667756881984,0.4158744879820697,0.49003082257753805
2,2044,9,0.20139748044710767,0.20629636782967314,0.1969924504786131,0.19882542176336362,0.23183511877037727,0.19249054565099946,0.020318237454100368,0.053819794396291074,0.0819764177428411,0.13479219143576826,0.2692611276982738,0.41381044487427465,0.48945938349105217
2,2045,9,0.20343400441391515,0.20885902671625106,0.19856442182652237,0.20138920211086556,0.23239327496707213,0.19392067620286085,0.01954532278769307,0.053416048984853366,0.0827732451568846,0.13723090441222618,0.2699656357388316,0.4159628051142968,0.4889430371017425
2,2046,9,0.20469414857576496,0.2103802896025131,0.19959490859739673,0.202579815403238,0.233463637419205,0.19566401568798344,0.019255943583463535,0.053096631026830744,0.08350753658268237,0.13713284744596327,0.272035532295827,0.41508107052158627,0.48794255780346824
2,2047,9,0.20682394419839603,0.2127353164819466,0.2015340838797476,0.20443389118473024,0.23607519203304125,0.19800414439960737,0.01945026289915787,0.052881686365297914,0.08373152157682544,0.1382275956624704,0.2713024742841257,0.4196965581467541,0.49004607882610834
2,2048,9,0.20785009969681242,0.21427496207778973,0.20211181665873787,0.2055282113304603,0.23523511939204567,0.20045994633959371,0.019268239878761636,0.05161688980432544,0.0847853963943577,0.13936468881107852,0.2721612603625606,0.41814580339457025,0.48587321207840367
2,2049,9,0.2100589766399789,0.21696068607117056,0.20390719122595655,0.207375545380263,0.23940457367629478,0.20286264794935316,0.019085820073169658,0.05208030258946756,0.08659621379153044,0.13961312026913372,0.2701381581180624,0.4212234803107006,0.4874144886861954
2,2050,9,0.21248661714550612,0.21977326283456627,0.20600594338147124,0.21073992162340432,0.23940890500810247,0.2026982196173836,0.019565704051936424,0.05222412855170105,0.0872337958489545,0.13809367834916475,0.27132437360707773,0.42472870006926805,0.4908346758392476
3,1990,0,0.10860102991662579,0.10123903888018555,0.1160279961412943,0.10571964066438312,0.12071558616322331,0.11732408611472331,0.028910136313715355,0.07054527046572172,0.10746483952398125,0.16284680337756333,0.30014347202295555,0.4310626702997275,0.4704904405652535
3,1991,0,0.11346197864315356,0.1057468982630273,0.12121816875548815,0.10963693298288417,0.1295549697627539,0.12643190496393722,0.032429627707873915,0.07562672633823993,0.110580204778157,0.165482323680938,0.30466796332314533,0.4336403033586132,0.48330804248861914
3,1992,0,0.1146510430330059,0.10765554886458556,0.12165156875704677,0.11056972434276738,0.1328469372245022,0.12688112660499792,0.032370810740184226,0.07495398459336015,0.11052156841937709,0.1662466324845746,0.3030752630159158,0.4444444444444444,0.48346235045742436
3,1993,0,0.11608161557769833,0.10914560999295467,0.12299891756394918,0.11179811028537812,0.13701492537313434,0.12614926987560843,0.03247161629869915,0.07440446359961245,0.10944438961807955,0.1656110920917494,0.30673966888280535,0.4500641848523748,0.4888010540184453
3,1994,0,0.11685539866722587,0.11029618126368178,0.1233657703164463,0.11226567188768725,0.13912149258116643,0.12838462554484217,0.03142085723928451,0.07430523618684712,0.11092134416543574,0.16415424335804113,0.30559396605908234,0.4434127979924718,0.4795285359801489
3,1995,0,0.11828418524370085,0.1116294446076991,0.12486603331456286,0.11351033536620514,0.1419788803703168,0.13041237113402063,0.030589924123316698,0.07339807086486311,0.11193742787536863,0.16449565798263194,0.30242613499879895,0.4627268268759196,0.47997609085475196
3,1996,0,0.11977281685598595,0.11321673278038226,0.12624626121635094,0.11473443617189798,0.14705462844102124,0.1294352823588206,0.03004037872458925,0.07313466422348668,0.11303266190514405,0.16668008696352363,0.30247349823321557,0.45726395102425244,0.4868804664723032
3,1997,0,0.12058991353201949,0.11337579617834395,0.12769405000435577,0.11603000910039286,0.1475237091675448,0.1262802747318954,0.029433432731099808,0.07292938379489816,0.11189648512939358,0.16589386913961876,0.29658149574145376,0.4586971121558093,0.500847936687394
3,1998,0,0.12150191781764393,0.11516961216624423,0.1277183175403913,0.11711083762619937,0.14916401823960204,0.12530427726903906,0.0287599689462912,0.0729273613963039,0.11253624804818202,0.1636438299911026,0.2970410145093111,0.4478279386712095,0.5066152149944874
3,1999,0,0.1234282630145304,0.11703559804372646,0.1296914652063577,0.11894343821210403,0.15216212552528127,0.12689500280741156,0.028607755880483154,0.07213231256258681,0.11236761802189912,0.162912282966501,0.299137836952963,0.4565305297209867,0.5078336034575905
3,2000,0,0.12409091662110895,0.1177819819518157,0.1302687017394298,0.11929278374370247,0.15524354538195367,0.1277790006603566,0.029135504909084464,0.07110458476097242,0.1118652326755073,0.1626718578902543,0.29348619072433557,0.4455350269438029,0.5036687631027253
3,2001,0,0.1256590866622795,0.11983158448735239,0.1313478365577587,0.12097482359990495,0.15580865603644647,0.13065921066781375,0.02823855361773168,0.07077700485628036,0.11269268391405539,0.16034363468634685,0.28966477668357704,0.4529946226590024,0.5136071251855517
3,2002,0,0.12665755079975832,0.12075690661165017,0.13240046434286074,0.1223105469146067,0.1570710605000318,0.12831125827814568,0.02735594663638944,0.07095779912778306,0.11144360407760605,0.1603398214861813,0.29031007751937987,0.4445234708392603,0.5243619489559165
3,2003,0,0.12815640069363612,0.12182773750783522,0.1343020352103883,0.12474704549133883,0.15820129016095696,0.12268662923684757,0.028054003048559192,0.07057723767235335,0.1116106333072713,0.16086647727272727,0.289207258834766,0.4463246959280804,0.5109717868338558
3,2004,0,0.1297558470659633,0.1241115709005907,0.13523584616328282,0.12673666560204408,0.15853583889330966,0.12326563442589986,0.028010795827558537,0.06926028134885913,0.11077681400633742,0.16284043918437188,0.2908855850032321,0.4435901721544376,0.5043478260869565
3,2005,0,0.1311094166984369,0.12570402921334406,0.13636090315985688,0.128662859393462,0.16093123466395357,0.12077018396721,0.027172138581534555,0.06750514212496207,0.11077730693820757,0.16490625825191443,0.2927413411938099,0.4369774412367881,0.5215571368773545
3,2006,0,0.1327438243094252,0.1272735526435251,0.13804842259721203,0.13100825454580645,0.16269423998130622,0.11972343522561864,0.026957911561001597,0.06569614267378233,0.11220306093705987,0.16539271991075485,0.2922337870296237,0.4438830194457204,0.5268732836406433
3,2007,0,0.13339388214778755,0.12802078566261682,0.1386015366785423,0.13220718370908538,0.16420211247502142,0.11740572625698324,0.026610450649709703,0.06514821637916597,0.11196223111555778,0.1650168952494534,0.2881122283490107,0.4401313825022395,0.5284644194756555
3,2008,0,0.13470031097794755,0.12983413451128145,0.13941011275201542,0.13425775029567064,0.1638859438647397,0.11753871912934283,0.026379298786619293,0.06410814066316459,0.11123986095017381,0.16574776016540316,0.2878617061255167,0.4473531964130749,0.5127756387819391
3,2009,0,0.13499398728740766,0.13055944055944055,0.13927727119216482,0.13546019403364704,0.16651238769398313,0.1130836005317901,0.026188570513846647,0.06204676270690384,0.10993697281364648,0.16527428655921927,0.28900759066629184,0.44056900560798795,0.5263330062152437
3,2010,0,0.1374945203169786,0.1330649040113235,0.14176356845813579,0.13834886341280203,0.16905306861127375,0.11324493217497333,0.027079365079365078,0.06297050176084779,0.10890995559194985,0.16596826761219155,0.2879889006342495,0.4430478165090061,0.5198545013640498
3,2011,0,0.13968841298257056,0.13542118975249676,0.1437956299711364,0.14032374927103397,0.17046224399395488,0.11765589782118707,0.02665391359795951,0.0631161141295507,0.1073490896469029,0.16812900988382173,0.284722656494278,0.43799019607843137,0.5272675086107922
3,2012,0,0.14179392938802518,0.1382741143904037,0.14517454853708034,0.14233973828781377,0.17223952218081576,0.11976357591429627,0.026662862215458754,0.062274900137515556,0.10678447459766488,0.168401838831801,0.2858308562102932,0.43610185625892434,0.5285099515868746
3,2013,0,0.14398487019609363,0.1410733122362869,0.14677692638393647,0.1442904347079775,0.17301714629499648,0.125601399620936,0.02706112407746168,0.06234694552915481,0.10759294265910523,0.16718429921363906,0.28735632183908044,0.43879800440886413,0.5105517416730231
3,2014,0,0.14651473677509708,0.1441249186727391,0.14880358923230308,0.14709993307863684,0.17554658262753595,0.12510791366906474,0.027097137142142767,0.06373353885333244,0.10499477401577297,0.16592001038826126,0.29065463211804676,0.44031093836757357,0.5120540019286403
3,2015,0,0.14983018074293572,0.14798977875367567,0.15159071367153912,0.1501617473731725,0.1795865007504963,0.12983601902463263,0.027248463782508846,0.06288673661555018,0.10528496748693102,0.16786916786916786,0.2962268572767753,0.44135254988913525,0.515961059542676
3,2016,0,0.15228247131421774,0.1501154441427955,0.15435103780667975,0.1527702089009991,0.18024197389730398,0.13366960907944514,0.02764678687008784,0.064181984360719,0.1035868097962332,0.16841837868732734,0.2960699841744329,0.439940734469256,0.5130039011703511
3,2017,0,0.15491768678767412,0.15371886321754064,0.15606031639822204,0.1556364348549885,0.18244922846020356,0.1361249309010503,0.02715278415526372,0.06382322713257965,0.10371819960861056,0.16776670686044298,0.2956955181007899,0.44070711896798853,0.5105626437983686
3,2018,0,0.15836278507778281,0.15764303590455186,0.15904776503047954,0.15899136074341166,0.18594869424543564,0.14077305883154953,0.02750938519293495,0.06496196685683238,0.10357499758228297,0.1677517705719821,0.2967755019265869,0.43967946460021134,0.5140316205533597
3,2019,0,0.16098509706594757,0.16058876833778257,0.16136162687886826,0.16135923413549297,0.18801276207839562,0.14531754574811626,0.026899275429921946,0.06535838459481144,0.10230088495575221,0.16900012786088736,0.2976292934825131,0.4372436423297785,0.5075395365943361
3,2020,0,0.16391825062481905,0.16286293209090136,0.16491995853967523,0.1642534222756157,0.1932534678436318,0.14608684088037768,0.026513477684489615,0.0661918865852441,0.10224238329633561,0.16855920481230097,0.2980849292256453,0.4337413925019128,0.5039275956284153
3,2021,0,0.1685411823020547,0.16846354670276542,0.1686152427072524,0.1686928047709818,0.19746417250770124,0.15295365643439635,0.02752922735288355,0.06561434017791452,0.10130718954248366,0.16770466939881892,0.30570005128580846,0.430728113262063,0.5074867171147963
3,2022,0,0.16862065568260187,0.16770644823316505,0.1694876977450571,0.16880418372270387,0.20000881290208866,0.1510453522032808,0.026836808524633295,0.06303994803507633,0.10003863738811257,0.16734864838740857,0.3010560867703725,0.43284686260004035,0.49709347996857817
3,2023,0,0.17140967756647058,0.17217928539547558,0.17068388754735372,0.1713867224944594,0.2054901960784314,0.15286664157571195,0.027060352584396975,0.061859258321731427,0.09988204163611439,0.16710517872040043,0.30377674029684343,0.43453865336658354,0.5009188361408882
3,2024,0,0.17523102851519642,0.17572596922287168,0.17476538060479666,0.17515717279481807,0.2102559675400354,0.15670995670995672,0.027811860940695297,0.06268029599899662,0.09924792697820917,0.163420748168145,0.3044772035434552,0.4438636231631527,0.500144885540423
3,2025,0,0.17906524840220603,0.18071925754060325,0.1775131180735483,0.1792015771315919,0.21447514757464284,0.1598390636430139,0.02846590711125048,0.06328520532533283,0.09839441423469224,0.1636029411764706,0.3059618307718291,0.44606868382866666,0.503257790368272
3,2026,0,0.18247528394208584,0.18374827109266945,0.18128358402209802,0.18211341682113416,0.21999405191825636,0.16452426717924076,0.0281456368965639,0.06548749727524679,0.09832149774047773,0.1631766612641815,0.30616063076306294,0.44662595265734617,0.5045069285618189
3,2027,0,0.18570289309290683,0.18755302804466967,0.18397429030530263,0.18537430268130287,0.225750601748237,0.16237694223698257,0.02862260433458714,0.06549743908117336,0.10004237702513284,0.16162922256343948,0.30527755537763546,0.4473862536302033,0.5079365079365079
3,2028,0,0.18924096624314624,0.1910692067985435,0.18753788080174386,0.18882841720979193,0.23055637080206282,0.16617888082416296,0.028347889374090246,0.06617139991223121,0.0997966626859891,0.16268438969038743,0.304044816432692,0.45164891390297224,0.5079294170203261
3,2029,0,0.19284383561643836,0.19475557476035069,0.1910658953669138,0.19226218382336527,0.23366980895970635,0.17033221437666396,0.02847145488029466,0.06698164754282776,0.10060752568465918,0.1621883477586875,0.3083848427841978,0.4496593150439304,0.5063537610166018
3,2030,0,0.19518191829213777,0.19675102521693816,0.1937263556116015,0.19440635123014313,0.23487928316601675,0.17508591065292095,0.028581023096153128,0.06646260054055814,0.1023943751187686,0.162336827213684,0.3030036233110968,0.4475028131221328,0.5113561398548676
3,2031,0,0.198901438540746,0.20147007429286495,0.19652110321771835,0.1980309091177469,0.24027233340210438,0.17717496169343397,0.028903478982718285,0.06704631990199648,0.10124434389140272,0.16094834232845026,0.30603096984515077,0.4520450751252087,0.5120619827434407
3,2032,0,0.2017418270815212,0.20416291629162917,0.1995052643613649,0.2012310954688029,0.24342618041596586,0.17750380003377808,0.02760165533999013,0.0673704869218015,0.1013248974222445,0.1617609171711967,0.3057921346408334,0.45429374160185676,0.5082020997375328
3,2033,0,0.204473634626255,0.20718759119172148,0.20197192133006403,0.20329407961916796,0.24662065585821047,0.18403126744835288,0.02797335870599429,0.06806083650190115,0.10180613711643022,0.16076002723647093,0.3065301155952139,0.451716866271436,0.5112411456729289
3,2034,0,0.2071981199901278,0.2095424763398107,0.20504238030011226,0.205633513687884,0.2501420569851449,0.1871293165567319,0.02772713460954117,0.06707642022240382,0.10537880663530577,0.1613547120418848,0.30248062540187487,0.4531884964051266,0.5130272059881963
3,2035,0,0.21003747323340471,0.21271122940827808,0.20758243225203576,0.2087658508354883,0.25097944181913645,0.1903739192686822,0.028510443665192866,0.06749090909090909,0.10511214636102799,0.16032884609085848,0.3034637022978377,0.4541415546283418,0.5173116089613035
3,2036,0,0.21271192330929176,0.21548851667151195,0.21016772025450037,0.21150731117381905,0.2524482260394927,0.19305357729812644,0.02840930874515968,0.06799465835744492,0.10709562328914587,0.16054895265611663,0.3012923244791489,0.4565009377272553,0.5186564767837647
3,2037,0,0.21530707046976283,0.21808403586842282,0.2127687842367754,0.2138071080875022,0.25484952502594393,0.19789393278044523,0.02943672839506173,0.06719486889266177,0.10748207610760463,0.16296492740171054,0.30218883828427706,0.4551987767584098,0.5193930197268589
3,2038,0,0.218016306667805,0.22133724117100892,0.2149875019129725,0.21595269363110128,0.2573380466298606,0.20364625850340137,0.029044189215495425,0.06756498835744551,0.10935176003966286,0.16436690978382285,0.30260288907059146,0.4580691972809898,0.5170158583169349
3,2039,0,0.22014001536754033,0.22294020807902076,0.21759160169189218,0.21831731193226916,0.25746563438141884,0.20459233525132994,0.0279723030922968,0.06776923076923078,0.10960035580405363,0.16503722887665911,0.3034127145667956,0.4585989707350795,0.5164034021871203
3,2040,0,0.2219722674931203,0.22466826825927838,0.21952338707210375,0.22007360370526066,0.2592679954397138,0.20701412566975158,0.027583187390542906,0.06783703472005005,0.10881662324294766,0.16775170813458812,0.3026186855887819,0.4564805139517783,0.5173070816132106
3,2041,0,0.22374306913454584,0.22616927758368083,0.22154490223107162,0.2217638912546008,0.2599208681004427,0.21012726780395344,0.02686374803657014,0.0668207355460812,0.10882661079099004,0.1665336100910107,0.3029494239670259,0.4588958487336109,0.5169067320461743
3,2042,0,0.22510743642228676,0.22815314806871798,0.22235483739339781,0.22269640405239916,0.262054180471643,0.21291684711996536,0.026172740084558083,0.06770104370776182,0.11062449852901846,0.16631116487854572,0.30246181978260134,0.4551608761623157,0.5193591455273698
3,2043,0,0.2271563316995657,0.23100606719188627,0.2236835387458773,0.22477628176947895,0.26372942046471803,0.2157180692935517,0.02674579302495732,0.06670948061330978,0.11141471411981693,0.16653434532693956,0.3026369582992641,0.4561017080145297,0.5202273165093431
3,2044,0,0.22804535625531183,0.23132505481770982,0.2250962844913012,0.2257359817454083,0.2635072193758733,0.2165316045380875,0.026805385556915546,0.06797016730497883,0.1087871982032566,0.1681675062972292,0.300044613747898,0.45427466150870405,0.521174927386864
3,2045,0,0.2301765026467303,0.2343090506718989,0.2264670646419758,0.2274968803091125,0.2652436662276284,0.22187906371911573,0.026253675100418237,0.06824041250402836,0.10976530208820041,0.16967928199334714,0.30054982817869413,0.45462998837659824,0.5235621350742494
3,2046,0,0.231861668970377,0.23716221638787935,0.2271082231498427,0.22919503707066122,0.26620737701745556,0.22317245887351564,0.02647692242726236,0.06802501513011902,0.10972970990574687,0.17144733961024744,0.3027819859523482,0.4543465520609494,0.5223085260115607
3,2047,0,0.23377803410339837,0.23834650567985438,0.22968988411893274,0.2311848824554594,0.26803566603620643,0.2242883629621551,0.026717394092249817,0.06815320255066813,0.10799611766462595,0.17456063816527484,0.302613288851821,0.4568701253346785,0.5228380977944795
3,2048,0,0.23576520717817048,0.24105788492490823,0.23103812025565185,0.2327176417455737,0.26995332330363,0.22953512566391063,0.026845637583892617,0.0670648815653965,0.1090744512333107,0.17567269171319516,0.30212239001066354,0.45690760088554006,0.5254282182588734
3,2049,0,0.23846550909909614,0.24388851343478363,0.23363175605500394,0.23572761050213528,0.2712197755582122,0.2332507569501789,0.027681050822056685,0.06654474417058065,0.11001292480802859,0.17736300705182118,0.30455887844122337,0.45553966843142557,0.5288545869145764
3,2050,0,0.24005805675434047,0.24643305157273995,0.2343881966529378,0.23796220851278468,0.27015973454741876,0.23355081278336834,0.02775912245354824,0.06678662593631,0.10934178487226066,0.1748444153291844,0.30738839737961776,0.45747710305549144,0.5279313798058083
3,1990,1,0.10883603073401994,0.10182905739455962,0.11590484595964778,0.105655011956311,0.12166547930024539,0.11978037855801185,0.02910394728341624,0.07061758750361585,0.10764514965741075,0.16284680337756333,0.3005738880918221,0.4310626702997275,0.4779717373233583
3,1991,1,0.11340226705014779,0.1061439205955335,0.12069928953460525,0.10985072374460807,0.1282369359590634,0.1253005232640362,0.031391879621221946,0.07426313765252963,0.1093287827076223,0.1688577011902647,0.31105862739649903,0.4355362946912243,0.4802731411229135
3,1992,1,0.11400977448722807,0.10722819013578352,0.12079623653823723,0.10968605022214585,0.13125094999240006,0.1304707993925169,0.03175017965636637,0.07345422319176495,0.10935427388974372,0.1683323194577214,0.30590774210952254,0.4357142857142857,0.4883884588318086
3,1993,1,0.11572031642199741,0.10878382238132414,0.12263810554701,0.11165404055562893,0.13335820895522388,0.1292590589507842,0.03243851577240078,0.07250008352544185,0.10954307707490378,0.1684354673057172,0.30608786338156696,0.4459563543003851,0.4927536231884058
3,1994,1,0.11624027214688476,0.10992197878271932,0.12251151389095231,0.11188909940336797,0.13603643308359042,0.12957337207766478,0.031083361457981774,0.0725970698377242,0.11032127031019202,0.16573665361872242,0.3073538654934004,0.43914680050188204,0.47518610421836227
3,1995,1,0.11793715011095991,0.11236409050837497,0.12344916531943108,0.11326823532124371,0.14046000289309996,0.1306701030927835,0.03048738806480279,0.07170926569452113,0.11223661153139292,0.1650801603206413,0.3059092000960846,0.45414418832761155,0.48535564853556484
3,1996,1,0.11842010964990862,0.1127659574468085,0.12400299102691924,0.11354635769082803,0.14156325773784054,0.13180909545227387,0.02941381230854915,0.07155945607098081,0.11210978252146697,0.16732426121265803,0.29964664310954064,0.4494937603013892,0.47988338192419827
3,1997,1,0.12004564807093009,0.11459660297239915,0.12541162122136074,0.11519765609393381,0.14534597822269055,0.1307386432100253,0.02936326960182424,0.07113024481141168,0.11062186172267284,0.1667770663133878,0.3049819157624548,0.4477277815088426,0.497456189937818
3,1998,1,0.1210031132286417,0.1159334745321343,0.12597995773399687,0.11645737810257137,0.14550227995025564,0.13063637417410456,0.02805420283717976,0.07048896303901438,0.1120529407390884,0.1630962973102457,0.30789443619330514,0.4452725724020443,0.4933847850055127
3,1999,1,0.1219355872456337,0.11746161580014655,0.12631895285160946,0.11740288639500177,0.1468754236139352,0.13015160022459293,0.02737161828070919,0.07054947184804729,0.11050080775444265,0.16271864713096237,0.3023027392775292,0.44723008491710475,0.49648838465694217
3,2000,1,0.12318804565710784,0.118753034539336,0.12753086217354953,0.1191244990902111,0.14685919616715465,0.12843935725291658,0.026867047105944068,0.0704193179964105,0.1107166475235808,0.15950845601654703,0.3000521104742053,0.4468822170900693,0.4989517819706499
3,2001,1,0.12520412391235466,0.120752606822144,0.1295496507987477,0.12103680899201422,0.1515131793036121,0.12797074954296161,0.026888786274997335,0.06975981099881874,0.11141093533915741,0.1602859778597786,0.2994131105142743,0.4492861116261821,0.5007422068283028
3,2002,1,0.12671319998728017,0.1226588440088972,0.1306591786151288,0.12287834850850689,0.1535721101851263,0.12727649006622516,0.027001135395969343,0.06902318260812539,0.1100295955277869,0.1623292827185719,0.2983527131782946,0.45003556187766713,0.5095127610208817
3,2003,1,0.12827517400289806,0.12374033655314293,0.1326788612810588,0.12560709082078678,0.15275255213878625,0.12175088375961739,0.026856354794222253,0.06890795579741595,0.10906958561376075,0.16132305194805194,0.29770773638968484,0.4581350255596686,0.51589789520824
3,2004,1,0.12937460124799652,0.12483810847521876,0.13377905906888302,0.12713589907377834,0.15443471873661016,0.11984717474361552,0.027171930848347802,0.0670391061452514,0.10834426911628205,0.16117686201815676,0.29596453966201863,0.45428714691626276,0.5182608695652174
3,2005,1,0.13111704155547083,0.12664789255431083,0.1354589459126304,0.12952934226073257,0.15524567598300318,0.1201029453817558,0.026809359695265735,0.06595407492328961,0.10894314085130605,0.16411407446527596,0.29412306558585116,0.45433033601514433,0.5249058183340309
3,2006,1,0.13159659107839924,0.12701631207820113,0.13603815113719736,0.1304082758353736,0.1573197803481715,0.1180858806404658,0.025324098739122714,0.06556103492535297,0.108134330693875,0.16485559641366773,0.29552530913619784,0.4470984535293217,0.5194193801490781
3,2007,1,0.13231853520308073,0.12807983584050547,0.13642672160936314,0.13221666840552768,0.1560376819868684,0.11592178770949721,0.02464058612109483,0.06424384525205158,0.10733491745872936,0.16378453587755915,0.2903827440804411,0.45058226336219764,0.5348314606741573
3,2008,1,0.13349331894409497,0.13028163931113132,0.1366017911782376,0.13347550357132879,0.15797109536298198,0.11820845542067811,0.024837433800362,0.06404122193595878,0.10676145438601986,0.16345049391224442,0.2890642615558061,0.44995660977726354,0.5292264613230662
3,2009,1,0.13384641814121284,0.13013986013986015,0.13742654508611957,0.1346153846153846,0.16101279607949906,0.1133182138109017,0.024203617736513527,0.06311989853988488,0.10601737167225864,0.16202129232589088,0.28640708462187237,0.4542470250307755,0.530258423290808
3,2010,1,0.1356668352722981,0.13243276670010581,0.138783672820703,0.13659614043245757,0.16287858625645393,0.1150739216582838,0.024793650793650795,0.062065846014668344,0.10531951749551195,0.1632463020665449,0.2869318181818182,0.4460282493196838,0.5234919672628069
3,2011,1,0.13789156345873568,0.1344577724706904,0.14119659905703502,0.13903370031986145,0.1638959820730627,0.1163786626596544,0.025219193368404273,0.062432898461138045,0.10532958884225806,0.16584012484827468,0.2797198424113564,0.4383578431372549,0.5281285878300803
3,2012,1,0.14070638180781855,0.1378461867636636,0.14345346656734054,0.1416432321367938,0.16759405788963194,0.11976357591429627,0.024507006530974575,0.06286425250474756,0.10523824550331334,0.16623850730124393,0.2831497348021216,0.44038553069966685,0.5303926842388381
3,2013,1,0.14330712727366612,0.14125791139240507,0.14527223528816732,0.14408445264558212,0.1702597011932217,0.12305000728969237,0.025263357093294643,0.06274405983188829,0.10570258349086327,0.16497059406594858,0.2830730860984602,0.44831186912634874,0.5268243071446733
3,2014,1,0.1452988732573684,0.14327911515940142,0.1472333000997009,0.14593939804657388,0.17318298207602914,0.12438848920863309,0.02547193399174897,0.06329792581174815,0.1034744876951826,0.1637774315024023,0.28781501952233657,0.4410882842865075,0.5209739633558341
3,2015,1,0.14806606942186118,0.14642320582456952,0.14963763665397373,0.148414708562162,0.17595506706047548,0.1296940441541847,0.025665694246167214,0.06342480495022867,0.10244804284074971,0.1648548981882315,0.29214905085540194,0.44212860310421287,0.5198098256735341
3,2016,1,0.1509628014175609,0.15055946007662446,0.15134781660975077,0.1512179010816613,0.17862246356101744,0.13352949418523188,0.02638310987825551,0.06313259537591821,0.10394034839622035,0.16343314387324168,0.29360822929488306,0.4427981797015557,0.5203727785002167
3,2017,1,0.15360850600449036,0.15277864834710225,0.15439946470391436,0.15395537856408414,0.18019792692650438,0.1372996130458817,0.0263262619769186,0.0644398766700925,0.10221038786051137,0.16319730913244906,0.2962024247032484,0.4354515050167224,0.5166283204350555
3,2018,1,0.15699139102854553,0.15635453576826822,0.15759748145877303,0.15717639087191151,0.18493182343425005,0.14077305883154953,0.02674010708351283,0.06261885357239881,0.10238225718061958,0.1662908501921428,0.29539647130399516,0.4333392039450511,0.525098814229249
3,2019,1,0.15984560130773545,0.15985403247532512,0.1598375913257946,0.15998820275322231,0.18751139471285325,0.1445102260495156,0.02749012656653295,0.06355308906124632,0.10217216411906678,0.1656437795678302,0.2947343713324466,0.4291222313371616,0.5307098197866863
3,2020,1,0.16244113702296617,0.16255960397481165,0.1623286882413912,0.16287818911827004,0.18915510718789408,0.14542190305206462,0.027555078593523137,0.06332989450564079,0.10182414824823859,0.1660501174124232,0.2935432594050413,0.4290742157612854,0.5167349726775956
3,2021,1,0.16653488015295104,0.16686811061690196,0.16621699527268535,0.16689735903378128,0.19331220143756417,0.15063316316382683,0.027725164914114035,0.06467794796334693,0.10137254901960785,0.16618800219432703,0.29617554399589713,0.4253106038717134,0.5174690066011914
3,2022,1,0.16800055635080235,0.16900419087532145,0.167048700895428,0.16820495260626625,0.19806997444258395,0.15040205853972338,0.027757679405380518,0.06297499188048068,0.10081138515036384,0.1637078325869124,0.2971314399885828,0.4288788755128119,0.5167321288295366
3,2023,1,0.16986477858348156,0.17132185393126453,0.16849066217683156,0.17045114684703339,0.19982570806100217,0.1516748212269477,0.028026793748125438,0.061859258321731427,0.09822424841393822,0.16412115767182187,0.296808584767612,0.43129675810473816,0.5157733537519142
3,2024,1,0.17386804510852968,0.17565596817285592,0.17218593930080675,0.174113164412269,0.20516251564725688,0.15670995670995672,0.02791411042944785,0.06352690329863289,0.09956932570547021,0.1617495822085101,0.29818380818825463,0.4373584248126851,0.5098522167487685
3,2025,1,0.1773972525806198,0.17935034802784222,0.17556445818546015,0.17778367517155097,0.20878603815553085,0.15910753474762254,0.028047803212431624,0.06259766235389712,0.09852311850445639,0.16115196078431374,0.3004897821313967,0.44150051056054174,0.5111898016997167
3,2026,1,0.18081454318483264,0.18310281235592438,0.17867239258507953,0.18084753680847537,0.21617028508306071,0.1604396924555502,0.02849878165059858,0.06321427459284402,0.09880568108457069,0.1612641815235008,0.29847654683950287,0.4461212335335386,0.51109915242836
3,2027,1,0.18465065792388463,0.18668164828361117,0.18275307980717728,0.18451202687301302,0.22030319665554665,0.16546079943067252,0.02787032061615619,0.06450411299084277,0.10004237702513284,0.16201713269759171,0.29923939151321055,0.4470474346563408,0.5126984126984127
3,2028,1,0.18805187941778786,0.18990491627381373,0.18632569514594077,0.1879997312369818,0.22493815772923567,0.16787637555607587,0.027838427947598252,0.06601466992665037,0.09989348997837524,0.16093370076187388,0.3014438627496749,0.4469510209777199,0.5116149207058298
3,2029,1,0.19246027397260274,0.19507397004810043,0.19002950538817034,0.19201660973812873,0.23008258947192792,0.1726472971408728,0.02707182320441989,0.06759232475171151,0.10105283246922613,0.1622852344658313,0.30401773716742814,0.4519903173749328,0.5073785611805698
3,2030,1,0.1948057612002137,0.19675102521693816,0.1930012610340479,0.19425809655826778,0.23305401144943166,0.17605956471935855,0.02701391739114212,0.06897000879221075,0.10090580857667701,0.16269050221850684,0.3036470150011852,0.44624772786289274,0.5058901140326076
3,2031,1,0.19829413901736767,0.20095148980305064,0.19583159214375262,0.19762498708429893,0.23626985764390346,0.18029623744395892,0.027394158931401402,0.06866867529715591,0.10124434389140272,0.16377537907992804,0.3030426514534094,0.4521702838063439,0.501144567705582
3,2032,1,0.20152571950316867,0.2033190819081908,0.19986904056624363,0.20084821888759627,0.2423185789883907,0.1807127174463773,0.027108090664034322,0.0694007376577674,0.10166943339493219,0.16240499806775732,0.3044009365138611,0.4510362799788265,0.5084481627296588
3,2033,1,0.20532960081828214,0.2091292733843633,0.2018270792596501,0.2039993241406669,0.24662065585821047,0.189000558347292,0.026679352997145574,0.06916695471828552,0.10243109805637148,0.16332155247884309,0.3061245183532752,0.45569569888194805,0.5092392978133662
3,2034,1,0.20709617881555087,0.2104720837766702,0.20399188440425553,0.20597809352043286,0.24583975972075656,0.19139737265118342,0.026739592828927378,0.06785803105126656,0.1032743253280515,0.1637434554973822,0.30234525703069476,0.45201625507971244,0.5140348351806535
3,2035,1,0.20957173447537472,0.2121296845118937,0.20722302660628653,0.20771095987751545,0.2502120441051739,0.19560548488352883,0.026566549778929714,0.06901818181818181,0.10443340634930429,0.16111493236382693,0.3051582728936488,0.4507417709782105,0.5144602851323828
3,2036,1,0.21230558659516566,0.21563387525996824,0.2092558630369968,0.2104885110125701,0.2523679563332798,0.19831269858661116,0.02729747345013994,0.06925587951628459,0.10475809676129548,0.16084444152603586,0.30582739455109625,0.45083629961342675,0.5187206987348275
3,2037,1,0.21439936781179586,0.21752498937811668,0.21154239228190663,0.21248020643950502,0.2551289215294963,0.20024006983849849,0.028665123456790124,0.06813808715336729,0.1062565108156137,0.16216932970894385,0.30218883828427706,0.4503058103975535,0.5204248861911988
3,2038,1,0.21693310851190983,0.219737563343886,0.21437535071162578,0.2149475800239173,0.2559081701553005,0.20522448979591837,0.02842125754331322,0.06817574531434897,0.10699677739216658,0.163939812077009,0.29991142000545107,0.45623615672496753,0.5177682602153026
3,2039,1,0.21959041236233245,0.22259303640822908,0.21685776894460582,0.21713408001881412,0.259006162110918,0.21012919335577027,0.027932960893854747,0.06853846153846153,0.10902852786072813,0.16568468760116542,0.2996471945179456,0.4560258084338275,0.5193858389484148
3,2040,1,0.22140051831467578,0.22466826825927838,0.2184322962872322,0.21928446578312719,0.2589928057553957,0.21080261947285814,0.029095685400413948,0.06838442289646543,0.10958860046961948,0.16462549954879463,0.30133468491299203,0.4565192151399048,0.5147136657139832
3,2041,1,0.2242520022500201,0.22794996055449115,0.22090161842038086,0.22171945701357465,0.2609002232929839,0.2167343623070674,0.029159450642393975,0.06845439693987329,0.1106600314300681,0.16493693118313907,0.3019020912868678,0.4578064817336498,0.5194606190622126
3,2042,1,0.22527354759888973,0.2281644355148204,0.222660872403803,0.22243663487586746,0.26170337166244395,0.21870939800779557,0.028830279846990135,0.06790098772343743,0.11079165552286707,0.16545159339085033,0.3013443500050794,0.45652258491226705,0.51837017257578
3,2043,1,0.22726906703457753,0.2312664131123789,0.2236631166205467,0.2245378476853266,0.2631066827540575,0.22231230744284092,0.028778148118039183,0.06887693666211768,0.11073160735022884,0.1668201594207501,0.30195557372581083,0.45652677950382564,0.5171932190329416
3,2044,1,0.22940088001463105,0.23352912439359683,0.2256888044377701,0.22676841357124153,0.2655643533612793,0.22198811453268502,0.02835577315381477,0.0695424309614997,0.11233155530600786,0.16841939546599496,0.30134870791722435,0.4576402321083172,0.5184109435022956
3,2045,1,0.23047867776800504,0.23486801578791267,0.2265387411556302,0.22766226151278698,0.26574726892383976,0.22307108799306458,0.029028117106298396,0.06880438285530133,0.11389857312295583,0.1676081089562543,0.3016151202749141,0.45625726462611393,0.5168038251114891
3,2046,1,0.2320513862915684,0.2357291081480802,0.22875326437868848,0.22917234074746556,0.26636219375314474,0.22649526092166902,0.028546091803555593,0.06988097639701432,0.1122235669490593,0.16928899871750758,0.3021966671257403,0.45450283258448915,0.5202312138728323
3,2047,1,0.2338814107098164,0.2378626235627549,0.23031877603200132,0.2305912615965357,0.2689234569807388,0.22935979932380848,0.028256315991963408,0.07111815117176394,0.11191578318650142,0.1713511155428144,0.302821795941062,0.45485235342051145,0.5207802084731356
3,2048,1,0.23699980880063368,0.2424010838225588,0.2321757296212795,0.2338428799975505,0.269876171739382,0.23468214422603076,0.027884823554882008,0.07242018537590113,0.11160141811872973,0.17359073846250908,0.3077293522754635,0.452557579523828,0.5263111425039732
3,2049,1,0.23815799589250217,0.2428980913984759,0.23393294836109843,0.23508009188597506,0.27013998688828045,0.2368841178089733,0.027284347864415744,0.07124153123571221,0.1113434197521478,0.17551918224752538,0.30394785973726196,0.45438033775167136,0.5249079108928258
3,2050,1,0.24058785223121157,0.24623374796299988,0.23556644596215004,0.23760524579986808,0.2728219770043985,0.2389693685723764,0.027177076337586748,0.07239402435452148,0.11146755304757856,0.1767114313789715,0.30451813331532385,0.4524744092973139,0.5313275569295075
3,1990,2,0.10836602909923165,0.10105592968606945,0.11574064571745243,0.10548697731532347,0.1196865352647827,0.1180465250686317,0.02910394728341624,0.07043679490888054,0.10806587330207958,0.1625684327734991,0.2959827833572453,0.42779291553133514,0.4771404821280133
3,1991,2,0.11396952718370272,0.10646153846153845,0.12151752215215135,0.11100770904334922,0.1266087765545046,0.12317918257672182,0.03223504994162667,0.0744729205272543,0.11160409556313994,0.16717001243560134,0.310502917477077,0.435807150595883,0.48558421851289835
3,1992,2,0.11480650207440658,0.10705336156490997,0.12256521908168423,0.11163749723851837,0.12874297005623955,0.12494822587325694,0.03233814594629908,0.07321562478696571,0.11131745105321803,0.1694620665681759,0.3079309414620987,0.4343915343915344,0.49612948627726955
3,1993,2,0.11585342663725565,0.10893615400727384,0.12275204618393817,0.11237438920437491,0.13134328358208955,0.1266901027582477,0.03237231471980404,0.07320169723697838,0.11072732655679463,0.1688634029441972,0.30321991917611785,0.43979460847240054,0.5006587615283268
3,1994,2,0.1176289668670488,0.11083877486107734,0.1243685930768088,0.11373665815455947,0.13434699573967973,0.13036586976621317,0.030610867364157947,0.0736153997766244,0.11198301329394388,0.16831848088614976,0.3062225015713388,0.4506900878293601,0.49255583126550867
3,1995,2,0.11830245025068722,0.1110049955921246,0.12551997238923907,0.11439803553106374,0.13604802545927963,0.1309278350515464,0.029940529086061932,0.07294339254977104,0.11283497884344147,0.1655811623246493,0.3050684602450156,0.45537027954879844,0.48535564853556484
3,1996,2,0.11939656716952736,0.11258564731337901,0.12612163509471586,0.11550385842630519,0.1392811296534018,0.12831084457771114,0.028613199665831243,0.07262031054103578,0.11275178557098146,0.16692165230694903,0.30424028268551234,0.45938309394866966,0.4839650145772595
3,1997,2,0.12026510995040161,0.11360580325548478,0.12682289398031188,0.1162075777417708,0.14232525465402177,0.12712374984937944,0.027679354499210666,0.07219045171239478,0.11077636152954809,0.16640906749098403,0.3018317582545794,0.4631743899708977,0.4968908988128886
3,1998,2,0.12101171330776243,0.11473559945835214,0.12717294975799304,0.11721974754680403,0.1430150614895675,0.12646342877014025,0.027101418589879314,0.07234984599589322,0.11052866384117778,0.16357538840599548,0.30149662972695074,0.4612436115843271,0.48511576626240355
3,1999,2,0.12177535651337927,0.11582570761549342,0.12760451449178575,0.11759545537213954,0.145587637250915,0.1291409320606401,0.027512891149254787,0.0722292211777627,0.10920840064620356,0.16162137739624347,0.2967368765688093,0.4547108774767489,0.4921663965424095
3,2000,2,0.12274075178503388,0.11706206365417134,0.1283013918717314,0.1189562144367197,0.14426404045781208,0.13020030816640987,0.02736327225038103,0.07116984826235928,0.10949845115032543,0.16102932230198322,0.2891089108910891,0.4518860662047729,0.4979035639412998
3,2001,2,0.12447293377854689,0.1188447748429328,0.1299670867785181,0.12080952922094693,0.14728278555157825,0.12915367243789655,0.02731502859375555,0.07077700485628036,0.10992680541032819,0.159940036900369,0.28797373918233365,0.45466345262377156,0.5022266204849085
3,2002,2,0.1258466626387255,0.12062796170336224,0.13092586201487152,0.12224971102954596,0.15026401170557924,0.1287251655629139,0.027143059892137382,0.07046594747024297,0.10884577441631042,0.15990966770620496,0.28788759689922483,0.45554765291607396,0.5099767981438516
3,2003,2,0.12797428161943447,0.12157058133367621,0.13419278311899113,0.12531366359073984,0.1520010020667627,0.12289457267623206,0.027763664077810845,0.07034353820986211,0.10929762835548605,0.16254058441558442,0.29083094555873923,0.4473823373876256,0.5141065830721003
3,2004,2,0.12884552541898137,0.12253214139052974,0.13497515794639023,0.1263873363142766,0.15198628879231194,0.124069977880555,0.027026041286745933,0.06771218954028405,0.10940050571327978,0.16198488521317553,0.2899621387016345,0.4447601537690122,0.5130434782608696
3,2005,2,0.13066717499046893,0.12465185368570898,0.13651122936772797,0.12883024812918473,0.15356993237177569,0.12410637689448098,0.02786141846544531,0.06679704622854638,0.10821579912718993,0.16415808467564474,0.2917280766396463,0.4458116422148604,0.5203013813311009
3,2006,2,0.13189457373580857,0.12630511757407015,0.1373147468818782,0.1307856817983878,0.15521673092651012,0.12063318777292577,0.027348605931450897,0.065662365736675,0.10807173484397985,0.1646490104532496,0.29116626634641046,0.4486296126167509,0.5296194586112201
3,2007,2,0.13237666206495677,0.12619023014806832,0.13837260877652344,0.13183728054783606,0.15615186982586354,0.11932611731843576,0.02650677356925629,0.06340646457879752,0.10836668334167084,0.16290995825879548,0.29086928316574767,0.4493878769782024,0.5235955056179775
3,2008,2,0.13361401814748022,0.1282317786150448,0.13882329928883796,0.13351275341534508,0.15679928575414318,0.11963164503976559,0.02587651672588322,0.06280322548265133,0.1080454730512668,0.1633356305995865,0.29079293498684705,0.4441712467457333,0.5299264963248163
3,2009,2,0.13391513485655385,0.1293986013986014,0.1382776089159068,0.1347243922822572,0.15872583719030764,0.11628998201298194,0.02487594045141668,0.06201424343923775,0.10821234831143582,0.16250184829217804,0.2887967388248524,0.44056900560798795,0.5322211318285901
3,2010,2,0.13597706963412579,0.13134713957866673,0.14043917039705453,0.1373025951031066,0.16101559589077555,0.11431184270690443,0.02412698412698413,0.06193660947949985,0.10746118232496614,0.1630314100497833,0.28792283298097254,0.4417519761565375,0.5316762655350106
3,2011,2,0.13865688825592462,0.1341321102909249,0.14301200255984955,0.14023538975383038,0.16337485017457917,0.11600300525920361,0.02502789733779691,0.06109900120376094,0.10753841784733836,0.16251083752384254,0.2887874429366519,0.4417892156862745,0.5324339839265212
3,2012,2,0.14077844821373586,0.13673624948180638,0.1446607927252177,0.142261381345824,0.16596048802899588,0.11776874769117104,0.02548982309301883,0.06096522821033331,0.10662669611864942,0.16289210383991345,0.28810398088243866,0.4410994764397906,0.5309306078536847
3,2013,2,0.14275847824122484,0.1385152953586498,0.1468275042358951,0.1441187829893147,0.1675523914569337,0.12079020265344803,0.02532643663659875,0.061618902640810116,0.10485192186515438,0.16397938280578866,0.28659726740403385,0.44552732335537765,0.5174167302313756
3,2014,2,0.14588452479470368,0.14247234873129472,0.14915254237288136,0.14697286719921387,0.17126255662792988,0.12575539568345323,0.026190773846730842,0.06272827798813792,0.10379121401197225,0.16338787170497338,0.2910095836925105,0.4430871737923376,0.5226615236258437
3,2015,2,0.14881314859341943,0.14529321879373885,0.1521803218277853,0.14995277143884111,0.17416355977339854,0.12834528288492936,0.027155359692135807,0.06315577078288943,0.10308555399719495,0.16350809684143017,0.29533630185141785,0.4472283813747228,0.5168666515734661
3,2016,2,0.15080171495130232,0.146994646436455,0.15443580614691566,0.15167203368838247,0.17571687148709156,0.13233851758441922,0.027523501309909076,0.06333570292136353,0.10342611043260269,0.16298860064141238,0.2938719887462634,0.4389882527251561,0.5184221933246641
3,2017,2,0.1542263903928154,0.15151249232157857,0.15681307651866366,0.15525289288570449,0.1797289057736504,0.13557213930348258,0.028346649523984448,0.06296676944158959,0.10128003593083315,0.1645617820651139,0.2945972204621298,0.4456760630673674,0.5155825141183853
3,2018,2,0.15729346020238635,0.1547067423247516,0.159755220431312,0.15841057038453163,0.18257453200831986,0.13818256186515782,0.02880177241676411,0.06421488725889704,0.0994165242899971,0.1661955727760663,0.29377408233624014,0.4435540683339204,0.516205533596838
3,2019,2,0.15966065697001516,0.1569028434277877,0.16228070175438597,0.16048241173985478,0.18514129443938013,0.14269375672766416,0.028267562272600057,0.06355308906124632,0.10027353177795656,0.1668584579976985,0.29148736405602066,0.44052502050861364,0.513975726369989
3,2020,2,0.16316196846067038,0.16177095087297833,0.16448232177818725,0.1639688912775442,0.18996577193298506,0.1438260522641133,0.02856511583864655,0.06469433259010283,0.10037641154328733,0.1666613053688037,0.2949814548482325,0.43389441469013007,0.5122950819672131
3,2021,2,0.16694794236011942,0.16538145426416553,0.16844229217110573,0.16756966250365812,0.19358007053886334,0.14937346681694624,0.02909672784272745,0.06501237375426393,0.10068627450980393,0.16580076801445676,0.2954062568686351,0.4318116151401329,0.5145709225567542
3,2022,2,0.16812805340967701,0.16701590627678828,0.16918282313885344,0.16903765039144578,0.19489732969066714,0.14982309424252171,0.028415444320199962,0.06339720688535239,0.09871852662759997,0.16618874246866644,0.2968816897388326,0.4313000201762055,0.5085624509033778
3,2023,2,0.1711189401194874,0.17057013319551786,0.17163650058707547,0.17144807171724144,0.20278867102396514,0.151988458160833,0.028759956010264272,0.06293507150993545,0.0972040679695221,0.1647949688763396,0.30098947808515086,0.4359725685785536,0.5127105666156202
3,2024,2,0.17446187605334298,0.17447761716425747,0.17444706657153833,0.17506572680510574,0.20537833988000173,0.1549165120593692,0.028595773687798226,0.06311927756177098,0.09883010863276981,0.1629065432574881,0.3002702055614461,0.4378811639658477,0.5120254998551145
3,2025,2,0.17812173561423805,0.17861948955916473,0.1776546408587167,0.178208287523221,0.21272136196423988,0.1581931236283833,0.02860527507752343,0.06359772485780361,0.09958492873001062,0.16234520123839008,0.29998311096098634,0.44289783414843875,0.5111898016997167
3,2026,2,0.18123251485192657,0.18188105117565698,0.1806253911392132,0.18127703181277033,0.21574542210137232,0.16146083613647286,0.0281456368965639,0.06430417587892753,0.1000322788896062,0.16145867098865477,0.30018040892690095,0.44173017715641244,0.5167496300282524
3,2027,2,0.1847226529617651,0.1861198376481919,0.18341724692019282,0.1847744586407534,0.2192052700477176,0.1659352389989325,0.028371843095110157,0.06559056340214187,0.1000097793134922,0.16088572813964766,0.3005737923672271,0.44230396902226526,0.5197802197802198
3,2028,2,0.18804637438618899,0.18945974636729943,0.18672975703120848,0.18811918146729675,0.22414154542786466,0.1671739639428705,0.0274745269286754,0.06679831985455457,0.10031307491204854,0.1583076673691036,0.3052119110340458,0.4429043211312154,0.5145186508822872
3,2029,2,0.1908109589041096,0.19220841245835277,0.18951131039879862,0.19067711472774765,0.2280387086009844,0.1704479685148744,0.028029465930018416,0.06611384308809823,0.1015617545087312,0.15798992378245705,0.3032115022843322,0.4434283665052896,0.5126050420168067
3,2030,2,0.19353554957096286,0.1950404422593289,0.1921395544346364,0.19319807565435906,0.23172654111009708,0.17313860252004581,0.02828252677138913,0.06646260054055814,0.10226768860454805,0.15712815896083854,0.30381632860384006,0.4417900112524885,0.5094713033644331
3,2031,2,0.19681926874630604,0.19852767099196195,0.19523610530714583,0.19598653814929073,0.237425211471013,0.17717496169343397,0.02697909591728926,0.06827136377181074,0.10209276018099547,0.1577679259830378,0.30273702798152674,0.4475375626043406,0.5038739214650466
3,2032,2,0.2002560874803477,0.2013838883888389,0.19921424339746188,0.20016345884813053,0.23977519793247734,0.17789787761076395,0.02653859296100839,0.0674381619463337,0.10339211325837065,0.15915238954012623,0.30409555155915985,0.4484303106804023,0.5049212598425197
3,2033,2,0.2025678985760814,0.20431435049047117,0.2009580268371665,0.20150158312702482,0.24396618613958426,0.18235622557230596,0.026070409134157944,0.06830279986173522,0.10411849259421287,0.1597224473914594,0.3025755424863111,0.44694226713882146,0.5023098244533415
3,2034,2,0.2057441169211619,0.20761606092848742,0.20402278134236898,0.20481238727840584,0.24831561003328192,0.1834709827614877,0.02552415679124886,0.06945678047394038,0.10324337707353305,0.16079842931937172,0.3022437307523097,0.4480697092841513,0.5089966892183676
3,2035,2,0.20794432548179873,0.21022848004294487,0.20584701641970365,0.20690514039573063,0.24774829354982028,0.18982322815132993,0.02500381155663973,0.0706909090909091,0.10356955542529232,0.1610821787691199,0.2992950586321426,0.44962138772987176,0.5091649694501018
3,2036,2,0.21044499216732518,0.21283851778965493,0.20825179553907155,0.20948436984644703,0.24923743779097768,0.19201270954311384,0.027144116857723423,0.07025743749536316,0.10445052748131517,0.16074594523606278,0.2986667575953899,0.45083629961342675,0.5092158499775223
3,2037,2,0.21230097284367225,0.21455086204968804,0.21024446079633718,0.2114685355697613,0.2503791809691067,0.19314709733740726,0.02669753086419753,0.07055272590077344,0.105000306391323,0.16246767884373137,0.2971246006389776,0.4482033639143731,0.5101062215477997
3,2038,2,0.21551908136258857,0.21739957267347554,0.21380400959036883,0.2145220574748905,0.25412082456210033,0.19559183673469388,0.026357796379209656,0.0689391915104783,0.1068108577094695,0.16374269005847952,0.2979694739711093,0.4559306499656305,0.5087973145039936
3,2039,2,0.2176854776743789,0.2207675853650342,0.21488049737552872,0.21639915336449422,0.25391057039026704,0.2016610574313321,0.026595326146825086,0.06965384615384615,0.107281275811678,0.16348332793784395,0.2954745912205713,0.4583301328827099,0.5102176074229537
3,2040,2,0.21985626118784898,0.22170457351983655,0.21817736853375752,0.21834782544564169,0.25561190391948735,0.20409157330735508,0.026747333227193124,0.06885361276196435,0.10794814886294188,0.16278844914270982,0.29677310356479136,0.45977011494252873,0.5103207367418228
3,2041,2,0.22185733801194654,0.22437732446748562,0.21957420738244754,0.21995689878620464,0.2565518862381008,0.20844841592201463,0.028353940956139998,0.06753795274335578,0.10902304871660555,0.16167970621108096,0.29882766309672626,0.45757304594794385,0.5115435693124936
3,2042,2,0.22418578731339284,0.2262229947851999,0.22234463622638428,0.22219913162875274,0.2590138374585851,0.2115634473798181,0.028669216831085163,0.06622145799176231,0.10995587055362396,0.16331858266212473,0.30117503640242455,0.4578453876979341,0.5137219997033081
3,2043,2,0.226157818732318,0.22861767635606267,0.22393881531250956,0.22376293691183155,0.26205581286731794,0.214582995513756,0.029347207544102104,0.06494340531428112,0.11066329667327003,0.16739178760837117,0.300626873807577,0.4552515650359379,0.5139664804469274
3,2044,2,0.22760427312727938,0.2308933298492371,0.22464678660087653,0.22517487749223805,0.2616053407855923,0.21674770394381415,0.02831497348021216,0.06559161459383189,0.11226137001684447,0.164955919395466,0.29997597721267033,0.4579110251450677,0.5141946968987164
3,2045,2,0.229404876890618,0.23228993178344096,0.22681520770829708,0.2266624569633004,0.2621445727124816,0.22171651495448635,0.028655430866702556,0.06453432162423461,0.11411422204650828,0.16666666666666666,0.30099656357388316,0.4507942657884541,0.5213553399843686
3,2046,2,0.23213811420982736,0.23494949726562947,0.22961691102383253,0.2291799061885308,0.26585903936215505,0.22480662381523042,0.028250496178370846,0.0658462779907202,0.11398393662669161,0.1677875441834277,0.302162236606528,0.4584879859347529,0.521224710982659
3,2047,2,0.23311968834673602,0.23618055715569483,0.23038063425295888,0.23092612464515933,0.2636739105261126,0.22592431017559167,0.026888385414440216,0.06636611023110353,0.11460355383007317,0.16820391374797458,0.3021615234917987,0.45465833689030305,0.5235538853845122
3,2048,2,0.23585807544180712,0.23876518335822883,0.23326162947028772,0.23295493688714702,0.26625004821972764,0.2326014345945354,0.026196146352024247,0.06755921730175077,0.11148827034774082,0.1716034194504905,0.30580303395136044,0.4571017982677594,0.5242362705279887
3,2049,2,0.23678516907735056,0.23982195707394374,0.2340783515433509,0.23423985939595762,0.2666306737110023,0.2316542802091935,0.026094238991492925,0.06750072737852779,0.11278795712004866,0.17179918483534967,0.3046267694083302,0.453452873207868,0.52262760919137
3,2050,2,0.23944548073420824,0.242552493053683,0.23668213336113864,0.2373026034997866,0.2691179874990354,0.23233440230012165,0.02668457577792702,0.0686697074946646,0.11262706296138832,0.17343596462495905,0.30478827581549267,0.4536288770876626,0.5280620020028737
3,1990,3,0.10844776851397744,0.10160525726841774,0.11535067014223846,0.10507335358366186,0.12039895511754928,0.12281462216442711,0.02907164545513276,0.07079838009835117,0.10818608005769924,0.16238285237078964,0.2945480631276901,0.432425068119891,0.4704904405652535
3,1991,3,0.11346197864315356,0.10620347394540942,0.1207591602139379,0.10946087000264094,0.13118312916731276,0.1253005232640362,0.03197561291996368,0.07475263102688717,0.11012514220705347,0.1647717178895008,0.3080022228396777,0.44366197183098594,0.4787556904400607
3,1992,3,0.11476763731405641,0.10827716156102489,0.12126278138486062,0.11077836962124746,0.13277093783249733,0.12674306226701643,0.03152152609917031,0.07386324902856364,0.11020321536584071,0.16755018684279135,0.3099541408146749,0.44312169312169314,0.494018296973962
3,1993,3,0.11617669430288279,0.10967877068377858,0.1226570956531647,0.11141392433938026,0.13686567164179103,0.1318280151433207,0.031081394194167687,0.07443787377635228,0.10993782690220073,0.16852105443341323,0.3081736409855299,0.44441591784338896,0.5006587615283268
3,1994,3,0.11659443590102055,0.11096974572941419,0.12217723963749814,0.11168904527107335,0.13978257675921846,0.1298375379738476,0.030104623692203847,0.07391104395243414,0.1094903988183161,0.16681935537603065,0.30408548082966685,0.4491844416562108,0.48635235732009924
3,1995,3,0.11772710253061672,0.11196003526300323,0.12343100034513452,0.11289932096701676,0.14103862288442065,0.13105670103092784,0.029462027479663682,0.07320320872982365,0.11138180108560927,0.1625751503006012,0.30434782608695654,0.4561059342815105,0.4949193066347878
3,1996,3,0.11860823449313793,0.11318067075369635,0.12396738356359494,0.11335400212722624,0.14520039937241477,0.13055972013993003,0.028717627401837927,0.07242742791011669,0.11194928175908836,0.16418391174812788,0.30353356890459365,0.45114198257593596,0.4897959183673469
3,1997,3,0.12073914761006013,0.11512738853503185,0.12626535412492376,0.11571926397798149,0.14787495609413417,0.13001566453789612,0.028310822662690756,0.0729936387585941,0.11073773657782927,0.16611466843306102,0.30218177575545446,0.46608462055070515,0.4968908988128886
3,1998,3,0.12161371884621339,0.11688830248949689,0.126252641625196,0.11659896099935743,0.1493021970429736,0.13075228932421468,0.028301220975368763,0.07206108829568789,0.11168116588593947,0.16295941414003148,0.3050382725922541,0.4527257240204429,0.5027563395810364
3,1999,3,0.12269457492473372,0.11826252918221632,0.1270368638974222,0.11753126571309362,0.15311102074013827,0.1300393037619315,0.027972027972027972,0.07151855799980618,0.11071620893914917,0.16336409991609113,0.29640947288006114,0.45936109987868984,0.5078336034575905
3,2000,3,0.12330401073505293,0.11873629225334427,0.1277767759070118,0.11858809175720732,0.15211605003992548,0.12909971384547655,0.0273987169035551,0.06960352422907488,0.11092548118756744,0.16133349555907045,0.29108910891089107,0.45688991531947654,0.510482180293501
3,2001,3,0.12445668510890671,0.12001249958882931,0.12879505498916272,0.11979710114982903,0.15261958997722094,0.1317345951177546,0.026924306468227188,0.06785667410421316,0.11093871217998448,0.1601130073800738,0.28946583109519547,0.4550343037270536,0.5259772389905987
3,2002,3,0.12563996565650143,0.12096644208761806,0.1301885608508769,0.12149940178046358,0.15255423372988103,0.12955298013245034,0.026823729775759295,0.06646555398891694,0.11065439000328839,0.15969459081621679,0.2907945736434108,0.4527027027027027,0.528538283062645
3,2003,3,0.12704784980719133,0.12239026663880809,0.13157073292545887,0.12358345475149748,0.15563349408154317,0.12247868579746309,0.02620309211003847,0.06627049043501486,0.11082877247849883,0.1609172077922078,0.2897803247373448,0.45161290322580644,0.5230631437527989
3,2004,3,0.1287910617307004,0.12389045076918218,0.1335490400539778,0.12581842861705525,0.15718920242394566,0.12165694751658958,0.02742723758115107,0.06364003500033655,0.11058477098870147,0.16227006987024098,0.290516206482593,0.4465986963062009,0.5317391304347826
3,2005,3,0.12978269157453298,0.12505415609333415,0.13437659721595863,0.12730405671524223,0.15751989945538333,0.12162806214850824,0.026555414474877564,0.0631891290420474,0.11106191891720954,0.16508229909338967,0.28528002947678704,0.44328758479255403,0.52113855169527
3,2006,3,0.1316785363091868,0.12688012589655903,0.13633162142333088,0.1299534532645616,0.16024068232270125,0.1195414847161572,0.026496181850470608,0.06103492535296899,0.11035648336515289,0.16683882163368177,0.2892981051507873,0.4532230898790384,0.5284425264809729
3,2007,3,0.13234759863401874,0.12812412347392196,0.13644102960323934,0.13127768345774093,0.16100485298315728,0.11766759776536313,0.026714127730163118,0.059588008708759,0.10846048024012006,0.16696481812760883,0.2899772948426857,0.44849208719020606,0.5295880149812734
3,2008,3,0.13325902049046476,0.12891025363417205,0.13746803962388052,0.13266531946397475,0.16159812510462584,0.11778987023859355,0.026345779982570223,0.05979188275838994,0.10729385236917102,0.16655180335400874,0.2900413378429162,0.44503905120046283,0.5194259712985649
3,2009,3,0.1333928878199622,0.12913286713286715,0.13750759878419452,0.13341630027978635,0.16362646338143208,0.11542973332290607,0.02542020169681447,0.05755910376898312,0.10570380358094761,0.16490462812361378,0.2902727017149283,0.44125290657912736,0.5430160287863919
3,2010,3,0.13525543753161356,0.13158075554150805,0.1387969168013138,0.13604170765296086,0.16399638047586096,0.11400701112635268,0.025936507936507938,0.057187166812057766,0.10497307171427672,0.16586082160381074,0.2900369978858351,0.43708695088765065,0.5277356774780236
3,2011,3,0.13816441838642912,0.13510909683022146,0.14110517585905155,0.13857423083040274,0.1669706602741154,0.11960931630353118,0.026239438864976886,0.058626411165696064,0.1025212205357988,0.1687185711808566,0.28841223188043275,0.43504901960784315,0.5338691159586682
3,2012,3,0.14030018933810282,0.13638855828508004,0.14405712964627912,0.14082483740934537,0.1697381183317168,0.1194680458071666,0.026757973495656586,0.0592626547049964,0.10110444935310824,0.16715116279069767,0.2885702628664685,0.43848167539267013,0.5314685314685315
3,2013,3,0.14266165782373522,0.1395042194092827,0.14568950256682597,0.14322619405226794,0.17141281459941843,0.12202945035719492,0.02687188544754936,0.06006353828843736,0.0993383742911153,0.16840679310116963,0.2910431576664498,0.4343891402714932,0.5270785659801678
3,2014,3,0.14617098478579157,0.14327911515940142,0.1489406779661017,0.146676380147227,0.17441402402993894,0.12705035971223022,0.027222152769096137,0.06202459538250176,0.0968232350425997,0.16760810284378652,0.2970437604583946,0.4438645197112715,0.5219382835101254
3,2015,3,0.14775217061028206,0.1455885563131605,0.14982188920280065,0.14802183380561895,0.1757613905970077,0.13026194363597643,0.02746570666004593,0.061709712133440946,0.09706107356878746,0.1671957671957672,0.2974455120693696,0.43647450110864744,0.5146026714964909
3,2016,3,0.1509318232509727,0.1481237155253343,0.15361234227033835,0.1512013871686896,0.17762217776507574,0.13556116015132408,0.02730775157959624,0.06194780136082056,0.09651603779649033,0.1686724033912298,0.29857569896254615,0.43771827706635624,0.5205895101863892
3,2017,3,0.1538348596913025,0.15215183843347665,0.1554389905845242,0.1540369832383999,0.18160499038506636,0.1379215035931454,0.02715278415526372,0.06330935251798561,0.09633954637323153,0.16551373992511265,0.30068009969163184,0.4386048733874821,0.5195565781217318
3,2018,3,0.1571665911493732,0.1561810838268454,0.15810449116270295,0.15735385459268042,0.18502426623526694,0.14152293953234713,0.027478614068558064,0.06241510459114371,0.09719222462203024,0.16517928033791723,0.3001825187588724,0.44082423388517084,0.5258893280632411
3,2019,3,0.1597382142729301,0.15940094536014301,0.1600586346502862,0.15952587821734035,0.1884229717411121,0.14632669537136705,0.027583418851261,0.06261700989569403,0.09776347546259051,0.16593146656437796,0.29618183240747986,0.4413453650533224,0.5213313718278779
3,2020,3,0.1631796938238926,0.16300852958662446,0.1633421628469423,0.16305206917264708,0.1921725815168438,0.1487465921936299,0.027207878290511963,0.06389563712602749,0.09786700125470514,0.16357319779972335,0.29937173567481645,0.4421576128538638,0.5157103825136612
3,2021,3,0.16644636682284353,0.16660220460259137,0.1662977055228871,0.1660035908914744,0.19616947185142194,0.15368295431943246,0.02762719613349879,0.06377499832787105,0.09800653594771241,0.16070218464616476,0.2992526925049454,0.43932389482808437,0.5190790532925454
3,2022,3,0.16761226985332042,0.16838508429374227,0.16687932611420378,0.16730999704275554,0.19886313563056315,0.1521389514313284,0.027593238176675656,0.06193569340695031,0.0972374267499517,0.15942262460933723,0.2993078350221207,0.44004304257179366,0.5146897093479968
3,2023,3,0.16985337711497242,0.17177993375461018,0.16803650944859214,0.1691244699043719,0.2025272331154684,0.1565675573955589,0.027760189289165862,0.06166940893557778,0.09650269391398604,0.15703009690046846,0.301686293638074,0.4433915211970075,0.5085758039816233
3,2024,3,0.17428655453630287,0.17670598392309217,0.17201031776521597,0.1737321394551343,0.20857253852462554,0.1588126159554731,0.02774369461486026,0.06283707512855889,0.09728739474191682,0.15631829283969662,0.30126209939460274,0.449962246616716,0.5147783251231527
3,2025,3,0.17690864774399354,0.18002320185614848,0.17398593481242788,0.176130719945407,0.21216528359996578,0.16130212143379663,0.028047803212431624,0.06272267016688543,0.09765436468354838,0.15496001031991744,0.3010302313798345,0.448540871714946,0.5084985835694051
3,2026,3,0.18091485638493518,0.18358690640848316,0.17841343145082975,0.1800111518001115,0.2185495177805158,0.16410379625180202,0.02765123424091535,0.06421075576869181,0.09809554551323435,0.15442463533225284,0.3028531337698784,0.44904860445162265,0.5183640521996502
3,2027,3,0.18377010322980816,0.18616569974087918,0.18153186930905196,0.18313238557974926,0.2197542333516321,0.16789230221800497,0.02797778971878918,0.0650318174763309,0.10043354956482055,0.15096169387425246,0.3011742727515346,0.4503872216844143,0.5156288156288157
3,2028,3,0.18751238632109749,0.19086374376476767,0.18439045137965868,0.18649167207925524,0.2261540396629072,0.1706860220088972,0.028493449781659387,0.06519967400162999,0.10008714456314753,0.1539633652131626,0.30267764847110606,0.44783478301316343,0.5186508822872459
3,2029,3,0.19096986301369864,0.19374353259571758,0.1883903171564843,0.18994039247203803,0.2292483523817469,0.1743836092140294,0.0289134438305709,0.06646739305113618,0.09993956550780878,0.15543857382767085,0.3014982531577533,0.44764210148825534,0.5209059233449478
3,2030,3,0.19381903027792013,0.19686430885651493,0.19099411517444304,0.19275331163873302,0.2332614286899527,0.17531500572737685,0.027984030446625126,0.06737438535934091,0.10122252486222842,0.15526332711722718,0.300768683756053,0.44828183155890244,0.5154085383093017
3,2031,3,0.1967054000856726,0.20029762240284996,0.19337651483493523,0.19523373728725996,0.23734268619764803,0.17944498042108847,0.027846954946796468,0.06694699202066019,0.10030165912518854,0.15596890259573373,0.2988997555012225,0.4512103505843072,0.515671773199507
3,2032,3,0.19987789921823085,0.2036228622862286,0.1964183634228223,0.19801345958443164,0.24235960126348607,0.18358385407870292,0.027905387448270626,0.0695699252190979,0.10016600369593134,0.15808965606080125,0.29564656781242576,0.45315363003379616,0.5131233595800525
3,2033,3,0.20234179429894217,0.20516734382365484,0.19973721510082043,0.20102407381559326,0.24270020827377792,0.18470128419877163,0.027174119885823026,0.0685447632215693,0.10136866445847134,0.15670698096689473,0.29442979787737444,0.45227390283690766,0.5184785956267324
3,2034,3,0.2054114667725424,0.208265666125329,0.20278690381783165,0.20382996818135163,0.24486565467976296,0.18929105925392162,0.027347310847766638,0.06863964188012932,0.1019744986382768,0.15916230366492146,0.2921249450065992,0.45361831822444515,0.5205844249316252
3,2035,3,0.2083083511777302,0.21120144938881869,0.20565191049772547,0.20579897001618966,0.2510198311725029,0.19384327330800155,0.027290745540478733,0.06938181818181818,0.10181100175855366,0.15928073106023385,0.2941435640208771,0.4536779477669603,0.5229463679565513
3,2036,3,0.21002796238177474,0.2132298678354988,0.20709404424044342,0.20734415655806795,0.2514849895649382,0.19781965596581572,0.027872560671701876,0.07022034275539729,0.10414295820133485,0.1592356687898089,0.29157431718211885,0.45286485245148694,0.5166013743497527
3,2037,3,0.21248785280266544,0.21562423131107583,0.20962104488594555,0.20963579848689226,0.25488943881216575,0.19947621126145787,0.02847222222222222,0.06934540652707036,0.1053373368466205,0.16250082874759664,0.28974916728978317,0.4506498470948012,0.5199393019726859
3,2038,3,0.21458528984888586,0.2173771995570123,0.21203897362648574,0.21185887324563657,0.2551932319180204,0.20038095238095238,0.02803192524819934,0.0689391915104783,0.1061291522062469,0.1613772258361259,0.2909852820932134,0.4532956541663484,0.5174788748697766
3,2039,3,0.21710385896012976,0.2200620429372963,0.21441165978698465,0.21419437340153452,0.2567941222942013,0.20535229616762565,0.026949405932803525,0.06984615384615385,0.10664591143020523,0.1608934930398187,0.293507022186037,0.4543743759121284,0.5178393902573732
3,2040,3,0.21940206791525288,0.2217943824513348,0.2172290372908318,0.21639341844222698,0.2584817391988049,0.20842128051090544,0.026946346123228784,0.0700265874257116,0.10688668017626814,0.16278844914270982,0.29366447034972126,0.45276519989163666,0.5201651317878692
3,2041,3,0.2217716229609193,0.22417446185055787,0.21959462909072344,0.21894972265627893,0.2589023387001998,0.2100189547793122,0.02650126867775585,0.07008805833366538,0.10745154531168151,0.16417052530736068,0.29403020372309874,0.4547329105551881,0.5192563081009296
3,2042,3,0.22315696970346477,0.22563604758787276,0.22091647284449342,0.22068504842839648,0.2601052426427597,0.20972282373321785,0.026816992148177975,0.06950053984884233,0.10948783097084783,0.16226799528827482,0.29680674545392977,0.4498307590553632,0.5213370914305494
3,2043,3,0.22592161136372177,0.22933079779045548,0.22284623160732336,0.22318920489684,0.262756392791811,0.21420463758715744,0.026095439395171123,0.06847555591233845,0.1089213744108204,0.16653434532693956,0.29773098937040066,0.44953242136177446,0.5264399922943556
3,2044,3,0.22801846094262693,0.23185903043661027,0.2245650597117084,0.22499532413122358,0.26595249184909175,0.2171799027552674,0.026805385556915546,0.06776859504132231,0.1102961819202695,0.16596347607052897,0.3013830261848382,0.44874274661508706,0.5273119085542959
3,2045,3,0.22935091704753321,0.2315712623485661,0.2273579013116802,0.22706839264504683,0.26404276749050903,0.21732769830949286,0.02712327632614187,0.06779729294231389,0.11116702009129138,0.1671687692211134,0.30312714776632305,0.44506005424254164,0.5258608799595421
3,2046,3,0.23062579613518713,0.2339176593329741,0.22767370607225842,0.2281207444394008,0.26481402639625345,0.2210480444492864,0.026772518052447108,0.06741981036917491,0.11240693879047933,0.1687259532672276,0.30254097231786253,0.4445008790779449,0.5247019508670521
3,2047,3,0.23290749425987792,0.23604230512223784,0.23010227225864985,0.23088807202599754,0.26610568572200566,0.2212345948304068,0.02774334202539221,0.06717842492181471,0.11236374496043004,0.1686401595413187,0.3058103975535168,0.4472857087423848,0.5258801950521182
3,2048,3,0.23507688945945207,0.23831359062539803,0.23218607152460338,0.2329702462511195,0.26644292713034756,0.2259760170837212,0.0289240095258714,0.06714727085478887,0.11118654295843705,0.17106715876470774,0.30662859894740463,0.4459160290519284,0.5283418682677027
3,2049,3,0.23727938673080515,0.2418494092423854,0.2332059324498359,0.23521113732019797,0.2681732289537619,0.22983759977979631,0.02825406620531582,0.06754229186582983,0.11160951874097164,0.170925794138578,0.3066974439050884,0.4486609730648839,0.5296877740747238
3,2050,3,0.23919162040154082,0.24358418232763168,0.23528491736614357,0.23724828308695145,0.2697353190832626,0.23050978657525156,0.027445713006492053,0.06808385989873206,0.11197000734356279,0.1725515886013757,0.3068818801918012,0.4495882398214423,0.5297165498323682
3,1990,4,0.10851929050188,0.10144249354031454,0.11565854559635476,0.10552575454016674,0.11976569302620121,0.1200693541395752,0.029168550939983204,0.07032831935203934,0.10782545979084024,0.1612693699545328,0.2985652797704448,0.4307901907356948,0.48129675810473815
3,1991,4,0.11342217091448305,0.1061439205955335,0.12073920332082701,0.10975011632732623,0.12815940455884633,0.12685617310140007,0.03239719808016604,0.073424006153631,0.11063708759954494,0.1669035352638124,0.30494581828285633,0.4433911159263272,0.48710166919575115
3,1992,4,0.11374743735486441,0.1064705996619981,0.12102950896154893,0.10996833501067772,0.12828697370421036,0.12991854204059092,0.03233814594629908,0.07229531665416865,0.10914203852071948,0.16546449986964457,0.30523334232533045,0.43783068783068785,0.5045742434904996
3,1993,4,0.11490263938541112,0.10846011767618105,0.12132778822233617,0.1104894769068229,0.1319402985074627,0.13453217955651703,0.031809605772731786,0.0719655206976045,0.1085562025066614,0.1671516603902773,0.3066093077825577,0.44082156611039797,0.4927536231884058
3,1994,4,0.1159327088867142,0.10909873332460195,0.12271579260139652,0.11148899113877873,0.13420008814455708,0.13366794346849822,0.03044211947350658,0.07217002825044347,0.10930576070901034,0.16348796535354376,0.3074795725958517,0.44592220828105394,0.48759305210918114
3,1995,4,0.11691430971972347,0.110398912724067,0.12335834044794827,0.11188480649289263,0.13814552292781715,0.13659793814432988,0.029291134048807163,0.07193660485206717,0.11125357951874172,0.16182364729458917,0.3090319481143406,0.44580676802354097,0.4769874476987448
3,1996,4,0.11808865159279033,0.11108907320591417,0.125,0.11310507139785919,0.13970902866923407,0.1359320339830085,0.029030910609857977,0.07152730896582762,0.11114677794719525,0.16345921571785169,0.3036513545347468,0.4527902048504827,0.4793002915451895
3,1997,4,0.1193784839573366,0.11305732484076433,0.1256032755466504,0.11454287172885269,0.14218475588338603,0.13387155078925173,0.028275741098052972,0.07151577459358735,0.10996523754345307,0.16456907337896517,0.30276513825691287,0.4551152899037385,0.4838892029395139
3,1998,4,0.12003990436712018,0.11348564285962293,0.1264741972867953,0.11567322667421776,0.1426696144811386,0.1304045438738843,0.02759545486625732,0.07199691991786447,0.11004535653208417,0.16104304975703237,0.29966868502227806,0.44718909710391824,0.49393605292171994
3,1999,4,0.12116816637009926,0.11551897483087095,0.12670295178309068,0.11662191220994297,0.1444354073471601,0.13273441886580573,0.02814861905770997,0.07210000969086151,0.10870579788188835,0.15974956431937004,0.2955363963767325,0.4462191670036393,0.49756888168557534
3,2000,4,0.12303066447989662,0.11763130137789014,0.12831778612062889,0.1185670561755209,0.14566143199361192,0.13548316090688972,0.02707971502498848,0.07211616903246859,0.10932442309700324,0.15883927485095511,0.29546638874413755,0.4497690531177829,0.500524109014675
3,2001,4,0.12431857141696524,0.11841715733035098,0.1300794733884563,0.11973511575771977,0.1498861047835991,0.1332401333476718,0.026924306468227188,0.07071137944612153,0.10935339157418963,0.15936346863468634,0.2922510693325375,0.44910068607454107,0.5061850569025235
3,2002,4,0.12531402041530193,0.11966087489120274,0.13081605120321274,0.12097215744327054,0.15115465360391883,0.13234685430463577,0.026291512915129153,0.06958061448667081,0.10805656034199276,0.158672975588773,0.2924418604651163,0.4516358463726885,0.5127610208816705
3,2003,4,0.12683405785051982,0.12017229463668654,0.13330315894618555,0.12353286384976526,0.15193837289409406,0.12538989394884592,0.0268926471655658,0.0697092110973859,0.1077339066979411,0.15863433441558442,0.29169054441260744,0.45178917680239733,0.509628302731751
3,2004,4,0.12820752221340428,0.12191616388160596,0.1343157701036619,0.1253892526349409,0.15168023504927466,0.12567866478986528,0.02658837260194033,0.0669381436359965,0.10876036232115995,0.1594182232995865,0.290516206482593,0.44542871469162626,0.5204347826086957
3,2005,4,0.12988181471597407,0.12420313176951167,0.13539881542948198,0.12770775896022055,0.1541085642468131,0.12334381851110475,0.026192635588608744,0.06629126344539232,0.10796281070141041,0.1630578294164246,0.29163596168017686,0.44376084555923645,0.5223943072415237
3,2006,4,0.13093357966566346,0.1248373331719275,0.13684519442406456,0.1295470160736232,0.1553335670054913,0.12063318777292577,0.025927899129817085,0.06397351888130784,0.10804043691903227,0.16448374168491509,0.29427986833911574,0.44204562854080537,0.5194193801490781
3,2007,4,0.13205696432463854,0.12632309304831782,0.13761428510108598,0.1314199539043753,0.15598058806737083,0.11993715083798882,0.025055294442908486,0.06337296935186736,0.10771010505252626,0.16378453587755915,0.29224781057411614,0.4472977008062108,0.5217228464419476
3,2008,4,0.13324482058418413,0.12789975892483363,0.13841811856426306,0.13302850544313347,0.1585290999386195,0.11879447467559648,0.025005027820607362,0.062000200756181616,0.10895368137546585,0.1638716593919902,0.28838782412626834,0.44663002603413365,0.5194259712985649
3,2009,4,0.13276069403882496,0.12744055944055943,0.13789935832489025,0.1332527887794775,0.15894364279880208,0.11574255102838821,0.02487594045141668,0.06100614614158889,0.106738578282274,0.1640913795652817,0.2807843688501546,0.44303104910408975,0.5201177625122669
3,2010,4,0.13488450514247177,0.12972556995423876,0.1398564352501788,0.13596122547529196,0.1606962261138021,0.1150739216582838,0.024063492063492065,0.060870408064359796,0.10667380554943151,0.16328211740267182,0.28428911205074,0.44201114422703125,0.5147014246741437
3,2011,4,0.13720609864038386,0.13215099869735128,0.14207164966630534,0.13807058158234223,0.16259315232685392,0.11908339594290007,0.02365694245177746,0.062042489507759375,0.10510870594175002,0.16427952141494712,0.28578575448689886,0.4354166666666667,0.5100459242250287
3,2012,4,0.14007088713745683,0.13534548469490099,0.14460941714403144,0.1409031943513351,0.1645821634590842,0.12345770225341707,0.024411895250776743,0.06211119114661777,0.10526980119911644,0.16336533261222283,0.2897942530745468,0.4355069014754879,0.5142549757934374
3,2013,4,0.1423195590152718,0.1376318565400844,0.14681485977290545,0.1433978457709308,0.1661486012233029,0.12436215191718909,0.024979499148426166,0.0627771526904494,0.10532451165721488,0.16176567765809818,0.28968770331815225,0.4375217542638357,0.5102974828375286
3,2014,4,0.14429944617735058,0.13986987638256343,0.1485418743768694,0.14558361358418961,0.167126255662793,0.12589928057553956,0.025596949618702337,0.0635995040713065,0.10163747505780256,0.16342033502142578,0.2886263374068252,0.43464741810105495,0.5067502410800385
3,2015,4,0.14715576286828178,0.14350835291549494,0.15064488392089423,0.14818901455308406,0.16946690553430493,0.1315397174700078,0.02492086152318292,0.06369383911756793,0.10133239831697055,0.16405323071989739,0.291024138739161,0.4417960088691796,0.5103011093502378
3,2016,4,0.15024410795271492,0.146981960266917,0.15335803724963065,0.15138304021137808,0.17195389158807278,0.1338097239736584,0.0260748959778086,0.06421583561829322,0.10120845921450151,0.16403645254501,0.2925531914893617,0.4437506614456556,0.5080190723883832
3,2017,4,0.15316803396528836,0.15033408968396245,0.15586913922477655,0.15418387165216824,0.17639885558838703,0.13626312880044222,0.026969112560075916,0.0630010277492292,0.10128003593083315,0.16453005013644728,0.29033075655810414,0.4430960344003822,0.5155825141183853
3,2018,4,0.15672557015556562,0.15431028074435663,0.1590241831837851,0.15772491509974268,0.17980124797781372,0.14111391369554843,0.027724783063573143,0.06360364031513176,0.09993230392314884,0.16641788674691144,0.29109714053944435,0.4442585417400493,0.5150197628458498
3,2019,4,0.1589447434046463,0.15680487864612672,0.1609777095258039,0.1598606649502204,0.18158614402917048,0.14403928955866524,0.027552321423018316,0.06315191227600962,0.1005631536604988,0.16586753612070068,0.29168296690399814,0.4347005742411813,0.5145273997793306
3,2020,4,0.16274246819774416,0.16082456715077834,0.1645629390763561,0.16332079289304796,0.18784903620969196,0.14741671653700378,0.0273972602739726,0.06326333655030117,0.10185632017501528,0.16711165438929457,0.291007493755204,0.43504208110175974,0.5189549180327869
3,2021,4,0.16661159170571088,0.16488590214658674,0.16825781159921596,0.1671109142536245,0.19246394928345015,0.15142876085659351,0.028443602638625824,0.06307270416694535,0.10160130718954248,0.16696247055406757,0.2915231885119789,0.4363623230280266,0.5145709225567542
3,2022,4,0.1682149832225461,0.16736117725497665,0.16902474000971082,0.16852402372021355,0.19599894245174937,0.15297523319395304,0.02857988554890482,0.06271516726209808,0.09942687874299698,0.16686535425459936,0.29167261310118453,0.4401775506086489,0.5088766692851532
3,2023,4,0.17061727550508504,0.17068758956047828,0.1705509647976251,0.17037446031855583,0.2016557734204793,0.15612846568811944,0.028593328223414538,0.06261865586634603,0.09847929352504224,0.1658538150548675,0.29548463521705803,0.43678304239401494,0.5125574272588055
3,2024,4,0.17468809736565283,0.17534096344778505,0.1740738708084079,0.1744713278719756,0.2055509992661976,0.1606060606060606,0.02910702113156101,0.06305656590994607,0.09886224850549592,0.16454557141020698,0.2964736464069501,0.4390428065284312,0.5215879455230368
3,2025,4,0.1787395118444552,0.17970997679814385,0.17782882274815476,0.17869355878227244,0.2111814526477885,0.16136308217507925,0.029441482875161143,0.06372273267079193,0.09868399884166157,0.16263544891640866,0.2994426617125486,0.4449400763153652,0.5223796033994335
3,2026,4,0.1821631984306557,0.18294144767173812,0.1814346446837437,0.18192504181925043,0.2155329906105281,0.16524507448342143,0.029593530388106085,0.06539407716501106,0.09887023886378309,0.16106969205834684,0.30251904316450623,0.44001413213546664,0.5306067536660837
3,2027,4,0.18519892782774355,0.18650966543603384,0.18397429030530263,0.18514936116609682,0.21819179933279845,0.168129522002135,0.028586781300376143,0.06701846965699208,0.09952081363888254,0.158881525779861,0.3000733920469709,0.44491771539206193,0.5285714285714286
3,2028,4,0.18884460396802677,0.1904642323102035,0.18733584985911,0.1886343105855301,0.22342878705295374,0.17103722781549988,0.028966521106259097,0.06723716381418093,0.0987638382338702,0.15931269249473173,0.30481176431358165,0.4437415693753198,0.5257985257985258
3,2029,4,0.1913753424657534,0.19302714319828065,0.18983914804513585,0.19105663831402228,0.22649536998414949,0.17345757610834586,0.029060773480662983,0.06878153826374828,0.10172079264607653,0.15747319467769022,0.3018005912389143,0.44549040702886855,0.5125025620004099
3,2030,4,0.19482756740844118,0.19676235358089586,0.1930327868852459,0.19397641268170462,0.23268066041649382,0.17714776632302406,0.02925263982687213,0.06799309648637207,0.1014442262621144,0.1590572953507813,0.30252954522366327,0.4455552670302086,0.5171048911506927
3,2031,4,0.1977247957142005,0.1996437550026493,0.19594651065608024,0.19687218622226815,0.23569218073034867,0.17916122808013166,0.0284129499660403,0.06966195411051883,0.10180995475113122,0.1584746851709072,0.3034501494159196,0.4454924874791319,0.5128543757703821
3,2032,4,0.20118535006726349,0.20275652565256524,0.1997339236901458,0.20025917799343218,0.23829839602904376,0.1849912739965096,0.028095220015945936,0.069603762731364,0.10179471920318225,0.1586693288677058,0.302806148417088,0.4485931837615538,0.5186187664041995
3,2033,4,0.20335388011089878,0.2046622819816382,0.20214780098699525,0.20289003327872585,0.23943316862008412,0.1843104410943607,0.027288296860133208,0.06965088143795369,0.10268108243234798,0.15855517006582148,0.2996011627120936,0.44670353718219075,0.5216353557129658
3,2034,4,0.20585678874569432,0.2086688693509548,0.20327095584827543,0.2049223595653895,0.2427550937576102,0.18823790255529071,0.02738529322394409,0.06931466941414716,0.10346001485516217,0.15890052356020942,0.29770889031777725,0.44998437011566117,0.5170577227580251
3,2035,4,0.208517130620985,0.2109442276077256,0.20628857192733846,0.20727874761001266,0.2473040106627893,0.19092461038603448,0.026490318646135082,0.06807272727272727,0.10572918273532225,0.15895319511316366,0.29702433403375583,0.4515530829856282,0.5194840461642906
3,2036,4,0.21140202205980635,0.21362121788134267,0.20936856449084557,0.2099827756807271,0.24943811205650987,0.1939848800262956,0.02722079515393168,0.06806884783737666,0.10709562328914587,0.16058178475277432,0.29750741637398986,0.4537068932521912,0.5165371523986899
3,2037,4,0.21400958961161004,0.21668641964265747,0.21156283214782112,0.21206967333294235,0.2507384050451026,0.20067656045395024,0.027507716049382715,0.0679871722316544,0.10812549788589987,0.1634621759596897,0.2976684113928353,0.45267584097859326,0.5162974203338392
3,2038,4,0.21552441731409544,0.2175002516975602,0.21372238943018926,0.2136710123768369,0.25062557095762006,0.2041904761904762,0.02764259295308546,0.06798488376531664,0.10770946950917204,0.16370983638872463,0.2967429817388934,0.4510807301611548,0.5162055793494618
3,2039,4,0.2187419960727397,0.22094677074350733,0.21673546348672476,0.21638445483140784,0.255293095275715,0.20741504722614265,0.02714611692501377,0.068,0.10994980621386365,0.1643897701521528,0.3023610828414411,0.4514939703510254,0.5151883353584447
3,2040,4,0.22141120521520746,0.22407328408810256,0.21899313734487647,0.21911483800547235,0.25620159610016907,0.21009904205228122,0.027344371915300113,0.06775883640913356,0.10933127472739554,0.16501224700270722,0.3021118432167596,0.4564805139517783,0.5166190324970891
3,2041,4,0.22310556344253074,0.2255945001690522,0.22085056414969112,0.22076412083151276,0.2569436283151173,0.2124559978337395,0.028313665471827298,0.06713949874486991,0.10928496595075957,0.16474532971419448,0.3023750802391973,0.45372135548379566,0.5183879865154766
3,2042,4,0.22491989154547695,0.2273517393954444,0.22272207940588404,0.22200616024047204,0.2597934125901384,0.21762667821567777,0.028910811354942622,0.06678130123565401,0.10952126236961754,0.16602464104931394,0.30347770139853036,0.4525152705909816,0.5193591455273698
3,2043,4,0.22712412160384804,0.22996468350991578,0.22456169013509236,0.22446333703402901,0.2587475187794341,0.2217717961191287,0.029225266238517195,0.06747210403789035,0.11155133547373454,0.16596271713931848,0.3032161351866994,0.45308756472679496,0.5196975534579079
3,2044,4,0.22835734188245674,0.23110919233347346,0.22588290579954437,0.2257359817454083,0.2592765098587176,0.2226904376012966,0.028478172174622604,0.0667204192703084,0.11215609208309939,0.16756926952141057,0.30141734445245205,0.4529980657640232,0.5194884287454324
3,2045,4,0.2291890375182789,0.23132029841892723,0.2272759852960752,0.22664742230842091,0.2595103432246068,0.22388383181621152,0.02861402128452524,0.06703190460844344,0.11199367429824246,0.16751396472729554,0.29790378006872853,0.4502905850445564,0.5229184865063675
3,2046,4,0.23216521668428328,0.23650871903053095,0.22827003351771505,0.22997427750037827,0.2612145372914812,0.22573265061553546,0.029221738946835014,0.06854952592293725,0.11020647669343896,0.1725108699052207,0.3018867924528302,0.45395585075210004,0.5208182803468208
3,2047,4,0.2338324428436184,0.2376091615014171,0.23045280217740938,0.23106311407414173,0.26517929517118927,0.22706947322499726,0.028940281280725004,0.06855935989602371,0.11090786919516202,0.17465411940670572,0.30212677231025853,0.4515152691009274,0.5236880955576433
3,2048,4,0.23593455518833137,0.24002732714998667,0.23227914865451837,0.2332611241665965,0.2667515333873394,0.23063023599627663,0.029097207187702968,0.06867147270854788,0.11043222448517764,0.17636667613009052,0.3027415637576967,0.4529071348118227,0.5239713932544587
3,2049,4,0.23821840027236885,0.24264174687143156,0.23427568443355073,0.23541155974900946,0.27037137017469437,0.23259014588494356,0.03023758099352052,0.06829045263726671,0.10997491066676804,0.1794979620883742,0.30394785973726196,0.45291185222398267,0.5234169443957201
3,2050,4,0.23962759792938268,0.2440179607723601,0.23572285073770918,0.23742676444340977,0.2692723203950922,0.232500276456928,0.02995298858294157,0.0681675524124367,0.11026939280330847,0.1766786767114314,0.3066455055041534,0.45151235280535673,0.5251883136674359
3,1990,5,0.10840689880660455,0.10111696608410815,0.11576117074772685,0.10539649712402249,0.12024063959471226,0.1187689640225401,0.029007041798565798,0.07061758750361585,0.10728452939055175,0.1630323837802728,0.2987087517934003,0.42670299727520433,0.47298420615128844
3,1991,5,0.11390981559069693,0.10632258064516129,0.12153747904526223,0.11065558308286279,0.12684137075515584,0.12643190496393722,0.03210533143079517,0.07454284815216251,0.11120591581342434,0.1647717178895008,0.315643234231731,0.43634886240520043,0.4787556904400607
3,1992,5,0.11433040876011698,0.10691738378756387,0.1217487656000933,0.11070473011119566,0.1301109591123271,0.12591467623912744,0.03178284445025152,0.07314745381416593,0.11046850957712102,0.16555140349352568,0.3103587806851902,0.4354497354497355,0.5024630541871922
3,1993,5,0.11571080854947897,0.10851724203591218,0.12288497692702102,0.11152197663669215,0.13343283582089552,0.13061114115738237,0.03157790208864321,0.07250008352544185,0.11107273265567946,0.16509756932557343,0.30908616868726374,0.4441591784338896,0.5039525691699605
3,1994,5,0.11674355748170931,0.11040844200797051,0.12303149606299213,0.1120303140849877,0.13794623182018512,0.1310262845066702,0.030475869051636854,0.0723342750147822,0.11119830132939439,0.16615307737153326,0.309365179132621,0.4426599749058971,0.4913151364764268
3,1995,5,0.11769970502013717,0.11190493682045254,0.12343100034513452,0.11300307812914308,0.14031534789526978,0.1309278350515464,0.030179779889261057,0.07112467928940275,0.112493054665128,0.1649131596526386,0.3086716310353111,0.4453163315350662,0.4913329348475792
3,1996,5,0.11856344286379761,0.11303642264695275,0.1240207947585814,0.11382923351965421,0.14120667522464697,0.13143428285857073,0.028961292119186854,0.07117369080914264,0.11150790466254715,0.16555278202753845,0.30647820965842165,0.4509065222510007,0.4880466472303207
3,1997,5,0.11935214853180003,0.11342887473460722,0.12518512065510934,0.1147648325305751,0.1428872497365648,0.12953367875647667,0.028170496404139624,0.07109811732956371,0.11015836230204712,0.16574666961065723,0.30544860576362154,0.44369823147526305,0.4951950254381006
3,1998,5,0.12023770618689691,0.11454463386687962,0.12582657304519734,0.11585837353924569,0.14474229653171203,0.12785441057146169,0.027066130284423742,0.0707135523613963,0.11064019629712246,0.1637122715762097,0.3034388209756655,0.44804088586030666,0.4862183020948181
3,1999,5,0.12165729176329704,0.1157916261949798,0.12740416722318687,0.11710333465278744,0.14714653653246576,0.1292532285233015,0.0271243907607544,0.07109862066737734,0.10913660025130138,0.16329955463757825,0.29837389501255046,0.4534977759805904,0.4916261480280929
3,2000,5,0.12203667809751007,0.11654305278842773,0.1274161024312671,0.11767304395384794,0.14805696034069737,0.12876953554919657,0.026760713146421863,0.06986457823462229,0.11019456336361422,0.1601168025307215,0.29067222511724855,0.44515011547344113,0.4910901467505241
3,2001,5,0.12461104747048836,0.11912437090885168,0.1299670867785181,0.11995206463010218,0.1526846729580215,0.1310893644477901,0.026604624729158526,0.06982543640897755,0.10935339157418963,0.16120848708487084,0.29414105242216254,0.4565177081401817,0.4967837704106878
3,2002,5,0.12600566031735938,0.12032171754617839,0.13153766510839895,0.12157037697970109,0.15503530758954132,0.12975993377483444,0.025652852682372978,0.06935108371315211,0.1094705688918119,0.1625981288310571,0.2937015503875969,0.452524893314367,0.5025522041763341
3,2003,5,0.12730123286695014,0.12099197994181841,0.13342801847921087,0.12373522745669419,0.15506983152752551,0.1248700353503847,0.025731291282572403,0.06840717123493473,0.10955824863174354,0.16213474025974026,0.2947468958930277,0.4463246959280804,0.5114196148678908
3,2004,5,0.12906338017210525,0.12251634709542913,0.135419861375207,0.12608791121047588,0.15596498745179654,0.124069977880555,0.025567145670727258,0.0668371811267416,0.10876036232115995,0.16345833927468034,0.2952257826207406,0.4511114825338459,0.5078260869565218
3,2005,5,0.1306900495615707,0.12432691712570403,0.13687201226661858,0.1282296179598267,0.15871685917768866,0.12296253931941664,0.025104298929802284,0.06575176181002798,0.10815255202074506,0.16503828888302086,0.2951363301400147,0.4536993216595678,0.5223943072415237
3,2006,5,0.13193182156798475,0.12560905486789942,0.1380630961115187,0.13035989045549998,0.15842972309849282,0.12190684133915575,0.024471674658142425,0.0646490576234547,0.10844730994335075,0.166260380944511,0.2981941108442309,0.44893584443423673,0.523342487249902
3,2007,5,0.13323403327762842,0.12740075879478588,0.13888769655606586,0.1317993417620669,0.1612332286611476,0.12342877094972067,0.024156759745645563,0.06347345503265785,0.10792896448224112,0.16628900814947326,0.29922153746350955,0.4478948939982084,0.5310861423220974
3,2008,5,0.13426721383638868,0.12875146160841885,0.13960571723974124,0.1336803777134183,0.16053791641091458,0.12289660946002512,0.023597238050546355,0.0626024693010339,0.10719989978390905,0.16636036449957883,0.29590379556557683,0.4532831935203934,0.5239761988099405
3,2009,5,0.13414190001717918,0.12918881118881118,0.13892603850050658,0.1343428654482032,0.16193846991560032,0.11926175021506218,0.022186649591804067,0.061493935156580276,0.10639365338183186,0.1654221499334615,0.2928732077593478,0.4511010805635344,0.524697415767092
3,2010,5,0.135606137244984,0.13044015995822397,0.14058485418377348,0.13591651315436482,0.16420929366050993,0.11934156378600823,0.023714285714285716,0.06006267971955672,0.10604390412900382,0.16392679345295655,0.29089587737843553,0.4413632240507969,0.5298575325856321
3,2011,5,0.13851047829472324,0.13348078593139384,0.14335157443807384,0.13898952056125966,0.16566783052790662,0.12253944402704733,0.02483660130718954,0.05963496762859095,0.10495093244138715,0.1643835616438356,0.290726033393784,0.4457107843137255,0.5307118254879449
3,2012,5,0.140346049778232,0.1356798031532917,0.14482776336407305,0.14062459189092713,0.1676961560059217,0.12574806058367197,0.024507006530974575,0.059197171108637286,0.10514357841590408,0.16671173607355327,0.2862388529463193,0.4391956211327939,0.5311995696611082
3,2013,5,0.1427972064082207,0.13826476793248946,0.14714361581063654,0.14306312491953826,0.1698586182693272,0.12829858579967926,0.025957232069639815,0.05960023826858164,0.1036231884057971,0.16480539218925527,0.29066363044892646,0.4382178907065785,0.5298754131706077
3,2014,5,0.14523521548157106,0.14072869225764476,0.14955134596211367,0.14553278723242044,0.17323222375418554,0.129136690647482,0.025721965245655707,0.059544951915021946,0.10249263611313464,0.16462147773016492,0.2908574615891689,0.4454192115491394,0.5209739633558341
3,2015,5,0.14814768311287174,0.14447141004404382,0.1516644146910699,0.14848158086114804,0.17503510385900353,0.13352736565627885,0.025945006517286325,0.05975921442023137,0.10241616728292745,0.1650472983806317,0.2948207171314741,0.4475609756097561,0.5202626216889291
3,2016,5,0.1506839979182672,0.14688047091061324,0.15431470851800722,0.1515729502105524,0.17581213680099075,0.1340899537620849,0.02761596548004315,0.06025523848210961,0.10185125666902359,0.1649255390086686,0.2946632671004044,0.4454439623240555,0.5136540962288687
3,2017,5,0.1540367427092701,0.15099850819240557,0.15693256225206711,0.15437156240309444,0.18038553538764598,0.1404090657822001,0.02840787338904705,0.061801986981843096,0.10124795482980976,0.16453005013644728,0.2966670890888354,0.44013377926421404,0.5180924492783936
3,2018,5,0.1566409907868902,0.1543350595931313,0.1588355284102298,0.1571602578063871,0.18280563901086203,0.141250255641148,0.027909409809834453,0.06333197500679164,0.10067373714580445,0.16698955124337028,0.2918272155749341,0.44038393800634024,0.5096837944664032
3,2019,5,0.1588731520481094,0.15680487864612672,0.1608381032155987,0.1593823981889632,0.18454876937101186,0.14477933261571582,0.027645613707746368,0.06392083444771329,0.10027353177795656,0.16446106635980054,0.2925044988655035,0.43650533223954063,0.5093784479588084
3,2020,5,0.16235251020685498,0.16039990778825272,0.16420591961303696,0.1626094653978692,0.1890650333273284,0.14854711084513597,0.028060097216084844,0.06366268428233884,0.10079464659138436,0.16437739247917135,0.2919158277193248,0.43756694720734507,0.5124658469945356
3,2021,5,0.16623983571925932,0.1645112163991491,0.16788885045543642,0.16628042173201193,0.19358007053886334,0.15215805874162966,0.0277904774345242,0.06471139054243863,0.10062091503267974,0.16441317886992157,0.2943805406989523,0.430728113262063,0.5173080019320561
3,2022,5,0.16831350367713108,0.16709924754738548,0.16946511444089385,0.1686641037214587,0.1970564907023883,0.1522676101640399,0.027395908702229823,0.06407924650860669,0.0983965483933286,0.1626445854947321,0.29795204795204794,0.4365458336135584,0.5170463472113118
3,2023,5,0.170218224107265,0.16912541990650473,0.17124880923370034,0.17079623622518234,0.2007843137254902,0.14998118178396688,0.02779351484653581,0.06293507150993545,0.0970765454139701,0.1637682089456459,0.2977841265417044,0.4371571072319202,0.5096477794793262
3,2024,5,0.17434876539718808,0.17308926300561175,0.17553372482300642,0.1749742808153934,0.20520568049380583,0.15497835497835497,0.02770961145194274,0.06409130816505706,0.09645175805103812,0.16361357500964135,0.29801279201012415,0.4403786954754022,0.5192697768762677
3,2025,5,0.17832953307349292,0.17779582366589328,0.17883036861242352,0.17923190658528262,0.20887158867311148,0.15831504511094854,0.02717675342322567,0.06612913307081693,0.09794394929051771,0.1609907120743034,0.2981253166694815,0.4482184124254313,0.5177053824362606
3,2026,5,0.181639340607898,0.18138543107422775,0.1818770366214204,0.18234700182347002,0.21328121680757955,0.16122056703507928,0.026874315782039058,0.06648397845109458,0.09964493221433182,0.15831442463533224,0.29987972738206603,0.44829152576591125,0.5203820799138975
3,2027,5,0.1852598467059501,0.18615423421770735,0.1844242099625067,0.1856067422470158,0.2180228875469786,0.1664096785671925,0.027440444205624217,0.06698742821666925,0.10020536558333605,0.15988362695975433,0.3001067520683213,0.44632139399806386,0.523931623931624
3,2028,5,0.1883106159029353,0.18894608878285982,0.1877186453293636,0.18885827976737068,0.2205358265900801,0.16863732147038166,0.027292576419213975,0.06733120180552943,0.10089403866636543,0.15720538174744692,0.3043449264730401,0.4440671659146937,0.5204377931650659
3,2029,5,0.19124383561643835,0.19182178960894236,0.1907063314967375,0.19151057828976253,0.22570284474847752,0.17114249334413706,0.027918968692449357,0.06640311123967474,0.10210248417570533,0.15931404211342204,0.30075920451491533,0.4449524834140219,0.518138962902234
3,2030,5,0.19507288725100036,0.1957881142805356,0.19440941572089113,0.19515503732311365,0.23097983904422137,0.17600229095074457,0.028133278609007127,0.06561594320883128,0.10258440489009944,0.1600540158189184,0.3016491144898581,0.4478923223405176,0.522099707850344
3,2031,5,0.19793626608394832,0.2005907353753537,0.19547638946928542,0.19775783429524554,0.23329894780276458,0.1793882299528971,0.027997886951928157,0.06684766413932391,0.10319255907491201,0.16101259316371114,0.29961287693561534,0.4497495826377296,0.5148793801725656
3,2032,5,0.2013258199931926,0.20364536453645365,0.19918306257990084,0.20101020513349138,0.23780612872789925,0.1831334797050048,0.027905387448270626,0.0675058369708659,0.10307889873774548,0.159957490660827,0.30287401174035494,0.44948898570788715,0.5176345144356955
3,2033,5,0.20415601195122607,0.2060315607533278,0.2024271392656507,0.2038009741189953,0.24102585045125985,0.18509212730318259,0.027554709800190296,0.06812996889042516,0.10530591838010124,0.15910638435848384,0.3010207530588792,0.45084152309712333,0.516938712657838
3,2034,5,0.2071015441405286,0.2098672789382315,0.20455832826966847,0.20650596049795453,0.2435668479584382,0.18923562995399368,0.02780309936189608,0.06743169787188688,0.10556449616241644,0.16040575916230365,0.30024704727740364,0.4533447952485152,0.5169857492442781
3,2035,5,0.20927730192719485,0.21143630405851235,0.20729490773543638,0.2085607331492158,0.24536532170119957,0.19230133817941517,0.027481323372465314,0.06614545454545455,0.10742603276463147,0.16029609249615145,0.29966786416322105,0.45244166280327613,0.5175831636116769
3,2036,5,0.21155172505974754,0.21344231500324262,0.2098193703062406,0.21105288232491662,0.24654840263284636,0.19354661991892189,0.026722386228578,0.06669634245863937,0.10734167871313013,0.16255171055223586,0.29982609881679,0.4524055574692846,0.5149958255731809
3,2037,5,0.2151148510833698,0.21732373264160648,0.21309582209140707,0.214019705589115,0.2516165083419813,0.198330423395897,0.02673611111111111,0.06772307111865686,0.10775782829830259,0.1670755154810051,0.29974168989191763,0.45493119266055043,0.517329286798179
3,2038,5,0.21668231879108682,0.21932366068931572,0.21427332551140132,0.21520436087246797,0.25193629105930015,0.2025578231292517,0.026747128674323536,0.06622895751421919,0.10873202776400595,0.16656810565740193,0.2990937585173072,0.4561979683800504,0.5140641277925686
3,2039,5,0.21975049090753862,0.2235897550759858,0.21625643377669063,0.21752359114560366,0.25600410807394536,0.20844642275540115,0.02753953890943426,0.06684615384615385,0.10906029607980176,0.16526383943023631,0.3041590338557568,0.4566018895460481,0.516513862807909
3,2040,5,0.22157685217344839,0.22473562495790206,0.21870761826098484,0.21944671844001445,0.2561622832881236,0.21161443957352383,0.02626970227670753,0.06787613387550828,0.10843063462961176,0.16581797086502514,0.303531001858422,0.4552807771198576,0.5191065946861437
3,2041,5,0.223641282511451,0.22678913557984898,0.22078929902486344,0.2214898801016063,0.25753124143064204,0.2141890062279989,0.027709533207136816,0.06725903494441567,0.10902304871660555,0.1667252115599553,0.30348998276968814,0.4514259035910205,0.522678516702421
3,2042,5,0.2255093183011649,0.2284127593290742,0.22288529807810015,0.22378743459383232,0.25788345351783276,0.21584019055868342,0.02887054560096638,0.06582156996041108,0.10988900775608451,0.1662474929164942,0.30286817242897296,0.45446056880519786,0.5235622805716263
3,2043,5,0.22635107930662401,0.2297948926922032,0.22324446305126974,0.22418764762422788,0.25979838866617366,0.21723150099994595,0.029631737257133566,0.06518423376414867,0.1104583646423936,0.1668519165422846,0.29940038157536114,0.45386042198006027,0.5196493931805047
3,2044,5,0.22858326250900993,0.23187039161999115,0.22562750927089398,0.22684322747166424,0.2596258344977488,0.2191788222582388,0.030150958792329662,0.06595444466841363,0.11001544076361594,0.1654911838790932,0.30073097910017504,0.4550870406189555,0.5247821605921484
3,2045,5,0.2297178439805097,0.23367023339645457,0.22617011908540768,0.22804564521221415,0.26009142325869683,0.22063285652362374,0.030725909975568347,0.06630679987109249,0.10674621715846602,0.1697734262223059,0.3004810996563574,0.4529252227818675,0.5227345869155441
3,2046,5,0.23127625552212916,0.23420428098093393,0.22865044930188563,0.2297700105916175,0.2612919456593258,0.22066673929621963,0.03078417296566868,0.06479725640508371,0.10745589907213848,0.16919515780912758,0.303057430106046,0.450166048056261,0.5269598988439307
3,2047,5,0.23356584001654027,0.23778197654323832,0.229792981153862,0.23158824021857424,0.2642529046203729,0.2254335260115607,0.031248664130295388,0.06539133260225011,0.10934000298641183,0.17060326561136732,0.3034473172087851,0.4527181715882193,0.5271775600590525
3,2048,5,0.23585261260276966,0.24044418198029202,0.2317517115850001,0.23408017513912385,0.2643598348956525,0.22915183704758255,0.031608573284260665,0.06558187435633368,0.10650976842422871,0.17494716255007728,0.3048054762478071,0.4520915058065017,0.5289157690270175
3,2049,5,0.23675222123378692,0.2410687236372958,0.23290474014374143,0.23527280575983225,0.2648952990628977,0.2278557665840903,0.030193502887115968,0.06783324327694418,0.10628753896449479,0.17351361842530894,0.300994602668115,0.4517911659002203,0.5296877740747238
3,2050,5,0.23941788721978785,0.24417036941510253,0.2351910745008081,0.23824157063593684,0.26533683154564397,0.23133915735928343,0.03026639802999776,0.06703770347742394,0.10779577165384764,0.17232230592859482,0.3062740595664213,0.4531286077118448,0.5316323420559934
3,1990,6,0.1081718979892104,0.10056763850175988,0.11584327086882454,0.10495702190913203,0.12103221720889733,0.11891345181332177,0.028877834485431877,0.07040063638993346,0.10794566654645991,0.16219727196808018,0.29684361549497845,0.42970027247956405,0.4621778886118038
3,1991,6,0.11408895036971428,0.10669975186104218,0.12151752215215135,0.11050467195694003,0.13002015816405643,0.1247348324140857,0.03255934621870541,0.07422817384007552,0.11092150170648464,0.16663705809202345,0.31091969991664353,0.4409534127843987,0.48937784522003036
3,1992,6,0.11483565064466922,0.10806348219662387,0.12161269001982816,0.11082746262794865,0.1330749354005168,0.12605274057710894,0.03259946429738028,0.07389733451496353,0.10914203852071948,0.1684192230816025,0.3073914216347451,0.4444444444444444,0.4919071076706545
3,1993,6,0.11611964706777211,0.1103452215473085,0.12187850130082227,0.11140191852856783,0.1373134328358209,0.13088155759870201,0.032140611035715465,0.07430423306939293,0.10969110826014014,0.16792194453954126,0.30647894668231,0.4446726572528883,0.49407114624505927
3,1994,6,0.11712568153222425,0.11184912155967594,0.12236294755608379,0.11240688656930699,0.1388276773909211,0.13063003566239598,0.031083361457981774,0.07446948295118586,0.10944423929098966,0.16448738236028984,0.3079824010056568,0.4534504391468005,0.4813895781637717
3,1995,6,0.11788235509000082,0.11229062591830738,0.12341283537083796,0.11274944951061205,0.14248517286272241,0.13221649484536083,0.03031649463394627,0.0738202721574486,0.11065521220669317,0.16290915163660655,0.3086716310353111,0.44678764100049045,0.4877465630603706
3,1996,6,0.11958469201275665,0.11404615939415795,0.12505341119498647,0.1146665459729797,0.14370275281700184,0.13205897051474264,0.02944862155388471,0.07284534027710805,0.11118690313778991,0.16692165230694903,0.3043580683156655,0.46197315752295737,0.49387755102040815
3,1997,6,0.12051090725540974,0.11466737438075018,0.12626535412492376,0.11526424433445054,0.14864769933263083,0.13049765031931557,0.028556393615155235,0.07315427616783396,0.10957898802626496,0.1681754618385221,0.29984832574962084,0.46071188717259903,0.5014132278123233
3,1998,6,0.12136431655171227,0.1159334745321343,0.12669575294839458,0.11701281869765517,0.1486113030261158,0.12414512576793788,0.028160067753546476,0.07305569815195072,0.11056584132649268,0.16275408938471014,0.3027533417114132,0.45421635434412266,0.4972436604189636
3,1999,6,0.1224837450138726,0.11724008656680811,0.12762121009750232,0.11787361056133856,0.15148434322895485,0.12644581695676585,0.026877163240799605,0.07377975902057693,0.10920840064620356,0.1648486413218873,0.29477245443632,0.4607763849575415,0.4878444084278768
3,2000,6,0.12354422411079635,0.11868606539536908,0.1283013918717314,0.11864068071142338,0.15444503593292522,0.12766894122826325,0.026973381065466276,0.07250775004078969,0.10887195015836552,0.16133349555907045,0.29327774882751434,0.46131639722863743,0.49318658280922434
3,2001,6,0.1252447455864551,0.1200618400710503,0.13030424660833267,0.12066489663935866,0.15522290920924178,0.1281858264329498,0.02614286221717046,0.07140044625278907,0.11124228421088136,0.15936346863468634,0.29125634139062967,0.4631930279992583,0.5027214250371104
3,2002,6,0.12636340509428562,0.12136939492601787,0.13122391993223104,0.12195567091841908,0.15579871493097525,0.12882864238410596,0.025723814930456997,0.06908876282913073,0.1116737915159487,0.15861920636627594,0.29544573643410854,0.4578591749644381,0.5071925754060325
3,2003,6,0.12806930026684404,0.12221347176907375,0.13375577475340242,0.12455480006475636,0.15726185257092753,0.12279060095653982,0.025005443855701533,0.06857409942242847,0.11177352097993223,0.15964894480519481,0.2958930276981853,0.4620130442446677,0.5078369905956113
3,2004,6,0.1293356986135101,0.12357456486716997,0.1349291541434092,0.12639731715106994,0.15700557017812328,0.12286346269857229,0.02334232985629878,0.06878912297233628,0.11119290721121532,0.15856266932839014,0.2967956413334565,0.45595854922279794,0.5160869565217391
3,2005,6,0.1306290507052993,0.12480658538094944,0.13628574005592134,0.12812130760141788,0.15925549105272607,0.12105614336097607,0.024269907491384,0.06639242000202313,0.11071405983176269,0.16169351289499165,0.29016212232866617,0.46253352263764,0.5177898702385936
3,2006,6,0.13184242677076194,0.1262445903822292,0.13727072633895818,0.12966314098531986,0.1617011333099661,0.12236171761280931,0.023903391937488902,0.06454772681213268,0.11016869581546744,0.16440110730074783,0.29481362868072236,0.4553667126014393,0.5205963122793252
3,2007,6,0.1321659521906561,0.12579164144731986,0.13834399278877108,0.13116386710043346,0.16157579217813303,0.11679469273743016,0.023016311860658004,0.06256908390554346,0.10983616808404202,0.16306897237129794,0.29257216996432045,0.45297103613018813,0.5239700374531835
3,2008,6,0.13372761739772518,0.12846274883432218,0.13882329928883796,0.13330787927325555,0.16321633837397467,0.11670154876517372,0.02349668163839914,0.06213403821059323,0.10976793711440293,0.1638716593919902,0.2905674558436678,0.45183685276251084,0.5257262863143157
3,2009,6,0.13365401133825802,0.1283916083916084,0.1387369132049983,0.13407034628102177,0.165151102640893,0.11269257839993743,0.02298703377621258,0.05898995154629118,0.1100624000501709,0.16331509685051013,0.28823446724768065,0.44562987279441935,0.5335296041871116
3,2010,6,0.13503287809812847,0.12921711168217234,0.14063783010621672,0.13552304473020585,0.1672433065417576,0.1133973479652492,0.024095238095238097,0.05941649704371426,0.10853201473969323,0.1627448873607679,0.2843551797040169,0.43864195931061295,0.5289481661109428
3,2011,6,0.13830417334939407,0.1330601389491967,0.14335157443807384,0.1388923250923357,0.17046224399395488,0.11570247933884298,0.02512354535310059,0.05917949051631584,0.10681265974566911,0.1663603259927172,0.284597586142205,0.4392156862745098,0.5332950631458094
3,2012,6,0.1406474183847953,0.13670950400513512,0.14442960260987953,0.14147781192592657,0.17142273725049773,0.1171038049501293,0.02574345317354638,0.05916442931045773,0.10485957715367623,0.1670497566252028,0.28559771521827826,0.4410994764397906,0.5317374932759548
3,2013,6,0.14266811251823452,0.13821202531645568,0.146941304402802,0.14346650645839593,0.17351849994986462,0.11889488263595276,0.02570491389642339,0.059434773975776026,0.10387523629489603,0.1659618053261085,0.2858382129689872,0.44459914143172063,0.5258072718026952
3,2014,6,0.1459290852377618,0.14238126219908914,0.1493270189431705,0.14655778532643224,0.17672838290328935,0.12402877697841727,0.02684710588823603,0.05870723452735985,0.10363285085357743,0.16945851188157382,0.2865980426956037,0.4454192115491394,0.5202507232401157
3,2015,6,0.14768311287173466,0.14394493881377043,0.15125905908365067,0.14853173508538756,0.1761003244080763,0.1264286221338823,0.027155359692135807,0.05952380952380952,0.10187428279994899,0.16697130030463364,0.28994609796109677,0.44390243902439025,0.5175458455965587
3,2016,6,0.15098138831751381,0.1481237155253343,0.1537092203734651,0.15201056890430187,0.17900352481661427,0.12876558778198122,0.02792417938049006,0.06049219728512914,0.09995500417818345,0.1664179341440955,0.2951907860031651,0.4490422266906551,0.5130039011703511
3,2017,6,0.15377368301919112,0.15136205794230842,0.1560722649715624,0.15465717876319957,0.18273064115191595,0.1322553897180763,0.028683380781828756,0.0605686879068174,0.10002887299092104,0.16751285143110997,0.29662484687196383,0.4378404204491161,0.5082618699016942
3,2018,6,0.15717867391632684,0.15530143469534405,0.1589652285670491,0.15802337681194492,0.18641090825051998,0.1360010907355648,0.029109483660532957,0.06180385764737843,0.09815931143418974,0.16924445009051353,0.29620766578787266,0.44188094399436423,0.5051383399209486
3,2019,6,0.15994105644978462,0.15782126325585952,0.16195495369724044,0.16063386288091955,0.19010938924339107,0.13932992465016147,0.028671828839754953,0.06224926450922707,0.09840707964601769,0.16963943229766015,0.2938737188013458,0.4406070549630845,0.5106656859139389
3,2020,6,0.16311470082541107,0.1615646877540373,0.16458597259011862,0.16351048022509562,0.19374887407674293,0.14455748387525766,0.029575153083769963,0.06246464108622583,0.0986712994241225,0.1681088557918101,0.2957005525698282,0.43588370313695485,0.5105874316939891
3,2021,6,0.1667001050358184,0.16503094179075614,0.1682924017064453,0.16672335107687197,0.19835706951203178,0.14897566797056289,0.02958657174580367,0.06250418032238646,0.09895424836601308,0.1671883571589919,0.2973111583266173,0.43376191852065876,0.5063596844308484
3,2022,6,0.16762965581589426,0.16636108200781027,0.16883278192432336,0.1680570903827297,0.1990393936723363,0.1479575426182052,0.0288429915148326,0.06177330302046119,0.09669006375169038,0.16512549537648613,0.2988796917368346,0.4308964960656399,0.5080911233307148
3,2023,6,0.1695683404022438,0.16940731518240973,0.16972019761182125,0.16979931135497428,0.20392156862745098,0.14960481746330448,0.028526677108674642,0.061637767371218836,0.09465361685848184,0.1644741063979978,0.29956100620165843,0.4325436408977556,0.5068912710566615
3,2024,6,0.17358526846814237,0.17325259878898183,0.17389824927281708,0.17380834444656124,0.20865886821772348,0.15275200989486704,0.027777777777777776,0.06390317320958235,0.09336633026933214,0.16306723229206838,0.3022197899921333,0.43323459371551376,0.5166618371486525
3,2025,6,0.17812735176178549,0.17836426914153133,0.17790502732478392,0.1784130113356333,0.21554452904440072,0.15477932211655693,0.02864011706909167,0.06572285767860492,0.09469416647897294,0.1608939628482972,0.3036649214659686,0.44246788842908585,0.5151558073654391
3,2026,6,0.18153902740779546,0.18166205624711848,0.1814238546364833,0.18135991681359917,0.22003653821642521,0.16067996155694378,0.028781297453826325,0.06629713823062311,0.09683666881859264,0.16025931928687195,0.30392222370706934,0.44157876141927016,0.5167496300282524
3,2027,6,0.18554782685747198,0.1858675961384118,0.18524906266738084,0.185479275388399,0.2247793589797728,0.16344443126556754,0.0291957728819631,0.06726680117957473,0.09730416924731884,0.15991595280426701,0.3058446757405925,0.4432236205227493,0.5207570207570208
3,2028,6,0.18855834232488494,0.18936842946339905,0.18780371098941995,0.18834315064913734,0.22892121923609074,0.1651837977054554,0.029439592430858808,0.06824023572189832,0.0983765290643256,0.15759442373156102,0.30411150755276933,0.4474626726824503,0.5156354701809247
3,2029,6,0.19222465753424658,0.19285657429412903,0.1916369673960173,0.1918454520423578,0.23379494452323352,0.16940618127098045,0.029355432780847145,0.06775302928036513,0.0996214892331181,0.1596369978039013,0.30616769685568396,0.44705935090550475,0.5138348022135684
3,2030,6,0.19529640088533207,0.1965924281215307,0.1940941572089113,0.19455460590201848,0.23823944246245748,0.1731958762886598,0.028469086974366627,0.06910026376632257,0.09992398809146766,0.15738537714616424,0.3084216585960516,0.448368389162988,0.5108849307322589
3,2031,6,0.19871707975686329,0.2009402162271851,0.19665691600501461,0.19744047706909532,0.2448937487105426,0.17632370467056352,0.02792242094936231,0.06936397046650995,0.10143288084464555,0.15754304805962477,0.3082722086389568,0.45200333889816363,0.5082761049480542
3,2032,6,0.20154733026100394,0.20378037803780377,0.19948447714965753,0.2002149999263699,0.24658489559830987,0.1808816078365141,0.028209119556551122,0.0693669001455013,0.10307889873774548,0.15705912662630425,0.30548674968613215,0.4533165031149477,0.5091863517060368
3,2033,6,0.204473634626255,0.20669375294619408,0.2024271392656507,0.20318388516268374,0.24956099154653488,0.18358458961474036,0.02759276879162702,0.07034220532319392,0.1040872445472158,0.15803638014331572,0.30206854593388766,0.45661083038236583,0.508469356328919
3,2034,6,0.2069942376409739,0.20907207257658061,0.20508357621759685,0.20567017111687855,0.2507102849257245,0.18679674075716424,0.02719538134305682,0.06984758588837177,0.10503837583560287,0.1586714659685864,0.30095773122609903,0.4555720537668021,0.5112278681445228
3,2035,6,0.20958779443254819,0.21140275339141326,0.20792130043231366,0.20823840535650187,0.2523122904802294,0.18982322815132993,0.02710016770849215,0.07065454545454546,0.10563662727917811,0.15806884805607416,0.29770216227208024,0.4588548910523876,0.5150033944331297
3,2036,6,0.21231627966659003,0.21407965650647404,0.2107004907636036,0.21058379448088835,0.25614063252528496,0.19157444943574012,0.0276425257830771,0.06940425847614808,0.1078030326331006,0.16133692297590124,0.2963139768813721,0.46097906380372794,0.5115920621668486
3,2037,6,0.21475177002018303,0.2157584024687493,0.21383165726432835,0.21252419212949386,0.25876107607567655,0.19729375818419903,0.02820216049382716,0.06900584795321638,0.10928978491329125,0.1619041304780216,0.2958330500985657,0.45879204892966363,0.5161153262518968
3,2038,6,0.2166076154699906,0.21704160281006343,0.21621180431566597,0.21430195960470422,0.2597608928784208,0.20054421768707484,0.027525793264551294,0.06977898232622055,0.10904189390183441,0.16127866482686115,0.29555055873535024,0.4585274574199954,0.5179418914226184
3,2039,6,0.21990523350123795,0.22156272048200867,0.21839677928960913,0.2179865949378252,0.2599541791752252,0.20448376940614482,0.027264143520339918,0.06996153846153846,0.10896499142258086,0.16571706053739074,0.2974421602551055,0.45952070051463245,0.5201590632939357
3,2040,6,0.2216676908279676,0.22291699409506274,0.22053290097586345,0.2190632121600991,0.2639069072610764,0.20771770309032853,0.028339436395478427,0.06787613387550828,0.11016758338962333,0.16565682609256155,0.29829363068085823,0.45737064127868726,0.5200063512226104
3,2041,6,0.22398414271555997,0.22548179871520344,0.2226272527696942,0.22124549177596256,0.2640733341168175,0.21142702409964798,0.028031737081638405,0.06821532454078176,0.11170770036668413,0.16385118952578637,0.300280414878881,0.45807882348364004,0.5208397180508735
3,2042,6,0.2255039598761132,0.22670835496760502,0.22441547313012608,0.2228522655583182,0.2647047359189242,0.2131875270679948,0.027300181195892892,0.06710121166073499,0.11202861727734688,0.16736175225239566,0.29809352883410656,0.4555110298408746,0.5246007021707956
3,2043,6,0.22697380782383225,0.22899121615503035,0.22515393176967927,0.22441117957812068,0.26470244813762506,0.21625858061726394,0.027843264775221525,0.06662920446335394,0.11250768495115787,0.16701070214995714,0.29837830471518123,0.4533194219027746,0.5246099017530341
3,2044,6,0.22796467031725712,0.22988218452834047,0.2262404609396549,0.22557139116447836,0.2647880763856544,0.215667206915181,0.027784577723378213,0.06704293489215885,0.11177007299270073,0.16926952141057935,0.2970246061978791,0.4506769825918762,0.5232830506886537
3,2045,6,0.23048946973662202,0.23211882001323264,0.2290269401296321,0.22790281599085893,0.2666382583094445,0.22063285652362374,0.02762019131226966,0.06695133741540445,0.11242497214534737,0.17043243582501727,0.29945017182130584,0.4502130956993413,0.528389499333364
3,2046,6,0.23200260183754776,0.2334017403666464,0.23074787686866402,0.22933878045090028,0.2670588690637458,0.222736681555725,0.02850386385710063,0.06689529957635666,0.11027982543000697,0.1731364759610873,0.3018867924528302,0.44918929478413755,0.5265986271676301
3,2047,6,0.2338052384735084,0.2355469020023503,0.23224669058517877,0.23155018759941245,0.2679584668236384,0.22303413676518705,0.028812037789082205,0.06823443401973925,0.11105718978647156,0.17437367568241308,0.3031693077564637,0.45023476000155216,0.5243144096989218
3,2048,6,0.23549206522629812,0.2375840946723637,0.23362359608662378,0.2334907646261836,0.26906608031477836,0.2241690850353173,0.027668326477592552,0.06825952626158599,0.11378894169118202,0.17419008864073687,0.3038767156272574,0.45135355575406844,0.5217199364294544
3,2049,6,0.23855886132252643,0.2410337675654261,0.23635287275144365,0.23658326010206127,0.27160541436890207,0.2284613267272227,0.027152113545202097,0.06937112930712,0.11168554702349275,0.17558387785469368,0.30513595166163143,0.4560420450593191,0.5263111734783371
3,2050,6,0.2401132437831812,0.2428807578226667,0.23765184296960534,0.2382182904590075,0.2720503125241145,0.2303439124184452,0.02784866800985001,0.06988324894338202,0.11026939280330847,0.17694071405175238,0.3064091308165057,0.45547602555222044,0.5247529063438847
3,1990,7,0.1085601602092529,0.10160525726841774,0.11557644547525707,0.1055516060233956,0.12134884825457136,0.11746857390550498,0.028910136313715355,0.07054527046572172,0.10782545979084024,0.16284680337756333,0.2987087517934003,0.42915531335149865,0.4763092269326683
3,1991,7,0.11345202671098593,0.10564764267990075,0.12129799632793167,0.11017769785077405,0.12784927895797799,0.12346202800169707,0.0320729018030873,0.07443795671480018,0.1102957906712173,0.16841357257061645,0.3082800777993887,0.4322860238353196,0.4795144157814871
3,1992,7,0.11446643542134258,0.10691738378756387,0.12202091676062361,0.11070473011119566,0.13132694938440492,0.12646693359105343,0.03227281635852878,0.07236348762696844,0.11025627420809678,0.1678108977144347,0.3091448610736445,0.4399470899470899,0.4968332160450387
3,1993,7,0.11609112345021678,0.10908848563322353,0.12307487798856796,0.11219430204218842,0.1344776119402985,0.1265548945375879,0.03300122471947304,0.07270054458588086,0.11028323300108556,0.16672372475179734,0.3084343631860253,0.4421052631578947,0.5046113306982872
3,1994,7,0.11718160212498252,0.10994068890676745,0.1243685930768088,0.11316003153794556,0.13625679447627442,0.12785629375247656,0.03074586567667904,0.07322120754221143,0.11055206794682422,0.16565336886816023,0.30823381521055937,0.4534504391468005,0.49007444168734493
3,1995,7,0.11848510032055087,0.11194166911548634,0.12495685818604567,0.1141789926332415,0.1390857804137133,0.13144329896907217,0.03011142251691845,0.07209898996460004,0.11155276317476599,0.16407815631262526,0.3116742733605573,0.46125551741049536,0.4913329348475792
3,1996,7,0.11874260938115885,0.11227912008654886,0.1251246261216351,0.11408947928217429,0.14156325773784054,0.1306846576711644,0.02882205513784461,0.07165589738644035,0.11210978252146697,0.16490860777840405,0.30482921083627795,0.45702849069931717,0.4822157434402332
3,1997,7,0.12030022385111706,0.11450813871196036,0.1260040073177106,0.11535302865513951,0.1448542325254654,0.1330280756717677,0.028380985791966323,0.07212619674869884,0.11112398609501738,0.16545227055273423,0.3052152607630382,0.4569062010297739,0.4906726964386659
3,1998,7,0.12142451710555738,0.11595083504044998,0.12679800940759425,0.1163811411581481,0.14805858781262954,0.13225918627564623,0.027101418589879314,0.07311986652977413,0.1110119711502714,0.16446512901238794,0.3056095053124643,0.4512350936967632,0.490077177508269
3,1999,7,0.12207895158501927,0.11631988821294072,0.12772138373180178,0.11731730018294052,0.14938321811034297,0.12936552498596293,0.026523981069435616,0.07293988435571923,0.10967510321306767,0.1634931904731169,0.3014296627742006,0.44844318641326325,0.48568341437061047
3,2000,7,0.12402465086228319,0.11836796196152623,0.12956374903683787,0.11921915920779999,0.1523822198562683,0.1306405458947832,0.0262644880019849,0.0718551150269212,0.10890675576902997,0.16413188952427302,0.30119854090672227,0.4561200923787529,0.4942348008385744
3,2001,7,0.125236621251635,0.11953554159402652,0.13080195873805892,0.12031364608407286,0.1546371623820371,0.1317345951177546,0.02642702376300927,0.07058012862580391,0.10952204270246568,0.16305350553505535,0.2944394708047349,0.45559058038197664,0.5086590796635329
3,2002,7,0.1258148631029987,0.11938686696109087,0.1320710319078844,0.12150954109464036,0.15331764107131496,0.1300703642384106,0.025830258302583026,0.07040036724923764,0.10746464978625452,0.16001720615119905,0.29670542635658914,0.4523470839260313,0.5109048723897912
3,2003,7,0.12776840788338045,0.12121699159420755,0.13413035335247847,0.12448397280233123,0.15406776476482745,0.12538989394884592,0.025223198083762794,0.07071078022234835,0.10776648423247329,0.16208400974025974,0.29512893982808025,0.453551912568306,0.5181370353784147
3,2004,7,0.12943684546317477,0.12336923903086205,0.13532785376924492,0.12630748961992974,0.1550468262226847,0.12738789463100744,0.02534831132832446,0.0689237396513428,0.1081202189290401,0.1612719235705119,0.297719087635054,0.45061006184188535,0.5226086956521739
3,2005,7,0.13044605413648494,0.12449712199046853,0.1362256095727729,0.128052382827885,0.15656233167753905,0.12467829568201315,0.02535824415019046,0.06575176181002798,0.10783631648852066,0.16349793152011266,0.29836035372144437,0.4495977283483199,0.52113855169527
3,2006,7,0.13162638934414017,0.12595708622098478,0.13712399119589141,0.12985668250481436,0.15696927211122794,0.124363173216885,0.025537204759367785,0.06343308788759035,0.10857250164314106,0.1660951121761765,0.295347389022329,0.4486296126167509,0.5229501765398196
3,2007,7,0.1328198793867616,0.1278141100400065,0.1376715170765907,0.13157170904745194,0.1588352840422495,0.1227304469273743,0.024986176389272877,0.06122927482833696,0.10989869934967483,0.16481812760882528,0.2961401232565683,0.4471484025082114,0.5322097378277153
3,2008,7,0.13310992147451828,0.12775540253778528,0.1382923728221536,0.13244182039987706,0.158863902684002,0.12138970280452072,0.02544077227324529,0.05989226084919865,0.11011242992703016,0.16291446511984073,0.2893649004133784,0.4457622215794041,0.5236261813090655
3,2009,7,0.13407318330183818,0.1292867132867133,0.13869638635596082,0.13407943025326113,0.16226517832834195,0.1188707280832095,0.025164078757803746,0.05863223960196416,0.10981154557712207,0.16512642318497708,0.2862665167275794,0.4467241143482424,0.5279685966633955
3,2010,7,0.13512055302647108,0.13002789649438634,0.14002860699811936,0.13568400908554362,0.16287858625645393,0.1178174058832495,0.024666666666666667,0.058738005234079675,0.10702025133066675,0.16475054618387594,0.2856104651162791,0.4426590644032655,0.5162170354652925
3,2011,7,0.13785163346931714,0.13280232305688233,0.14271161205218957,0.13824730061674942,0.16509458543957475,0.12231404958677686,0.02604814283436952,0.058756547483488956,0.10532958884225806,0.16639500606901336,0.281595897692452,0.44313725490196076,0.5269804822043628
3,2012,7,0.14085051461965317,0.13610773078003183,0.14540573865241851,0.14147781192592657,0.1669814691918934,0.12434429257480606,0.026155602054403652,0.059786523475869296,0.1050489113284948,0.16481882098431586,0.2866468496823454,0.447405997144217,0.5285099515868746
3,2013,7,0.14379122936111433,0.13960970464135022,0.14780112788609867,0.14432476505171007,0.17030983655870852,0.1276425134859309,0.026745726360941146,0.05913693824872592,0.10582860743541272,0.16619308795347915,0.29017566688353935,0.44517925513400625,0.524790236460717
3,2014,7,0.1457317461327901,0.1417306441119063,0.14956380857427717,0.14608340604325323,0.1728382903289344,0.1297841726618705,0.02725340667583448,0.060114599738632174,0.10296772558831914,0.1653032073756655,0.28893058161350843,0.4466407551360355,0.5216972034715526
3,2015,7,0.14821046287518755,0.14476674756346547,0.15150472914875324,0.14833947722580268,0.1752287803224713,0.13402427770284658,0.028055365899075167,0.06100349744417541,0.10136427387479281,0.16687510020843355,0.2905554253573939,0.4453436807095344,0.5184514376273489
3,2016,7,0.1510929097172313,0.14797148149087863,0.15407251326019036,0.15138304021137808,0.17800323902067258,0.13577133249264398,0.02878717830174141,0.0618462475880979,0.10079064086906216,0.16692598355190041,0.29149815368384036,0.4440681553603556,0.5214564369310793
3,2017,7,0.15461180342711717,0.15131191314921838,0.15775701381255078,0.15496727652559938,0.18099526288635617,0.13999447208402432,0.028897664309547863,0.06262418636519355,0.10041384620320169,0.16890905629244146,0.29244286740168124,0.4442427138079312,0.5178832880150596
3,2018,7,0.15739616372149223,0.154397006715068,0.1602504392118947,0.157700715501456,0.18442338802865726,0.14206830731474537,0.028986399163025416,0.06323010051616408,0.0998033590148609,0.17064185219296854,0.2893125126749138,0.4406481155336386,0.5223320158102767
3,2019,7,0.1608180505673615,0.15859273591143982,0.162932197868677,0.16056212286673097,0.19056517775752052,0.14578848223896662,0.029418167117579375,0.06234955870553624,0.10049879324215608,0.17197289349188083,0.29156560519521163,0.43863822805578345,0.5226186097830084
3,2020,7,0.16391825062481905,0.16155255462939372,0.16616376828285154,0.16395308399987354,0.19352368942532877,0.1476161978854977,0.029669844075500284,0.06256447801923525,0.1005694431039475,0.16875221153536848,0.29479221860570737,0.4347360367253252,0.5259562841530054
3,2021,7,0.16822253431366763,0.16659011796557727,0.1697797763173066,0.1680046823959314,0.1980445555605161,0.15321885566531857,0.02984782182744432,0.06360778543241255,0.10140522875816993,0.16835005969860273,0.2972012601655799,0.4340508523548107,0.5232651746900661
3,2022,7,0.16875394806233446,0.16750404800457186,0.16993936382832173,0.16878083705582966,0.19829029699480039,0.1533612093920875,0.029204762217983293,0.06278012341669373,0.09939468091956984,0.16502883654992428,0.29912944198658487,0.4291478915865223,0.5222309505106049
3,2023,7,0.1704234505404296,0.1695130259108741,0.1712820399211325,0.17032844840146932,0.20248366013071895,0.15361937021703675,0.028593328223414538,0.06246044804455132,0.09768227755284216,0.16559712507219407,0.29848094209462755,0.42998753117206984,0.5166921898928024
3,2024,7,0.17463154203757536,0.17487428978101338,0.17440316118764063,0.1745094303676891,0.20969482453489877,0.1554730983302412,0.02907293796864349,0.06286843095447134,0.09770521308735618,0.16374212623730558,0.3024592126415159,0.4345124005343556,0.5159374094465372
3,2025,7,0.17855979512293746,0.1781786542923434,0.17891745955714256,0.17805664025476742,0.21481734964496535,0.1598390636430139,0.02947632486672938,0.06444152759547472,0.09781524502075356,0.16160345717234262,0.30471204188481676,0.4417692266351373,0.5090651558073654
3,2026,7,0.18183439405254181,0.1822498847395113,0.18144543473100413,0.18142019681420196,0.2177422781153078,0.16452426717924076,0.029911360666737295,0.06626599819387786,0.09819238218205294,0.15983792544570502,0.3045235867967393,0.44152828950688944,0.5135207856854568
3,2027,7,0.1850438615923087,0.18543190625788256,0.18468130690948045,0.18502939235798693,0.22038765254845658,0.1661724587830625,0.02890918860827512,0.06704951109731491,0.09899925025263226,0.15978664942621626,0.30621163597544704,0.4394482090997096,0.5137973137973137
3,2028,7,0.18967586373945786,0.1907724268608673,0.18865436758998352,0.18908224894921125,0.22791497211856945,0.17109576211660033,0.028675400291120815,0.06842831170459532,0.10005486879901881,0.1595396336521316,0.3096468705191904,0.4453695520721894,0.5139602412329685
3,2029,7,0.1928,0.19369804755461048,0.1919648050423545,0.1922919503791515,0.2296654709268374,0.17548327352702858,0.027771639042357275,0.07000289268151577,0.09908075956614396,0.161090298411058,0.3092246707874227,0.44598350367581135,0.5120926419348227
3,2030,7,0.19519827294830838,0.19598069646781613,0.19447246742328708,0.19439893849654938,0.23479631626980835,0.1759450171821306,0.027498973918883625,0.07043537725096877,0.09913219737758916,0.16095427946755836,0.3053062883072026,0.44616117025880725,0.5131467345207803
3,2031,7,0.19816942572238821,0.20012851876486704,0.19635394901796907,0.19708621783990435,0.23990096967196203,0.17830997105726124,0.02746962493396725,0.0691322054100586,0.1013700351935646,0.16024158314058082,0.30450285248573755,0.44849749582637727,0.5110054587075189
3,2032,7,0.20147169260858055,0.2036003600360036,0.1995052643613649,0.2006052395187536,0.24359026951634738,0.1796993751055565,0.027905387448270626,0.06896084999830812,0.10358004197074576,0.15941002189875048,0.30443486817549453,0.4513213078708416,0.5089402887139107
3,2033,7,0.20402680950714652,0.20514489663067634,0.20299616168513404,0.20270637585125217,0.24711071180626454,0.18347292015633723,0.026945765937202663,0.06871759419287936,0.10580588713205424,0.15917123309879705,0.3027107415669573,0.45151792464091034,0.508469356328919
3,2034,7,0.20728933051474926,0.208859270874167,0.2058457006910615,0.20597076203463394,0.2494520659144411,0.1876836095560113,0.027005469462169553,0.069527836003837,0.10531691012626888,0.1613219895287958,0.3014992047108193,0.45553297905595497,0.508636821649633
3,2035,7,0.20980192719486082,0.21168234228390576,0.20807533142334905,0.2084215461478166,0.25186800759319844,0.1893826752574481,0.027214514407684097,0.06883636363636364,0.1070249591213402,0.1591497166814058,0.3005490408730428,0.45842991809612116,0.5106585200271555
3,2036,7,0.2122842004523169,0.21426974081445535,0.21046484226919254,0.21048118151500714,0.25401348531064377,0.19403966253971733,0.026722386228578,0.06914459529638697,0.10746470642512226,0.16205922910237047,0.2999965901728782,0.4577639989283117,0.5109498426562199
3,2037,7,0.21515222707516846,0.21744672286947384,0.21305494235957811,0.21305935135769163,0.25732417977169314,0.1984941073766914,0.02673611111111111,0.06908130541407281,0.10806421962130032,0.16250082874759664,0.30048942967847186,0.4629204892966361,0.5093171471927163
3,2038,7,0.21717856228122598,0.21961451120333808,0.21495689435290516,0.21483753108882417,0.2589267982682607,0.20021768707482993,0.02624099669067549,0.06890101920067183,0.11080813088745661,0.1619357382219594,0.2994344508040338,0.4618116550828687,0.5113439055446232
3,2039,7,0.22010266370699222,0.22212267478973716,0.21826428171023798,0.21763383014375165,0.26070469268446833,0.205677993703181,0.02651664174994099,0.06834615384615385,0.11204650867272381,0.16409841372612496,0.2991383404572902,0.46482064674706197,0.5125925107699105
3,2040,7,0.22220203585455128,0.2252632524304542,0.2194214159707139,0.2201916056375423,0.2588355545072139,0.20679764030957407,0.026946346123228784,0.06697685329996872,0.11235485219852681,0.16262730437024622,0.3026862645717182,0.4623630945470026,0.51603683709114
3,2041,7,0.22493236546754883,0.22849092753296518,0.22170827589727882,0.22254889617939586,0.2607435264621773,0.21213105875981586,0.027347053848322526,0.06717934414471849,0.11128208486118386,0.16573527063707488,0.30463867022534546,0.461308018519239,0.5188987639186843
3,2042,7,0.22693465936491947,0.2310765966092512,0.22319133308850533,0.22424759713511708,0.2620152017150653,0.21730186227804243,0.027783370243607813,0.06754108849522134,0.11119283230810377,0.1669797204800866,0.3058142291151671,0.459868497840719,0.5216832319636058
3,2043,7,0.228321263494688,0.23255682332699448,0.22450042375910062,0.22504452011415033,0.2658700813451135,0.21906923950056753,0.027883911877083164,0.06695030906317732,0.11107316073502288,0.16729651624376765,0.30348868901608067,0.4589999227142747,0.5235503756501637
3,2044,7,0.22942239626477898,0.23350640202683512,0.22575009960464618,0.22628960460853625,0.26715572116131037,0.21923284710967045,0.02758057935536516,0.0666397903648458,0.11103312745648512,0.1702141057934509,0.3013143896496105,0.4560928433268859,0.5238452169024642
3,2045,7,0.2308240207637476,0.2353357212931487,0.22677424970049456,0.22813585314149112,0.2648175408692957,0.2201452102297356,0.027827239223156237,0.06674991943280696,0.11026848290982282,0.17127973388564616,0.3028178694158076,0.4548237117396358,0.5227805618132499
3,2046,7,0.23240913895438653,0.23621063251665272,0.22900002056301536,0.2298759267665305,0.2665557146727561,0.22251879289682971,0.027828216713821206,0.06556384910227961,0.11024315106172296,0.17276111232756733,0.30419363724004955,0.45305723774174644,0.5252890173410405
3,2047,7,0.23447446597821475,0.2387843037858015,0.2306177574332962,0.23190788221953318,0.2671478750916741,0.225760715454248,0.028812037789082205,0.06522886966410787,0.11049723756906077,0.1725975320952262,0.3062621629135391,0.4562492724380117,0.5254328278083479
3,2048,7,0.23696156892737155,0.24089577471312282,0.23344778373011768,0.23414906727699997,0.2705705358176137,0.22904232601434593,0.02888071011041351,0.06484037075180227,0.10971562193558121,0.17655594460742563,0.3073853668604451,0.4557812560686682,0.5279445523574078
3,2049,7,0.23841608733375066,0.24297965556617185,0.234348386024677,0.23552718807332376,0.27214530870386794,0.230167905312414,0.028121831886102174,0.06625379275946632,0.10887250057021212,0.17629552953354466,0.3046267694083302,0.45693086524713067,0.5294246623399403
3,2050,7,0.2400911689716449,0.24570617958427612,0.2350972316354726,0.23787684786404376,0.26892507137896443,0.23454605772420656,0.02825162301320797,0.06678662593631,0.10791172264522862,0.17664592204389126,0.3063753630039846,0.45597629492803815,0.5299342534941438
3,1990,8,0.10858059506293935,0.10136111167626294,0.11586379589909895,0.10552575454016674,0.12095305944747882,0.11862447623175841,0.029233154596550164,0.07025600231414521,0.10746483952398125,0.16414586619652966,0.29526542324246774,0.43460490463215257,0.47298420615128844
3,1991,8,0.11355154603266224,0.10650124069478908,0.12063941885527261,0.11017769785077405,0.12746162195689253,0.1247348324140857,0.03191075366454793,0.07436802908989196,0.11023890784982936,0.16503819506128975,0.3093914976382328,0.44284940411700974,0.48634294385432475
3,1992,8,0.11423324685924155,0.10746129489694826,0.12101006959293963,0.11048381158104029,0.13026295789633682,0.12701919094297942,0.03175017965636637,0.07307928284136615,0.11046850957712102,0.16589901798905016,0.3076611815484219,0.44047619047619047,0.4954257565095003
3,1993,8,0.11519738343348293,0.1087076565683493,0.12166961013312065,0.11132988366369323,0.1314179104477612,0.12858301784748513,0.031147595246764425,0.07356920918111656,0.1095924208033159,0.16492639507018145,0.30374136357710857,0.4441591784338896,0.5039525691699605
3,1994,8,0.11635211333240132,0.1103148913877299,0.12234437676422523,0.11239511867917201,0.1336124577640664,0.12825254259675076,0.0295308808639892,0.07381249589383089,0.1108751846381093,0.16240526359623553,0.303708359522313,0.4509410288582183,0.4944168734491315
3,1995,8,0.11694170723020302,0.11126212165736116,0.12255908157889957,0.11278403523132083,0.1349631129755533,0.13054123711340207,0.029051883245608038,0.07209898996460004,0.11185194683079028,0.1607381429525718,0.303987509007927,0.45242766061795,0.488344291691572
3,1996,8,0.11770344358046368,0.11236927515326361,0.12297037459051417,0.11360293285659327,0.13756953359007273,0.12881059470264866,0.028125870231133387,0.0717523387018999,0.11114677794719525,0.16571382558982203,0.29740871613663133,0.45373204615022367,0.4775510204081633
3,1997,8,0.11869376289338542,0.11332271762208068,0.12398292534192874,0.1143431070073025,0.141622760800843,0.1268827569586697,0.02662690756007718,0.07164428452097925,0.11019698725376594,0.16353867667623465,0.2975148757437872,0.45668233713901946,0.4901074053137366
3,1998,8,0.11943789882866922,0.11490920454150898,0.12388370032040358,0.11542273385682701,0.1418405416609092,0.12623159846992002,0.026960265368057026,0.07103439425051335,0.1104914863558629,0.16083772500171103,0.29795498686164745,0.44804088586030666,0.4829106945975744
3,1999,8,0.12083927170915593,0.11609835897960227,0.12548417256578068,0.11641864495629754,0.14667208892503728,0.1265581134194273,0.027442254714981986,0.0704525632328714,0.1091007000538503,0.1603950171044988,0.29630033831714503,0.44642135058633237,0.4991896272285251
3,2000,8,0.12191242979971174,0.11779872423780743,0.1259406200304933,0.11774666848975042,0.14699228107532605,0.12678846577151662,0.027611384822599512,0.06937510197422092,0.10897636699035884,0.16054264509064364,0.29161021365294426,0.44399538106235564,0.4916142557651992
3,2001,8,0.12374986797955917,0.11937107331995658,0.12802440394958658,0.11983842474456853,0.14917019199479337,0.1257124421980858,0.027563669946364507,0.06795511221945137,0.1099605356359834,0.15982472324723246,0.29115686859643886,0.4437233450769516,0.5111331024245424
3,2002,8,0.12501192482589754,0.12064407981689823,0.12926301258118156,0.12155009835134752,0.1502003944271264,0.12427566225165564,0.026646324155549246,0.0675804177460078,0.10858270305820454,0.16103882137864287,0.2921511627906977,0.4475462304409673,0.5030162412993039
3,2003,8,0.12691324005669447,0.12192417107314486,0.13175802222499688,0.12415007285089849,0.15175048537608818,0.12123102516115616,0.027255570879001233,0.06730544519747604,0.10933020589001824,0.16035917207792208,0.2938872970391595,0.4473823373876256,0.5055978504254366
3,2004,8,0.1286665733003439,0.12381147929367912,0.1333803594430473,0.12611785372085596,0.15302687151863867,0.12236074803941283,0.026296593478736596,0.06602948105270243,0.10924046986524981,0.16122439279433434,0.2950410933604211,0.44509443423031925,0.5178260869565218
3,2005,8,0.13002668699961875,0.12516246828000246,0.13475241273563632,0.1279834580543521,0.15530552396911845,0.12124678295682013,0.02670052602938509,0.06440300772161715,0.10840554044652458,0.16393803362380072,0.29191230655858513,0.447546931692696,0.5223943072415237
3,2006,8,0.13135075538603652,0.12733407983536604,0.13524578136463683,0.13009860940418244,0.15591774740039724,0.11963245997088792,0.02571479310957201,0.06326420320205364,0.10719539294544772,0.1662190637524274,0.2966817898763455,0.4480171489817792,0.5202040015692428
3,2007,8,0.1317663300152583,0.12750409660609102,0.13589732583594455,0.13107850483245284,0.1567228090208393,0.1181040502793296,0.02543544373790434,0.06176519845921956,0.10658454227113556,0.1652156628900815,0.29240999026921827,0.4471484025082114,0.5202247191011236
3,2008,8,0.13293242264601055,0.12824621425374966,0.13746803962388052,0.1327118817689951,0.15891970314156575,0.11753871912934283,0.024200576523429645,0.06102987921169739,0.10641696157339263,0.16394823493376215,0.2938744832769635,0.44749783048886316,0.5225761288064403
3,2009,8,0.1333447861192235,0.12956643356643358,0.13699425869638635,0.13383416300279785,0.16117615028586987,0.11503871119105341,0.02381943332799744,0.059380182758284286,0.10698943275532281,0.16239095076149637,0.29111610908068597,0.44863903706743263,0.5260058881256133
3,2010,8,0.13516776260327096,0.13147081861781804,0.13873069689825973,0.13622055693666946,0.16282535796029168,0.11400701112635268,0.023682539682539683,0.05912571483958515,0.10616988441308935,0.16338956341105262,0.28858350951374206,0.4442140728262278,0.5265231888451046
3,2011,8,0.13780504848166214,0.13495983499782893,0.14054357621429597,0.13891883294749677,0.1647297931106363,0.11585274229902329,0.024294595887135343,0.060057910661417836,0.10491937774131457,0.16379400034680075,0.2901006816334188,0.4406862745098039,0.521239954075775
3,2012,8,0.13979572449668168,0.13649554019176507,0.14296539854607104,0.14094672598577387,0.16616468426157538,0.11872922053934244,0.024665525331304294,0.05962281448497152,0.1041969075418113,0.16410897782585182,0.29206737774669234,0.4337220371251785,0.5180204410973642
3,2013,8,0.1428617533532138,0.1398470464135021,0.14575272488177426,0.1442475217783118,0.16775293291888096,0.1215191718909462,0.02485334006181795,0.06118869547951552,0.10286704473850032,0.1650697151919646,0.2912058121882455,0.44204664114166375,0.5222476481057716
3,2014,8,0.1455025781399198,0.14324007807417047,0.14766949152542372,0.14649848791603487,0.17219814851290133,0.12460431654676259,0.026003250406300787,0.06081828234426834,0.10246096348145567,0.16481625762887936,0.2919223163125602,0.4445308162132149,0.5154291224686596
3,2015,8,0.1478086723963663,0.14594809764115207,0.1495885026409532,0.14870727487022595,0.17377620684646297,0.12884219493149712,0.027869157718329093,0.06059994619316653,0.10043988269794721,0.16568863235529901,0.2919146941645184,0.44467849223946787,0.5177722436042563
3,2016,8,0.15151421278283067,0.14968411437850457,0.1532611591465039,0.1524977293369664,0.17805087167762218,0.13163794311335295,0.02826321467098166,0.061406181239633054,0.10075850099633606,0.1667989711999492,0.2951028661860383,0.44745475711715527,0.5190723883831816
3,2017,8,0.15434262606982704,0.15274103975228473,0.15586913922477655,0.15502439979762042,0.18146428403921017,0.13564123825317856,0.02877521657942266,0.06228160328879753,0.09932308876840654,0.16722726407311037,0.2928230473535251,0.44529383659818444,0.5256222547584187
3,2018,8,0.1573538740371545,0.15613152612929604,0.1585171734798552,0.15848316917939162,0.18312918881442108,0.13818256186515782,0.02809403655609576,0.06387530562347188,0.10064150091873247,0.16568742655699178,0.292192253092679,0.44276153575202537,0.5298418972332016
3,2019,8,0.16057941271223855,0.15930298057848202,0.16179207966866768,0.16096067850111198,0.1881039197812215,0.14417384284176535,0.028018782846658583,0.0635196576624766,0.1005631536604988,0.16484464902186421,0.2948517330412331,0.44372436423297784,0.5308937109231335
3,2020,8,0.16346920808985577,0.1628507989662578,0.16405620177358057,0.16431665138629825,0.1903260673752477,0.14575437196622115,0.028438861183006123,0.06416186894738593,0.10044075539684072,0.1652459227329752,0.29115888274922413,0.4441469013006886,0.5261270491803278
3,2021,8,0.16756753567087204,0.16720653645329722,0.16791191052692264,0.1683447888571632,0.19518728514665834,0.14997016508652125,0.027888446215139442,0.06447729248879673,0.10130718954248366,0.1647036045048243,0.2937944171734193,0.444380236925744,0.5214941233295766
3,2022,8,0.16885246851691943,0.16946852081150585,0.16826819932024253,0.16945010817288986,0.19815810346347051,0.15117401093599228,0.028415444320199962,0.0628775576485872,0.0990083070384442,0.16425556593742952,0.2952047952047952,0.4432039814378909,0.5183032207384132
3,2023,8,0.1707483923929402,0.17212055721299538,0.16945435211236404,0.1709342719764419,0.20392156862745098,0.15261573202860368,0.028693304895524376,0.06160612580685989,0.09857493544170626,0.16357569145864082,0.2971221517664274,0.4418952618453865,0.5111791730474732
3,2024,8,0.17564388241016185,0.17748766231493474,0.1739092256187915,0.17604877119451323,0.20792506582639098,0.15720470006184292,0.028323108384458076,0.06293114260629624,0.09985858456000514,0.16178172001542615,0.30126209939460274,0.444618690828832,0.5237612286293828
3,2025,8,0.1782284424176392,0.17928074245939676,0.17724095887130137,0.17847367024301475,0.21289246299940115,0.1576444769568398,0.027490331347339813,0.0644727795487218,0.09932752019048231,0.16047471620227038,0.298733322073974,0.44682108883753424,0.5186968838526912
3,2026,8,0.18128267145197785,0.18313739050253572,0.1795463864131725,0.18120168181201682,0.21816714109699623,0.16031955790485344,0.027086202634459867,0.06589231775293494,0.09845061329890252,0.1605510534846029,0.2982092743552051,0.44566698632211177,0.522938248351944
3,2027,8,0.1850604758318196,0.1864294067738311,0.1837814675950723,0.18490192549937015,0.22330138085384907,0.16368165104969754,0.027261329034569227,0.06667701381344095,0.09818430746161619,0.1602392112493939,0.30314251401120895,0.4441432720232333,0.521978021978022
3,2028,8,0.18878955365203795,0.19140023057518235,0.1863575947684619,0.18849992907642574,0.22778919122887928,0.16758370405057363,0.02671033478893741,0.06679831985455457,0.09918342316754349,0.16038255795104556,0.3043449264730401,0.4456486348202242,0.5250167522894795
3,2029,8,0.1913150684931507,0.1942666105684493,0.18857009909157246,0.19085571406246513,0.22970718278134647,0.16998495196203264,0.026482504604051566,0.06768874746890367,0.1000031807627469,0.1595078155277096,0.30495834453104004,0.44365250134480905,0.5156794425087108
3,2030,8,0.1949911139701473,0.19808777216394408,0.19211853720050442,0.1948214643113941,0.23417406454824524,0.17170675830469645,0.026081116376254616,0.06796053274284412,0.10163425603344524,0.16024692945791266,0.3052724255866716,0.4443001817709686,0.5190839694656488
3,2031,8,0.19786577596069904,0.20183082872056188,0.1941913915587129,0.19744047706909532,0.23676500928409325,0.1757561999886499,0.02505471285186024,0.06820514518425322,0.10322398190045248,0.16059496273451554,0.30185411572942134,0.4473288814691152,0.5173446029230498
3,2032,8,0.2013204173037338,0.20464671467146714,0.19824763805306975,0.2007819517870028,0.24080075480986177,0.17885492315487247,0.026386726906868142,0.06858863736338104,0.10320418454599556,0.15992528661599897,0.30243290013911983,0.4498961684107659,0.5182086614173228
3,2033,8,0.20371995370245755,0.20787223057756626,0.1998924030334068,0.20295614995261638,0.24396618613958426,0.1838637632607482,0.026679352997145574,0.0682336674732112,0.1024935941503656,0.16053305664537465,0.29953356317177043,0.45223411451080253,0.5164767477671697
3,2034,8,0.2069781416660407,0.2103936831494652,0.20383739971368836,0.2060074194636285,0.24770679438266094,0.18602073055817306,0.02738529322394409,0.0680001421110598,0.10404803169101262,0.1613874345549738,0.2987241531016278,0.45471241012816505,0.5170577227580251
3,2035,8,0.20911134903640258,0.21290134985517295,0.2056313730322541,0.2081504977766708,0.24790985096328608,0.19026378104521174,0.027557554505259946,0.06774545454545454,0.10665473729676364,0.1598702957649602,0.29821053345082355,0.454180188533457,0.5147997284453496
3,2036,8,0.21068558627437353,0.21437037368338663,0.2073092015614274,0.20908857697804817,0.25248836089259913,0.19135531938205325,0.02729747345013994,0.06673343719860524,0.10915633746501399,0.16133692297590124,0.2953251270160603,0.45332414743368926,0.5090874060753966
3,2037,8,0.21298975897824718,0.21650752476575952,0.20977434388030414,0.2113219166031318,0.25293366328729944,0.1957114797031864,0.02820216049382716,0.06628937936238445,0.1094736197070899,0.16094278326592854,0.2968187070899327,0.453631498470948,0.5082852807283763
3,2038,8,0.21486809527875012,0.21883145212712404,0.21125337958475743,0.21333352897588462,0.25352504269770026,0.1964625850340136,0.028499124002335993,0.0657708897965416,0.10901090728805156,0.16009593271568434,0.2979694739711093,0.4513098602306576,0.5126750781340433
3,2039,8,0.21793093144369505,0.2226266336666928,0.21365744279671814,0.2159067525060999,0.25560910096381734,0.20366952556725654,0.028050987489180897,0.06476923076923077,0.11058517059533643,0.1614762058918744,0.3016147635524798,0.4532222136876872,0.5127582017010935
3,2040,8,0.21965855352801303,0.224050831855228,0.21566887943956684,0.21775781578423348,0.25698785234107796,0.2040374519673107,0.02790160802419997,0.066859555833594,0.11100389205185114,0.16211164109836276,0.29721236695387737,0.45292000464414256,0.5142902508732932
3,2041,8,0.22163769319368923,0.22642849092753298,0.217297186909685,0.21923113951611112,0.25753124143064204,0.21131871107500677,0.028555318377703493,0.06614336374865522,0.11059455212152959,0.16500079833945394,0.2986587384708943,0.4516982453410108,0.5111860251302482
3,2042,8,0.22389643236060058,0.22846919655958642,0.2197637409719672,0.22184287675808068,0.2586240498928084,0.21134690342139453,0.028467888061203945,0.06734114447954573,0.11269724525274137,0.1629047149087899,0.2995496258169381,0.4523985526981286,0.5157988429016467
3,2043,8,0.2255458269136823,0.230417459023816,0.22115119520488496,0.22359901347897682,0.25898104542093175,0.21512350683746825,0.028615559710592636,0.06931845548687485,0.11097069471958466,0.16335863317348914,0.30038838920686833,0.4486049926578561,0.5183972259680216
3,2044,8,0.2278248146912956,0.23330190072597962,0.2228998743449079,0.22557139116447836,0.26284738394659213,0.21766612641815236,0.028926968584251325,0.07034872001612578,0.11089275687815833,0.16665617128463475,0.2975736984797007,0.450715667311412,0.521174927386864
3,2045,8,0.22968007209035035,0.23524446168237093,0.22468539130256704,0.22787274668109994,0.26392655148369104,0.21689423493714782,0.028779659613234504,0.0692072188204963,0.1115983179383963,0.16949099353542962,0.29934707903780067,0.4498643936458737,0.5206197416210749
3,2046,8,0.23046860178334283,0.23492656753379268,0.22647076967366495,0.22818883340898774,0.2653945891550877,0.21984965682536223,0.028672775642920485,0.06919507766794432,0.10987640737888289,0.17025868810410086,0.29723867235917917,0.44942371556944716,0.521540823699422
3,2047,8,0.23276059066128382,0.23802391760178807,0.22805064126355726,0.23040860902455915,0.2657968888717335,0.22439742610971752,0.029367759586201,0.06973721619755494,0.10978796476034045,0.17241056961236445,0.3002849596886294,0.4472081021303015,0.5250301972889545
3,2048,8,0.23353090601185436,0.23808200460856174,0.22946615095042092,0.23156943944763814,0.2640126528565367,0.22619503915019437,0.029097207187702968,0.06933058702368693,0.10945161046994041,0.17179268792782562,0.2999896804375494,0.4470812133452441,0.5215433515804344
3,2049,8,0.23680713430639297,0.24256018270373564,0.2316791990361846,0.23482570957248355,0.26678492923527825,0.230167905312414,0.02851853484374311,0.07007772559125483,0.10807420360374059,0.17558387785469368,0.3014698394378628,0.45063183522046607,0.5252587265392037
3,2050,8,0.2384521142150749,0.2447096615355757,0.23288671080756998,0.2364645171303302,0.26826915657072303,0.23172619705849828,0.029639579135885382,0.06787462861447044,0.10996019015962587,0.17631837536849002,0.3033362598770852,0.44904948818594626,0.5244045804850438
3,1990,9,0.10832515939185876,0.10117800248214685,0.11553539541470824,0.10528016544949266,0.12008232407187525,0.11949140297644849,0.02903934362684928,0.07032831935203934,0.10758504627960092,0.16191890136401596,0.2972740315638451,0.42806539509536784,0.48212801330008315
3,1991,9,0.11348188250748883,0.10612406947890819,0.12087890157260318,0.11003936265201152,0.12815940455884633,0.12501767783906095,0.03181346478142431,0.07373868046571798,0.1108646188850967,0.16699236098774206,0.3070297304806891,0.4450162513542795,0.4787556904400607
3,1992,9,0.11394176115661526,0.10641232347170691,0.12147661443956301,0.11010334077910601,0.13125094999240006,0.12508629021123843,0.03145619651140001,0.07253391505896789,0.11015015652358466,0.16555140349352568,0.3025357431885622,0.4537037037037037,0.4904996481351161
3,1993,9,0.11467445044496843,0.10773654245292001,0.12159364970850187,0.1105254943392602,0.13291044776119404,0.12709572742022715,0.03144549998344974,0.07176505963716548,0.11013520181584921,0.16441287230400548,0.30426280797809935,0.44441591784338896,0.49077733860342554
3,1994,9,0.11596066918309333,0.10958519654985313,0.12228866438864953,0.1116066700401285,0.1368444248567651,0.12653546427156254,0.029868376645291933,0.07194008278036923,0.1108751846381093,0.16623636212209544,0.3009428032683847,0.4454203262233375,0.49627791563275436
3,1995,9,0.116841249691778,0.1098111960035263,0.12379429983106574,0.1120807922435757,0.13850716042239258,0.1309278350515464,0.028573381639209788,0.07102724822188301,0.11155276317476599,0.16249164996659987,0.3044679317799664,0.45684158901422267,0.488344291691572
3,1996,9,0.11747052710789407,0.11004327443202308,0.12480415895171627,0.11309375636470614,0.13963771216659535,0.12631184407796103,0.028334725703146754,0.06940560002571769,0.11247090923681888,0.16490860777840405,0.29964664310954064,0.45208382387567697,0.48104956268221577
3,1997,9,0.1186059781415968,0.11196036801132342,0.12515027441414758,0.11424322464652742,0.14204425711275026,0.1256777925051211,0.027924925451675145,0.06952387071901305,0.11127848590189263,0.1647162729079267,0.29914829074787075,0.4454891426012984,0.4963256076879593
3,1998,9,0.1198937030220678,0.11381549251762092,0.12586065853159725,0.11555342576155261,0.14439684952328313,0.1265793439202504,0.02681911214623474,0.0699756160164271,0.1104914863558629,0.16323318048045993,0.3028675882554553,0.4463373083475298,0.49393605292171994
3,1999,9,0.12100793563784482,0.11502479423342366,0.12686990784025645,0.1166647053159736,0.14741764945099634,0.12521055586749016,0.027053754326481598,0.06983880867009078,0.1090647998563992,0.16368682630865553,0.29531812725090034,0.45167812373635263,0.4900054024851432
3,2000,9,0.12214435995560194,0.11667699107636156,0.12749807367575455,0.11789391756155537,0.14878892733564014,0.12524763372220998,0.0273987169035551,0.06806983194648393,0.11002053531029202,0.1625501885874194,0.29025534132360603,0.4491916859122402,0.490041928721174
3,2001,9,0.12383111132776004,0.11782507154369921,0.12969414786866823,0.11966279946692562,0.15079726651480638,0.12474459619313905,0.026498064149468974,0.06851292820580128,0.10904981954329275,0.16103551660516605,0.29145528697901124,0.45243834600407934,0.5007422068283028
3,2002,9,0.1252186218081216,0.11943522130169885,0.13084742572082955,0.12106341127086163,0.1540810484127489,0.125,0.024694862333238716,0.06866249139259599,0.10858270305820454,0.16103882137864287,0.29195736434108527,0.45074679943101,0.5178654292343388
3,2003,9,0.12566216119913534,0.11954547646217394,0.1316019478087152,0.12304719119313583,0.15112419364940188,0.11561655229777501,0.0248965667416709,0.06773945848495977,0.10740813135261923,0.16061282467532467,0.2901623686723973,0.44755861096421645,0.4993282579489476
3,2004,9,0.12683036895258548,0.12077897463436207,0.13270563699932528,0.12443109230277867,0.1516190243006672,0.11723305851598632,0.024947115033919325,0.06532274348791815,0.10639183177031655,0.1605114311516707,0.29264013297626745,0.43891024569613907,0.5130434782608696
3,2005,9,0.12862371330537553,0.12301169771616018,0.13407594480021648,0.12667388735722726,0.1544676521635047,0.11695739205032886,0.02535824415019046,0.06322284789425768,0.106855986338625,0.16182554352609804,0.29430729550478996,0.4412367881369301,0.5219757220594391
3,2006,9,0.13024076998718676,0.1250794419392912,0.13524578136463683,0.12861801678004975,0.1583713050590022,0.11508369723435226,0.024791333688510032,0.061778017969330544,0.10713279709555257,0.16539271991075485,0.29508050885152565,0.4423518603582912,0.5194193801490781
3,2007,9,0.13090169294485213,0.1250978018571281,0.1365268775664964,0.13021539745620442,0.15683699685983443,0.11426326815642458,0.023603815316560684,0.061564227097638584,0.1067096048024012,0.1635460147088054,0.2933830684398313,0.4401313825022395,0.5250936329588015
3,2008,9,0.132208227425699,0.12694700677031456,0.13730037863440125,0.13186444781762477,0.15802689582054572,0.1157806613645877,0.023697794462693572,0.059992638940007365,0.10741912248285365,0.1638716593919902,0.2910184141300263,0.4441712467457333,0.5138256912845642
3,2009,9,0.1324171104621199,0.12752447552447552,0.13714285714285715,0.13285309400094472,0.1615573101007351,0.10979901462422773,0.023307187449975987,0.05840460472830152,0.10702078956445392,0.1629824042584652,0.28725049198763003,0.44508275201750785,0.5178279358848544
3,2010,9,0.1338324060023605,0.12898349571933104,0.13850554922787592,0.13454831613399387,0.16303827114494066,0.11027282426459381,0.02412698412698413,0.0587703143678718,0.10431167522282762,0.16424913147809891,0.2832320295983087,0.44019696773357525,0.5101545923006972
3,2011,9,0.13673359376559766,0.13227312201476335,0.14102681311792287,0.13724883807234878,0.1652509250091198,0.11555221637866266,0.02474095329188586,0.0585288089273514,0.10501404184153229,0.16327379920235824,0.28359702332562065,0.44227941176470587,0.5140642939150402
3,2012,9,0.13856404410464043,0.13379424704796802,0.14314521308022296,0.13923157958888724,0.16626678237786513,0.11673439231621721,0.025109377972227506,0.05716717962150481,0.103755127800568,0.16414277988101678,0.28384915777816633,0.438005711565921,0.515599784830554
3,2013,9,0.14199036959580702,0.1381065400843882,0.1457147914928053,0.14256533493541604,0.17000902436578763,0.12057151188219857,0.02523181732164259,0.058739823945992455,0.1034341524889729,0.1652349170686579,0.2896334851442203,0.43601345863789304,0.5184337655733536
3,2014,9,0.143981157298364,0.13986987638256343,0.1479187437686939,0.14449084702115222,0.17180421508765018,0.12258992805755396,0.02628453556694587,0.05917635626445063,0.10220758242802394,0.16316062848980653,0.28735865321231174,0.43975569128262076,0.51374156219865
3,2015,9,0.14682303012800793,0.1437908496732026,0.1497236211767596,0.14735311081575847,0.1728078245291241,0.12756442109746574,0.027372602569672895,0.06039817056766209,0.09992987377279103,0.16546416546416545,0.2900398406374502,0.43991130820399116,0.5112067013810279
3,2016,9,0.14951302322123367,0.1464871996549362,0.1524013659812541,0.14980596152258277,0.17743164713727733,0.12932604735883424,0.02693789489905995,0.06130462746691039,0.09815517130552164,0.16565586003238816,0.2933444698435027,0.44131654143295584,0.5056350238404855
3,2017,9,0.15294779794568736,0.1502964810891449,0.15547483630454523,0.15383297155261053,0.17719619154823882,0.13425925925925927,0.027336455750451526,0.06132237067488866,0.09823233133361137,0.1654502760677794,0.2929075317872682,0.44491161012900143,0.5128634176950428
3,2018,9,0.15570457634798368,0.15281116039348813,0.15845821886311917,0.15625680613701812,0.18123411139357523,0.13818256186515782,0.027078589451658565,0.06231323010051616,0.09857838238612553,0.1659732588052212,0.29308456702494423,0.43747798520605846,0.5098814229249012
3,2019,9,0.15870013960314525,0.15640077392177512,0.16088463865233374,0.15907949590683362,0.18536918869644484,0.14107911733046286,0.027272444568834157,0.06275073549077294,0.09789219629927595,0.1676575885436645,0.29113527892966123,0.4380639868744873,0.5108495770503861
3,2020,9,0.16217525657463264,0.15978111843142964,0.16444777150754347,0.16251462173184533,0.18996577193298506,0.14329410200146286,0.028123224543905055,0.0622982461978768,0.0999260045684136,0.16582494290217775,0.2950571493452426,0.4319051262433053,0.5093920765027322
3,2021,9,0.16650537570958188,0.16418487719976793,0.16871901302894038,0.16681035505532663,0.19375864993972947,0.148511569316449,0.028476258898830906,0.06377499832787105,0.09973856209150327,0.16425183129497564,0.2966517693603927,0.4338341519791968,0.5139269038802126
3,2022,9,0.16758329324903073,0.16527764549004667,0.16976998904709747,0.16819717038397486,0.19564642636820304,0.14737857832100354,0.028053673617049267,0.062325430334524194,0.0965290746345547,0.16287012275670973,0.29848722705865566,0.43123276615777795,0.5206598586017283
3,2023,9,0.17013271309344644,0.1695130259108741,0.1707171182347859,0.17025176187299176,0.2013507625272331,0.15117300213273116,0.0289932349118539,0.06091001139096317,0.09567379730289795,0.16424950266315858,0.2982718974287506,0.43659600997506237,0.5153139356814701
3,2024,9,0.17391328937099165,0.17333426668066687,0.17445804291751277,0.17348828348256812,0.20814089005913583,0.15602968460111316,0.028629856850715747,0.06211589113257243,0.09683743652375136,0.16264944080215965,0.2986284502513938,0.4393912992972063,0.5157925239061142
3,2025,9,0.17727369733457637,0.17697215777262182,0.17755666354590782,0.17710884482693257,0.21019762169561126,0.15922945623018775,0.02846590711125048,0.06281642602662667,0.09678561086264037,0.15831398348813208,0.30140179023813546,0.4444563873810931,0.5138810198300283
3,2026,9,0.18092600229605768,0.18110880590133702,0.18075487170633808,0.18104344681043447,0.21485320983982664,0.15965881787602115,0.028816611929229793,0.06240463363746769,0.09828921885087152,0.15633711507293355,0.30355472404115996,0.4478877504668652,0.5135207856854568
3,2027,9,0.18408577378051483,0.1843770781260749,0.18381360471344402,0.18408463799412153,0.21886744647607786,0.16314790653540506,0.028873365574064124,0.0642247400279373,0.09795612348013169,0.15739453693227737,0.3009741126234321,0.4458857696030978,0.5197802197802198
3,2028,9,0.1879197586594147,0.18814706587373156,0.18770801212185656,0.1874099457248016,0.2252735734350761,0.16658862093186608,0.02965793304221252,0.06416525609679644,0.09944162928057322,0.1581779867077322,0.30154389942979093,0.4474161588911112,0.5195443377261559
3,2029,9,0.19153972602739727,0.19208332859530822,0.1910341691430747,0.19107896323086196,0.23137565696170853,0.16830651695798124,0.029318600368324125,0.06537460225629159,0.10073475619453545,0.15808681048960083,0.30378258532652513,0.44705935090550475,0.5173191227710596
3,2030,9,0.19508924190717097,0.19641117429820784,0.19386296763345945,0.1943915257629556,0.23504521695843358,0.17256586483390607,0.02925263982687213,0.06613696310527858,0.10138088300500411,0.15947527490193555,0.3019538789746368,0.4507487232753397,0.5162567147299971
3,2031,9,0.19713376314234124,0.1986291331747517,0.19574801504387798,0.1965548289961179,0.237425211471013,0.1743941887520572,0.027960153950645234,0.067675396483793,0.102061337355455,0.15828193266512464,0.3004618310241782,0.44812186978297164,0.51162176439514
3,2032,9,0.20017504713846554,0.20174392439243924,0.19872574392233897,0.19935352761865494,0.24116995528572013,0.17739120644035355,0.027715554880595315,0.06882549994924374,0.1038306135872459,0.1575421872987247,0.2992772556072071,0.44814528278838717,0.5129593175853019
3,2033,9,0.20321391079647924,0.20439291566589599,0.2021271092626504,0.2023978313730964,0.24339445420018785,0.18101619207146846,0.027440532825880114,0.06958174904942965,0.1042434847822011,0.15693395155799097,0.2977759751233692,0.45072215811880795,0.515860794579612
3,2034,9,0.2060874977197369,0.20725765806126448,0.20501148336199881,0.20477572984941128,0.24831561003328192,0.18358184136134362,0.027651169857186266,0.06927914164919885,0.10516216885367666,0.15893324607329842,0.29879183728721787,0.4488902782119412,0.5154023319418454
3,2035,9,0.20845824411134903,0.21004954315174967,0.20699711448610128,0.20675862776267884,0.25085827375903713,0.188391431246214,0.027976825735630432,0.06981818181818182,0.10529725727331626,0.15816710884019522,0.2986850132176507,0.4497372894452171,0.515274949083503
3,2036,9,0.2107230120243588,0.21208936198761097,0.2094710203579808,0.2088173855682193,0.253210788248515,0.19146488440889667,0.027987578116014263,0.07025743749536316,0.10454279826530927,0.1611399303959551,0.29614348552528386,0.450491828376775,0.5155096011816839
3,2037,9,0.21320867550163922,0.2142377960151166,0.21226800752187067,0.21124127617148555,0.2561666799712621,0.19385639458751636,0.028009259259259258,0.06915676287492926,0.1061339542864146,0.16309752701717165,0.29450751138603765,0.4522935779816514,0.5153869499241275
3,2038,9,0.2154390420899855,0.2163704093161657,0.21458960363209711,0.21322348004079147,0.25670254597450054,0.1974965986394558,0.028304457854779055,0.06901553613009123,0.1065939514129896,0.1631184703331362,0.29606159716544017,0.45287558237226,0.5142956360689894
3,2039,9,0.21829911209766925,0.21968127400804094,0.2170412271314274,0.21606843637005027,0.2591641649549692,0.20100966236022147,0.02903454245023212,0.06865384615384615,0.10680475252557342,0.16380705730009712,0.2986634100006785,0.4536830785774637,0.516348171876726
3,2040,9,0.22067915252878784,0.22269247176631715,0.21885037780293065,0.21835520056640928,0.2620985179069859,0.20268441846620122,0.02849864671230696,0.0688145136065061,0.10727266878960404,0.16391646254995487,0.30184152728501434,0.4545067533573281,0.5147136657139832
3,2041,9,0.22289127581496262,0.2248506705736504,0.22111604635727777,0.2200605786819323,0.26395581149371256,0.2057947468183049,0.028917797736517783,0.068095788341236,0.10912126767941331,0.16471339613603705,0.2985911686205615,0.4556666536980119,0.5178261313719481
3,2042,9,0.22420186258854796,0.2266970675215026,0.22194679071285756,0.22176865699335732,0.2625609043071526,0.20831528800346472,0.028749748339037647,0.06678130123565401,0.10928724257822947,0.1654834293718761,0.2977210389082659,0.4554721238765903,0.518765761756416
3,2043,9,0.22644234124449072,0.2290930906456579,0.22405113700182777,0.22330097087378642,0.2663760557350251,0.21252905248364953,0.02942850174782538,0.06711086136308902,0.10994603456520254,0.16691543078535362,0.29817388934314526,0.45436277919468276,0.5201309959545367
3,2044,9,0.22730304562520845,0.23035935423033663,0.22455484385056237,0.22444170126809562,0.26319670858562333,0.21658562938951917,0.030232558139534883,0.06631727474299537,0.10938377316114542,0.1698992443324937,0.2976080167473146,0.44854932301740813,0.5195821231144008
3,2045,9,0.2292106214555128,0.2324268211996076,0.22632371161466705,0.22682783816697488,0.26586348493065776,0.21331816211530125,0.02989771833202203,0.06719303899452143,0.10998095101175287,0.16839264419757735,0.29993127147766324,0.4502130956993413,0.5201599926440164
3,2046,9,0.23084803642572566,0.23431892964011786,0.22773539511834015,0.2283250113481616,0.26392383016604093,0.2203943784726005,0.029728474304294584,0.06871091385918902,0.11093996405911909,0.1686946729644343,0.30161134829913233,0.4480171908575894,0.5209537572254336
3,2047,9,0.23254839657442572,0.2361229521417544,0.22934966390366612,0.229891093403959,0.26444590265179296,0.2245610208310612,0.02808532466977301,0.0695747532594127,0.11191578318650142,0.16998005733516142,0.30466360856269115,0.4451127236040511,0.5225249407238401
3,2048,9,0.23540465980169895,0.2390546658792742,0.23214470391130784,0.2323502170102343,0.26756162481194307,0.22849477084816294,0.026802338168434726,0.07077239958805355,0.11295919137059666,0.17059398757136998,0.3075229610264525,0.44933390297898784,0.522823591735829
3,2049,9,0.23705424313312026,0.2415814126913845,0.23301898550122555,0.23450195026440343,0.2685588677644518,0.2306633636113405,0.027240269758011196,0.07095057982459786,0.11202767429483768,0.17160509801384485,0.30656166197087475,0.4495884376086873,0.523022276793545
3,2050,9,0.23867286233043786,0.243255917558648,0.23459673635368333,0.2359833934737904,0.27015973454741876,0.23227911091451953,0.02677412133422879,0.07013432648449597,0.11216325899586442,0.17183098591549295,0.30715202269197,0.4516662818440699,0.5221840031349327
4,1990,0,0.12716609449076344,0.12013997680616874,0.13425422302497897,0.12384153040780715,0.14430459906593843,0.13206184077445457,0.035467407455261966,0.08551489730980619,0.13847818247385504,0.19504500324765706,0.3242467718794835,0.4555858310626703,0.5361596009975063
4,1991,0,0.1338733915189634,0.12641191066997517,0.14137463079747745,0.13016084610837933,0.15382229803070244,0.139725639937774,0.03810481255675185,0.09160518862976819,0.14146757679180888,0.20136791614851662,0.34078910808557933,0.4721018418201517,0.5364188163884673
4,1992,0,0.13417086891887953,0.1261679519804192,0.14217954200847557,0.13008419450649256,0.15724274205806354,0.13930691702333287,0.03749918338015287,0.09175812938850637,0.1399692258714915,0.1997045276788042,0.33369301321823575,0.47619047619047616,0.5341308937368051
4,1993,0,0.1353065338099947,0.1284726850353219,0.14212195446172543,0.13061121582846097,0.16052238805970148,0.14399675500270417,0.03568236734964086,0.09221208780194447,0.14013618869041744,0.19787743923313933,0.3371138052405162,0.4767650834403081,0.525691699604743
4,1994,0,0.13652080712055548,0.13035343424326903,0.1426422522656366,0.1319180484131,0.16189216982517995,0.14449874521199313,0.03553830577117786,0.09191248932396032,0.13621676514032496,0.20171566586158074,0.33375235700817096,0.48055207026348806,0.5297766749379652
4,1995,0,0.13769988767020702,0.13164854540111667,0.14368494668580045,0.13272846750671538,0.16591928251121077,0.1452319587628866,0.03551165493198442,0.0903510766132961,0.1365559687139377,0.2017368069472278,0.3376171030506846,0.48062775870524765,0.5230125523012552
4,1996,0,0.1390511341240549,0.13278038225748287,0.14524284289987183,0.1338002670347824,0.16980459278276994,0.1446776611694153,0.03473962684489,0.08798662680425627,0.1371479014525319,0.20219019244705694,0.3399293286219081,0.485283729691547,0.5311953352769679
4,1997,0,0.14049071676249836,0.13441259731068647,0.1464761738827424,0.13544048121101812,0.1713382507903056,0.14459573442583443,0.03343273109980705,0.0870333483261582,0.13673232908458866,0.20262015161551483,0.3396336483490841,0.48376986792030446,0.5522894290559638
4,1998,0,0.14160030272278504,0.13582861706190758,0.14726634399072874,0.13681264226358378,0.1731380406245682,0.14303929523588732,0.03310043051732656,0.08765400410677618,0.13328128485389248,0.20087605228937103,0.3425111390380441,0.48637137989778534,0.5474090407938258
4,1999,0,0.1426053517064573,0.1377400610057427,0.14737211166021102,0.13755843933542306,0.17602006235597126,0.1432902863559798,0.03249275976548704,0.08718545078657493,0.13301023155627356,0.2010585425676112,0.3344974353377715,0.4820056611403154,0.5521339816315505
4,2000,0,0.14372214767324354,0.13876006629945253,0.1485810777579225,0.13862448331352484,0.17660367314346553,0.14725952014087607,0.03239641300109879,0.08526676456191874,0.1342104347220772,0.1985034675751308,0.33058884835852004,0.47882986913010006,0.5476939203354297
4,2001,0,0.14516561456530747,0.140044735370547,0.1501645661074095,0.14040724402615784,0.1785876993166287,0.14431659318206258,0.031755052747486946,0.08340989631185194,0.1358316187135292,0.1968980627306273,0.32607181935740576,0.4811793065084369,0.5526966848095003
4,2002,0,0.14690590517378446,0.1410334934399278,0.15262134094688296,0.14203151298846145,0.181754564539729,0.14621274834437087,0.03136531365313653,0.082073646588189,0.13653403485695495,0.1959888160017206,0.32703488372093026,0.48079658605974396,0.5642691415313225
4,2003,0,0.14891005693200624,0.1427538211800254,0.15488825071794232,0.1448721062004209,0.1830650717104027,0.14285714285714285,0.030848515642012048,0.08045938637198277,0.1369559551733125,0.19749391233766234,0.3317096466093601,0.4787590340208003,0.5642633228840125
4,2004,0,0.15012526648304622,0.14459677164608142,0.15549285407593694,0.14624920153305654,0.18399951031401113,0.14397747838326966,0.029615581005179078,0.08053442821565591,0.13724674327049258,0.19482865155187984,0.32634592298457843,0.479191041283637,0.5660869565217391
4,2005,0,0.15221502096835685,0.14640713003651668,0.15785755088542136,0.14935013784954707,0.18588784487402,0.14069202173291392,0.030582260112461453,0.07950905351181846,0.13591803175004744,0.19676965055892967,0.3336403831982314,0.4830414891938792,0.5479280033486814
4,2006,0,0.1533120772371048,0.14762582090003934,0.15882611885546588,0.15092367690178735,0.18892393971258326,0.13855531295487628,0.03132658497602557,0.07873404039721678,0.13317267065193578,0.19861174234599016,0.3285294902588738,0.48767416934619506,0.5598273832875638
4,2007,0,0.15389813267456223,0.1474630567324584,0.16013506746219114,0.15231474016674096,0.18829574650299744,0.13783170391061453,0.030446502626486037,0.07717300284709429,0.131815907953977,0.19666070363744784,0.32914369120986053,0.4908928038220364,0.5565543071161049
4,2008,0,0.1552546753191429,0.14946660314985635,0.16085674765623909,0.1542050417663876,0.1884381451927906,0.1403934700711595,0.030569149292753235,0.07545086492454914,0.13234787510569665,0.1969140056665901,0.3272453964674934,0.48871854208851606,0.5593279663983199
4,2009,0,0.1548668613640268,0.14834965034965034,0.16116176967240797,0.15521783365430036,0.18867410835829024,0.13326034253538752,0.02987033776212582,0.07190010080972976,0.13251387538804052,0.19514268815614372,0.325836378971043,0.4839283271782246,0.5606804056264312
4,2010,0,0.15654695666835272,0.15139688603663648,0.16151034354885704,0.1566987999213063,0.19124926811092777,0.1369455875628715,0.030634920634920636,0.07234015056056348,0.12972819753708545,0.1948712438666237,0.3266384778012685,0.47920176234287937,0.5474386177629584
4,2011,0,0.15860857296872816,0.15346830221450283,0.1635561011924197,0.15899411525615423,0.19240189692011048,0.1371900826446281,0.031149370317232583,0.07238832677229398,0.12779653529393203,0.19594243107334836,0.3230567194046651,0.4721813725490196,0.5487944890929966
4,2012,0,0.16157288206660247,0.1568087297235855,0.16614862955637186,0.16178967255504575,0.19577313798560417,0.1398596231991134,0.032432946547460526,0.07127889463689346,0.12698011991164404,0.19855327203893997,0.32208428046861337,0.47513089005235604,0.5500268961807423
4,2013,0,0.16431715786891807,0.1597178270042194,0.16872771413398072,0.16469982405698838,0.19748320465256192,0.14229479515964427,0.032959061376395635,0.07210933880468595,0.1252678008821676,0.19857265578536973,0.32552591628713945,0.4675716440422323,0.5626748029494025
4,2014,0,0.1674836081227322,0.16378659726740402,0.17102442671984047,0.16757448178298842,0.20169391372857987,0.14575539568345325,0.032629078634829355,0.07271386924907014,0.12551863934374308,0.19981171276457602,0.3241722022209827,0.47273736812881734,0.5612343297974928
4,2015,0,0.16936724277561885,0.1649267434544217,0.17361503500798428,0.16961322734073944,0.2014719411223551,0.14907361397032726,0.032369188753025885,0.07448883508205542,0.1230396531939309,0.19894179894179895,0.3231310053902039,0.4752771618625277,0.5603350690513923
4,2016,0,0.17295729969517484,0.16886560271991474,0.17686308702075612,0.17311534968210718,0.2049633228541488,0.15307552192798093,0.03300970873786408,0.07657154463288311,0.12209937648646911,0.1966468739084876,0.32890803587128536,0.47835749814795214,0.5611183355006502
4,2017,0,0.1759379913251479,0.17214707467813312,0.1795512115853367,0.17588255455272478,0.208808217250598,0.1552653399668325,0.03428536443505679,0.07749229188078109,0.11995123672644445,0.1965792980897379,0.3277996029231614,0.4798853320592451,0.5565781217318553
4,2018,0,0.17933846850928864,0.17612805709046758,0.18239379325795002,0.17956101928707985,0.211462907326092,0.15863385370509236,0.034371345928980244,0.07929231187177398,0.12037007188678638,0.19623971797884843,0.32447779355100387,0.4820359281437126,0.5624505928853755
4,2019,0,0.18238494672409886,0.17927555043961696,0.185339010656615,0.18221166492630705,0.21700091157702825,0.16099300322927879,0.03355412507385639,0.07923241508424712,0.11903459372485921,0.19808847973404936,0.32634379156560517,0.481214109926169,0.5549834497977197
4,2020,0,0.18595087711005678,0.18287045462818038,0.1888748128527007,0.18556163257563782,0.2200954782921996,0.1676308265177206,0.033110283441701915,0.07980298845219475,0.12003345880384776,0.19760671663396276,0.32802210279312694,0.476893649579189,0.5551571038251366
4,2021,0,0.1900617232955283,0.18725826725971764,0.19273607748184018,0.1895104839794038,0.22492075539086567,0.17165020221441357,0.033407354189798184,0.07902481439368604,0.12042483660130719,0.19613411210429507,0.3329547952230933,0.47146778387749205,0.5545000805023346
4,2022,0,0.19139626665430332,0.1892918373178398,0.1933921252018383,0.1913648461454653,0.22640345465761874,0.17073013830813766,0.03328290468986384,0.07801234166937317,0.11900315538669586,0.19409092373618583,0.3357713714856572,0.4695675566615105,0.5497250589159466
4,2023,0,0.1930952706708624,0.19159482252343255,0.19451029043620816,0.1925138610900223,0.23089324618736384,0.17488395433446244,0.03279234845202786,0.07704720921402354,0.11620492874677209,0.19120195084386832,0.33523796251132326,0.4746882793017456,0.5532924961715161
4,2024,0,0.19680688617674671,0.19547793216898254,0.19805718676252676,0.19620499142693845,0.2360253809297708,0.17649969078540506,0.033571915473755966,0.07804465069609934,0.11759979430481456,0.19051291939838025,0.33570475767007557,0.47133646976825233,0.5517241379310345
4,2025,0,0.20046838670545553,0.19922273781902552,0.20163730976071764,0.20023505326610305,0.23881426982633244,0.178614971958059,0.03327410194766733,0.07903618976186011,0.11728176582258117,0.18814499484004127,0.3384225637561223,0.4731015209329822,0.5538243626062322
4,2026,0,0.20423210245321505,0.20299677270631628,0.20538854960184724,0.20367105203671051,0.24523091303054764,0.18302498798654493,0.03365469505950489,0.0799364743250397,0.1197546804389929,0.18781199351701783,0.3374315114258987,0.4739817291677182,0.5558993676846495
4,2027,0,0.20805458331487306,0.20709027952945494,0.20895554365291913,0.20729860236338551,0.2504117224779359,0.18562448108172222,0.03413935160308078,0.08148378084743133,0.12198063695928546,0.18587360594795538,0.33540165465705896,0.476863504356244,0.5606837606837607
4,2028,0,0.21172902032457666,0.21141004714235165,0.21202615769046734,0.21060568732409088,0.2556706217768647,0.1893584640599391,0.03435225618631732,0.08165632248761834,0.12280928250976342,0.18521640460366348,0.33722364867117943,0.477278012930834,0.5606432879160151
4,2029,0,0.21607123287671232,0.2168840472589577,0.21531530578792077,0.21507080719457652,0.2596562943188454,0.19377242736427827,0.035211786372007364,0.08170218236749911,0.12411336238429975,0.1869267536493993,0.33851787153990864,0.47991751837905683,0.5597458495593359
4,2030,0,0.21902155543683285,0.21922649930896979,0.21883144178226147,0.21801590772629223,0.2635858292541276,0.1958762886597938,0.03387933286071415,0.08160474128105767,0.12560967884968646,0.18747990482927143,0.33463140428702043,0.48203929715225485,0.5602676467816416
4,2031,0,0.22174566079068228,0.2226305761924625,0.22092561638111158,0.21983261251420727,0.26779451206932126,0.2024289200385903,0.03324277413025432,0.08197861139621893,0.12606837606837606,0.1866165510151632,0.33523499049171424,0.48297161936560934,0.5522979397781299
4,2032,0,0.22505983478575636,0.2264063906390639,0.22381590845311963,0.2231728687764148,0.2725519957336834,0.20390699769183132,0.03219560347773264,0.08320644266233547,0.12541109405832054,0.18800721370604148,0.334634047029283,0.4867054847510078,0.5489665354330708
4,2033,0,0.2277892923474469,0.22966845495970728,0.22605708846746744,0.22631002843016979,0.27292032507044556,0.2073143495254048,0.033339676498572786,0.08223297614932595,0.12633585400912442,0.1880613469083363,0.3290745622929764,0.4895555643974058,0.5524330150908531
4,2034,0,0.22988271399598673,0.23169625357002857,0.22821508388518696,0.2282218214343319,0.2754687880509782,0.20941189512776454,0.032702825888787604,0.08270863679965894,0.12729017083436495,0.18821989528795813,0.32816677383329385,0.48784776492653953,0.547718439614222
4,2035,0,0.23222162740899358,0.23410537146180257,0.23049197498536705,0.22965122667702023,0.2784038127549578,0.2156506415551517,0.033846622960817196,0.082,0.12747971492919508,0.18915200943303528,0.32698434216769473,0.4881393911296554,0.5462321792260693
4,2036,0,0.2344990563364468,0.2364872419885055,0.23267727426411072,0.23201524535493093,0.2798603307111896,0.2168839706365728,0.03381512862784189,0.0829067438237258,0.12794882047181128,0.19082014577450915,0.3292529068776213,0.48405863665939447,0.5438314816004111
4,2037,0,0.23709727368836966,0.23919363134238245,0.23518109721200228,0.2342237991906633,0.2826694340225114,0.22173723264949805,0.03341049382716049,0.08187134502923976,0.12846988173294932,0.19319763972684478,0.32655835769152336,0.48612385321100915,0.5476783004552352
4,2038,0,0.23868778280542988,0.24056693477117896,0.23697393256134267,0.23576150194786616,0.28347301108154266,0.2236190476190476,0.033599377068327815,0.08195594915448334,0.12927615270203272,0.19298245614035087,0.3259403107113655,0.48506835713740165,0.5444495890728094
4,2039,0,0.2413984461709212,0.24370331380959315,0.23930082046577994,0.23826322133051123,0.28491862853531363,0.22842253826946043,0.033912975057046185,0.08119230769230769,0.1299320160111824,0.19391388798964065,0.3265825361286383,0.4865965127890007,0.5462277698000663
4,2040,0,0.24384300943118972,0.2462111857024181,0.24169190451426065,0.24015605755544248,0.2873766560522074,0.23353358229149754,0.03427002069734119,0.080426962777604,0.13017465984753449,0.19495294572644065,0.32934617334009125,0.4841518634622083,0.548480999259024
4,2041,0,0.24598076768542576,0.24816860137495775,0.24399857048042067,0.24256652176166954,0.28663767775296745,0.23568914161927973,0.034073059728543235,0.08064708929354106,0.13076217915138816,0.1947948267603385,0.3297746545491402,0.48445706726841226,0.5485238533047297
4,2042,0,0.24754852053884321,0.24977989480100232,0.24553188884808422,0.24387872490444204,0.2876242447865913,0.23895625812039845,0.03402456210992551,0.07989762866397408,0.13375902647766783,0.19384928846582408,0.32887474179675596,0.4808777185542544,0.553478712357217
4,2043,0,0.24916656377330534,0.25159603368649824,0.24697497268540736,0.2452816130065793,0.28992332541937493,0.24171666396411004,0.0351190960084546,0.08019587380589227,0.13286426668488285,0.19184477118993934,0.33040337966748434,0.48083314011902,0.5528799845887112
4,2044,0,0.24979828515486321,0.25162748951930836,0.24815348309785773,0.24582351400890284,0.2899782642446825,0.24267963263101028,0.03565891472868217,0.0802257609352953,0.13177288040426727,0.19464735516372797,0.3272246816980679,0.478220502901354,0.550032793029139
4,2045,0,0.25283424075802785,0.2554812803723392,0.2504582177122905,0.24911671402582955,0.2899589370109243,0.24604464672735155,0.03577787900120088,0.08133258137286498,0.1320130827013622,0.1950354609929078,0.33298969072164947,0.4790003874467261,0.5531699691968185
4,2046,0,0.2536141149686966,0.25597606135996237,0.25149595936748165,0.25011348161597824,0.28950729573866935,0.24735810001089442,0.03580929859380938,0.07944321161993141,0.13272453881981883,0.195595733366699,0.33359730064729376,0.47724164875952335,0.5507135115606936
4,2047,0,0.25643927440504044,0.2602018479688472,0.2530722916408924,0.2528977069491693,0.2929710116956807,0.24822772385211037,0.03701962125422135,0.08135331627472484,0.1309168284306406,0.20036146080019943,0.33646093967194884,0.4747584494198906,0.5551380127947032
4,2048,0,0.2579552593482833,0.26190062644017553,0.2544315055742859,0.2549162195056606,0.2912085792539444,0.2519848874774133,0.03619831132279714,0.08366632337796087,0.13015765256091122,0.20245418125611178,0.33497299714492107,0.4727929467510778,0.5550503266819707
4,2049,0,0.26033738591809163,0.26437277155041833,0.2567404760915625,0.2571111419453309,0.29439666808067566,0.2547206165703276,0.03689337506060739,0.08371087742632695,0.1295902075572113,0.2051821181341787,0.33365015784649854,0.4742048923754686,0.557182950359586
4,2050,0,0.26270681339058066,0.26679719099147686,0.2590688702361712,0.2594420517595934,0.29647349332510226,0.2591507243171514,0.03604208641146183,0.08503159392392351,0.12955590770301087,0.20566655748444154,0.3365975552103735,0.47583314092203494,0.5574084556102233
4,1990,1,0.12720696419813635,0.11997721307806555,0.134500523388272,0.12372519873327732,0.14470038787303094,0.13278427972836296,0.03549970928354545,0.08522562915822968,0.1385983892294747,0.19727196808017072,0.32453371592539454,0.45149863760217984,0.5344970906068163
4,1991,1,0.1344306997203507,0.12752357320099256,0.14137463079747745,0.13034948501578278,0.1558381144363467,0.14128128977513787,0.040569464262550266,0.09125555050522709,0.14084186575654153,0.20341090779889856,0.3396776882467352,0.47020585048754066,0.5311077389984825
4,1992,1,0.13471497556378192,0.12814934245031956,0.14128533105244742,0.13021920027492084,0.15830673354613162,0.14220626812094436,0.040439014829816426,0.09019019701411139,0.13890804902637024,0.19918310593551752,0.33571621257081197,0.4830687830687831,0.5320197044334976
4,1993,1,0.13531604168251313,0.12940571624426375,0.14121042936630016,0.13077929717983505,0.16007462686567164,0.1418334234721471,0.038363509979808676,0.09134342320670877,0.13761965854139938,0.1983909619993153,0.3358101942380394,0.47702182284980743,0.525691699604743
4,1994,1,0.13748077729623934,0.13153217205830076,0.1433850839399792,0.132447603469174,0.164756867930072,0.14542332584863293,0.038980762740465746,0.09145259838381184,0.13497045790251108,0.1998001165986508,0.33890634820867377,0.48582183186951067,0.5316377171215881
4,1995,1,0.1385674755020594,0.13227299441669116,0.1447930101178907,0.13277458180099377,0.1703312599450311,0.14677835051546392,0.03851937931505913,0.09051346172582897,0.1354874556567081,0.20282231128924516,0.33377372087436946,0.4865129965669446,0.5361625821876868
4,1996,1,0.13968717526068727,0.13386224305805985,0.14543868394815554,0.13349476113965014,0.17458279845956354,0.14705147426286858,0.03717627401837928,0.08988330600829396,0.13449963887328464,0.20154601819792253,0.33945818610129563,0.48669649164115847,0.5393586005830904
4,1997,1,0.14118421630162842,0.13524416135881104,0.1470337137381305,0.1351075400084345,0.17611520899192132,0.14772864200506086,0.03715137695141203,0.08870397738225277,0.13499420625724218,0.20063295797453448,0.3327499708318749,0.49608238191179765,0.5505935556811759
4,1998,1,0.14237430984365057,0.1364362348529565,0.14820369486672574,0.13654036746207213,0.17894155036617382,0.14443027703720876,0.03687627920107277,0.08835985626283367,0.132054427838501,0.20176579289576346,0.3377127841882783,0.49126916524701875,0.5474090407938258
4,1999,1,0.14365950126076288,0.13753557248266107,0.14965940964338187,0.13769751693002258,0.18056120374135828,0.14620999438517687,0.03517694426785336,0.08986658913977452,0.1305690181295997,0.1993158200477635,0.33373349339735897,0.4900930044480388,0.5672609400324149
4,2000,1,0.14469956761592367,0.13929581945118785,0.14999098316310638,0.13877173238532978,0.18166089965397925,0.14648910411622276,0.03491298337645766,0.09003100016315875,0.1303818175489889,0.19789512106095633,0.33371547681083896,0.47575057736720555,0.5513626834381551
4,2001,1,0.14650612981062175,0.14111377915200157,0.15177008910652645,0.14083081087223778,0.18314350797266515,0.1479729003118615,0.0333179412496004,0.08879117994487465,0.13141295915269674,0.19799354243542436,0.3310454590669452,0.48692749860930834,0.5467590301830777
4,2002,1,0.1476054949597736,0.142580832339383,0.15249584287641577,0.14205179161681503,0.18468095934855908,0.14859271523178808,0.031826568265682656,0.08840213791520478,0.13173298257152252,0.19792450801161415,0.3298449612403101,0.47528449502133713,0.5614849187935035
4,2003,1,0.14910801244744282,0.14323598900657356,0.15481021350980148,0.14437631536344503,0.18638441786184004,0.1429611145768351,0.031501778326195835,0.08743698460922111,0.1332746937711754,0.1968851461038961,0.3272206303724928,0.4718843645337564,0.5682937751903269
4,2004,1,0.150809952850007,0.1453548978109107,0.15610623811568422,0.14628912488022996,0.1880394197221032,0.14397747838326966,0.031439200525202424,0.08538062865989096,0.13433409083634734,0.19558914397072105,0.3292086065195309,0.4693297676750794,0.5647826086956522
4,2005,1,0.15316050324056424,0.1484341152441666,0.15775232253991162,0.14970460811343048,0.18929918008259022,0.1416452197121342,0.03203337565753673,0.0836227534814715,0.13433685408892543,0.19901417128773877,0.33428518791451733,0.4734185202713362,0.5542067810799498
4,2006,1,0.15380374862183022,0.14942650485730716,0.15804842259721202,0.15091399982581263,0.189391284028508,0.14192139737991266,0.030935890605576274,0.0818752955481997,0.13486275859910488,0.1959674420526381,0.3381371764077929,0.474659317103047,0.5484503726951746
4,2007,1,0.15473370631403038,0.14995792674825434,0.15936243579287748,0.15299763831058588,0.19035112760491008,0.13713337988826815,0.029997235277854577,0.08075699212862167,0.1330665332666333,0.1967799642218247,0.33368472267272137,0.48208420424007165,0.549438202247191
4,2008,1,0.15558837311673743,0.15121331543314134,0.1598228382211169,0.1542050417663876,0.18994475754701187,0.1404771871075764,0.029932292015820875,0.07856258573961923,0.13391375152672952,0.19484646603874722,0.33228109733183014,0.47859415678333816,0.5523276163808191
4,2009,1,0.15505926816698162,0.15062937062937062,0.15933806146572105,0.15491806257040078,0.18998094200925675,0.13529365762102136,0.028941892108211943,0.07534714318233553,0.13367407732589132,0.1926290107940263,0.33040483553556366,0.47517439474764056,0.5544651619234544
4,2010,1,0.1567695161018378,0.15281232392914565,0.16058326490610017,0.15690447659757123,0.1922073774418481,0.13526901386983692,0.029968253968253967,0.07544182740460728,0.13331863563352336,0.19154041760681925,0.3280919661733615,0.46948295969936504,0.5444073961806608
4,2011,1,0.15986636763541257,0.15607359965262702,0.16351691982185537,0.15986887447646986,0.19453853770389284,0.14012021036814426,0.030479834210106808,0.07603214367049484,0.1319933104035846,0.19341078550372812,0.3251203802138703,0.47757352941176473,0.5376004592422503
4,2012,1,0.16217561927972904,0.158520440230546,0.1656862493256955,0.16205956868856597,0.19735565878809536,0.14141115626154416,0.03094286982436117,0.07448759085848995,0.13149258441148629,0.19476744186046513,0.3248819723727924,0.47584483579247977,0.5381925766541151
4,2013,1,0.16480771465086558,0.161959388185654,0.167539134612953,0.16477706733038663,0.19898726561716634,0.1436798367108908,0.03128745347883681,0.07383016744986431,0.12914303717706363,0.19705279851979118,0.32633918889611796,0.4739528947673744,0.5448766844647851
4,2014,1,0.16769367878286331,0.1653480806766428,0.16994017946161516,0.1676253081347576,0.2004628717746701,0.14949640287769783,0.032472809101137645,0.0732164996816674,0.12881259303835554,0.19776652382807428,0.32447644642766593,0.4784008883953359,0.5431533269045323
4,2015,1,0.17009548801848237,0.16768750722292847,0.17239896818572656,0.16977204905083132,0.20481286011717426,0.15070632498047845,0.032648501024144995,0.0733118105999462,0.12756598240469208,0.1991662658329325,0.3263651277243965,0.4796008869179601,0.5342992981661762
4,2016,1,0.17291393026195137,0.170844645167838,0.1748891956695488,0.17270250185781522,0.20572544536534249,0.15559759002381954,0.033872707659115424,0.0736941877390745,0.12637397955904095,0.1984885530117804,0.32583084227184805,0.4821674251243518,0.5379280450801908
4,2017,1,0.1758462263169808,0.17419047499655255,0.17742436553075563,0.17574382660638802,0.20594718821818864,0.16065505804311775,0.033979245109743775,0.07547105173004454,0.12428218536460171,0.1985466776670686,0.3267857897182444,0.47644529383659817,0.5392177368751307
4,2018,1,0.17919347530584503,0.17762717744133608,0.18068410937260496,0.17862530148666197,0.21271088513981973,0.16436021542027404,0.03310972982952797,0.07616816082586254,0.12314238741497695,0.19970146409629372,0.32861488541877915,0.4740225431489961,0.5432806324110672
4,2019,1,0.18162130558770537,0.1795571991868923,0.18358229791986597,0.18124716029110505,0.21412944393801275,0.16671151776103338,0.03321205336318687,0.07725996255683337,0.12247787610619469,0.1993351233857563,0.32485720992097644,0.47260049220672684,0.5437660904744391
4,2020,1,0.1854013908501675,0.18364697460537013,0.1870666820223425,0.18532452341057823,0.217573410196361,0.16809628299753973,0.03288933779433117,0.07700755432793105,0.12273590065309012,0.2012095087978898,0.3251457119067444,0.4729150726855394,0.5432035519125683
4,2021,1,0.18935951754334202,0.18769338619222586,0.19094892194165802,0.18904382627678337,0.22228670922809055,0.1739706954849831,0.03334204166938802,0.07772055380910976,0.12398692810457516,0.19774758785375457,0.32808264341710014,0.4706009823750361,0.5396876509418773
4,2022,1,0.19132672280400803,0.190089532336413,0.1925000846873906,0.19100686392006103,0.2270644223142681,0.1735606304277903,0.032822469249490234,0.07681065280935369,0.12061304655805268,0.19715178657731094,0.3303125445982589,0.47750353083596747,0.5385703063629222
4,2023,1,0.19285013909791582,0.19264018417158027,0.1930481401891934,0.1922454582403509,0.2314161220043573,0.17551122820223308,0.031592628386709766,0.07771168206556132,0.11748015430229222,0.19569402554065327,0.33231133718904604,0.4733790523690773,0.5375191424196019
4,2024,1,0.19737809499032904,0.19768296524447868,0.19709126831677734,0.19683749285578206,0.23563689731083007,0.17946815089672233,0.0325494205862304,0.07864041138843597,0.11618563990486598,0.1937588378969019,0.33584157061257996,0.47650577917174886,0.5462184873949579
4,2025,1,0.20076604252546923,0.2008584686774942,0.20067930936880837,0.19984077036812375,0.23937034819060654,0.18483296756888565,0.03240305215846138,0.07947371710731921,0.11580166672029345,0.19359520123839008,0.33649721330856275,0.4750900198849895,0.548300283286119
4,2026,1,0.20454418796464516,0.20482941447671738,0.20427717473402535,0.20392724203927243,0.24484853634702808,0.18530754444978376,0.03234805946957658,0.08046585494970884,0.11762427372498387,0.19098865478119936,0.3377990110918081,0.476959571998183,0.5524014529799542
4,2027,1,0.2076835319657968,0.20893622876011833,0.20651312265666846,0.2067812368784116,0.25045395042439084,0.18758154430079468,0.03295719147411786,0.08222877541517927,0.11956840629787789,0.18955875222240182,0.3357352548705631,0.4737657308809293,0.5553113553113553
4,2028,1,0.21188316120934533,0.21296243450865798,0.21087777127970653,0.21094164109685173,0.2562156722988554,0.18941699836103956,0.0336608442503639,0.08106074854241113,0.12290610980214957,0.18693467336683417,0.3383240521524559,0.47792920600958183,0.5565110565110565
4,2029,1,0.21426849315068494,0.21556498106685165,0.21306274389534577,0.21306156467900492,0.25932259948277303,0.19313577960412084,0.03303867403314917,0.08131649149873044,0.12315913356022774,0.18699134478749516,0.3373757054555227,0.47543482158866773,0.5499077679852429
4,2030,1,0.21736973516360109,0.21812764800507511,0.21666666666666667,0.21601446965597504,0.26333692856550234,0.1959335624284078,0.03503600611917466,0.08072552020580286,0.12393108253626402,0.18754420937560284,0.3367647556804714,0.47572059205401196,0.5439638111393836
4,2031,1,0.22056359564696376,0.22166104866802702,0.2195465942331801,0.21891006243818914,0.26779451206932126,0.19993189943817036,0.0347520941815712,0.08078667682018342,0.1235231271995978,0.18944358776664097,0.33581227927193696,0.47917362270450753,0.5386511709808065
4,2032,1,0.22385503503644114,0.2249212421242124,0.22287009032043487,0.22185488977572268,0.27320835213520944,0.20165512582334066,0.03527089107407267,0.08016106655838663,0.12465937920882011,0.18997166044055133,0.335278748600319,0.47892829512602303,0.54248687664042
4,2033,1,0.22711636295119916,0.2282430582055714,0.2260777801918123,0.22525216164792136,0.2745130069016213,0.20658849804578447,0.03547098001902949,0.07874179052886278,0.12730454346603337,0.18751013261567395,0.33580071655512744,0.4826323956551148,0.5432707114259316
4,2034,1,0.2291476644740372,0.23017304138433106,0.22820478490581583,0.22715142450769074,0.2760776037015992,0.2104096225264675,0.035323609845031904,0.08075460972750205,0.12744491210695716,0.18592931937172774,0.3322278249686961,0.483510472022507,0.5408809558082626
4,2035,1,0.23233940042826554,0.233568560788217,0.23121078627686556,0.23026657973583772,0.279938608182883,0.21157552728674486,0.036247903643848146,0.08181818181818182,0.12809675130348935,0.18604041793586845,0.33254253372195486,0.48408283109256683,0.5448744059742023
4,2036,1,0.23470757122922203,0.23654314913791175,0.23302562421237052,0.23256495767215157,0.2815058596885535,0.21606223293524707,0.03630717325461028,0.08075524890570517,0.12841017439178176,0.18796375336528992,0.3335833873222628,0.4852068741149003,0.5404277181940788
4,2037,1,0.2369370908663755,0.2386904895011069,0.23533439620636087,0.23412849686235412,0.2844655544024906,0.22059144478393714,0.03599537037037037,0.08111677042067535,0.130001838347938,0.18981634953258636,0.3316565835089389,0.48478593272171255,0.5391805766312595
4,2038,1,0.23922137795611714,0.2417862696184265,0.23688210988114064,0.23596692662670668,0.28577670095722285,0.22612244897959183,0.035312439166828885,0.08237584456235447,0.12936911254338126,0.19436231027005715,0.3268601798855274,0.48468647368823037,0.5434656788980206
4,2039,1,0.2418466660974985,0.24401688822192108,0.2398715792692249,0.23854249345915277,0.28665665981987676,0.22956247964390403,0.03591942717759068,0.08188461538461539,0.13078975792617065,0.19307219164778244,0.32736277902164324,0.4845610261924879,0.5486579034574174
4,2040,1,0.24422773785032995,0.24653674307909923,0.2421303802502371,0.24065019064687185,0.2885560404135708,0.2339124316718082,0.03629995223690495,0.08355489521426337,0.1305606484608704,0.1950818615444115,0.3269133299543842,0.48469368009597896,0.5475812427225574
4,2041,1,0.24616291216885866,0.24838273413727038,0.2441517332924899,0.2424554361591042,0.290594272730834,0.23525588952071486,0.03620766039711627,0.08419332988006535,0.13082765845992667,0.19406035446271755,0.32936923544714347,0.4806442827685484,0.5496986413321074
4,2042,1,0.24769319801523937,0.2494977086484412,0.24606234953278655,0.24374512932794004,0.29241863184564415,0.23841489822433953,0.03454801691161667,0.0849762066621346,0.1296469644289917,0.19528190761198305,0.3312789949544546,0.4805664708399798,0.5486327448944271
4,2043,1,0.24962287346263898,0.25228651634519605,0.24722003818937438,0.24553494922099114,0.29327054061417507,0.24139235716988272,0.033940330054467116,0.0867383800272939,0.1277409659129722,0.19705293912159802,0.32910874897792314,0.4804467114923874,0.5521575804276633
4,2044,1,0.25049756328467077,0.25345664004362695,0.24783679140233125,0.24675120637414433,0.29160844589349477,0.24300378173960022,0.03496532027743778,0.08558758314855876,0.12956204379562045,0.1970088161209068,0.3287346854730773,0.4763249516441006,0.5503607233205284
4,2045,1,0.2529529524128144,0.25635965412607514,0.2498950451050061,0.24913174868070903,0.2916634384442551,0.24767013437364543,0.03581928858337819,0.08511923944569771,0.1308629551090824,0.19833050900646457,0.3290721649484536,0.47733436652460287,0.5536756930715829
4,2046,1,0.2549150337425807,0.25842954266649854,0.25176327856716907,0.2508548948403692,0.2937260517861981,0.251879289682972,0.03682276930872851,0.08513213637280613,0.1290204276231342,0.19991241515217867,0.33156590001377223,0.4786481734713811,0.5534682080924855
4,2047,1,0.2562488438142703,0.2596718818405954,0.2531856983793146,0.2520148861846161,0.29578878295441385,0.25089977096739013,0.037147864745864144,0.08460257503756956,0.13069284754367627,0.20026797955876854,0.33482763413956074,0.47324512048426526,0.5541090681340313
4,2048,1,0.2583868236322417,0.2621669503595373,0.2550106521604236,0.2547631258659359,0.2947961269914747,0.25461315227509174,0.03810348560294436,0.08436663233779608,0.13174172135475598,0.201854831077884,0.3355921708919542,0.47244339146308306,0.5544322797104009
4,2049,1,0.2606998121972917,0.264034862855678,0.2577271405425616,0.2573578157038682,0.2948208707724345,0.25884943572804847,0.03729007801824834,0.08487468307078432,0.12940013685090854,0.20185029436501262,0.33738416103737395,0.47644626502299336,0.555823539729872
4,2050,1,0.2623205041886955,0.2664806499642426,0.2586205098795683,0.25854188491832536,0.2979010726136276,0.25981422094437684,0.03608685918961271,0.08528267146503746,0.1306767672863603,0.20396331477235505,0.3364287161477679,0.4758716231817132,0.5552314189924674
4,1990,2,0.12793240150400523,0.1208520681166202,0.13507522423595575,0.12435856007238415,0.1462043853399826,0.13350671868227135,0.03556431294011241,0.08518947063928262,0.13871859598509437,0.19755033868423494,0.33199426111908176,0.4566757493188011,0.5295095594347464
4,1991,2,0.13405252629798076,0.12696774193548388,0.14117506186636863,0.1300225109096168,0.15498526903395876,0.14057417621269977,0.03787780516279673,0.09293381350302438,0.1416382252559727,0.20110143897672766,0.342039455404279,0.46722643553629467,0.5333839150227617
4,1992,2,0.13494816412588295,0.12840187260824804,0.1414991641071498,0.1306855838385822,0.15701474388204895,0.14344884716277786,0.03704187626576076,0.09267843752130343,0.14108346155886878,0.20257234726688103,0.3371998920960345,0.47275132275132276,0.5341308937368051
4,1993,2,0.1361051951015441,0.12957708932345716,0.14261569722174747,0.1313435702880194,0.16134328358208955,0.14480800432666305,0.03564926682334249,0.0921452674484648,0.14136978190072041,0.20215679561793906,0.33724416634076393,0.4767650834403081,0.5329380764163373
4,1994,2,0.13668856889883033,0.13039085449136528,0.14293938493537364,0.13194158419336996,0.16130453944468928,0.14647998943336416,0.03513331083361458,0.09171539320675383,0.13760155096011817,0.203298076122262,0.3356379635449403,0.4755332496863237,0.5248138957816377
4,1995,2,0.13806518780993435,0.13186893917131942,0.14419356596610416,0.13280916752170255,0.16591928251121077,0.14845360824742268,0.0354091188734705,0.09041603065830925,0.13625678505791342,0.2059953239812959,0.3364160461205861,0.4794016674840608,0.5301852958756724
4,1996,2,0.13975884186763177,0.13326721961774252,0.14616863694630394,0.13460363438864875,0.1697332762801312,0.14592703648175911,0.034600389863547756,0.0899797473237535,0.13574351978171897,0.20444480231902729,0.3414605418138987,0.4859901106663527,0.5381924198250729
4,1997,2,0.14070140016679103,0.1347310686482661,0.14658071260562766,0.13566244201274055,0.17253249034070953,0.14290878419086636,0.03364322048763375,0.08860759493670886,0.13483970645036694,0.20342974902480312,0.34056702835141756,0.48444145959256774,0.5500282645562464
4,1998,2,0.14242591031837493,0.1367487240026388,0.1479991819483264,0.13724828194600247,0.1768688683156004,0.14245971948533673,0.033453313571882276,0.08919404517453798,0.1337274146776712,0.20327150776811992,0.3379412772763624,0.49041737649063033,0.5540242557883132
4,1999,2,0.14348240413563954,0.13799567165959478,0.14885802056898625,0.1383287152439742,0.1787989697709096,0.14250421111734982,0.032563396199759835,0.08931744032044449,0.13153832346077904,0.20222035758084297,0.33558878096693223,0.48989082086534574,0.5575364667747164
4,2000,2,0.1452131272468234,0.1398817994608984,0.15043362788333853,0.13991817158723982,0.18072930529677936,0.14637904468412943,0.032077411122532165,0.08781204111600588,0.13396679544742612,0.200571845723324,0.3350703491401772,0.4888375673595073,0.5419287211740041
4,2001,2,0.14614865907853794,0.14103154501496662,0.15114393513687083,0.1409961052511958,0.18184184835665473,0.14689751586192062,0.03129329023549888,0.08580522378264864,0.13643876277532296,0.1937269372693727,0.3346264796578136,0.4850732430928982,0.5482434438396834
4,2002,2,0.1472954494864375,0.1421617613874472,0.15229190851190663,0.1426500111532456,0.181754564539729,0.1459023178807947,0.03168464376951462,0.0837459422238253,0.1356790529431108,0.19512850844176793,0.3303294573643411,0.4822190611664296,0.5591647331786543
4,2003,2,0.14918719465361743,0.14371815683312172,0.15449806467723812,0.14573215152986888,0.1817498590843615,0.1396340195466833,0.03251796472381505,0.08129402730945147,0.13555512118842847,0.19708806818181818,0.33486150907354345,0.4780539397144368,0.5579937304075235
4,2004,2,0.15079439179621243,0.14646049846795337,0.15500214684413913,0.14757665282657298,0.18375466731958132,0.1395535893826664,0.031548617696403825,0.08080366157366897,0.13471817687161924,0.19687247492751556,0.33244066857512233,0.48102958382082567,0.5591304347826087
4,2005,2,0.15248951582157835,0.14779971529368074,0.15704578936291752,0.1501772351319417,0.1860673888323658,0.1362119912305786,0.031960819880282966,0.0793404592507671,0.1339257478970337,0.19703371182114252,0.3378776713338246,0.4850922858495031,0.548346588530766
4,2006,2,0.1533120772371048,0.14894228732257966,0.15754952311078504,0.15183332204341135,0.18664563617245006,0.13437045123726346,0.03168176167643402,0.07647098561102479,0.13373603330099215,0.19778539850431764,0.33582421492749753,0.4879804011636809,0.5500196155355042
4,2007,2,0.15352757393010244,0.1485259599344543,0.15837518421542116,0.1525708269706828,0.18578361404510418,0.13486382681564246,0.031517832457837985,0.07556523195444649,0.13240995497748875,0.19578612601868417,0.3336036328251703,0.48178560764407286,0.547191011235955
4,2008,2,0.15558837311673743,0.15160307767817188,0.15944560099478855,0.15491278880269688,0.18938675297137436,0.13662620343239848,0.030870818529194877,0.07548432428815204,0.13294290814568915,0.19496132935140517,0.3360390830514844,0.48351171536013887,0.5551277563878194
4,2009,2,0.15534100669987974,0.1522097902097902,0.15836541708882135,0.15567203226626938,0.1893819765858971,0.13365136466724017,0.03025452217064191,0.07362362199603265,0.13204352325107396,0.19536448321750702,0.33195108237278603,0.4770893174668308,0.5528295714753025
4,2010,2,0.15732928679817906,0.15371930354958843,0.16080841257648398,0.15838892565235277,0.18991856070687177,0.13298277701569883,0.030825396825396825,0.07324480630674292,0.13095650530691946,0.19454890584148132,0.33106501057082455,0.4771284177789296,0.5477417399211882
4,2011,2,0.16026566752959812,0.15633141554494137,0.16405239855290138,0.16098220439323518,0.19261034967950388,0.13801652892561983,0.032233381157340986,0.07342941731463708,0.1282383010949481,0.19833535633778393,0.3274967169032581,0.47524509803921566,0.5499425947187141
4,2012,2,0.1627324960527264,0.15930943179234813,0.1660201906034062,0.1633306924141774,0.19597733421818367,0.1398596231991134,0.03179887134614165,0.07435662366577173,0.12776901230672136,0.19848566792861005,0.32610596258087077,0.4772727272727273,0.5481441635287789
4,2013,2,0.1654338200172986,0.16230221518987342,0.16843689148521862,0.1656524910955671,0.19863631805875864,0.14426301210088935,0.03261212388822305,0.0760142961148984,0.12511027095148078,0.19949778629485232,0.32585122533073085,0.47766562246200256,0.5499618611746758
4,2014,2,0.16798650455153097,0.16443721535458686,0.17138584247258226,0.16850629823209007,0.20001969667126257,0.14625899280575538,0.03219152394049256,0.07706999966491304,0.12558198460710102,0.19708479418257369,0.3244257390598854,0.4805108273181566,0.5540019286403086
4,2015,2,0.1714389749320409,0.16875329044518922,0.1740081071121484,0.1717698589830395,0.20248874255556093,0.15099027472137433,0.033300229656756254,0.07751546946462201,0.12450592885375494,0.19881353214686548,0.3288024373095852,0.4821507760532151,0.5569390989359294
4,2016,2,0.17334142896086838,0.1699819856392561,0.17654823318559423,0.1739575592436628,0.2026293226636182,0.1534958666106207,0.033533672368623826,0.07897498392065265,0.12203509674101691,0.19753596037214619,0.32824863724283454,0.47772251031855223,0.5543996532293021
4,2017,2,0.17670269972654026,0.17410272160864496,0.17918080581178608,0.17706582233030307,0.208104685521317,0.1566473189607518,0.0351424985459332,0.07786913326481672,0.12168361618170735,0.197245668591737,0.3301229248510962,0.48055422838031536,0.5459108973018197
4,2018,2,0.1798459447213412,0.17750328319746264,0.18207543832757545,0.180254741104631,0.20933672290270394,0.16129252164428387,0.03569450427718629,0.0773906547133931,0.12149833983430579,0.19865341251945248,0.3275197728655445,0.48027474462839026,0.5488142292490119
4,2019,2,0.1825102315980384,0.18056133819891748,0.18436176648517846,0.18273775836369,0.2144940747493163,0.16280947255113024,0.03498460677301987,0.07672506017651778,0.12054706355591312,0.1985999232834676,0.32892574915890777,0.47374897456931914,0.5571901434350864
4,2020,2,0.18595678556446418,0.18473895582329317,0.18711274904986755,0.18599633271158042,0.21842911187173483,0.1676308265177206,0.034341266334196076,0.07883789809977038,0.12119164816780877,0.1977032199954965,0.3285141170236924,0.47467482785003823,0.5496926229508197
4,2021,2,0.18970176908642442,0.1883460645909882,0.19099504208463047,0.18940766109577556,0.22300102683155498,0.17204800106079693,0.034419698256155706,0.08069694334827102,0.12055555555555555,0.19568233889444642,0.3300974430361199,0.4703842819994221,0.5482208984060538
4,2022,2,0.19128615555800246,0.19073245070959138,0.19181129391041205,0.19117807281047175,0.2269762932933815,0.17085879704084914,0.034993093468394396,0.07823968821045794,0.11848799021186168,0.19476753552211876,0.3345582988440131,0.4696348106799381,0.5418695993715632
4,2023,2,0.19279883248962468,0.1924874908971317,0.19309244777243625,0.1924678491729358,0.2306318082788671,0.17319031489148162,0.03539174192688373,0.07736362485761296,0.11693818344119616,0.19104151960469742,0.33401853529370773,0.46870324189526186,0.5491577335375192
4,2024,2,0.19749120564648395,0.19783463418617947,0.19716810273859833,0.19676128786435512,0.2392195795743946,0.17674706246134816,0.03531015678254942,0.07757431330741252,0.11830687150478884,0.1907057462398766,0.3362862126757191,0.47406632979032354,0.550709939148073
4,2025,2,0.20088959777151266,0.20191415313225058,0.19992814997060682,0.20020472381241233,0.2427495936350415,0.18013899049012436,0.03519041148392042,0.0783486467904244,0.11953409054345378,0.18943498452012383,0.33565276135787875,0.47492879024023216,0.5509915014164306
4,2026,2,0.20463335525362522,0.20646611341632087,0.20291762877921404,0.20414575704145757,0.24650550197561286,0.18230418068236426,0.03538510435427482,0.0802167346557469,0.11836668818592641,0.18904376012965965,0.3378992382734198,0.4755968303639025,0.5522669177990044
4,2027,2,0.20807119755438394,0.20984200509069229,0.20641671130155329,0.20746355947453662,0.2511295975676703,0.18515004151346223,0.03442593587676876,0.08163898804904547,0.11947061316295596,0.18567965088087926,0.3386375767280491,0.47545982575024204,0.5612942612942613
4,2028,2,0.2116904851033845,0.21395550583857453,0.2095805199638471,0.21116561027869232,0.2551674982181041,0.18783657223132755,0.03475254730713246,0.08265939439533572,0.11974308491753542,0.18622142972929162,0.3391243455933842,0.47630122331271224,0.5581862854590127
4,2029,2,0.2143013698630137,0.21532618460103933,0.21334827990989752,0.21341876334843987,0.2589054809376825,0.19209399236022687,0.03395948434622468,0.0837270594285347,0.12198225134387226,0.1853442707660509,0.3358640150497178,0.4784382284382284,0.5470383275261324
4,2030,2,0.21852001264760076,0.220517932800145,0.21666666666666667,0.21780093845207296,0.26333692856550234,0.19427262313860252,0.03335696429237715,0.08280959979159204,0.12541964907835562,0.18519709343450583,0.3364938539162236,0.4836838916298797,0.547921967769296
4,2031,2,0.22125765224511043,0.2231040663788147,0.2195465942331801,0.2202311541470471,0.2668454714256241,0.1976051302423245,0.033318240132820164,0.0817137370459888,0.12657114127702362,0.18539578514520688,0.33550665580005434,0.4845993322203673,0.5427011797851734
4,2032,2,0.2244817470136634,0.22707020702070208,0.22209056988140896,0.2228857113405098,0.2712392829306313,0.20368181050498227,0.033334598883784504,0.08198829222075593,0.1276662386068218,0.18555970629911117,0.33504122696888466,0.48519890875035626,0.5430610236220472
4,2033,2,0.22809614815213589,0.23085815618756875,0.22555014122101866,0.22656714882863294,0.27512557683668887,0.20630932439977667,0.03383444338725024,0.08313169720013827,0.1277107680769952,0.18553224603612076,0.3313391468938011,0.4910277324632953,0.5484293193717278
4,2034,2,0.2309826056164222,0.23364506916055328,0.22853435224569246,0.22940952213375562,0.27790405065346213,0.2078044454298542,0.036273169249468246,0.08135858173162326,0.12899232483287942,0.1875,0.3324985617110562,0.4869099718662082,0.5485821217791853
4,2035,2,0.23288543897216274,0.23580527192815684,0.23020445046876764,0.2306914663716879,0.2808675633103114,0.21207114929236193,0.03518066778472328,0.08349090909090909,0.12905315768364545,0.18761259048180537,0.3308140717142276,0.48473960747952405,0.5475220638153429
4,2036,2,0.23579291797879565,0.23785137643401838,0.23390674466973352,0.2337376772822223,0.28311125381281105,0.21447354004601732,0.03615381666219376,0.08294383856369167,0.12896379909574632,0.1911812988377438,0.3315374910492038,0.4847858537145482,0.5470425791535547
4,2037,2,0.23832000256292515,0.24063597128737227,0.23620309050772628,0.23593191015189724,0.2854234852718129,0.21791793976429508,0.03614969135802469,0.08292774948122995,0.13107420797843006,0.19110919578333224,0.33141866630412614,0.4874617737003058,0.5434294385432473
4,2038,2,0.24090753863228892,0.24377747698365643,0.23829005764423813,0.23816790532856943,0.287524327759463,0.2230204081632653,0.03698656803581857,0.08252853380158033,0.13132126921170054,0.19160260201064458,0.33197056418642684,0.488658061559612,0.5455492533858085
4,2039,2,0.24348480321010843,0.24568555205895198,0.24148193446465882,0.24059293882470528,0.2885526939484911,0.22749972858538703,0.03576205838382249,0.08211538461538462,0.13253700997522078,0.19184202007122045,0.3303480561774883,0.49151240494661647,0.5497072793549099
4,2040,2,0.24518955889818056,0.24730011899683424,0.24327245658580357,0.24218421576653318,0.2899713016472068,0.2299615738485685,0.036021334182455025,0.08261651548326557,0.13258708868088392,0.1950818615444115,0.32954891028890015,0.4866674406904292,0.5485868529691966
4,2041,2,0.248155787105242,0.25132424208272286,0.24528513810180222,0.24495115936340545,0.2905550985231324,0.23623070674248578,0.03608683394417818,0.08351595808263935,0.1322027239392352,0.19629570493373782,0.33166661035845807,0.48865891141111933,0.5500051077740321
4,2042,2,0.2506242565185241,0.25332415287717003,0.24818419227159588,0.24742642965821798,0.29393880335217304,0.23727804244261586,0.03652103885645259,0.08409645299316192,0.13165284835517518,0.19776511413199196,0.3338864244353391,0.4876862623040112,0.5546654798991247
4,2043,2,0.2514642172678323,0.2539504663587793,0.24922140647177152,0.2482247837328346,0.29447709492857976,0.23852764715420788,0.0362165677587188,0.08420968130368467,0.13183960653050072,0.1985772809552542,0.3326519487598801,0.4821083545869078,0.5538431901367752
4,2044,2,0.25304723892719977,0.2552176234676604,0.25109565110791016,0.2502375341338421,0.29335506908865083,0.24138303619665047,0.03598531211750306,0.08570852650675267,0.1307551937113981,0.19892947103274558,0.33247537664298704,0.4796131528046422,0.5577157312845498
4,2045,2,0.2549494666069511,0.2576144737742693,0.2525573156121686,0.2517101919925428,0.29495622530409854,0.24387732986562635,0.03590210774773282,0.08503867225265872,0.13208496567587966,0.1992405698863993,0.33491408934707906,0.48175125920185974,0.5547331157188176
4,2046,2,0.2579396698918611,0.26124989968242324,0.2549711089634184,0.25484188228173704,0.2964353446607578,0.24790282165813268,0.03580929859380938,0.0864635868468832,0.13224777203212676,0.20157027120022522,0.33865858697149154,0.4838835710099629,0.5565390173410405
4,2047,2,0.25933926025876797,0.26236779649300673,0.2566291393459524,0.2562615584830704,0.2977187632686147,0.25040898680335916,0.03560894284615056,0.08647089882620528,0.13147678064805138,0.20241804811167893,0.34163886572143454,0.48182065111947536,0.5563906410772603
4,2048,2,0.2610199120482915,0.2640196384942277,0.25834074503071547,0.2579168548442655,0.29927091771785674,0.25203964299403164,0.036414808400086596,0.08790937178166838,0.13177943727841895,0.20450458976057537,0.33751848921605726,0.48106575523361944,0.55761080699276
4,2049,2,0.26373101380514646,0.26679639253338305,0.2609987121432429,0.2612891787305552,0.29929428097643745,0.254225158271401,0.03526248512363909,0.08786732615653185,0.13293545198813958,0.20576437859869315,0.3405750364913948,0.481547320013912,0.5595948079284336
4,2050,2,0.2666857981699981,0.2710177380212669,0.26283301183462804,0.2638730454351453,0.30206806080716103,0.2609200486564193,0.03577344974255653,0.08657990542745951,0.13388474471456732,0.2049459547985588,0.3436212602147633,0.4855306703609636,0.5635041581399399
4,1990,3,0.12742153016184404,0.12066895892250412,0.13423369799470455,0.12377690169973503,0.1464418586242381,0.13278427972836296,0.03556431294011241,0.08547873879085913,0.13877869936290418,0.1961584856639139,0.3266857962697274,0.45694822888283376,0.5228595178719867
4,1991,3,0.13371416060428132,0.12645161290322582,0.1410154067214816,0.12962008124048946,0.1545976120328733,0.14128128977513787,0.03881826436632507,0.09115065906786476,0.14118316268486916,0.2008349618049387,0.3387051958877466,0.47562296858071507,0.5273141122913505
4,1992,3,0.1338016536955529,0.12715864721536937,0.1404494382022472,0.12920052038587104,0.15853473172214622,0.14054949606516637,0.03759717776180832,0.09039470993251074,0.13943863744893087,0.20092117841313983,0.33274885352036687,0.4775132275132275,0.5320197044334976
4,1993,3,0.13456491975355594,0.12830131195612848,0.1408116371370516,0.1297588032607782,0.15917910447761194,0.14386154678204435,0.035980272086326176,0.09047475861147306,0.13835981446758117,0.19933242040397126,0.3335940555338287,0.4754813863928113,0.5362318840579711
4,1994,3,0.1357751992171117,0.12969857990158476,0.1418065666320012,0.13080009885027713,0.1626267078007933,0.1434420816272619,0.03580830239622005,0.09036856973917613,0.13501661742983753,0.1988839843424669,0.3357636706473916,0.48055207026348806,0.5316377171215881
4,1995,3,0.13744417757239794,0.1313914193358801,0.14343063704564857,0.1318177101947176,0.1668595399971069,0.1472938144329897,0.035477476245813114,0.08944171998311194,0.13510279095610547,0.20374081496325985,0.33629594042757627,0.48332515939185877,0.529587567244471
4,1996,3,0.13821800981832516,0.13238369996393798,0.1439787779518587,0.13258955848740636,0.16944801026957637,0.14567716141929035,0.03439153439153439,0.09014048284951941,0.13297488163068774,0.2041227151944601,0.32991755005889284,0.4850482693666117,0.5405247813411078
4,1997,3,0.13934951498924636,0.1335102618542109,0.14509974736475303,0.13394224579939182,0.17182999648753072,0.1433907699722858,0.034555341168216104,0.08841483004562102,0.13132483584395518,0.20063295797453448,0.3327499708318749,0.48712782628162077,0.5556811758055399
4,1998,3,0.14135950050740467,0.1354987674039096,0.14711295930192925,0.13600670885110924,0.17610888489705678,0.14245971948533673,0.03461782765191616,0.087782340862423,0.131013458249684,0.1999863116829786,0.33679881183594196,0.49041737649063033,0.5639470782800441
4,1999,3,0.14235235581342395,0.13695618833392975,0.14763924135167625,0.1371519048281322,0.17751118340788938,0.14138124649073555,0.03478844387935297,0.08728235940175082,0.1301382157601867,0.1979603691989931,0.33362435883444286,0.48362312980186006,0.5683414370610481
4,2000,3,0.14408660934678527,0.13909491201928711,0.1489745397314622,0.138582412150152,0.18179398456215065,0.14351749944970285,0.034593981497891044,0.0870615108500571,0.1302774007169956,0.19753011315245164,0.3293381969775925,0.4884526558891455,0.5571278825995807
4,2001,3,0.14500312786890573,0.14045590605572186,0.14944208075780685,0.1397563974090106,0.1817116823950537,0.1441015162920744,0.034419067239725785,0.08531303320645754,0.13228994501973218,0.1937269372693727,0.32786232965283996,0.48006675319859077,0.5502226620484908
4,2002,3,0.14602346805736635,0.1418071628896554,0.15012706679634802,0.1409567456857218,0.18391755200712515,0.1430049668874172,0.033316775475447064,0.08404105321834934,0.1321604735284446,0.1938380471018389,0.32829457364341086,0.4722617354196302,0.5559164733178654
4,2003,3,0.14809448020840757,0.14302704961506935,0.1530153577225621,0.14427513355998056,0.1843802843364439,0.13641089623622374,0.0325542570951586,0.08393149267185257,0.13317696116757885,0.19353693181818182,0.3297994269340974,0.47206063811034726,0.5633676668159426
4,2004,3,0.14918382272847516,0.14413873708816374,0.1540820707845182,0.14580006387735547,0.186264308012487,0.13382264226824855,0.032241593114012694,0.08383253685131588,0.1336939474442275,0.18974285850087932,0.32551482131314063,0.4733411332107638,0.5534782608695652
4,2005,3,0.15074342356080825,0.14595840812031938,0.15539220107633564,0.14779440724694762,0.1889400921658986,0.13306643789915165,0.03283148920732813,0.08220656168864011,0.13205995825690975,0.19333685415016283,0.3253500368459838,0.476415838460325,0.5466722478024278
4,2006,3,0.1522467892368664,0.1477014798898405,0.15665443873807777,0.14978178193677,0.19155275148966,0.1331877729257642,0.03271177410761854,0.07998378707018848,0.13320396857688335,0.19179440565219188,0.3301307712836936,0.4813964170877354,0.5472734405649274
4,2007,3,0.15288091259173145,0.14834880940078832,0.1572734686869554,0.15123348477231985,0.19040822152440764,0.13311801675977653,0.031863422726016034,0.07904873555518338,0.13203476738369185,0.19125422381236334,0.3303600389231268,0.4743206927441027,0.552059925093633
4,2008,3,0.1534228874089431,0.14848497971792762,0.15820211532281728,0.1521842377285045,0.1916745717314882,0.13269150272080368,0.03164175102232352,0.07879680128483957,0.12965456766152014,0.1892181637185083,0.32656895903795563,0.47801562048018514,0.5523276163808191
4,2009,3,0.15353375708641126,0.14904895104895105,0.15786558595069233,0.15351913084553614,0.1918322896814593,0.12903730351137874,0.029614214823115097,0.07619264414165393,0.13044432598538772,0.19018926511903,0.32457126792240654,0.4716181096977158,0.5574092247301276
4,2010,3,0.15608834935086832,0.1517541810386291,0.16026540937144068,0.15629638903296192,0.1951881620269335,0.12924859015393994,0.02980952380952381,0.07570030047494426,0.12994866303423513,0.1907524802120268,0.327431289640592,0.4716858882985616,0.5498635950287966
4,2011,3,0.15936058776944423,0.15519159791576204,0.1633732547964528,0.15969215544206267,0.19677940486737194,0.13403456048084147,0.030894308943089432,0.07570680287601263,0.12789119939414975,0.1941737471822438,0.32368207116503034,0.4797794117647059,0.5473593570608496
4,2012,3,0.1615401246093673,0.15799890343545647,0.1649413033984947,0.16217275093810674,0.19674307009035683,0.1361654968599926,0.030911166064295226,0.07540436120751752,0.12786367939413065,0.19547728501892916,0.3213265722445649,0.47751070918610183,0.542764927380312
4,2013,3,0.16449143462039942,0.16081223628691982,0.16801962420655994,0.16481998026005235,0.20094254487115212,0.13930602128590175,0.03097205576231628,0.07690780329604871,0.12596093257718965,0.1963919910130179,0.3246042073302971,0.4766214177978884,0.5443681667937961
4,2014,3,0.16666878859252657,0.16316200390370852,0.17002741774675972,0.16691373920998906,0.2032696474295844,0.1412230215827338,0.032066508313539195,0.07629929966826392,0.1269122351376176,0.19536423841059603,0.32041985700522285,0.47529150471960024,0.543635486981678
4,2015,3,0.16964975170604005,0.16701978761380126,0.17216558162387913,0.16989743461143014,0.2038444777998354,0.14715695321928018,0.03233815405623487,0.07771724509012645,0.1261315823026903,0.19512586179252847,0.3223810639793766,0.4812638580931264,0.5453928005433553
4,2016,3,0.17298827786176302,0.17004541648694593,0.175797427886362,0.173330030550739,0.2078212822711251,0.1493624772313297,0.03365695792880259,0.07819640499644562,0.12473484605000965,0.1980122566919633,0.32394056620362227,0.4790983172822521,0.5431296055483311
4,2017,3,0.17574834364160258,0.17269866740212364,0.17865506858481098,0.17598048016190368,0.21035598705501618,0.15360696517412936,0.034591483760369794,0.07831449126413155,0.12553334830451382,0.19689661737640413,0.3222658725129895,0.47558528428093644,0.541309349508471
4,2018,3,0.17872224739465337,0.17637584557821442,0.18095530060959072,0.1786656341504731,0.21372775595100532,0.15767946008589542,0.03637146901347775,0.07742461287693561,0.12610812030559942,0.19611268142407978,0.3207462989251673,0.4745508982035928,0.5409090909090909
4,2019,3,0.1824625040270138,0.18062256618745562,0.18421052631578946,0.18223557826436992,0.21791248860528714,0.16213670613562972,0.03663277046988214,0.0770259427654453,0.12682220434432823,0.19687380130418106,0.3250919333385494,0.46882690730106646,0.5474439132033836
4,2020,3,0.18592724329242713,0.1843870952086291,0.18738915121501784,0.18584616357370934,0.22198702936407855,0.16430613737615532,0.036329777160532796,0.07793936570268561,0.12624264067174984,0.19712419982629395,0.3248050866701991,0.4685539403213466,0.5493510928961749
4,2021,3,0.1898374895259226,0.18751208663701413,0.19205580537299666,0.19001668894495813,0.2248314656904326,0.16793741298150236,0.03592188622558944,0.07996120660825363,0.1265359477124183,0.19400432411500856,0.32778958165433364,0.46590580757006644,0.5470938657221059
4,2022,3,0.1916744420554844,0.19060148585579578,0.19269204277277807,0.19183956170524055,0.22869480920066979,0.1686072692183982,0.035453528908768,0.07820721013316012,0.1237362354304849,0.19473531591326482,0.32988440131297275,0.4695003026430829,0.5457973291437549
4,2023,3,0.1936083367537739,0.19336841363433485,0.19383459979175435,0.19380986342129278,0.23202614379084968,0.1704303098732907,0.03579164861532309,0.0764143779268447,0.12280422099658878,0.1930308669704165,0.3316493624137691,0.4682044887780549,0.5476263399693722
4,2024,3,0.19752513884333042,0.19744962841109284,0.1975961802316009,0.1973785482949133,0.23662968878145638,0.17581941867656153,0.03558282208588957,0.07757431330741252,0.12168155814102977,0.1923769121995115,0.33019803673427506,0.47528605448103617,0.5504201680672269
4,2025,3,0.2016702422806052,0.20265661252900233,0.20074462757734765,0.20137999014292754,0.24454615450423475,0.17800536454523286,0.0355388313996028,0.0799112444527783,0.12114289391550565,0.19175696594427244,0.33396385745651075,0.47492879024023216,0.5519830028328612
4,2026,3,0.20489528416500408,0.20531350852927616,0.20450376572649387,0.20445469204454692,0.2487572757785614,0.18122296972609322,0.03577356358371296,0.08161803630928284,0.1210458360232408,0.1899837925445705,0.33315515167713483,0.4761015494877101,0.5537468047894525
4,2027,3,0.20863608169775374,0.20909674608452383,0.20820567755757902,0.2085282826465119,0.25125628140703515,0.18390463764677975,0.035894680279419666,0.08449480055874592,0.12061153307037846,0.19056085340229514,0.33216573258606885,0.47846079380445306,0.550915750915751
4,2028,3,0.21263735053839208,0.21354457977102287,0.21179222712531234,0.21238250950002613,0.2556706217768647,0.18766096932802623,0.0354075691411936,0.08560591812425554,0.1217441822935158,0.19244610147511754,0.3340891660275434,0.4787664542536862,0.547464820192093
4,2029,3,0.21529315068493152,0.2157810350121104,0.2148394124303345,0.21501127408300405,0.25953115875531824,0.18943164718138675,0.035395948434622466,0.08453058207180278,0.12230032761856294,0.19206174912801963,0.33260548239720505,0.47879684418145957,0.5458085673293708
4,2030,3,0.21928322993556265,0.220869112082833,0.21781210592686004,0.2182901788692616,0.26644818717331786,0.19421534936998855,0.034327077347860155,0.0852844442997167,0.12440615696459112,0.19124172078965984,0.3351732078155159,0.4828183155890245,0.5423617001225144
4,2031,3,0.22207642213823656,0.22292368916496624,0.2212912661930631,0.22132345343705256,0.26878481534970083,0.19573236479200953,0.03497849218926873,0.08515710359898024,0.12418300653594772,0.19133898740683628,0.33262021189894053,0.48284641068447415,0.5445500968480367
4,2032,3,0.2256433252473081,0.2272052205220522,0.22420047186970576,0.2247338271459496,0.2720597284325389,0.20019140910882172,0.03379019704620525,0.08604879369268771,0.12553637986657062,0.18997166044055133,0.33127481252756946,0.48882283480597744,0.546013779527559
4,2033,3,0.22812844876315577,0.23022963478417025,0.22619158467570896,0.22702261924876765,0.2740229509535672,0.20536013400335007,0.032882968601332066,0.08662288282060145,0.12630460596212736,0.19253590998994843,0.3286351652808761,0.4867703815700474,0.544271635355713
4,2034,3,0.23098797094139992,0.2319874558996472,0.23006890017199297,0.23022331705743487,0.2740482181995292,0.2078044454298542,0.03300668489820723,0.08601271893985149,0.1269187917801436,0.19011780104712042,0.3314156147416156,0.4873007189746796,0.5460630487980423
4,2035,3,0.23385974304068521,0.2361855128219466,0.23172422291365022,0.23261078186466627,0.27892887434872166,0.21152045817500964,0.033084311632870865,0.0853090909090909,0.13068830407552526,0.18872621270184403,0.33220361960279265,0.48670993664039564,0.5480651731160896
4,2036,3,0.23629014580002888,0.23784019500413714,0.23486982982080468,0.2347638069410342,0.2815058596885535,0.21398049742522188,0.03335505885059234,0.08528080718154166,0.1320702488235475,0.19039332851795915,0.33078732908241554,0.48669958280705783,0.546914135251429
4,2037,3,0.23886462415770532,0.24052416198931104,0.23734772299893714,0.23739076886986102,0.2821106410154067,0.21819074639895242,0.03306327160493827,0.08560648934163366,0.13472026472210308,0.18766160578134322,0.33403575555706616,0.4843654434250764,0.5494992412746585
4,2038,3,0.24097690600187827,0.2428713657668945,0.23924909452634802,0.2392683946795008,0.28271835405330265,0.22356462585034015,0.033132178314191164,0.08348284154674199,0.13503966286564204,0.19101123595505617,0.3349005178522758,0.4808294508516001,0.5515684685727514
4,2039,3,0.24322867753777855,0.2447896251665864,0.24180808235234164,0.2414234059440868,0.28444462000316006,0.2255998262946477,0.033401526477299555,0.08288461538461539,0.13593620941610013,0.19216574943347361,0.3324173960241536,0.48375451263537905,0.5505909643212195
4,2040,3,0.24534451895588982,0.24676126540784482,0.24405763406650555,0.24355598822930727,0.2861579588787986,0.22817556962710397,0.033314758796370005,0.08304660619330623,0.1350316832320113,0.19434059559107902,0.32961648927183645,0.48407446108595537,0.5537736847676511
4,2041,3,0.24797899981249832,0.25079454524963374,0.24542809005973348,0.2458472498907658,0.286911897206879,0.23363119415109668,0.033670304885416245,0.08351595808263935,0.13410162388685176,0.19651923998083987,0.3323423088617859,0.4826673929113333,0.5549085708448258
4,2042,3,0.24900065372785632,0.25159717362349593,0.24665401721956992,0.24606078598730843,0.2887546287273436,0.23901039411000433,0.03285685524461446,0.08393649778062143,0.13379245787643754,0.196459838909936,0.33141444583657853,0.47986616348286193,0.5567917717450428
4,2043,3,0.2501597083912668,0.2523091551208911,0.24822072233057293,0.24754673680602643,0.2898065620986261,0.237824982433382,0.03284285830420291,0.08188167295496508,0.13549422774779699,0.1962590110832354,0.32955164895066774,0.47893963984852,0.5556251204006936
4,2044,3,0.2524394048605209,0.2553766800349924,0.2497982367423662,0.24969887405079863,0.2914143766495886,0.24073473797947056,0.032476540187678496,0.08143519451723442,0.13412408759124086,0.19741813602015112,0.33024468924808675,0.48475822050290135,0.555982385458634
4,2045,3,0.25355730265536386,0.2563938764801168,0.2510111508176242,0.25116142708944117,0.2892616409700163,0.2443107932379714,0.03213383576959709,0.08129229777634547,0.13406174747511052,0.20153141279106257,0.32920962199312714,0.48148004649360715,0.5533998436853478
4,2046,3,0.2563731468683091,0.2589339967669078,0.2540766177952335,0.25358601906491146,0.29318419321128614,0.24806623815230416,0.032177695198682486,0.08121847891870082,0.1342281879194631,0.20354093027620507,0.3355254097231786,0.4847821840203165,0.5510296242774566
4,2047,3,0.25705953404354875,0.25926864674301253,0.25508268382201327,0.2549297168124082,0.29192882232601225,0.24506489257279965,0.032018125080152185,0.08159701068193818,0.13506047483948036,0.2047239187336408,0.33343758687795383,0.48201466764968376,0.549501185523196
4,2048,3,0.2594411515664691,0.26235221917300633,0.2568411690487517,0.2567227244544125,0.29475755120935077,0.25067075507857417,0.03173847153063434,0.0827188465499485,0.13381609715621937,0.2068389009810416,0.3353513811014413,0.48382335806113336,0.5491788804520572
4,2049,3,0.2614740865210372,0.2640698189275477,0.2591604004819077,0.25960100519556606,0.29470517912922756,0.25136251032204787,0.032265173888129765,0.08204829793424498,0.13232722572797082,0.20806107265316684,0.3349061407379748,0.4854117556130927,0.551219084371163
4,2050,3,0.2638271100760477,0.26733648311195,0.2607059068870236,0.26177006945252784,0.29589474496488927,0.2557226584098197,0.03290799194089993,0.08231158722852241,0.13303443744444016,0.20917130691123484,0.33629364489768354,0.48630031555452935,0.552096486262899
4,1990,4,0.1274828347229034,0.12066895892250412,0.13435684817635107,0.12393201059910812,0.1454128077257975,0.133217743100708,0.03549970928354545,0.08529794619612381,0.1389590094963337,0.1977359190869444,0.3253945480631277,0.4555858310626703,0.5286783042394015
4,1991,4,0.1337042086721137,0.12653101736972705,0.1409156222559272,0.12967038494913039,0.15514033183439294,0.13873568095036062,0.03839667920612271,0.09258417537848326,0.14254835039817976,0.20047965890922012,0.33662128368991384,0.4674972914409534,0.5242792109256449
4,1992,4,0.13445263843141828,0.12766370753122633,0.1412464523152288,0.12983872947298658,0.15937072503419972,0.14137788209305535,0.03756451296792317,0.0920308132797055,0.14129569692789304,0.20031285304597202,0.3342325330455894,0.4738095238095238,0.5285010555946517
4,1993,4,0.13541112040769757,0.12900584572614582,0.14179912265709566,0.13074327974739774,0.16059701492537312,0.14318550567874527,0.03541756313925391,0.09164411479736728,0.14033356360406593,0.19907565902088326,0.3393299439447269,0.47830551989730424,0.5223978919631094
4,1994,4,0.13738757630830886,0.1314947518102045,0.1432365176051107,0.13211810254539463,0.16490377552519464,0.14674415532954696,0.03563955450556868,0.09207673608829905,0.13820162481536188,0.20196552011326727,0.3370207416719045,0.4825595984943538,0.53287841191067
4,1995,4,0.13852181298459346,0.13218116367910668,0.1447930101178907,0.13340865334732133,0.16620859250687112,0.14716494845360825,0.034554651719187916,0.09122795622097365,0.13711159550369706,0.20298931195724784,0.34146048522699973,0.48430603236880826,0.5325762104004782
4,1996,4,0.14011717490235426,0.13469166967183555,0.14547429141147986,0.13441127882504697,0.17123092283554414,0.14992503748125938,0.03404344193817878,0.09068698363712348,0.13774977931145174,0.2050889765681617,0.33886925795053,0.48551919001648225,0.5381924198250729
4,1997,4,0.14120177325198613,0.13549186128803964,0.14682463629235995,0.13562914789248218,0.1735862311204777,0.14809013134112545,0.03392387300473601,0.08905737968258048,0.1368868288914639,0.2026937513799956,0.3373001983432505,0.4904857846429371,0.5460712266817411
4,1998,4,0.1426409122963931,0.13680080552758586,0.1483741222987252,0.13734630087454666,0.17486527566671273,0.14755998609018198,0.03366504340461571,0.08752566735112936,0.13751951817979033,0.20402436520429812,0.33748429110019423,0.4833901192504259,0.5512679162072768
4,1999,4,0.14317880906399952,0.13770597958522912,0.14854080406037132,0.1377831031420838,0.1773756269486241,0.14744525547445256,0.03344635162816981,0.08708854217139904,0.13509244300843654,0.20131672368166267,0.33013205282112845,0.48564496562879095,0.5542949756888168
4,2000,4,0.14426884018355615,0.13906142744730365,0.1493680017050019,0.13894001703882117,0.17760180995475114,0.15045124367158266,0.03257363626696913,0.0850709740577582,0.1356374647593192,0.19886847548363548,0.3263157894736842,0.49153194765204006,0.5450733752620545
4,2001,4,0.14622177809191872,0.14117956646162955,0.15114393513687083,0.1409134580617168,0.18158151643345266,0.1494784385417787,0.03225233545270486,0.08386927418296364,0.13670860458056464,0.19799354243542436,0.3237839450910176,0.49712590394956424,0.5497278574962889
4,2002,4,0.1471444016917353,0.1415976274136875,0.15254290465284095,0.1421937420152901,0.18232712004580445,0.14838576158940397,0.031045983536758446,0.08436895432337607,0.13479118710950344,0.19916120012904615,0.324515503875969,0.48044096728307256,0.560092807424594
4,2003,4,0.1497493883174573,0.14411996335524518,0.15521600699213384,0.1454589606605148,0.18394188012776352,0.14639218132667914,0.03171953255425709,0.08246252462190766,0.13584831899921815,0.2002840909090909,0.32836676217765043,0.48528115635466246,0.5638154948499776
4,2004,4,0.15185254345424273,0.14676059007486497,0.15679629516039992,0.14804575215586074,0.18522372528616024,0.14659159461089885,0.032423955066015024,0.0819815575149761,0.13555036328137504,0.1981558058843101,0.33068612060208696,0.483703827511282,0.5708695652173913
4,2005,4,0.15326725123903928,0.14817107136225785,0.15821833378431197,0.15023631350925562,0.1869651086240948,0.1436469354684968,0.03323054598222384,0.08055433793033685,0.1357282904307128,0.19685767097966728,0.3327192336035372,0.48793185044959775,0.5550439514441189
4,2006,4,0.15462320092970588,0.14965348182671065,0.1594424064563463,0.15257845689346508,0.18763874284379017,0.1414665211062591,0.03306695080802699,0.07846382490035804,0.1357703984225846,0.19823988761723754,0.3345787741304154,0.48491808298882255,0.56414280109847
4,2007,4,0.1546319843057473,0.14975125112564402,0.15936243579287748,0.15314939345366252,0.18840993434199257,0.13914106145251395,0.03224357202101189,0.07710601239323396,0.13422336168084043,0.1977340488968396,0.3315763866363931,0.47685876381009257,0.5606741573033708
4,2008,4,0.1560214702582963,0.15132880054278003,0.16056334092465036,0.15528528724285967,0.1886613470230456,0.13922143156132272,0.03050211168465509,0.07765918292234082,0.13306817825937178,0.19752661000076577,0.33130402104472,0.47497830488863174,0.575428771438572
4,2009,4,0.15611063391169902,0.15177622377622377,0.16029719689294158,0.15607172704480216,0.192975769126055,0.13341675138812856,0.029069953577717304,0.07554225878833208,0.13204352325107396,0.19736063876977672,0.3306156873770031,0.47749965804951444,0.5698397121360811
4,2010,4,0.15755184623166413,0.1530321977765257,0.16190766296718143,0.15788814765796863,0.19295257358811946,0.13473555860387137,0.030349206349206348,0.0739232981163775,0.1309250102358981,0.19483542853049676,0.33099894291754756,0.4754438253207205,0.5580478933010004
4,2011,4,0.15993291761777684,0.15497448979591838,0.16470542139564043,0.1601251170763603,0.19542446193131482,0.13786626596543952,0.0321377331420373,0.07365715587077463,0.12804897289451264,0.19726027397260273,0.3253705209180164,0.4745098039215686,0.5565442020665902
4,2012,4,0.16290938632179616,0.15894836785728614,0.16671376094942075,0.16345258099060586,0.19587523610189392,0.1407462135205024,0.03265487286792214,0.07363630410582149,0.1283685705269801,0.19655895078420768,0.3289036544850498,0.4754878629224179,0.5554061323292092
4,2013,4,0.16553709512928752,0.16190664556962026,0.16901853678274284,0.16591855125949448,0.19853604732778501,0.14470039364338824,0.03232826594335457,0.07475676748957574,0.12498424700693132,0.19920042291680434,0.3300260247234873,0.4754611903933171,0.5545385202135774
4,2014,4,0.16813291743586478,0.1646324007807417,0.17148554336989033,0.16859100881837202,0.2004136300965137,0.14669064748201438,0.03231653956744593,0.07442281271990081,0.12466347828841098,0.19877288663809894,0.3304599158257695,0.47484730705163797,0.5556894889103182
4,2015,4,0.17064794992686158,0.1678159148400683,0.17335708143962658,0.1707834925729953,0.20490969834890815,0.14864768935898345,0.031872633604369684,0.07566585956416465,0.12335840877215351,0.19871733205066539,0.3307241621748301,0.479490022172949,0.5562599049128367
4,2016,4,0.17298208222844538,0.17027376753862938,0.17556734239143598,0.1731401205515647,0.20563018005144326,0.15328569426930083,0.03208506703652335,0.07508208929961747,0.12238863534100405,0.19880608389165846,0.331457710567962,0.4793099798920521,0.546814044213264
4,2017,4,0.1761092860070598,0.17307475335029898,0.17900157721168092,0.17614368951053516,0.20969935744102058,0.15561083471531234,0.03336700645911776,0.07505995203836931,0.1208495075550993,0.19848321380973535,0.33071431588729777,0.48179646440516005,0.5465383810918218
4,2018,4,0.17941096511101043,0.17693336967564488,0.18176887432054803,0.17939162209907317,0.21349664894846312,0.15911105051469085,0.03378669456581943,0.07576066286335235,0.12124045001772993,0.19684314161399943,0.3323463800446157,0.47807326523423743,0.5505928853754941
4,2019,4,0.18183011371093796,0.1798021111410448,0.1837568058076225,0.18154209146054698,0.2181859617137648,0.15991657696447795,0.03389619678452592,0.07438486226263707,0.12189863234111022,0.19597877509269915,0.33123386276504185,0.4745693191140279,0.550202280250092
4,2020,4,0.18561409520883432,0.18404736771860858,0.1871012322929863,0.1851585469950365,0.22086110610700774,0.16630095086109448,0.03443595732592639,0.07587606908715765,0.12061255348582826,0.19525846816997458,0.3331693285898115,0.47482785003825556,0.5491803278688525
4,2021,4,0.18957194953560005,0.18794720556952232,0.19112187247780468,0.18902800737160982,0.2259475869458458,0.16906450971292183,0.034680948337796356,0.07708514480636747,0.12143790849673203,0.19474652295975992,0.331636017290644,0.47182895117018203,0.5511189824504911
4,2022,4,0.19056174045076005,0.1894228021716354,0.1916419191291878,0.19050880169341158,0.2269762932933815,0.1686072692183982,0.034828652239689534,0.07531666125365379,0.11852018803528881,0.1916744530721397,0.33405879834451263,0.4729975116013182,0.5464257659073056
4,2023,4,0.19322638755871757,0.1931569921774061,0.19329183189702917,0.19321170849916794,0.23119825708061,0.17055576464684483,0.03495850968107442,0.07391469434248829,0.11773519941339625,0.19084900211769235,0.3353424848442617,0.47674563591022445,0.5508422664624809
4,2024,4,0.19626961056001085,0.19632961161084084,0.19621316063882333,0.19648694989521814,0.23447144645400786,0.17235621521335806,0.035412406271301974,0.0743446632384297,0.11698913672301858,0.1894523717701504,0.3314635564524404,0.48161700644711625,0.5470878006374964
4,2025,4,0.20037852834469666,0.20076566125290024,0.20001524091532583,0.20016681199529893,0.24116690905979982,0.17629846378931968,0.03539946343332985,0.0752234514657166,0.11892274526207407,0.1882094943240454,0.33396385745651075,0.48132423281560704,0.5497167138810198
4,2026,4,0.20439929112005262,0.20584370677731673,0.20304710934633893,0.20385942703859428,0.24616561159026215,0.1819437770302739,0.03503195960024014,0.07654221031980818,0.11991607488702388,0.18713128038897894,0.33656287585193106,0.48336950487053953,0.5499798197228575
4,2027,4,0.20739555181427496,0.20832855603201175,0.20652383502945904,0.2066387739187811,0.2521430682825894,0.18301506345629226,0.033745298226759805,0.07772776656836877,0.11986178570264368,0.1866817520607726,0.3341006138243928,0.48446272991287515,0.5527472527472528
4,2028,4,0.210506903309625,0.21134155946442637,0.2097293848689457,0.2098441921058329,0.25546098696071445,0.18485132287520487,0.034679767103347886,0.07877249075293086,0.11909756963496111,0.18644837088669153,0.33388909266731137,0.4826736127261733,0.5519320973866428
4,2029,4,0.21393424657534246,0.21537166964214643,0.21259742594570585,0.212890406983234,0.26057395511804454,0.1890265076976502,0.033922651933701656,0.08086651881850031,0.11927860300900156,0.1859578865779615,0.33368046224133296,0.48422090729783035,0.5496003279360525
4,2030,4,0.2168082253017434,0.2175838865351066,0.216088692728037,0.2157253730458181,0.2642910478718991,0.19117983963344787,0.03358083653595015,0.08228857989514475,0.12016215873820232,0.18510063661500867,0.33270122921675527,0.48190946074612656,0.549618320610687
4,2031,4,0.2201786111276793,0.2222810953406311,0.21823025491015463,0.21894696444122988,0.2675881988859088,0.1959026161965836,0.03271451211229341,0.08194550210244016,0.12163775766716943,0.18680930352094577,0.33095626188535726,0.4840567612687813,0.5488642366613841
4,2032,4,0.22279070521305505,0.22532628262826282,0.2204483801565277,0.22077989014387323,0.27263404028387417,0.20024770590553398,0.03211967045066252,0.08266504246607789,0.12227894885206878,0.185366482030143,0.3330731905941434,0.4808827720998412,0.5464238845144357
4,2033,4,0.22607197652822267,0.2281869402231251,0.22412241224122412,0.22420898745987086,0.27528892881937356,0.20390843104410944,0.032578496669838246,0.082336674732112,0.12314855321542403,0.18611588469893972,0.32897316298249174,0.48541757848247324,0.5498922081921774
4,2034,4,0.22907791524932666,0.23200985607884864,0.22638186555712328,0.2272027449082831,0.27680818248234434,0.20785987472978215,0.032133090246125796,0.08363235868831492,0.12397870760089132,0.18638743455497384,0.3308064570713053,0.4825726789621757,0.5519648769252915
4,2035,4,0.23095824411134905,0.23319950345012694,0.22890032141133462,0.22921168877786488,0.27799991922129325,0.20904234814692438,0.03243634700411648,0.08294545454545454,0.12439453305772376,0.1866299826405948,0.33054294041889787,0.48010353886570856,0.5499660556687034
4,2036,4,0.2336596502296337,0.2361741619518304,0.23135559357806626,0.2318173489207315,0.28014127468293465,0.21217267448230526,0.03285664992523866,0.08220194376437422,0.12665702949589394,0.18862039529844377,0.3270365192484741,0.4844413824778964,0.5471068011046175
4,2037,4,0.23679292632658075,0.23959614481540284,0.234230643446979,0.23444372764060759,0.2831483994571725,0.2180816237450895,0.03329475308641975,0.08258819090737597,0.12834732520375022,0.18749585626201684,0.3285636598463735,0.4837538226299694,0.5541122913505311
4,2038,4,0.2389172287202254,0.24146185942970927,0.23659643932051216,0.236480488323808,0.2827977916352226,0.22253061224489795,0.034027642592953086,0.0824521891819674,0.1302057511155181,0.18582035613378015,0.3313573180703189,0.48201328954403116,0.5518578539182776
4,2039,4,0.2425723555024332,0.2448680187696684,0.24048310655863017,0.23974042390569422,0.2861036498656976,0.22929106503094127,0.03532929420095995,0.08238461538461539,0.13240993709892623,0.18669472321139527,0.33177284754732345,0.48525232352715264,0.5561692256710483
4,2040,4,0.24426514200219082,0.24612137677091986,0.2425790530963525,0.2411590739798364,0.2880056610449345,0.23061102992910104,0.03574271612800509,0.0811698467313106,0.13416320885200553,0.1895384813716643,0.32961648927183645,0.4827973218777816,0.5534561236371335
4,2041,4,0.2460879114992098,0.24806717006649387,0.2442946852504212,0.24273685301893638,0.28910565283817136,0.2329813160032494,0.034516090055982926,0.08192214208869586,0.13361052907281298,0.18904678269200065,0.33051792290280074,0.48293973466132356,0.5529676167126366
4,2042,4,0.24812723044442778,0.25050229135155877,0.2459807401966785,0.24488811370467956,0.2901188852075619,0.2364118666089216,0.03354137306221059,0.08413644179629703,0.1342604974592137,0.1913979179268409,0.33002607429480885,0.48367894798272576,0.5519952529298323
4,2043,4,0.2496872936540743,0.25097346735488546,0.2485270542105317,0.24657064727402783,0.2913634063752773,0.2376628290362683,0.0347939191935615,0.08412940515372883,0.13361568413142974,0.19247991362062944,0.33013082583810305,0.48021485431640776,0.5523502215372761
4,2044,4,0.25159489204221486,0.25354752951067383,0.24983910018695027,0.24829985411289418,0.2922294674739947,0.2410588870880605,0.03590371277029784,0.08385406168111267,0.1347206625491297,0.19408060453400502,0.3287003672054635,0.48247582205029016,0.550922889534339
4,2045,4,0.2534062150947265,0.2554014282129087,0.2516152814327111,0.24974065220332867,0.2930967691950105,0.24501517121803207,0.036813118555633774,0.0837093135675153,0.1325522050102433,0.1956317077763133,0.3317525773195876,0.4802402169701666,0.5528021700151717
4,2046,4,0.25575521045071414,0.25785629937057886,0.25387098764162774,0.2527689514298684,0.2920230676936177,0.2475215165050659,0.03711836493391327,0.08424450272342142,0.13338467744893096,0.19687822578122557,0.3346990772620851,0.480015628052354,0.5544617052023122
4,2047,4,0.2576852345560791,0.2603516210050923,0.25529918759536474,0.25464812743061105,0.29412899988420116,0.24839131857345403,0.03603642115162656,0.08561796840095853,0.13412722114379572,0.20039262121400972,0.3313177648040033,0.48182065111947536,0.5563011676285062
4,2048,4,0.26021687470978666,0.2620974745544864,0.25853724119386934,0.2573350990133115,0.2972649770474096,0.25116355472813884,0.03554882009092877,0.08617919670442842,0.13306177868295996,0.2034005236427873,0.3322899109077775,0.4818425447624966,0.5597298251809995
4,2049,4,0.26144662998473417,0.263929994640069,0.25923310207303396,0.2589611951343601,0.29690332035016004,0.2510322047894302,0.03658482831577555,0.08591379525333555,0.13320155097696343,0.20311185870479395,0.33310703010964393,0.4776442400587394,0.559463252061042
4,2050,4,0.2650191498990077,0.2683095536771516,0.26209269589698136,0.26281767741434836,0.2980554055096844,0.2572155258210771,0.03711663308708305,0.08616144285893627,0.132068179182932,0.2062888961677039,0.3340987370838117,0.48433772031093664,0.5633735359428745
4,1990,5,0.1273500081739415,0.12040446786433644,0.13435684817635107,0.123867381891036,0.14509617668012348,0.133217743100708,0.03556431294011241,0.08555105582875325,0.13883880274071403,0.19634406606662336,0.3261119081779053,0.4534059945504087,0.5270157938487116
4,1991,5,0.13418190141615996,0.12714640198511165,0.14125488943881218,0.13013569425405888,0.1548302062335246,0.14085702163767502,0.03885069399403295,0.09143036956749764,0.14158134243458476,0.20412151359033576,0.3389830508474576,0.4723726977248104,0.5303490136570561
4,1992,5,0.1351619203078089,0.12830474562442937,0.1420240270596011,0.13039102579837503,0.1600547195622435,0.14206820378296287,0.038707780753903444,0.09100824868770878,0.14097734387435668,0.20205092552359433,0.338009171837065,0.4767195767195767,0.5390570021111893
4,1993,5,0.13622879744428387,0.13031970599996193,0.14212195446172543,0.13137958772045671,0.16097014925373135,0.1450784207679827,0.03737049419085763,0.09157729444388761,0.14048159478930228,0.1987333105100993,0.34089427714769915,0.47419768934531453,0.5447957839262187
4,1994,5,0.13739689640710193,0.1311579695773383,0.1435893626504234,0.1324005319086341,0.16468341413251064,0.14383833047153613,0.03729328383395208,0.09145259838381184,0.13792466765140324,0.20021654035146164,0.3397862979258328,0.4742785445420326,0.5384615384615384
4,1995,5,0.13880492059288213,0.13282397884219807,0.14472035022070442,0.13327031046448623,0.1680167799797483,0.1479381443298969,0.036434479458609614,0.09161768049105258,0.1377099628157456,0.20340681362725452,0.3395387941388422,0.4757233938205002,0.5301852958756724
4,1996,5,0.13935571720356899,0.13368193292463038,0.14495798319327732,0.13368711670325195,0.17251461988304093,0.14405297351324337,0.03512252854358117,0.09145851416079982,0.1360645213064762,0.2047668894435945,0.3353356890459364,0.47303979279491404,0.5317784256559767
4,1997,5,0.14128077952859588,0.13568648266100494,0.1467897900513982,0.13529620668989856,0.17569371268001405,0.14676467044222197,0.0355727065427118,0.08937865450106021,0.1368868288914639,0.20468094502097595,0.33485007583712517,0.47817327065144394,0.5466365178066704
4,1998,5,0.14273551316672115,0.13702649213568974,0.1483400368123253,0.13715026301745825,0.17852701395605913,0.14419844673698853,0.035852918342861174,0.08842402464065709,0.13640419362034353,0.2025186503319417,0.33725579801211014,0.47998296422487224,0.5463065049614112
4,1999,5,0.14358360249285287,0.13877954433140774,0.14829036997462267,0.13841430145603542,0.1787989697709096,0.1412689500280741,0.03549480822208095,0.08783150822108085,0.13401543708490396,0.20118763312463694,0.33286041689403034,0.47816417306914677,0.5602377093462994
4,2000,5,0.14497291387107997,0.14081936747643523,0.14904011672705214,0.13947642437182495,0.18046313548043652,0.14681928241250275,0.034593981497891044,0.08715940610213738,0.1350109637673593,0.1999026645577321,0.3282959874934862,0.4792147806004619,0.550314465408805
4,2001,5,0.14646550813652132,0.14121246011644353,0.15159348157662358,0.14125437771831773,0.1817116823950537,0.14603720830196795,0.03480978936525415,0.08436146475915475,0.13745066954497925,0.1968980627306273,0.32776285685864914,0.47784164657889855,0.5517070757050965
4,2002,5,0.14781219194199766,0.1435801553786145,0.15193110155931353,0.1422647172145276,0.1856988358038043,0.1478683774834437,0.03352966221969912,0.08459848509689477,0.13587635646169025,0.19867727712657274,0.32228682170542633,0.4783072546230441,0.568445475638051
4,2003,5,0.1492980497422619,0.14439319179028914,0.1540610563116494,0.1447810425773029,0.18707333876119497,0.1398419629860678,0.032300210495753795,0.08403164958434882,0.136695334897055,0.1991680194805195,0.32349570200573063,0.4768200246783007,0.5526197939991043
4,2004,5,0.15126900393694662,0.14718703604258143,0.15523216585904434,0.14737703609070585,0.18797820897349574,0.1395535893826664,0.031439200525202424,0.08336137847479302,0.1360624779950709,0.1986786444222634,0.327638747806815,0.4740096941333779,0.56
4,2005,5,0.15248189096454443,0.1489447298384601,0.15591834280388442,0.1492122883024813,0.1889400921658986,0.13945286435992757,0.031162706330491566,0.08217284283642985,0.13544367845171085,0.19883813044626353,0.3275607958732498,0.47862438870484303,0.5487651737128506
4,2006,5,0.15369945469173693,0.14988045879611414,0.15740278796771826,0.1509430310537368,0.19242902208201892,0.13646288209606988,0.031468655656188955,0.0803215564412619,0.1356452067227943,0.19828120480932115,0.3312872520238413,0.48078395345276376,0.5378579835229502
4,2007,5,0.15485722589551695,0.15084367941658425,0.1587471920562018,0.15310196997145106,0.19223522694833,0.13512569832402235,0.031656068565109205,0.07958465918606598,0.1341295647823912,0.19709799244682966,0.33133311709373986,0.48208420424007165,0.5460674157303371
4,2008,5,0.15591497096119167,0.15189179045226855,0.15980886647199363,0.15465203989458295,0.19184197310417944,0.13721222268731686,0.03247972112355031,0.07913139492086861,0.13228524004885533,0.19626311356152845,0.330402104472003,0.47888342493491465,0.5491774588729437
4,2009,5,0.1557739220065281,0.15262937062937063,0.1588112124282337,0.15546310090476365,0.1930846719303022,0.13286932040353483,0.03195133664158796,0.07651783681831485,0.131447743877583,0.19399674700576666,0.3275934776497048,0.4821501846532622,0.5534838076545633
4,2010,5,0.15715393694149385,0.1532795558548283,0.16088787646014885,0.1571816929873196,0.1947623356576356,0.13222069806431946,0.03279365079365079,0.07566799134115214,0.13016912853138485,0.19394004512732352,0.3241279069767442,0.47220422443954907,0.5544104274022431
4,2011,5,0.15923414280295214,0.1559786148501954,0.16236759961863467,0.15914432643540036,0.19552868831101153,0.13613824192336588,0.03366810138689622,0.0750886553664964,0.1284591839954561,0.19670539275186405,0.32036770683509475,0.4658088235294118,0.5442020665901263
4,2012,5,0.16210355287381173,0.1592559408390056,0.16483855223612218,0.16212921930366797,0.1970493644392261,0.14000738825267825,0.03271828038805402,0.07474952524392639,0.12915746292205743,0.19726879394267172,0.3217928542285947,0.46906235126130413,0.5476062399139322
4,2013,5,0.16471734892787523,0.16215717299578059,0.16717244518625293,0.16460541561172382,0.20054146194725758,0.14251348593089372,0.031981328455181986,0.07445893176252565,0.12986767485822306,0.19688759664309788,0.32259813489481676,0.47058823529411764,0.5512331553521485
4,2014,5,0.16767458145012412,0.165113858165257,0.1701271186440678,0.16764225025201399,0.20194012211936183,0.14597122302158275,0.03253531691461432,0.07482491706597862,0.12947771830361385,0.19757174392935983,0.32371583591095787,0.468517490283176,0.5518322082931534
4,2015,5,0.17096812671467226,0.1693568062457465,0.17250951971502274,0.17058287567603714,0.2057328233186462,0.1520550862497338,0.0331760908695922,0.07637207425343019,0.12928726252709422,0.19733846400513066,0.3258495430044528,0.47394678492239467,0.5560335069051392
4,2016,5,0.17422740452529056,0.1727475705985335,0.17564000096878102,0.17441994880686978,0.20667809850433458,0.15461678576432675,0.03356449375866852,0.07863647134491046,0.1274667352317285,0.1989966024195853,0.3242922454721294,0.4824849190390518,0.5504984828781968
4,2017,5,0.17654364037905065,0.1750805450739009,0.17793815418439038,0.17658435475184017,0.2093241405187374,0.15754560530679934,0.03453025989530719,0.07804042480301474,0.12771486317410413,0.19772164752173638,0.3222658725129895,0.4745341614906832,0.5532315415185107
4,2018,5,0.18034737954991692,0.17892806700200709,0.1816981287804648,0.1804967370874977,0.2122948925352438,0.16095166678028494,0.03501753954089482,0.07932627003531649,0.12759098675091068,0.19960618668021723,0.3238288379639018,0.4712927087002466,0.5531620553359684
4,2019,5,0.18325597489529763,0.18188386275134089,0.18455954209130251,0.18319211178688433,0.21649954421148587,0.16395317545748117,0.034207171066952764,0.07873094410270126,0.1280450522928399,0.20010228870988364,0.32250997574524687,0.4722723543888433,0.5557190143435087
4,2020,5,0.18648854646113122,0.18530921268154188,0.18760796959576184,0.18644684012519364,0.21946496126823994,0.16856173947735886,0.03412032068682533,0.07986954640753437,0.1275616896695943,0.1985074146749445,0.3256755733858149,0.4684009181331293,0.5496926229508197
4,2021,5,0.19110618059079698,0.19025575323921873,0.19191744494407934,0.19099746106571963,0.22407250323675165,0.1730424981767553,0.033897198092874406,0.08180054845829711,0.12666666666666668,0.19836070863854915,0.3301340757564657,0.4654001733603005,0.5512799871196264
4,2022,5,0.19286248283136195,0.19313744166111058,0.19260170955612516,0.19318588616165233,0.22587468053229928,0.17208105500160822,0.0338091166217194,0.07911659629749919,0.12431579625217336,0.19808615523407547,0.33359497645211933,0.47138341515905574,0.541555380989788
4,2023,5,0.19485679755552515,0.19636355094082547,0.19343583154256852,0.1947454390687188,0.2310239651416122,0.1762639568435579,0.0318259072882994,0.07862928743197063,0.12191156310772468,0.19906308156324198,0.33450630618075394,0.47169576059850377,0.5430321592649311
4,2024,5,0.19871280073295705,0.20005133410334489,0.19745348773393337,0.19839969518003428,0.2361548754694177,0.17934446505875076,0.032208588957055216,0.07876583469208578,0.12209937648646911,0.19758323691991259,0.33382357971064064,0.47575071150606957,0.5478122283396117
4,2025,5,0.20271484572442688,0.2039675174013921,0.20153933244790873,0.20257042120028812,0.24266404311746087,0.17971226530114606,0.032472736141597854,0.07909869366835427,0.12333086650149619,0.19740067079463364,0.335112312109441,0.47815338313537914,0.546742209631728
4,2026,5,0.20677894314470738,0.2084946980175196,0.20517274865663912,0.20607471706074718,0.24867230318222372,0.18458673714560309,0.03312497792845287,0.08002989443527543,0.12433828276307295,0.19630470016207455,0.33662969397300546,0.48084590925150156,0.5495762141800081
4,2027,5,0.20954986487085198,0.2106675227590635,0.20850562399571504,0.20957800971747345,0.2507917739960306,0.18378602775471475,0.03263478416621888,0.08114232500388018,0.12403429279264595,0.19246807822854373,0.33827061649319456,0.47487899322362054,0.562026862026862
4,2028,5,0.21281901658115518,0.21412672503338775,0.21160082939018554,0.21217347159697492,0.2558383296297849,0.1885389838445329,0.032168850072780204,0.08171901448185066,0.1246167253009715,0.19393742908088832,0.33792390543199174,0.47374296478906,0.5590797408979227
4,2029,5,0.21615890410958905,0.21821448471134056,0.21424718958533825,0.2154652140587443,0.25932259948277303,0.19168885287649035,0.03340699815837937,0.0809950824414232,0.1246540920512739,0.19228781811135512,0.34073501746842244,0.47498655190962885,0.5544168887067021
4,2030,5,0.21962122616308863,0.2218093662913202,0.21759142496847414,0.2191129922981698,0.2612212727121878,0.195475372279496,0.03331965225178165,0.08134423133283403,0.12481788813580795,0.19432833901356825,0.3394399106024178,0.47784125335410715,0.5508434643294694
4,2031,5,0.22297110447178498,0.22608029040731428,0.22008984538236523,0.22186222268144715,0.2673406230658139,0.1995913966290222,0.032639046109727565,0.08068734893884713,0.12427727501256913,0.19143536365972758,0.33981934256995383,0.48664440734557596,0.5492164113400246
4,2032,5,0.22506523747521517,0.22746399639963996,0.2228493031087275,0.22370300558116246,0.268695901874718,0.2029499521477228,0.032992900261968945,0.08016106655838663,0.12447145049644502,0.19093778178539225,0.3378914865460962,0.48352945966855326,0.5482283464566929
4,2033,5,0.2282415009017254,0.2312285348717143,0.2254880660479841,0.2270005803574708,0.27279781108343204,0.20402010050251257,0.03273073263558516,0.08026270307639129,0.1262733579151303,0.1890340780130346,0.3373555059825593,0.4865316516134166,0.5493532491530644
4,2034,5,0.2303334012941164,0.23288346306770455,0.2279885063390218,0.22878634584084812,0.27416998132965337,0.20907931932819687,0.03209510786994835,0.08142963726151987,0.12797103243377073,0.1898887434554974,0.33347998240211174,0.4844482650828384,0.5472146250179933
4,2035,5,0.23294432548179872,0.23540266392296766,0.23068708090734522,0.23105774795431736,0.2774748576275294,0.21256677129797896,0.03266504040250038,0.08181818181818182,0.12692438219233024,0.1897088205430546,0.3331186877245306,0.48543501777159637,0.5503733876442634
4,2036,5,0.23589984869303934,0.23795200930294966,0.23401944612358228,0.23389892622860703,0.27957938673944455,0.21650049304262078,0.031936510370739565,0.08212775428444247,0.12794882047181128,0.19164094819095148,0.3329355201691274,0.48941707811842156,0.5476205767131206
4,2037,5,0.23774334440374614,0.23959614481540284,0.23604979151336766,0.23577796023693626,0.2804741757803145,0.2187909209951986,0.031983024691358025,0.08273910582908885,0.1292971383050432,0.18888815222435856,0.33043300931275915,0.49032874617737005,0.5485280728376328
4,2038,5,0.24037927943310852,0.24353137270256062,0.23750446360250982,0.23829262745500832,0.28426738690074277,0.21937414965986393,0.0313801829861787,0.0821086383937092,0.1305466038671294,0.19212826072672318,0.333367402562006,0.4887726265943634,0.5467646718370182
4,2039,5,0.2418093144369504,0.2444648516681039,0.23939254955919076,0.23949789810976865,0.2826670880075841,0.22543697752687006,0.031473758753639156,0.08169230769230769,0.13053561217358156,0.19112981547426353,0.3319085419634982,0.4895921345725478,0.5439080967635038
4,2040,5,0.24440407170910255,0.24678371764071938,0.24224254846176593,0.2416827075543362,0.28517513857766247,0.2307192726091898,0.0316032478904633,0.08140444166406005,0.13033548843642445,0.19398607709165916,0.33137354282818043,0.4875575680173381,0.5497512437810945
4,2041,5,0.24597541049473656,0.248055899921109,0.24409046816766222,0.24376624626937518,0.28416970266776354,0.23097752504738694,0.03157597970115591,0.08196198748854444,0.13010738606600314,0.19300654638352227,0.3278489138146559,0.487063766875462,0.553325160894882
4,2042,5,0.24719486448543043,0.24859471296024563,0.24592973436161097,0.24441310721045015,0.2845449230169558,0.2353832828064097,0.03213207167304208,0.08125724797056824,0.12877774806097886,0.1940403043519786,0.32951813348684433,0.48321207641131386,0.5540226474805914
4,2043,5,0.24958529501763502,0.2515847142986507,0.2477816466359654,0.2471965367449277,0.2853695559101701,0.2376628290362683,0.03328997642468092,0.08043670225575981,0.12828745132864267,0.19568738289561435,0.33013082583810305,0.485624855089265,0.553554228472356
4,2044,5,0.2510731229761277,0.2533316670264375,0.24904226301756108,0.24813526353196425,0.2886974072349014,0.2404105888708806,0.033088535291717666,0.08038701874622052,0.13047445255474452,0.19615869017632243,0.3291465046844435,0.4829400386847195,0.5550454417689497
4,2045,5,0.2521543467351597,0.2545572768132144,0.24999744012451233,0.24955271901733495,0.28771209421244287,0.2419267446900737,0.03167833036564661,0.07960038672252659,0.13154584336699854,0.19723215966861232,0.3290378006872852,0.4842309182487408,0.5503655004367616
4,2046,5,0.2545139171206331,0.2574206344656799,0.2519072196746931,0.25259494628536844,0.2876881990943221,0.24251007735047392,0.0325155187703222,0.07722412749646963,0.1324311438735468,0.19975601363821202,0.3328398292246247,0.48216448525102557,0.5538746387283237
4,2047,5,0.25549800319923394,0.25824327749487314,0.25304136253041365,0.25360548566557833,0.2876828656347705,0.2429926927691133,0.031248664130295388,0.07895698793712684,0.13207406301328953,0.1998628941792347,0.33315957742563246,0.4779403205153079,0.555988010557867
4,2048,5,0.2578186883723471,0.2609279651694631,0.2550416778703953,0.25556686747449076,0.29032133626509277,0.2491376006132618,0.031954968607923795,0.07798146240988671,0.13121369842347438,0.20090848869120848,0.3349042000619174,0.4808327183749563,0.5562422744128553
4,2049,5,0.2600243814042371,0.263929994640069,0.2565431432013626,0.2579205402155312,0.292931240600054,0.2503165428020919,0.03230925199453431,0.07988694459453842,0.1325553105755341,0.2020120333829333,0.33429512203401335,0.4781079723306411,0.558893176635678
4,2050,5,0.26224876105120254,0.26652754493124026,0.2584432511339346,0.2604275792496023,0.2943128327803071,0.24997235430719894,0.032997537497201704,0.08097250700924802,0.13117922158234452,0.20311169341631183,0.3358884311474303,0.4805279766027861,0.5581486480602603
4,1990,6,0.12747261729606016,0.12016032227218164,0.13484944890293712,0.12390615911587928,0.14588775429430856,0.133217743100708,0.035435105626978484,0.08547873879085913,0.13889890611852387,0.19597290526120442,0.32582496413199424,0.4594005449591281,0.5278470490440565
4,1991,6,0.13398286277280735,0.12651116625310174,0.14149437215614274,0.1299344794194952,0.15545045743526129,0.13958421722528638,0.039920871708392786,0.09216460962903394,0.13987485779294653,0.20252265055960206,0.3399555432064462,0.4647887323943662,0.5265553869499241
4,1992,6,0.13517163649789646,0.1287903805435226,0.14155748221297773,0.130636490831881,0.1589907280741754,0.14206820378296287,0.038838439929444045,0.09213306973890517,0.1400753435560036,0.20161640740418876,0.33746965200971135,0.476984126984127,0.5313159746657283
4,1993,6,0.13666615958013234,0.13070053506483614,0.14261569722174747,0.13165572136914266,0.1635820895522388,0.1435911303407247,0.037436695243454374,0.09344826434131837,0.13860653310964177,0.2000171174255392,0.34050319384695604,0.4821566110397946,0.5335968379446641
4,1994,6,0.1384593876695093,0.132486388384755,0.1443879067003417,0.13369499982348165,0.16505068312031732,0.14436666226390174,0.037259534255821805,0.09421194402470272,0.13667836041358936,0.20113267260764553,0.33940917661847897,0.48180677540777916,0.5508684863523573
4,1995,6,0.13901496817322534,0.132658683514546,0.1453016293981944,0.13398508202580095,0.16874005496889918,0.14278350515463917,0.036776266320322645,0.0936637329089669,0.1357438987904432,0.20190380761523047,0.3395387941388422,0.4789112309955861,0.5307830245068739
4,1996,6,0.14063675780270182,0.13440317345834835,0.14679176755447942,0.13539568670936206,0.1729425188988732,0.1424287856071964,0.036375661375661374,0.09274439836692706,0.13566326940052964,0.20186810532248972,0.3413427561837456,0.4819872851424535,0.5457725947521865
4,1997,6,0.14153535530878286,0.13519108280254777,0.14778290791880827,0.1367611479812665,0.17302423603793468,0.14073984817447885,0.03553762497807402,0.09059949881128317,0.1354577056778679,0.20041215868109222,0.33753354334383384,0.48712782628162077,0.5602035048049746
4,1998,6,0.14225390873596036,0.13612374570327418,0.14827186583952554,0.13724828194600247,0.17617797429874257,0.14083690738379506,0.03451196273554944,0.08909779260780287,0.13554911145810097,0.1995072205872288,0.33645607220381585,0.483603066439523,0.5562293274531422
4,1999,6,0.14388719756449286,0.13785934597754035,0.14979297448911447,0.13897061183443346,0.17839230039311374,0.14081976417742842,0.03443526170798898,0.08909132021836741,0.13351283432058877,0.19886400309817337,0.33362435883444286,0.48968863728265266,0.5672609400324149
4,2000,6,0.1452959594453556,0.13963066517102246,0.1508434841057757,0.1404545789202436,0.18146127229172213,0.1401056570548096,0.034239534966150356,0.08647413933757546,0.13417562911141276,0.20008516851198443,0.33538301198540904,0.4824865280985373,0.5534591194968553
4,2001,6,0.1467823571945047,0.14119601328903655,0.15223569077627036,0.14203952601836833,0.18177676537585422,0.14291859339713947,0.03427698646680638,0.08403333770836068,0.13701217661146153,0.19482241697416974,0.33412911568685966,0.482848136473206,0.5625927758535378
4,2002,6,0.14759754507584188,0.14164598175429546,0.15339001662849433,0.14288321537931176,0.18270882371652142,0.144557119205298,0.033139369855237015,0.08272944879824246,0.13669845445577114,0.19389181632433594,0.3318798449612403,0.48061877667140823,0.5651972157772622
4,2003,6,0.15012154468647806,0.14452176987736864,0.15555937070795356,0.14628865144892342,0.18406713847310077,0.140361821584529,0.033134935036655294,0.08292992354689013,0.13656502475892623,0.19698660714285715,0.3335243553008596,0.48122686409307247,0.5665024630541872
4,2004,6,0.1516502497549134,0.14592349243453265,0.15721032938722934,0.14802579048227404,0.18608067576666462,0.14176553388296803,0.03318987526442483,0.082082520024231,0.13852703005473227,0.19245211274300109,0.3323483239449626,0.47701821828514124,0.5704347826086956
4,2005,6,0.15377049180327867,0.1479544469889212,0.1594209434472806,0.15105356439543127,0.1884613082769765,0.1382137069869412,0.0337021585343733,0.07981252318171089,0.1373094680918348,0.19439309919901418,0.3388909358879882,0.4880896040384919,0.5604855588112181
4,2006,6,0.15417622694359187,0.14806464304088612,0.16010271460014674,0.15198815525900694,0.19067648089730108,0.13555312954876272,0.032605221097496,0.07853137877457272,0.13614597352195548,0.19605007643680536,0.3356462948136287,0.48752105343745217,0.5496273048254218
4,2007,6,0.1551623919203662,0.1487031104681203,0.1614227869110472,0.15358568949000787,0.19177847559234942,0.13538756983240224,0.03210533591374067,0.07774242170490706,0.134192096048024,0.1971774995030809,0.33190074602659747,0.48716034637205136,0.5606741573033708
4,2008,6,0.15559547306987773,0.15000072178193524,0.16101043689659508,0.15483828911466432,0.1915629708163607,0.13336123901213898,0.031306562981832806,0.07802723592197276,0.13375716388462622,0.19557393368558082,0.32754603532506577,0.47989586346543245,0.5579278963948198
4,2009,6,0.15556090018897098,0.15036363636363637,0.16058088483620397,0.15612623087823843,0.1919956438878301,0.12833346367404394,0.030318552905394588,0.07638775974765048,0.1323884481515161,0.19521661984326483,0.3261877987067754,0.4816030638763507,0.5485770363101079
4,2010,6,0.15765975383577813,0.1527436133518394,0.16239769024978148,0.1585141201509488,0.19417682439985096,0.1289437585733882,0.030317460317460316,0.07582953701011276,0.13061005952568422,0.1954801045807815,0.32848837209302323,0.4817934430478165,0.5395574416489846
4,2011,6,0.16001943259485035,0.15519159791576204,0.16466624002507607,0.16101754820011663,0.19532023555161812,0.13155522163786626,0.031085604973696796,0.07512118944594463,0.12858540279574643,0.19944511877926133,0.3224313676442999,0.47855392156862747,0.5378874856486797
4,2012,6,0.1630076586935016,0.15822623998716218,0.16759998972488377,0.16421003142984006,0.19664097197406707,0.13439231621721462,0.031672056305877876,0.07514242682208107,0.1272641211738719,0.19872228231476474,0.32505682811680364,0.4841742027605902,0.5457235072619688
4,2013,6,0.16542091062829997,0.16143196202531646,0.16924613711655667,0.16630476762648586,0.1984357765968114,0.13945181513340138,0.032580584116571,0.07445893176252565,0.1271266540642722,0.2005220379303509,0.32579700715679893,0.4739528947673744,0.5458937198067633
4,2014,6,0.16820294098924182,0.1641509433962264,0.17208374875373877,0.1689552643393845,0.20125073862517234,0.1423021582733813,0.03256657082135267,0.07623228227725094,0.12602540145060653,0.19916244643552786,0.3244257390598854,0.4809550249861188,0.5455641272902604
4,2015,6,0.17049727849730362,0.166377749528102,0.1744380297260779,0.17140206133861624,0.20098774996368565,0.14722794065450415,0.03286574390168208,0.07623755716976056,0.12466530664286625,0.19849286515953182,0.3265994844152801,0.4815964523281596,0.5476567806203305
4,2016,6,0.17301306039503359,0.1694364803491234,0.1764271355566858,0.17382544793988935,0.20310564923311422,0.14978282191396947,0.0325782092772384,0.07633458582986358,0.12415632834093977,0.19915536785952434,0.32802883770001756,0.47772251031855223,0.5422626788036411
4,2017,6,0.17680670006912963,0.17340069450538428,0.18005305166563113,0.17775130159455535,0.20627550302518644,0.15450525152017688,0.03361190191936817,0.0775265501884207,0.1225818870103622,0.19838801802373549,0.32801081400751914,0.4830387004300048,0.5536498640451788
4,2018,6,0.17946533756230176,0.17620239363679163,0.18257065710815815,0.18048060402197325,0.20827363069100993,0.15672506646669848,0.03329435657578928,0.07779815267590329,0.12430289158956835,0.19836758027122303,0.3281687284526465,0.4707643536456499,0.5521739130434783
4,2019,6,0.18296960946915009,0.17948372560064657,0.18628135325050024,0.18380588746383109,0.21399270738377393,0.15890742734122712,0.033989489069253975,0.07779486493714897,0.12563153660498794,0.19904743638920855,0.32716532352711053,0.47292863002461033,0.5498344979771975
4,2020,6,0.18574998966020478,0.18211820090027786,0.18919728204537603,0.18611488729411022,0.21802377949918933,0.16284327415386662,0.034341266334196076,0.077872807747346,0.12514879516134222,0.19586965612635507,0.328097797290137,0.4696250956388676,0.5505464480874317
4,2021,6,0.1906105059421949,0.18729452717076,0.19377378069872017,0.19113983121228179,0.22228670922809055,0.1674070145196579,0.034158448174515056,0.07909169955186944,0.1258496732026144,0.19561779986446803,0.3313063228075317,0.47168448425310605,0.5480598937369183
4,2022,6,0.19190045956894403,0.1888156014858558,0.19482616501620353,0.1922831483758502,0.22631532563673218,0.16757799935670634,0.03489442873117148,0.0773627801234167,0.12357524631334922,0.19344653155910688,0.33298844013129725,0.47057636693792454,0.549567949725059
4,2023,6,0.19393897934053905,0.19206464798327422,0.1957065951837657,0.19406292896526867,0.23167755991285402,0.16879939781708694,0.034791881894224684,0.07571826351094799,0.12066821819109255,0.19312712571391902,0.3335656051843077,0.47562344139650875,0.5476263399693722
4,2024,6,0.19820380278025992,0.19643461318586444,0.1998682838483069,0.19836159268432083,0.23632753485561359,0.17402597402597403,0.03479890933878664,0.0771039759187257,0.12164941826830365,0.1909949865021211,0.3347812703081712,0.4798164604751118,0.5489713126629963
4,2025,6,0.20199597883835604,0.2000232018561485,0.20384724248296282,0.20194108503620578,0.2413807853537514,0.1777005608388198,0.03411030974530504,0.07828614288393025,0.12262299301779336,0.19037022703818368,0.3348420874852221,0.48110925995593057,0.5529745042492917
4,2026,6,0.20597643754388703,0.20418395573997233,0.20765445952653272,0.20569796705697968,0.2464205293792752,0.1819437770302739,0.03534978987887135,0.07781895182636316,0.12330535829567463,0.18969205834683955,0.3366631030335427,0.48362186443244337,0.5554957621418001
4,2027,6,0.208874219130743,0.2076406246417024,0.21002678093197644,0.20835582748485393,0.25083400194248556,0.18384533270074724,0.033924413397814795,0.07962129442806146,0.12439286762069303,0.18768385324066592,0.33613557512676806,0.48112294288480156,0.5575091575091575
4,2028,6,0.21262634047519433,0.21112468181766297,0.2140252007017917,0.21200922753029183,0.2563833801517756,0.18654881760711778,0.03449781659388646,0.07943075669237039,0.12390665849013975,0.19111687469606095,0.33545633398912933,0.4843015954230429,0.5512620058074603
4,2029,6,0.21625753424657534,0.21474625032692374,0.21766304635201303,0.21568846322714114,0.2596980061733545,0.1895474013195972,0.036685082872928175,0.07996657345804005,0.12468589967874297,0.19180338457563623,0.3345874764848159,0.4851622736238121,0.5473457675753228
4,2030,6,0.21945222804932565,0.21867140947504363,0.2201765447667087,0.21848290994269956,0.2654940678669211,0.19243986254295534,0.03589418305287116,0.07961835292585236,0.12475454487869767,0.19255996398945405,0.3353425214181707,0.4833376612135376,0.5512204316275563
4,2031,6,0.222716255564653,0.2225178404338072,0.22290012536564982,0.22190650508509602,0.26903239116979577,0.19465410589637364,0.03467662817900536,0.08029003741350196,0.12487430869783811,0.19172449241840145,0.33618581907090467,0.48535058430717865,0.5510653284028878
4,2032,6,0.2260269161988838,0.22545004500450044,0.22655982039849085,0.22477064220183487,0.27308528530992326,0.1996847379384113,0.03454952731690649,0.08212364226982033,0.1250039151815078,0.1910021898750483,0.33381968715007976,0.4901665377254774,0.5496227034120735
4,2033,6,0.2283814702161449,0.22710947496015624,0.2295539898817468,0.22711077481395503,0.274921386858333,0.20223338916806252,0.034100856327307326,0.08257863809194607,0.12521092431723016,0.19078499400149151,0.33117014804299333,0.48987387100624674,0.5495072374499538
4,2034,6,0.23152986876415105,0.23096824774598196,0.23204630421125266,0.23005469288405989,0.27879698027437294,0.20625242503187186,0.0336903676694014,0.08242441468007247,0.12592844763555336,0.19198298429319371,0.3304680361433551,0.4898796498905908,0.5547718439614222
4,2035,6,0.23404175588865098,0.23404945368330407,0.23403468777918118,0.23242764107335154,0.2812310674906095,0.20937276281733574,0.03418966305839305,0.08232727272727272,0.12775738129762748,0.19396678785496707,0.3299667864163221,0.4875212486478133,0.5526137135098439
4,2036,6,0.2361404428000877,0.2361741619518304,0.236109545813141,0.23423608311650237,0.28367314175630115,0.21288484715678754,0.035118659663382276,0.08272127012389643,0.1265340017839018,0.1959419528531092,0.3292188086064037,0.48826884066291576,0.5476205767131206
4,2037,6,0.23849620366711874,0.23905946018470897,0.237981358842286,0.2362544718784822,0.28414624411271655,0.2180816237450895,0.03356481481481482,0.08221090360309376,0.12797965561615296,0.19618113107471988,0.32869961253483787,0.4882645259938838,0.5510773899848255
4,2038,6,0.240736788184069,0.24079066593581153,0.24068764984951282,0.23828529085933545,0.2861738888668229,0.22040816326530613,0.03445590811757835,0.08134519219757988,0.1297409519087754,0.1944608712793219,0.3308122104115563,0.48625219582983276,0.5527838870239611
4,2039,6,0.24305259113805175,0.24287458143415497,0.2432145951179738,0.2405047476261869,0.290132722389003,0.22098577787428075,0.033716264064835945,0.08365384615384615,0.12964610203951968,0.1965037228876659,0.33072121582196895,0.48651970197403793,0.5495415884237269
4,2040,6,0.2454620748617382,0.2456611059969914,0.24528128728318394,0.24308398050018068,0.2900499272712977,0.22487416788439682,0.03582232128641936,0.08308570534876447,0.12782656244974105,0.19743457522237978,0.3342456496029735,0.48647393474979683,0.5477929501429025
4,2041,6,0.24763078241770015,0.2479544686126451,0.24733751978352989,0.24412912590442196,0.29329729306224783,0.23103168155970755,0.03673124169318136,0.08435271147945969,0.12968177056050287,0.19565703337058918,0.33190310483462276,0.48636345951834414,0.5507201961385229
4,2042,6,0.2487380909003226,0.24878659954398719,0.24869425062227118,0.24559320146955135,0.29202884427986747,0.2326223473365093,0.035997584054761424,0.08525612828408045,0.1300481412142284,0.19499538378275127,0.330906505028614,0.4834844181613041,0.5528358799386837
4,2043,6,0.25059991303274154,0.2506678438830028,0.25053863355559414,0.24743497082908,0.29292025065192856,0.23614939732987406,0.03670433298105845,0.08461106205346391,0.13078079103763918,0.19594143986789037,0.33241346415917145,0.4818764974109282,0.5511462146021961
4,2044,6,0.2531225458027175,0.2531839716424863,0.2530673123090911,0.2502150899637153,0.29292811675205715,0.24051863857374392,0.036474908200734395,0.08546663979036484,0.13107102751263336,0.19902392947103276,0.3315831016850269,0.4804642166344294,0.5577157312845498
4,2045,6,0.25414546494498796,0.2543063128835755,0.2540010853872068,0.25158991475350684,0.29220577980940576,0.24187256176853056,0.034825458611122614,0.08580406058652916,0.13064730618552997,0.19848741605472917,0.3346048109965636,0.4790003874467261,0.5548250655142293
4,2046,6,0.2558961433178849,0.255907272164452,0.2558861631469639,0.2529883492207596,0.29419050199326546,0.2441442422921887,0.03479582787889025,0.08569699414968732,0.13334800308064693,0.19719102880915887,0.33604186751136206,0.47868724360226605,0.5558616329479769
4,2047,6,0.25812594535186134,0.2580589414502638,0.2581859045733845,0.2554776745283378,0.2945921951596094,0.24621005562220527,0.03543795152396016,0.08565858413549408,0.13304464685680156,0.20061074411068178,0.3386502641089797,0.4765822048038493,0.5580906366035879
4,2048,6,0.26029335445631097,0.2616458818216556,0.25908536207003535,0.2574422645611188,0.2969949465725418,0.2495756447462082,0.036068413076423465,0.08572605561277034,0.13151542581277814,0.20299044194189458,0.33803446733858483,0.4811434341865072,0.5561098357760904
4,2049,6,0.2626107871239827,0.26397660273589524,0.26139337792364253,0.26000955860814334,0.29894720604681657,0.2503165428020919,0.036672984528584654,0.08474998960887817,0.134418003497301,0.20278838066895258,0.33704470620183985,0.48023341191019053,0.5609103666023505
4,2050,6,0.2641306387346718,0.26548413191554215,0.2629268546999635,0.2619407907500097,0.29971448414229496,0.25002764569280106,0.03792254309379897,0.08578482654726535,0.1343098983496309,0.20150671470684572,0.3366650908354157,0.482375125067344,0.5587146775808769
4,1990,7,0.12742153016184404,0.12062826799047832,0.13427474805525338,0.12398371356556583,0.1454128077257975,0.1324953041467996,0.03549970928354545,0.08540642175296499,0.13883880274071403,0.1961584856639139,0.32711621233859395,0.45749318801089917,0.5211970074812967
4,1991,7,0.13378382412945472,0.1262133995037221,0.14139458769058832,0.1296452330948099,0.15638083423786633,0.13831141281289774,0.03936956803735893,0.09146533337995175,0.1410693970420933,0.20127909042458697,0.33759377604890245,0.47020585048754066,0.5318664643399089
4,1992,7,0.13392796416669095,0.12634278055129275,0.14151860347575912,0.12921279363754634,0.15891472868217055,0.14110175341709236,0.03851179199059254,0.09042879541891063,0.1396508728179551,0.2001390457982098,0.3347720528729431,0.4703703703703704,0.5327234342012667
4,1993,7,0.13562029360310338,0.12902488717938954,0.1421979148863442,0.12999891947702688,0.1635820895522388,0.1476473769605192,0.03727119261196253,0.0914770639136681,0.13786637718345998,0.20044505306401916,0.33959066614522226,0.47317073170731705,0.5375494071146245
4,1994,7,0.13639032573745283,0.12969857990158476,0.14303223889466646,0.1305647410475776,0.16607903628617599,0.14740457007000396,0.037597030037124536,0.09049996715064713,0.13570901033973412,0.20013325560089948,0.3356379635449403,0.4740276035131744,0.5353598014888338
4,1995,7,0.13717933497109563,0.13063840728768733,0.14364861673720733,0.13117211007482044,0.16852307247215392,0.14768041237113402,0.03646865814478092,0.09012373745575006,0.13441894259947856,0.20098530394121578,0.33329329810233005,0.47989210397253557,0.5349671249252839
4,1996,7,0.13837925968395026,0.13159033537684817,0.1450826093149124,0.13212564212813144,0.17173013835401513,0.14905047476261868,0.03505291005291005,0.09023692416497894,0.13325575796485034,0.2036395845076093,0.33404004711425206,0.4793972215681658,0.5311953352769679
4,1997,7,0.14035903963481544,0.13397027600849257,0.14665040508755117,0.1344083634830089,0.17288373726729891,0.1491745993493192,0.03553762497807402,0.08873610486410075,0.1324449594438007,0.2009273570324575,0.3377668883444172,0.48668009850011196,0.5573770491803278
4,1998,7,0.14054249299093552,0.13430089233012743,0.14666984797873064,0.1350047375815463,0.17472709686334117,0.14373478613654805,0.03373562001552685,0.08864861396303901,0.1314967655587776,0.19889124632126481,0.3347423740431852,0.4778534923339012,0.5545755237045203
4,1999,7,0.14185479722379174,0.13559293151338547,0.14798984907172433,0.1360178875183208,0.17710451403009353,0.14587310499719258,0.03334039697676061,0.0873469651452014,0.13121522168371927,0.19692764474278707,0.33242387864236606,0.47998382531338457,0.5656401944894651
4,2000,7,0.1436310322548581,0.13700212627032096,0.15012213715428627,0.13780409562775434,0.18059622038860793,0.14604886638784945,0.03388508843440967,0.0857236090716267,0.1318088475862309,0.19576590826134566,0.3301719645648775,0.4840261739799846,0.560272536687631
4,2001,7,0.1442963107395582,0.13820269070096378,0.15024484225736534,0.13859933675630443,0.18164659941425318,0.14528443918700937,0.03360210279543921,0.08357395983724898,0.13397645630249266,0.1903828413284133,0.3276633840644584,0.48247728536992396,0.5432953983176645
4,2002,7,0.1462460648074538,0.14037265078495212,0.1519624760769303,0.14122036785431832,0.18277244099497422,0.14362582781456953,0.032110417258018734,0.08358199167131193,0.13426504439329168,0.19195612431444242,0.3263565891472868,0.48239687055476527,0.5605568445475638
4,2003,7,0.1473422492497486,0.14108230604799177,0.1534211512048945,0.1433240246074146,0.18256403832905369,0.13734664171345395,0.03219133338172316,0.08232898207191267,0.13535965598123534,0.1891233766233766,0.32435530085959885,0.4785827604442094,0.5647111509180475
4,2004,7,0.14941723853539363,0.14383864548125216,0.15483346623320862,0.14573019801980197,0.18577462202362735,0.13583350090488638,0.03220512072361222,0.082082520024231,0.13590244214704095,0.1869385427064024,0.32551482131314063,0.4800267424369046,0.5678260869565217
4,2005,7,0.15142203583682806,0.14639165686699263,0.15630919094434922,0.14758763292634897,0.1895385720270513,0.14040606233914785,0.03272265554144749,0.08035202481707522,0.13585478464360257,0.18858375143033185,0.3301400147383935,0.486038807382868,0.555881121808288
4,2006,7,0.15209779790816175,0.14694488999182884,0.15709464416727806,0.14925921983413493,0.18857343147563968,0.1381004366812227,0.03264073876753685,0.07849760183746538,0.1348314606741573,0.19059620708176672,0.33021973134062804,0.48216199663145,0.5460965084346803
4,2007,7,0.15279372229891738,0.14731543128773675,0.15810333233177376,0.1510153367541472,0.18909506137596346,0.1338163407821229,0.031621509538291404,0.07693853625858316,0.1333166583291646,0.19089644205923276,0.3246026597469997,0.4889519259480442,0.5516853932584269
4,2008,7,0.15399798361330816,0.1482251382212406,0.15958531848602125,0.15243567417561438,0.1903911612075219,0.13612390121389703,0.03154119461017631,0.07605313346940142,0.13472800726566658,0.1899456313653419,0.3241638481773769,0.4791726930864912,0.5554777738886945
4,2009,7,0.15334135028345644,0.14864335664335665,0.1578790949003715,0.15304676428908834,0.19079771304111082,0.1298975522014546,0.030478629742276293,0.07391629540502748,0.13113417578627198,0.19140913795652817,0.31880798425639584,0.47681575707837504,0.558717697088649
4,2010,7,0.1554476479514416,0.15116327007379515,0.15957672237967843,0.15516963854559762,0.19391068291903976,0.13244932174973328,0.03158730158730159,0.07437562598946722,0.12916128625870052,0.19365352243830808,0.3181818181818182,0.4671504470649216,0.5525916944528645
4,2011,7,0.15811610309923269,0.1535904255319149,0.1624720832734729,0.1579691448565925,0.1947991036531346,0.1362885048835462,0.03207396779850152,0.07430783745973908,0.12688144899182732,0.19684411305704871,0.31730348320930524,0.4661764705882353,0.5436280137772675
4,2012,7,0.1606884307212537,0.15672849329357172,0.1644917670631149,0.16053596148320984,0.19587523610189392,0.1407462135205024,0.03236953902732864,0.07491323423482418,0.12748501104449353,0.19622093023255813,0.31794602786034853,0.46192289386006663,0.5476062399139322
4,2013,7,0.16375559944747814,0.16031118143459916,0.16705864501934603,0.16327511479208687,0.19938834854106086,0.14550225980463624,0.03340061817952438,0.07522006750943147,0.12441713925645873,0.19801096940461244,0.319670353502494,0.470008121591832,0.5464022374777524
4,2014,7,0.1664077917117576,0.16277163305139883,0.1698903290129611,0.16586332794009268,0.20189088044120543,0.14805755395683454,0.0332541567695962,0.07593070401769259,0.1239983530231527,0.19909751980262302,0.3178337812484154,0.46640755136035533,0.5532786885245902
4,2015,7,0.16912867967881873,0.16675013161780758,0.17140400442206116,0.16855162959433592,0.20423183072677092,0.15219706112018172,0.033982992986158526,0.07559860102232983,0.12354966211908708,0.20105820105820105,0.3179751581907663,0.4681818181818182,0.5533167308127689
4,2016,7,0.17180491189809421,0.16970288990942076,0.1738114267722638,0.17109239534307655,0.20610650662093932,0.15692868151884545,0.03448913546000924,0.07684235469347686,0.12213151635919521,0.199377639475439,0.3193687357130297,0.47423007725685257,0.5452969224100563
4,2017,7,0.17503869424511045,0.17286163797966628,0.17711370262390672,0.17432390527329406,0.21162234416772197,0.1574074074074074,0.035418005938714914,0.0777663583418979,0.12100991306021623,0.19756298787840326,0.3212520593080725,0.473100812231247,0.5503032838318344
4,2018,7,0.17874641292856064,0.1767351388854474,0.18066052752591055,0.1779961119312086,0.21529928356829212,0.16074715386188562,0.03520216628715613,0.07861314860092367,0.12143386738016182,0.19776415663607202,0.3260190630703711,0.4697076435364565,0.5458498023715415
4,2019,7,0.1812036893412402,0.17936126962357032,0.18295406952394247,0.18029062676859062,0.2183682771194166,0.16341496232508074,0.03616630904624188,0.0780957475260765,0.12122284794851167,0.19649021864211738,0.3251701744777404,0.4663658736669401,0.5448694372931224
4,2020,7,0.18513551040183399,0.18384110459966754,0.1863641598525855,0.18405203755809174,0.22279769410916953,0.16796329543187713,0.036266649832712584,0.07963659356384571,0.12151336743557571,0.1965451796570914,0.32805995004163196,0.46327467482785006,0.5433743169398907
4,2021,7,0.1896132557563169,0.18845484432411524,0.1907183212267958,0.18864835364744406,0.22630474574757803,0.17184910163760525,0.0367056364705114,0.08012841950371212,0.12107843137254902,0.19403659362999773,0.3342735731555425,0.46323316960416067,0.5404926742875543
4,2022,7,0.1901386820281305,0.1891608724640442,0.19106604487302536,0.1891391305701256,0.22931171234687583,0.17085879704084914,0.03604551733210551,0.07840207859694706,0.1186811771524245,0.19479975513097272,0.3308834023119737,0.4612953123949156,0.5395129615082482
4,2023,7,0.19257080311944177,0.19260494726209212,0.19253860298190034,0.191493930261271,0.23333333333333334,0.17293940534437335,0.034791881894224684,0.07869257056068853,0.1173207511078522,0.19177950330488353,0.33279910807609225,0.46864089775561096,0.5395099540581929
4,2024,7,0.19628092162562635,0.19645794686920304,0.1961143735250535,0.19538959801867023,0.2374929857124358,0.17551020408163265,0.03469665985003408,0.07876583469208578,0.1171498360866491,0.19080215966062475,0.33570475767007557,0.46680606377417666,0.5421616922631122
4,2025,7,0.2007997394107538,0.20221577726218098,0.19947092251083193,0.1993479167456496,0.24480280605697666,0.18148012679834186,0.035329779450193374,0.08053628351771985,0.11818269571093021,0.18985423116615066,0.33913190339469684,0.4693932391035632,0.5423512747875354
4,2026,7,0.20470580367592148,0.20608575380359612,0.20341397095319277,0.20314360203143603,0.24930959765475635,0.184887073522345,0.03520853197725748,0.08083953539065176,0.1198192382182053,0.18891410048622367,0.33916878257383404,0.4733255943067683,0.547423651284811
4,2027,7,0.20811550219307962,0.2087757114357128,0.20749866095340117,0.20705866474716575,0.25184747265740465,0.18473490689123473,0.03431846677413577,0.08247710693776192,0.1215568667079571,0.1872312914174883,0.3372698158526821,0.47608906098741527,0.5490842490842491
4,2028,7,0.21161341466100014,0.21249443537616858,0.21079270561965016,0.2101204207634363,0.2572638463796067,0.18924139545773824,0.03384279475982533,0.08325496834054291,0.12280928250976342,0.18638353055600584,0.3371236119910634,0.4771384715568166,0.5508152780880053
4,2029,7,0.2147123287671233,0.2156786936696194,0.21381359785953744,0.21328481384740175,0.2606156669725536,0.19145734460006944,0.0338121546961326,0.08465914569472567,0.12385890136454722,0.18563493088748223,0.3360319806503628,0.47790030482338175,0.5459110473457676
4,2030,7,0.21863449524079506,0.2198269025987267,0.21752837326607818,0.21700777595753987,0.26582593545175476,0.1959335624284078,0.03361814857654565,0.08453547819857371,0.1253246341926902,0.18847662529740852,0.3347329924486133,0.48082749069505754,0.5460371312788616
4,2031,7,0.22153961273810752,0.2232957171685287,0.21991224404513163,0.21968500450204437,0.271012997730555,0.19749162930594177,0.03271451211229341,0.08565374300566168,0.12515711412770236,0.18610254433307633,0.33486145069274653,0.48380634390651084,0.5435816164817749
4,2032,7,0.2249517809965801,0.22587758775877587,0.22409653581116898,0.2226500949828442,0.27386470853673545,0.20317513933457187,0.033524431451459814,0.08547355598416405,0.1251605224418204,0.1860105629267036,0.335210885277052,0.48605399242640174,0.5446194225721784
4,2033,7,0.22771392425506715,0.22902870995981953,0.22650196054088167,0.22539174129280137,0.27586066075876997,0.20664433277498603,0.033339676498572786,0.08492913930176288,0.12658583838510093,0.1877046788366136,0.33117014804299333,0.48696932320057296,0.5458115183246073
4,2034,7,0.23035486259402732,0.23190905527244218,0.22892571346179594,0.22766462851361458,0.2790405065346213,0.2104096225264675,0.032702825888787604,0.08629694105943796,0.1271973260708096,0.18661649214659687,0.3294189312667095,0.4890590809628009,0.5456312077155607
4,2035,7,0.23299785867237688,0.23391525101490768,0.23215550968854934,0.23055227937028872,0.2813118461973424,0.21146538906327442,0.03335112059765208,0.08418181818181818,0.13041063770709282,0.18774360486063346,0.32905171829458413,0.48698037397620153,0.5472505091649694
4,2036,7,0.23618321508578516,0.23781783214437463,0.23468540925996126,0.2330780225015575,0.28580028897094234,0.2172126657171031,0.03274163248092627,0.08457600712219007,0.1310860271276105,0.19042616061461684,0.33041224809902137,0.4890726068817698,0.5465930254961145
4,2037,7,0.23862434992471407,0.24062479035756615,0.2367958466192462,0.23595390299689167,0.2867007264309092,0.2180816237450895,0.03260030864197531,0.0833804942463686,0.133647895091611,0.19216999270702115,0.32740806199442596,0.4875382262996942,0.5517450682852807
4,2038,7,0.24093955434133016,0.24270356739342006,0.23933071468652758,0.2375076117180106,0.2887556102792231,0.22546938775510203,0.03208098111738369,0.0822231553231286,0.13503966286564204,0.1930481634798607,0.32846143363314256,0.4876651645917666,0.5516263456418566
4,2039,7,0.2425136600358576,0.24366971655112943,0.24146155022167864,0.2390642913837199,0.29052772949913097,0.2263055042883509,0.03257534031001652,0.08161538461538462,0.13698456064553022,0.19329880220135967,0.3266503833367257,0.48260235041093785,0.5534629404617254
4,2040,7,0.2455903176681183,0.24826556501044028,0.24316028837427472,0.24257509716721612,0.28957817352675236,0.23028630188883475,0.0337923897468556,0.08148263997497654,0.1359323233297951,0.1956942116797731,0.329075857408346,0.4828360230659081,0.5565258812321372
4,2041,7,0.24788792757078187,0.2507156542319396,0.245325981518354,0.24424761721382499,0.2905159243154307,0.2370972109396155,0.034838293930484515,0.08088616169263259,0.13606600314300682,0.19457129171323648,0.3315990405081253,0.48465159708983385,0.5544999489222597
4,2042,7,0.24918819860466612,0.25106666365668107,0.24749051291467744,0.2453928081047983,0.2940167608653284,0.2364660025985275,0.03571572377692772,0.08141720318310873,0.1353637336186146,0.1954092515360861,0.3290440553994108,0.4854686223398047,0.553775404242694
4,2043,7,0.25054622953987876,0.2533505388028615,0.2480165010772671,0.24680163029305038,0.29381543611100297,0.23955461866926112,0.035037801804731324,0.08140001605522999,0.13382061616230617,0.19540156880180382,0.33197056418642684,0.48156735450962207,0.554035831246388
4,2044,7,0.25252546986111263,0.25567207080289484,0.24969607813090605,0.24875621890547264,0.2949852507374631,0.24349000540248514,0.0346797225622195,0.08135456561177182,0.13258001122964627,0.19940176322418135,0.3310340094032053,0.48224371373307545,0.5553733720603392
4,2045,7,0.25375695407477755,0.25647372863954737,0.251318335876143,0.25010148392043663,0.29383280390485783,0.24550281751192024,0.03428713404281751,0.08201740251369642,0.1329475613700895,0.19889537438021715,0.33017182130584194,0.4819062378922898,0.5553767642866995
4,2046,7,0.2555329701601756,0.25842954266649854,0.25293537044272174,0.2520351036465426,0.29624182374114644,0.24610524022224642,0.0345002322537055,0.08146056082307848,0.133568049290351,0.20213331665050518,0.3312215948216499,0.4810705215862473,0.554055274566474
4,2047,7,0.257549212705529,0.2602709739855757,0.2551136129324921,0.2540621170955197,0.29613617941097004,0.250627113098484,0.03436925576027017,0.08362779740871613,0.13282066596983724,0.20378910631933192,0.3352446483180428,0.4775910907609328,0.5556301167628507
4,2048,7,0.25961049957662996,0.2624564328805827,0.2570686909218773,0.2559878749837338,0.2969949465725418,0.2554892405409845,0.03472613119722884,0.08201853759011328,0.13276005129365617,0.2051354846850257,0.33631454026349283,0.4800170893696353,0.5549620342574607
4,2049,7,0.2614960517500796,0.26369695416093775,0.2595342943791284,0.2580284599848912,0.2994099726196444,0.25532617671346,0.03438092299554811,0.08217299139615113,0.1320991408804075,0.20689655172413793,0.3369428697511796,0.47656219809096884,0.5584108051219084
4,2050,7,0.26318142183861104,0.2646400225095842,0.26188415619623584,0.2604586194855081,0.29886565321398256,0.2553356187106049,0.034072084172822925,0.08289743482445495,0.1312951725737255,0.20678021618080578,0.33710407239819007,0.4788347571769414,0.5578003222014194
4,1990,8,0.12739087788131437,0.12030274053427194,0.13454157344882084,0.12399663930718025,0.14501701891870497,0.13206184077445457,0.03556431294011241,0.08518947063928262,0.13877869936290418,0.19532337385172127,0.3284074605451937,0.4534059945504087,0.5353283458021613
4,1991,8,0.13343550650358768,0.12635235732009925,0.14055639817993135,0.12931825898864394,0.1545976120328733,0.14057417621269977,0.038493968089246336,0.09122058669277298,0.14089874857792947,0.20074613608100905,0.3378716310086135,0.46830985915492956,0.5417298937784522
4,1992,8,0.13409313939817918,0.12692554245420462,0.1412658916838381,0.1297528167112595,0.15655874753001975,0.14151594643103688,0.03798915528843013,0.09158770195650692,0.13986310818697936,0.19996523855044757,0.33059077421095223,0.4783068783068783,0.5313159746657283
4,1993,8,0.1353540731725869,0.1287773482872213,0.1419130632940238,0.1305511867743988,0.16014925373134328,0.14480800432666305,0.03627817682301149,0.09174434532758678,0.1391986578505872,0.20053064019171515,0.33320297223308565,0.4806161745827985,0.52832674571805
4,1994,8,0.13639032573745283,0.13055924560779839,0.1421779824691725,0.13143556491756592,0.16292052299103862,0.14489499405626732,0.035707053661829226,0.09132120097234084,0.135801329394387,0.19955026234696427,0.33362664990571966,0.4880803011292346,0.53287841191067
4,1995,8,0.13701494990821833,0.13104246253305907,0.14292201776534486,0.13216356740180538,0.16317083755243744,0.14510309278350517,0.03503315332558617,0.08983144425319087,0.1343762020771894,0.2008183032732131,0.33413403795339897,0.4901912702305051,0.5271966527196653
4,1996,8,0.13866592611172823,0.13330328164442842,0.14396097422019655,0.1332458304102831,0.16937669376693767,0.14567716141929035,0.03467000835421888,0.08911177548461761,0.1345397640638793,0.19937193010709398,0.3405182567726737,0.4829291264421945,0.5481049562682215
4,1997,8,0.14008690690427072,0.1350141542816702,0.14508232424427214,0.1348855792067121,0.17182999648753072,0.14459573442583443,0.034590422732853884,0.08741887810833388,0.13410583236770954,0.19960256127180392,0.3397503208493758,0.4857846429370942,0.5568117580553985
4,1998,8,0.14055109307005625,0.13490851012117636,0.14609039470993251,0.1355928511528115,0.17113444797568053,0.1452416830879796,0.03451196273554944,0.08698023613963039,0.13119934567625846,0.2000547532680857,0.3335999086027648,0.48637137989778534,0.5501653803748622
4,1999,8,0.14195599558100508,0.1366664962595641,0.14713837318017897,0.13661699100274946,0.17663006642266504,0.14542391914654687,0.03408207953662499,0.086539393352069,0.13107162089391491,0.1971212805783257,0.33340608970861074,0.48706025070764253,0.5510534846029174
4,2000,8,0.14290210890777463,0.13802340571581645,0.14767939406856076,0.13780409562775434,0.17753526750066542,0.14417785604226283,0.0337433098217134,0.08562571381954642,0.13076467926629773,0.1949142231415014,0.33434080250130277,0.4753656658968437,0.5435010482180294
4,2001,8,0.14482439250286383,0.14029143778165193,0.14924941799791283,0.13957044123268283,0.17936869508623496,0.14818797720184967,0.03388626434127802,0.08255676597978738,0.1340776469794583,0.1933809963099631,0.33293544215657017,0.48303356202484704,0.5319148936170213
4,2002,8,0.14602346805736635,0.14188775345733534,0.15004863050230602,0.14132176099608623,0.17920987340161587,0.14683360927152317,0.03349418109565711,0.08249991802472374,0.13304833936205196,0.19249381653941283,0.32771317829457364,0.4831081081081081,0.5489559164733179
4,2003,8,0.14773024206000426,0.14307526639772417,0.15225059308278188,0.14368827909988668,0.1806851631489948,0.14348097317529632,0.03324381215068593,0.08059292892197777,0.13438232994526975,0.1952617694805195,0.3282712511938873,0.47540983606557374,0.5459023734885804
4,2004,8,0.1496662153961066,0.14492845184319425,0.15426608599644237,0.14618931651229639,0.18155108036971293,0.14407802131510156,0.032642789408417826,0.08134212828969509,0.13465416253240725,0.1920243357574029,0.32505309816234185,0.48253384589670734,0.5521739130434783
4,2005,8,0.15074342356080825,0.1459738812898434,0.15537716845554855,0.14801102796376525,0.18373331737387036,0.14012010294538177,0.03228732087792491,0.08079036989580875,0.13332490038580735,0.19276472141536838,0.3264554163596168,0.4820949676605143,0.5391377145249058
4,2006,8,0.1519115587472809,0.14798898405108496,0.15571533382245048,0.1496656570250733,0.18506834910620398,0.14001091703056767,0.031965903036760786,0.07873404039721678,0.13329786235172608,0.19576085609221996,0.3227470865581354,0.48491808298882255,0.5370733621027854
4,2007,8,0.1525394172782097,0.14861453520128728,0.1563434490850038,0.1509963673612626,0.18526976876962603,0.1387046089385475,0.030446502626486037,0.0778764026126277,0.13172211105552775,0.19371894255615185,0.32719753486863445,0.4838757838160645,0.5340823970037453
4,2008,8,0.1539695838007469,0.15010177125286908,0.15771310410350273,0.15294785953083823,0.18754533787177055,0.13729593972373377,0.030133404840115306,0.07665540201425369,0.13150230183833891,0.19293207749444827,0.3283727921833897,0.48134220422331503,0.5463773188659433
4,2009,8,0.1536986772032297,0.14986013986013985,0.1574062816616008,0.15351913084553614,0.18878301116253743,0.13380777351998124,0.029934368496878503,0.07433904588468668,0.13041296917625664,0.19192665976637588,0.32632836660106834,0.4764054164956914,0.5459600915930651
4,2010,8,0.15608834935086832,0.15216644450246672,0.1598680899531163,0.1565199506375977,0.1902379304838452,0.13222069806431946,0.030444444444444444,0.07495719039772544,0.12944474189789298,0.19157623294294618,0.3278276955602537,0.47155630426331474,0.5471354956047287
4,2011,8,0.15892135788584016,0.15468953538862354,0.16299450154766415,0.15911781858023927,0.19307936838813905,0.13688955672426747,0.031149370317232583,0.07570680287601263,0.12656590199110157,0.19618519160742154,0.32474516915765117,0.4707107843137255,0.5378874856486797
4,2012,8,0.161461506712003,0.1582396127254978,0.16455598653959774,0.1617983788819335,0.19357802848537445,0.1403029183598079,0.031640352545811934,0.07520791041844017,0.12688545282423477,0.1972011898323418,0.3233665559246955,0.46977629700142787,0.5376546530392684
4,2013,8,0.1637749635309761,0.15990242616033756,0.16748855676099436,0.16413337338540102,0.19607941441893112,0.14171161976964572,0.03135053302214092,0.07660996756899861,0.1236925015752993,0.19751536377453247,0.3267187161136413,0.4686158487063464,0.5326722603610475
4,2014,8,0.16726717168502134,0.1641899804814574,0.17021435692921236,0.16745588696219366,0.2003151467402009,0.14474820143884892,0.032660332541567694,0.0771705257514325,0.12387166249643683,0.19760420724581224,0.32472998326656866,0.4708495280399778,0.5511089681774349
4,2015,8,0.1703277731390509,0.16735364741836486,0.17317282889079966,0.17040733589119877,0.2030213528300973,0.14985447575779087,0.032927813295264105,0.07724643529728276,0.1250478133367334,0.1961199294532628,0.3298804780876494,0.46917960088691796,0.5578446909667195
4,2016,8,0.17283958266213972,0.16960140055311698,0.17593063527816125,0.17280984229213112,0.20667809850433458,0.151183970856102,0.03405763599938357,0.0785010663146136,0.12325641190460886,0.1966786269964754,0.3293036750483559,0.4683035241824532,0.5478977026441265
4,2017,8,0.1759379913251479,0.1730872895485715,0.17865506858481098,0.17611920810824044,0.20758876225317763,0.15595632946379215,0.03355067805430557,0.07882836587872559,0.12335183343492348,0.19575426794440567,0.3280530562243907,0.4735785953177257,0.5492574775151642
4,2018,8,0.17904244071892464,0.17675991773422206,0.1812147009232293,0.17949648702498205,0.20970649410677145,0.15747494716749608,0.03397132131208074,0.07922439554468895,0.12311015118790497,0.1968749007526916,0.32459947272358547,0.47912997534343077,0.5409090909090909
4,2019,8,0.18276676729229557,0.180512355808087,0.1849085578668156,0.18296892063163098,0.2143573381950775,0.1613966630785791,0.033802904499797864,0.07889810109654988,0.12444086886564763,0.19770489707198569,0.32720444409670607,0.4767022149302707,0.5445016550202281
4,2020,8,0.18619312374076066,0.18464189082614446,0.18766555338016813,0.18609117637760425,0.2182940010808863,0.16616796329543188,0.03440439366201629,0.0795700356085061,0.12547051442910917,0.19751021327242899,0.32586480962834,0.47620504973221117,0.539275956284153
4,2021,8,0.19023874995574333,0.18766921291819763,0.19268995733886776,0.19047543719499174,0.2212598776731104,0.1691308095206524,0.034452354516360785,0.08022874724098722,0.12549019607843137,0.1947787924747491,0.32797274525606274,0.4773186940190696,0.5390436322653357
4,2022,8,0.19165126077205263,0.189315649109439,0.19386637458926614,0.1917228283708696,0.22530184189653654,0.1697008684464458,0.0346313227652437,0.07827216628775577,0.12251271814025372,0.19547636691690562,0.32884972170686455,0.47770529289125024,0.5365278868813825
4,2023,8,0.1931351758106444,0.19126594470154337,0.19489798178958329,0.19299698621943084,0.2296732026143791,0.17099485635428427,0.03405871963208584,0.07730034172889508,0.12060445691331655,0.19312712571391902,0.3303254128632151,0.47425187032418953,0.5396630934150076
4,2024,8,0.19754210544175366,0.19632961161084084,0.19868283848306897,0.1975309582777672,0.23373764406267536,0.17507730364873222,0.03387866394001363,0.07898532547347298,0.12161727839557755,0.19314821956549685,0.3306426787974142,0.47714468258116977,0.541871921182266
4,2025,8,0.20116478900133664,0.20059164733178655,0.2017026279692569,0.2011828486939379,0.23800153990931644,0.1781882467690807,0.0333437859308038,0.07922370148134258,0.12156118279223914,0.19240196078431374,0.33186961661881437,0.47804589670554093,0.5471671388101983
4,2026,8,0.2040036112752037,0.20255878284923928,0.20535617946006604,0.20428892204288923,0.2420444406678846,0.17942095146564152,0.0328777766006286,0.08093295550088749,0.12265978050355068,0.18901134521880064,0.3317185620740345,0.47650532478675617,0.5482308623705099
4,2027,8,0.20849762970182978,0.2076864867343897,0.20925549009105518,0.2085732709495531,0.24800472953000297,0.18348950302455225,0.03292136843990686,0.08104920068291169,0.12331714313655182,0.19004363989009213,0.33306645316253003,0.4804453049370765,0.5550671550671551
4,2028,8,0.21111245678550195,0.2097092698072072,0.21241958636822797,0.21120293847566574,0.250429751373108,0.18678295481151955,0.03315138282387191,0.08222055043570936,0.12248652486847626,0.18832874047657644,0.33492280502851046,0.4757430578166426,0.5515970515970516
4,2029,8,0.2149205479452055,0.21420042983363846,0.21559026639452616,0.21542800586401148,0.2531909568699424,0.18948952425049195,0.032780847145488026,0.08134863240446116,0.12312732593275867,0.19028549283038368,0.3366366568126848,0.4761072261072261,0.5530846484935438
4,2030,8,0.2184600455749752,0.21850148401567845,0.21842160571668767,0.21831241707004292,0.2590641334107691,0.19484536082474227,0.03208835491213014,0.08193037871633722,0.12421612719326028,0.19030930486785416,0.33750973553215263,0.478230762572492,0.5502780133823391
4,2031,8,0.22123054065924533,0.22109736987475057,0.22135394901796906,0.22088800980117201,0.2619352176604085,0.19925089381987401,0.03180892008150328,0.08247525080290037,0.12412016088486677,0.18973271652531484,0.33557457212713937,0.47858931552587647,0.5512414157422081
4,2032,8,0.22394688075724095,0.22405490549054904,0.22384708927068067,0.22295934145228033,0.2664806990195676,0.20311884253785958,0.03196780439652227,0.08435691807938281,0.1244401290443825,0.18971402808192708,0.335855586848088,0.4766480719899019,0.5452755905511811
4,2033,8,0.2262065624074722,0.226840108644414,0.22562256225622562,0.22517135237983293,0.2678564136072202,0.2051926298157454,0.03227402473834443,0.08316626339440028,0.12658583838510093,0.18854771246068544,0.3307983505712161,0.4809612859586997,0.5408068986757006
4,2034,8,0.23028511336931679,0.2313938511508092,0.2292655797810437,0.2289036496136307,0.27315528857861837,0.20991075882711602,0.03133546034639927,0.08334813656872846,0.1291161178509532,0.18903795811518326,0.3312125621848455,0.4855423569865583,0.5461350223117892
4,2035,8,0.23245182012847965,0.23411655501750225,0.23092326176026617,0.230493674317068,0.2763035663799023,0.21405363731483013,0.0313309955785943,0.08309090909090909,0.12732545583562152,0.1929514264190495,0.32840778146817595,0.4848168752897543,0.5470468431771894
4,2036,8,0.2356271753717179,0.23712458349173693,0.2342550946179933,0.23352512185289698,0.2785358805586772,0.21885614111975457,0.031323084001073496,0.08272127012389643,0.13016331928766955,0.1937093702803861,0.32672963480751527,0.4882305660810656,0.5493545693918181
4,2037,8,0.23758850100915177,0.23920481227218857,0.2361111111111111,0.23598322679021758,0.279556158697214,0.21797250109122654,0.03236882716049383,0.08202225995095265,0.13187082541822415,0.1924020420340781,0.3261844877982462,0.4870795107033639,0.5485280728376328
4,2038,8,0.2400858021002305,0.24100321054221246,0.23924909452634802,0.23788911469300014,0.2801763514318624,0.22568707482993197,0.03321004477321394,0.0821086383937092,0.13361427863163114,0.19271962678231158,0.3269623875715454,0.48858168486977777,0.5452598680402825
4,2039,8,0.24272176214462562,0.24332254488033778,0.2421749987259848,0.24016668136519975,0.2832200979617633,0.2301595917924221,0.03410968604925643,0.08157692307692307,0.13399834805260816,0.19365490449983813,0.33095868105027476,0.4877870804209233,0.5436319452115321
4,2040,8,0.24547810521253574,0.24633467298322817,0.2447000520052617,0.24275210006563858,0.28442819514879897,0.23423715971207448,0.034986467123069576,0.08128714419768533,0.13416320885200553,0.19266468995745778,0.33448217604325053,0.4881767870273617,0.5462051444903144
4,2041,8,0.24756113893874052,0.24829257297419136,0.2468984530555981,0.2446475253830602,0.2855407999373213,0.23758461955050095,0.035482701679487694,0.0811252340917241,0.13547668936616028,0.19329394858693916,0.33268015811344975,0.4876862623040112,0.547604453978956
4,2042,8,0.2494239693069413,0.249441271417929,0.24940833231321663,0.2460756299402531,0.28871564997076593,0.23982243395409267,0.03611838131669016,0.0810173151517575,0.13583177320139075,0.19292604501607716,0.3323626020114456,0.4902540559467766,0.5481877070662118
4,2043,8,0.2511635897078007,0.25139228470524316,0.2509572871248711,0.2482620390584834,0.2883664811427237,0.24128425490514027,0.035444272823347694,0.0825640202295898,0.13470865496277068,0.1954333259233383,0.3316980103570455,0.48805935543705076,0.548690040454633
4,2044,8,0.25330005486643786,0.2537065860780059,0.2529345061141929,0.2501776830135039,0.29063809967396365,0.24365207995678012,0.035046919624643,0.08304777262648659,0.13486103312745648,0.19656801007556676,0.33299015065719484,0.48642166344294,0.5531715543895812
4,2045,8,0.2554027292888632,0.2557094293992836,0.2551274306017755,0.2519582637980545,0.29263190516773846,0.24750758560901603,0.036026336494264774,0.08290364163712537,0.1352837580419078,0.19726354107826524,0.33762886597938147,0.48457962030220847,0.55271022021976
4,2046,8,0.2571211751632924,0.25721426687914883,0.2570376920071559,0.25410803449841124,0.2923714053489182,0.25013618041180957,0.03597821037962924,0.08146056082307848,0.13602523196537938,0.1992242484907254,0.338279851260157,0.48071889040828286,0.5580292630057804
4,2047,8,0.25849592478535754,0.25910735270397933,0.2579487813930471,0.25584297967229086,0.29304821090824873,0.250627113098484,0.03625016030436455,0.08232809390357824,0.13360459907421232,0.20307241680169513,0.3360091743119266,0.48065655193822515,0.5584485303986042
4,2048,8,0.2603479828466854,0.26082375146188674,0.25992305623927026,0.2577943799324857,0.294217490259615,0.25209439851064996,0.03550552067547088,0.08296601441812565,0.13396696085087123,0.20532475316236082,0.3350761927694266,0.47892958402920727,0.5602595797280593
4,2049,8,0.2625503827441161,0.26399990678380836,0.26125836068297953,0.2603795692459491,0.29393390150784776,0.2550509221029452,0.03636443778375281,0.08275489421837981,0.13312552269444233,0.20647603027754416,0.3327675752741098,0.48517988947714186,0.5592439922820558
4,2050,8,0.26413615743755586,0.2658710153932729,0.26259319117877067,0.26222015287316186,0.2943128327803071,0.25815547937631317,0.036400268636668905,0.08369251370464911,0.13148842422602713,0.20930232558139536,0.33369352333355845,0.4819518202108828,0.5595419514956241
4,1990,9,0.1269310936733693,0.12003824947610425,0.1338847724800394,0.12359594131713307,0.14367133697459036,0.13292876751914462,0.03569352025324633,0.08537026323401793,0.13853828585166486,0.19560174445578546,0.3242467718794835,0.45149863760217984,0.5211970074812967
4,1991,9,0.1336743528756108,0.1262133995037221,0.14117506186636863,0.12954462567752809,0.15607070863699798,0.1391599490878235,0.038493968089246336,0.09226950106639628,0.14072810011376563,0.19799253863918992,0.3431508752431231,0.47047670639219935,0.5280728376327769
4,1992,9,0.13438462510080548,0.1279162376891548,0.14085766494304264,0.1297282702079089,0.1589907280741754,0.14193013944498137,0.03795649049454498,0.0916899584157066,0.13943863744893087,0.19822716607282523,0.338009171837065,0.47883597883597884,0.5306122448979592
4,1993,9,0.13523997870236557,0.1282822705028848,0.1421789247801895,0.1305511867743988,0.15940298507462686,0.14399675500270417,0.03694018734897885,0.09141024356018844,0.13880390802329023,0.1970215679561794,0.3371138052405162,0.4798459563543004,0.52832674571805
4,1994,9,0.13602684188452396,0.1294927685370554,0.14251225672262666,0.13081186674041212,0.16402232995445865,0.14410249636771894,0.03577455281808977,0.09158399579528283,0.13700147710487445,0.19705171983009911,0.3322438717787555,0.4838143036386449,0.5223325062034739
4,1995,9,0.13775468269116614,0.13164854540111667,0.14379393653157982,0.13224426741679252,0.1662809200057862,0.14832474226804124,0.03329004033084968,0.09197492773862492,0.1384365516946617,0.19981629926519706,0.33497477780446794,0.4835703776360961,0.5289898386132695
4,1996,9,0.13820009316658902,0.13272628921745402,0.14360489958695344,0.13278191405100817,0.16752246469833118,0.14655172413793102,0.03244221665274297,0.09039765969074484,0.13762940373966775,0.20251227957162413,0.33133097762073027,0.47869084059336003,0.5201166180758018
4,1997,9,0.14019224860641707,0.13496107572540694,0.14534367105148532,0.13471910860542027,0.1716192483315771,0.1470056633329317,0.03216979477284687,0.08947503694660412,0.13603707995365005,0.20041215868109222,0.3339166958347917,0.49429147078576224,0.5387224420576597
4,1998,9,0.1410928980546621,0.1350647546960175,0.14701070284272957,0.13598492686698832,0.17355257703468288,0.14361887098643794,0.0329239889900487,0.08791067761806981,0.134842739237118,0.20053384436383548,0.331543470810008,0.48615843270868825,0.5463065049614112
4,1999,9,0.14235235581342395,0.1367687405211049,0.14782289301455856,0.13718399965765515,0.17459671953368577,0.14654688377316114,0.03334039697676061,0.08725005653002552,0.13408723747980614,0.19970309171884076,0.32434792098657644,0.48665588354225636,0.5548352242031335
4,2000,9,0.1441363086659046,0.1386261280115187,0.14953194419397675,0.13912933727399898,0.1760713335107799,0.1480299361655294,0.03367242051536526,0.08585413607440039,0.13469771327137936,0.19740844384961675,0.32610734757686294,0.4855658198614319,0.5518867924528302
4,2001,9,0.14591305336875543,0.14063682115719878,0.15106365898691498,0.14061386199985537,0.1800846078750407,0.1509839767716959,0.034028345114197424,0.0856411602572516,0.13542685600566667,0.19672509225092252,0.3210981796478663,0.482662710921565,0.5611083621969322
4,2002,9,0.14748624670079816,0.14200058025208728,0.1528252753113921,0.14270070772412954,0.18188179909663466,0.1478683774834437,0.034310246948623335,0.08476243564940814,0.13554751726405787,0.19555866222174428,0.32335271317829456,0.4775960170697013,0.5651972157772622
4,2003,9,0.14901299380003324,0.14272167665825553,0.15512236234236484,0.14528695159462524,0.1818124882570301,0.14244125597837387,0.03353415112143428,0.08192835442192768,0.13698853270784467,0.19744318181818182,0.32435530085959885,0.475057288912392,0.5611285266457681
4,2004,9,0.15075548916172604,0.14473892030198693,0.15659694534748206,0.1476165761737464,0.18210197710718,0.14166499095113613,0.03282515136042016,0.08167866998721142,0.13615849950388886,0.19539902086601074,0.32486840890202234,0.479525321744944,0.5639130434782609
4,2005,9,0.15191002668699963,0.14595840812031938,0.1576921920567632,0.14957660496258368,0.1818780298042971,0.14221713849966638,0.03235987665517867,0.07886839531982331,0.1357282904307128,0.19720975266261773,0.32912675018422993,0.47199873797128883,0.5667643365424864
4,2006,9,0.15323013200631724,0.1476106891020791,0.15867938371239912,0.15150430146027077,0.18547727538263817,0.13791848617176128,0.03182383235659741,0.07728163210160102,0.13595818597227005,0.19584349047638722,0.3301307712836936,0.48354003981013627,0.5617889368379757
4,2007,9,0.1538690692436242,0.14790593306662336,0.15964859567040104,0.15316836284654708,0.18509848701113332,0.13503840782122906,0.031275919270113355,0.07620164126611957,0.13384817408704353,0.19562711190618168,0.330522218618229,0.4801433263660794,0.5629213483146067
4,2008,9,0.15453758005197166,0.14913458345964517,0.1597669512246238,0.15387910563124516,0.18648512917805926,0.13763080786940143,0.03050211168465509,0.07635426774182755,0.13256709780464127,0.1956122214564668,0.3270199173243142,0.47411050043390224,0.5610780539026952
4,2009,9,0.1549699364370383,0.15034965034965034,0.15943262411347517,0.15549035282148177,0.18872855976041383,0.13341675138812856,0.03025452217064191,0.073038275178043,0.13053839641278103,0.19795209226674554,0.32576609502389653,0.4755847353303242,0.5662414131501472
4,2010,9,0.15621648963075366,0.1518641179623191,0.16041109315815963,0.15721746284406132,0.18933304944908713,0.13222069806431946,0.030857142857142857,0.07311556977157442,0.12928726654278605,0.19723505605100103,0.32148520084566595,0.47090838408708047,0.5504698393452562
4,2011,9,0.15879491291934808,0.1548116587060356,0.16262880875573027,0.1594447487938926,0.19214133097086872,0.13621337340345605,0.030894308943089432,0.07310407652015487,0.12858540279574643,0.1969828333622334,0.32105559377149645,0.4715686274509804,0.547646383467279
4,2012,9,0.16178908128435437,0.15815937629548402,0.1652752446762054,0.1623991154371882,0.19439481341569248,0.1407462135205024,0.03084775854416334,0.07327614432584638,0.12745345534869043,0.198519469983775,0.32260884770064696,0.47762970014278916,0.5441097364174288
4,2013,9,0.16430424847991945,0.16108913502109704,0.1673874010570771,0.16502596232244776,0.19592900832247068,0.14346114593964135,0.03027818078597111,0.07406181745979218,0.12605545053560177,0.199035221040111,0.32563435263500323,0.47406891750783153,0.5441139079583015
4,2014,9,0.16710802724552803,0.1634352635003253,0.17062562313060817,0.16771848977966777,0.1991825881426039,0.1468345323741007,0.03056632079009876,0.0752940388030694,0.12479016881512685,0.19912998311907545,0.32543988641549615,0.47162687395891173,0.5513500482160077
4,2015,9,0.17033405111528246,0.16754625884407462,0.17300085984522787,0.17040733589119877,0.20379605868396844,0.1518421239440619,0.031500217242877535,0.07617029862792575,0.12383654213948744,0.20012826679493345,0.3265994844152801,0.4779379157427938,0.5539959248358615
4,2016,9,0.17340338529404475,0.1709334483546038,0.17576109859768946,0.17361902402774337,0.2056778127083929,0.15524730278828638,0.03125288950531669,0.07758708236010968,0.12351353088641769,0.20004445432318294,0.32912783541410234,0.47846332945285214,0.5485478977026441
4,2017,9,0.17677611173307395,0.17465431433263548,0.1787984514648951,0.17706582233030307,0.2089020214811688,0.15775290215588722,0.032571096213303945,0.07821171634121274,0.12219691379808155,0.19987941867106682,0.33092552697165545,0.4758719541328237,0.5494666387784982
4,2018,9,0.17965262045008307,0.1769953167975816,0.1821815566377003,0.17995627939242875,0.21016870811185578,0.1633376508282773,0.03378669456581943,0.07830752512904102,0.12236871796524934,0.19979674151237017,0.327033056175218,0.4784255019373019,0.5434782608695652
4,2019,9,0.1830352348793089,0.18118586368200632,0.1847922192749779,0.1832638518010729,0.21567912488605287,0.16442411194833154,0.033305345647914916,0.07956672907194437,0.12090104585679808,0.20147679324894516,0.3309991393474689,0.4730926989335521,0.5408238322912836
4,2020,9,0.18629356746568665,0.18453269270435216,0.18796498905908096,0.1867076602067592,0.21752837326607818,0.16816277678037103,0.03443595732592639,0.08023561516190222,0.12135250780169224,0.1986360858236562,0.3319960638861555,0.4683244070390207,0.5443989071038251
4,2021,9,0.1903685695065677,0.18844275768710114,0.1922056958376571,0.1906652640570746,0.2230456716817715,0.17072200490618578,0.033897198092874406,0.08016186208280382,0.12359477124183006,0.19803801348865727,0.3321855080958312,0.4653279399017625,0.5469328610529706
4,2022,9,0.19261907935532852,0.19180398133155538,0.1933921252018383,0.19302245949353297,0.22772538997091743,0.17130910260533933,0.03466421101098467,0.07690808704124716,0.1223195311996909,0.19699068853304122,0.33470101327244184,0.47272849552760776,0.548625294579733
4,2023,9,0.19444634468919597,0.1942258450985459,0.19465429008174748,0.19466875254024127,0.23163398692810458,0.1734412244385899,0.034591928550005,0.07584482976838375,0.12038129244110052,0.1946351793621254,0.33851299561006204,0.47144638403990025,0.5442572741194487
4,2024,9,0.19794930380391138,0.19851131100299838,0.1974205586960101,0.1982853876928939,0.23537790823153623,0.17575757575757575,0.034117246080436266,0.07581838705631506,0.11994600501382015,0.19305180614474868,0.3371412935663714,0.47720276470929895,0.5462184873949579
4,2025,9,0.20216446326477888,0.20290023201856147,0.20147401423936945,0.20222163248284492,0.24099580802463855,0.18056571567910265,0.03438904567785095,0.0766610413150822,0.12014543582483349,0.1913377192982456,0.3400101334234082,0.48084054388133496,0.5491501416430595
4,2026,9,0.2061659180329696,0.2072498847395113,0.2051511685621183,0.20657202706572028,0.24480605004885925,0.18152330610283518,0.03580887805911643,0.07644879020957245,0.1223692704970949,0.19098865478119936,0.33863423760523853,0.483066673396255,0.556302973227499
4,2027,9,0.20946125559346063,0.21089683322249994,0.2081199785752544,0.2090981344850339,0.25129850935349013,0.1860989206499822,0.03499910442414472,0.07872109265869937,0.1226977866153796,0.18975270728947793,0.3396050173472111,0.4810745401742498,0.5562881562881563
4,2028,9,0.21281901658115518,0.21425228577625074,0.21148386410760805,0.21263634123944544,0.2555029139239445,0.1872512292203231,0.034970887918486175,0.08153093849915366,0.12145370041635736,0.19027395039714703,0.33872419887292005,0.48146425415135585,0.5534956444047353
4,2029,9,0.21567671232876712,0.217429867752243,0.21404625683435738,0.2154652140587443,0.25911404021022777,0.18862136821391365,0.03524861878453039,0.08109150515861537,0.122809249658068,0.18889678336132282,0.3387866165009406,0.481083019544558,0.5486780077884812
4,2030,9,0.2194031640808138,0.22153748555633596,0.21742328709541825,0.21895732489270067,0.26333692856550234,0.19306987399770906,0.03555837468751166,0.08095346641049855,0.1233609932222715,0.18982702077036848,0.3410653211879042,0.4806976542889293,0.5493355951371218
4,2031,9,0.2231337739869756,0.22605774325558323,0.22042415378186378,0.22225338391367883,0.2678770373426862,0.1976051302423245,0.03471436118028828,0.0810846604641923,0.12383735545500252,0.19153173991261888,0.34138141809290956,0.48739565943238733,0.541292481070611
4,2032,9,0.2256433252473081,0.22792529252925292,0.22353528109507032,0.22491053941419883,0.26992657012757926,0.20030400270224624,0.033638330992065,0.08273271749061009,0.12425220033200739,0.1910021898750483,0.33734857995996065,0.48719410399446234,0.5437171916010499
4,2033,9,0.22801001318941616,0.23044288311746616,0.22576740432663955,0.22715485259654872,0.2744721689059501,0.20173087660524847,0.033225499524262604,0.08230210853784999,0.12599212549215674,0.187672254466457,0.3360711147164199,0.4853777901563681,0.5495842315983985
4,2034,9,0.23100943224131085,0.23388027104216833,0.22836956857575413,0.22984941128169034,0.27591525286143354,0.2072501524305748,0.033652385293223945,0.08331260880378015,0.1265783609804407,0.1869109947643979,0.33483366611391246,0.48823851203501095,0.5494458039441485
4,2035,9,0.23370449678800856,0.2360848608206493,0.23151884825893637,0.23227380280864718,0.278242255341492,0.21152045817500964,0.033465467296844034,0.08316363636363637,0.1268009749174714,0.18794012642887556,0.33413543008201724,0.49038015762633286,0.5492871690427699
4,2036,9,0.2349748980148313,0.23666614486660553,0.23342520209419793,0.2334591563748305,0.2801814095360411,0.21310397721047442,0.0327799716290304,0.08320350174345278,0.12659551563989788,0.18999934335806684,0.32754799331673884,0.4913308072109312,0.5462076937897373
4,2037,9,0.2380690494751343,0.23943961179811712,0.23681628648516065,0.2362837956718081,0.28322822702961603,0.2165539065910083,0.03256172839506173,0.08277683455951708,0.12877627305594705,0.19167274414904198,0.32903949425599893,0.490519877675841,0.5493778452200303
4,2038,9,0.2405393579783147,0.24199881422482744,0.23920828444625822,0.2383659934117371,0.28549866942050284,0.2214421768707483,0.0317305820517812,0.0824521891819674,0.13259172037679723,0.1918654313686839,0.3295857181793404,0.4893836401130375,0.549600648223174
4,2039,9,0.24306859899257235,0.24444245349579474,0.24181827447383172,0.24101919628421084,0.28641965555379995,0.22500271414612963,0.03182783853961759,0.08323076923076923,0.13186987737467437,0.19303981871155715,0.3297374313047018,0.490744296796989,0.5505357340108251
4,2040,9,0.24489566913355953,0.24544780978468309,0.2443941387010921,0.2425603469256809,0.2866690254353894,0.22850029766737023,0.03224008915777742,0.08312480450422272,0.13158995142976615,0.19475957199948435,0.329075857408346,0.4896861333642943,0.5487985603895417
4,2041,9,0.24718613559049635,0.24807844021187872,0.24637769949456273,0.24423280580014958,0.28781290398401693,0.23455185486054697,0.03246204035603528,0.08259951388612184,0.13095861707700368,0.19476289318218107,0.3311598364809622,0.48725829669688364,0.5535294718561651
4,2042,9,0.24835764272165126,0.24921552249588008,0.24758232341779898,0.24550413775188332,0.28746832976028064,0.23559982676483326,0.03148781960942219,0.08161714719878434,0.13245520192564858,0.1966190188150648,0.32775727201923405,0.4864412714469128,0.5541215447757504
4,2043,9,0.25109380116707913,0.25207144797609343,0.2502118795503048,0.24848557101237623,0.2911688008406959,0.23658180638884385,0.03300544671164946,0.08131973990527415,0.13218115991529475,0.1975928101876846,0.3285295720904879,0.48751835535976507,0.5578886534386438
4,2044,9,0.25221886329650467,0.25258182892330067,0.2518924882772993,0.24972131822092544,0.2911038658593386,0.2381955699621826,0.03325173398612811,0.08159645232815965,0.13093065693430658,0.19918136020151134,0.3292837777548989,0.48386847195357835,0.5570130235172867
4,2045,9,0.2541130890391371,0.25443179484839495,0.25382701385404616,0.2516876400102236,0.29174091578213374,0.2421434763762462,0.03436995320717214,0.08149371575894296,0.1321209071631384,0.19955438398292852,0.3297938144329897,0.48268113134444013,0.5585950071261091
4,2046,9,0.25503428463018674,0.254302190935877,0.2556908145010384,0.2524436374640642,0.29206177187753996,0.24343610415077896,0.03504919555762003,0.08105709098244906,0.1325044926101148,0.19847352122368545,0.3336661616857182,0.47966399687438954,0.5547778179190751
4,2047,9,0.2580388913675093,0.25832392451438974,0.2577838261371603,0.25517325357504356,0.2943991971281893,0.2494274184752972,0.034882229726841366,0.08269363551439828,0.13382857996117664,0.1991773650754082,0.3364261884904087,0.4810057816926002,0.5601037892005547
4,2048,9,0.2601513206413373,0.2608816479660958,0.25949903820299086,0.25753412074495363,0.294256066041739,0.25307999780977936,0.03559211950638667,0.08205973223480947,0.13106283472882252,0.20459922399924294,0.33531698255993947,0.48254165533848603,0.5595532403319795
4,2049,9,0.26170472142598267,0.2628230523641957,0.2607079057787379,0.2600249757180519,0.29428097643746864,0.2496559317368566,0.03574734429408913,0.08400182883744128,0.13297346612940014,0.2038558581872291,0.33426117655045995,0.47888085945047726,0.5607349587791616
4,2050,9,0.26421893798081697,0.2657303304922799,0.2628747197747771,0.26238311411166726,0.29647349332510226,0.25588853256662614,0.03599731363331095,0.08444574632799096,0.1331117381053608,0.20406157877497544,0.336766394272979,0.47875779265758484,0.5645926764488178
