sim_year,agent_gender,agent_age,mortality_rate
1990,male,0,0.0070999999999999
1990,male,1,0.0004
1990,male,2,0.0004
1990,male,3,0.0004
1990,male,4,0.0004
1990,male,5,0.0002
1990,male,6,0.0002
1990,male,7,0.0002
1990,male,8,0.0002
1990,male,9,0.0002
1990,male,10,0.0003
1990,male,11,0.0003
1990,male,12,0.0003
1990,male,13,0.0003
1990,male,14,0.0003
1990,male,15,0.0005
1990,male,16,0.0005
1990,male,17,0.0005
1990,male,18,0.0005
1990,male,19,0.0005
1990,male,20,0.0008
1990,male,21,0.0008
1990,male,22,0.0008
1990,male,23,0.0008
1990,male,24,0.0008
1990,male,25,0.0008
1990,male,26,0.0008
1990,male,27,0.0008
1990,male,28,0.0008
1990,male,29,0.0008
1990,male,30,0.0009
1990,male,31,0.0009
1990,male,32,0.0009
1990,male,33,0.0009
1990,male,34,0.0009
1990,male,35,0.0014
1990,male,36,0.0014
1990,male,37,0.0014
1990,male,38,0.0014
1990,male,39,0.0014
1990,male,40,0.0021
1990,male,41,0.0021
1990,male,42,0.0021
1990,male,43,0.0021
1990,male,44,0.0021
1990,male,45,0.004
1990,male,46,0.004
1990,male,47,0.004
1990,male,48,0.004
1990,male,49,0.004
1990,male,50,0.0068
1990,male,51,0.0068
1990,male,52,0.0068
1990,male,53,0.0068
1990,male,54,0.0068
1990,male,55,0.012
1990,male,56,0.012
1990,male,57,0.012
1990,male,58,0.012
1990,male,59,0.012
1990,male,60,0.0208
1990,male,61,0.0208
1990,male,62,0.0208
1990,male,63,0.0208
1990,male,64,0.0208
1990,male,65,0.0301
1990,male,66,0.0301
1990,male,67,0.0301
1990,male,68,0.0301
1990,male,69,0.0301
1990,male,70,0.0469
1990,male,71,0.0469
1990,male,72,0.0469
1990,male,73,0.0469
1990,male,74,0.0469
1990,male,75,0.0673
1990,male,76,0.0673
1990,male,77,0.0673
1990,male,78,0.0673
1990,male,79,0.0673
1990,male,80,0.0972
1990,male,81,0.0972
1990,male,82,0.0972
1990,male,83,0.0972
1990,male,84,0.0972
1990,male,85,0.1423
1991,male,0,0.0058
1991,male,1,0.0003
1991,male,2,0.0003
1991,male,3,0.0003
1991,male,4,0.0003
1991,male,5,0.0002
1991,male,6,0.0002
1991,male,7,0.0002
1991,male,8,0.0002
1991,male,9,0.0002
1991,male,10,0.0002
1991,male,11,0.0002
1991,male,12,0.0002
1991,male,13,0.0002
1991,male,14,0.0002
1991,male,15,0.0005
1991,male,16,0.0005
1991,male,17,0.0005
1991,male,18,0.0005
1991,male,19,0.0005
1991,male,20,0.0007
1991,male,21,0.0007
1991,male,22,0.0007
1991,male,23,0.0007
1991,male,24,0.0007
1991,male,25,0.0008
1991,male,26,0.0008
1991,male,27,0.0008
1991,male,28,0.0008
1991,male,29,0.0008
1991,male,30,0.0009
1991,male,31,0.0009
1991,male,32,0.0009
1991,male,33,0.0009
1991,male,34,0.0009
1991,male,35,0.0012
1991,male,36,0.0012
1991,male,37,0.0012
1991,male,38,0.0012
1991,male,39,0.0012
1991,male,40,0.0019
1991,male,41,0.0019
1991,male,42,0.0019
1991,male,43,0.0019
1991,male,44,0.0019
1991,male,45,0.0034
1991,male,46,0.0034
1991,male,47,0.0034
1991,male,48,0.0034
1991,male,49,0.0034
1991,male,50,0.0067
1991,male,51,0.0067
1991,male,52,0.0067
1991,male,53,0.0067
1991,male,54,0.0067
1991,male,55,0.0125
1991,male,56,0.0125
1991,male,57,0.0125
1991,male,58,0.0125
1991,male,59,0.0125
1991,male,60,0.0206
1991,male,61,0.0206
1991,male,62,0.0206
1991,male,63,0.0206
1991,male,64,0.0206
1991,male,65,0.0301999999999999
1991,male,66,0.0301999999999999
1991,male,67,0.0301999999999999
1991,male,68,0.0301999999999999
1991,male,69,0.0301999999999999
1991,male,70,0.0458999999999999
1991,male,71,0.0458999999999999
1991,male,72,0.0458999999999999
1991,male,73,0.0458999999999999
1991,male,74,0.0458999999999999
1991,male,75,0.0676
1991,male,76,0.0676
1991,male,77,0.0676
1991,male,78,0.0676
1991,male,79,0.0676
1991,male,80,0.1031
1991,male,81,0.1031
1991,male,82,0.1031
1991,male,83,0.1031
1991,male,84,0.1031
1991,male,85,0.1351
1992,male,0,0.0052
1992,male,1,0.0003
1992,male,2,0.0003
1992,male,3,0.0003
1992,male,4,0.0003
1992,male,5,0.0003
1992,male,6,0.0003
1992,male,7,0.0003
1992,male,8,0.0003
1992,male,9,0.0003
1992,male,10,0.0004
1992,male,11,0.0004
1992,male,12,0.0004
1992,male,13,0.0004
1992,male,14,0.0004
1992,male,15,0.0005
1992,male,16,0.0005
1992,male,17,0.0005
1992,male,18,0.0005
1992,male,19,0.0005
1992,male,20,0.0008
1992,male,21,0.0008
1992,male,22,0.0008
1992,male,23,0.0008
1992,male,24,0.0008
1992,male,25,0.0008
1992,male,26,0.0008
1992,male,27,0.0008
1992,male,28,0.0008
1992,male,29,0.0008
1992,male,30,0.0009
1992,male,31,0.0009
1992,male,32,0.0009
1992,male,33,0.0009
1992,male,34,0.0009
1992,male,35,0.0012
1992,male,36,0.0012
1992,male,37,0.0012
1992,male,38,0.0012
1992,male,39,0.0012
1992,male,40,0.0021
1992,male,41,0.0021
1992,male,42,0.0021
1992,male,43,0.0021
1992,male,44,0.0021
1992,male,45,0.0037
1992,male,46,0.0037
1992,male,47,0.0037
1992,male,48,0.0037
1992,male,49,0.0037
1992,male,50,0.0060999999999999
1992,male,51,0.0060999999999999
1992,male,52,0.0060999999999999
1992,male,53,0.0060999999999999
1992,male,54,0.0060999999999999
1992,male,55,0.0109
1992,male,56,0.0109
1992,male,57,0.0109
1992,male,58,0.0109
1992,male,59,0.0109
1992,male,60,0.0203
1992,male,61,0.0203
1992,male,62,0.0203
1992,male,63,0.0203
1992,male,64,0.0203
1992,male,65,0.031
1992,male,66,0.031
1992,male,67,0.031
1992,male,68,0.031
1992,male,69,0.031
1992,male,70,0.0467999999999999
1992,male,71,0.0467999999999999
1992,male,72,0.0467999999999999
1992,male,73,0.0467999999999999
1992,male,74,0.0467999999999999
1992,male,75,0.0688
1992,male,76,0.0688
1992,male,77,0.0688
1992,male,78,0.0688
1992,male,79,0.0688
1992,male,80,0.0975999999999999
1992,male,81,0.0975999999999999
1992,male,82,0.0975999999999999
1992,male,83,0.0975999999999999
1992,male,84,0.0975999999999999
1992,male,85,0.1470999999999999
1993,male,0,0.005
1993,male,1,0.0003
1993,male,2,0.0003
1993,male,3,0.0003
1993,male,4,0.0003
1993,male,5,0.0001
1993,male,6,0.0001
1993,male,7,0.0001
1993,male,8,0.0001
1993,male,9,0.0001
1993,male,10,0.0003
1993,male,11,0.0003
1993,male,12,0.0003
1993,male,13,0.0003
1993,male,14,0.0003
1993,male,15,0.0005
1993,male,16,0.0005
1993,male,17,0.0005
1993,male,18,0.0005
1993,male,19,0.0005
1993,male,20,0.0008
1993,male,21,0.0008
1993,male,22,0.0008
1993,male,23,0.0008
1993,male,24,0.0008
1993,male,25,0.0006
1993,male,26,0.0006
1993,male,27,0.0006
1993,male,28,0.0006
1993,male,29,0.0006
1993,male,30,0.0007
1993,male,31,0.0007
1993,male,32,0.0007
1993,male,33,0.0007
1993,male,34,0.0007
1993,male,35,0.001
1993,male,36,0.001
1993,male,37,0.001
1993,male,38,0.001
1993,male,39,0.001
1993,male,40,0.002
1993,male,41,0.002
1993,male,42,0.002
1993,male,43,0.002
1993,male,44,0.002
1993,male,45,0.0034
1993,male,46,0.0034
1993,male,47,0.0034
1993,male,48,0.0034
1993,male,49,0.0034
1993,male,50,0.0060999999999999
1993,male,51,0.0060999999999999
1993,male,52,0.0060999999999999
1993,male,53,0.0060999999999999
1993,male,54,0.0060999999999999
1993,male,55,0.0105
1993,male,56,0.0105
1993,male,57,0.0105
1993,male,58,0.0105
1993,male,59,0.0105
1993,male,60,0.0184
1993,male,61,0.0184
1993,male,62,0.0184
1993,male,63,0.0184
1993,male,64,0.0184
1993,male,65,0.0292
1993,male,66,0.0292
1993,male,67,0.0292
1993,male,68,0.0292
1993,male,69,0.0292
1993,male,70,0.0448999999999999
1993,male,71,0.0448999999999999
1993,male,72,0.0448999999999999
1993,male,73,0.0448999999999999
1993,male,74,0.0448999999999999
1993,male,75,0.07
1993,male,76,0.07
1993,male,77,0.07
1993,male,78,0.07
1993,male,79,0.07
1993,male,80,0.0899
1993,male,81,0.0899
1993,male,82,0.0899
1993,male,83,0.0899
1993,male,84,0.0899
1993,male,85,0.1375
1994,male,0,0.0043
1994,male,1,0.0004
1994,male,2,0.0004
1994,male,3,0.0004
1994,male,4,0.0004
1994,male,5,0.0002
1994,male,6,0.0002
1994,male,7,0.0002
1994,male,8,0.0002
1994,male,9,0.0002
1994,male,10,0.0003
1994,male,11,0.0003
1994,male,12,0.0003
1994,male,13,0.0003
1994,male,14,0.0003
1994,male,15,0.0005
1994,male,16,0.0005
1994,male,17,0.0005
1994,male,18,0.0005
1994,male,19,0.0005
1994,male,20,0.0007
1994,male,21,0.0007
1994,male,22,0.0007
1994,male,23,0.0007
1994,male,24,0.0007
1994,male,25,0.0007
1994,male,26,0.0007
1994,male,27,0.0007
1994,male,28,0.0007
1994,male,29,0.0007
1994,male,30,0.0008
1994,male,31,0.0008
1994,male,32,0.0008
1994,male,33,0.0008
1994,male,34,0.0008
1994,male,35,0.0013
1994,male,36,0.0013
1994,male,37,0.0013
1994,male,38,0.0013
1994,male,39,0.0013
1994,male,40,0.002
1994,male,41,0.002
1994,male,42,0.002
1994,male,43,0.002
1994,male,44,0.002
1994,male,45,0.0032
1994,male,46,0.0032
1994,male,47,0.0032
1994,male,48,0.0032
1994,male,49,0.0032
1994,male,50,0.006
1994,male,51,0.006
1994,male,52,0.006
1994,male,53,0.006
1994,male,54,0.006
1994,male,55,0.0105
1994,male,56,0.0105
1994,male,57,0.0105
1994,male,58,0.0105
1994,male,59,0.0105
1994,male,60,0.0179
1994,male,61,0.0179
1994,male,62,0.0179
1994,male,63,0.0179
1994,male,64,0.0179
1994,male,65,0.0306999999999999
1994,male,66,0.0306999999999999
1994,male,67,0.0306999999999999
1994,male,68,0.0306999999999999
1994,male,69,0.0306999999999999
1994,male,70,0.0453999999999999
1994,male,71,0.0453999999999999
1994,male,72,0.0453999999999999
1994,male,73,0.0453999999999999
1994,male,74,0.0453999999999999
1994,male,75,0.07
1994,male,76,0.07
1994,male,77,0.07
1994,male,78,0.07
1994,male,79,0.07
1994,male,80,0.1006
1994,male,81,0.1006
1994,male,82,0.1006
1994,male,83,0.1006
1994,male,84,0.1006
1994,male,85,0.1396
1995,male,0,0.0043
1995,male,1,0.0004
1995,male,2,0.0004
1995,male,3,0.0004
1995,male,4,0.0004
1995,male,5,0.0002
1995,male,6,0.0002
1995,male,7,0.0002
1995,male,8,0.0002
1995,male,9,0.0002
1995,male,10,0.0003
1995,male,11,0.0003
1995,male,12,0.0003
1995,male,13,0.0003
1995,male,14,0.0003
1995,male,15,0.0005
1995,male,16,0.0005
1995,male,17,0.0005
1995,male,18,0.0005
1995,male,19,0.0005
1995,male,20,0.0007
1995,male,21,0.0007
1995,male,22,0.0007
1995,male,23,0.0007
1995,male,24,0.0007
1995,male,25,0.0006
1995,male,26,0.0006
1995,male,27,0.0006
1995,male,28,0.0006
1995,male,29,0.0006
1995,male,30,0.0008
1995,male,31,0.0008
1995,male,32,0.0008
1995,male,33,0.0008
1995,male,34,0.0008
1995,male,35,0.0013
1995,male,36,0.0013
1995,male,37,0.0013
1995,male,38,0.0013
1995,male,39,0.0013
1995,male,40,0.0018
1995,male,41,0.0018
1995,male,42,0.0018
1995,male,43,0.0018
1995,male,44,0.0018
1995,male,45,0.0036
1995,male,46,0.0036
1995,male,47,0.0036
1995,male,48,0.0036
1995,male,49,0.0036
1995,male,50,0.0058
1995,male,51,0.0058
1995,male,52,0.0058
1995,male,53,0.0058
1995,male,54,0.0058
1995,male,55,0.0107
1995,male,56,0.0107
1995,male,57,0.0107
1995,male,58,0.0107
1995,male,59,0.0107
1995,male,60,0.018
1995,male,61,0.018
1995,male,62,0.018
1995,male,63,0.018
1995,male,64,0.018
1995,male,65,0.0296
1995,male,66,0.0296
1995,male,67,0.0296
1995,male,68,0.0296
1995,male,69,0.0296
1995,male,70,0.0466
1995,male,71,0.0466
1995,male,72,0.0466
1995,male,73,0.0466
1995,male,74,0.0466
1995,male,75,0.0742
1995,male,76,0.0742
1995,male,77,0.0742
1995,male,78,0.0742
1995,male,79,0.0742
1995,male,80,0.1052
1995,male,81,0.1052
1995,male,82,0.1052
1995,male,83,0.1052
1995,male,84,0.1052
1995,male,85,0.1514
1996,male,0,0.0035
1996,male,1,0.0004
1996,male,2,0.0004
1996,male,3,0.0004
1996,male,4,0.0004
1996,male,5,0.0002
1996,male,6,0.0002
1996,male,7,0.0002
1996,male,8,0.0002
1996,male,9,0.0002
1996,male,10,0.0003
1996,male,11,0.0003
1996,male,12,0.0003
1996,male,13,0.0003
1996,male,14,0.0003
1996,male,15,0.0005
1996,male,16,0.0005
1996,male,17,0.0005
1996,male,18,0.0005
1996,male,19,0.0005
1996,male,20,0.0007
1996,male,21,0.0007
1996,male,22,0.0007
1996,male,23,0.0007
1996,male,24,0.0007
1996,male,25,0.0007
1996,male,26,0.0007
1996,male,27,0.0007
1996,male,28,0.0007
1996,male,29,0.0007
1996,male,30,0.0008
1996,male,31,0.0008
1996,male,32,0.0008
1996,male,33,0.0008
1996,male,34,0.0008
1996,male,35,0.0012
1996,male,36,0.0012
1996,male,37,0.0012
1996,male,38,0.0012
1996,male,39,0.0012
1996,male,40,0.002
1996,male,41,0.002
1996,male,42,0.002
1996,male,43,0.002
1996,male,44,0.002
1996,male,45,0.0031
1996,male,46,0.0031
1996,male,47,0.0031
1996,male,48,0.0031
1996,male,49,0.0031
1996,male,50,0.0059
1996,male,51,0.0059
1996,male,52,0.0059
1996,male,53,0.0059
1996,male,54,0.0059
1996,male,55,0.0096999999999999
1996,male,56,0.0096999999999999
1996,male,57,0.0096999999999999
1996,male,58,0.0096999999999999
1996,male,59,0.0096999999999999
1996,male,60,0.0179
1996,male,61,0.0179
1996,male,62,0.0179
1996,male,63,0.0179
1996,male,64,0.0179
1996,male,65,0.0281
1996,male,66,0.0281
1996,male,67,0.0281
1996,male,68,0.0281
1996,male,69,0.0281
1996,male,70,0.0431
1996,male,71,0.0431
1996,male,72,0.0431
1996,male,73,0.0431
1996,male,74,0.0431
1996,male,75,0.0711
1996,male,76,0.0711
1996,male,77,0.0711
1996,male,78,0.0711
1996,male,79,0.0711
1996,male,80,0.104
1996,male,81,0.104
1996,male,82,0.104
1996,male,83,0.104
1996,male,84,0.104
1996,male,85,0.141
1997,male,0,0.004
1997,male,1,0.0003
1997,male,2,0.0003
1997,male,3,0.0003
1997,male,4,0.0003
1997,male,5,0.0002
1997,male,6,0.0002
1997,male,7,0.0002
1997,male,8,0.0002
1997,male,9,0.0002
1997,male,10,0.0002
1997,male,11,0.0002
1997,male,12,0.0002
1997,male,13,0.0002
1997,male,14,0.0002
1997,male,15,0.0004
1997,male,16,0.0004
1997,male,17,0.0004
1997,male,18,0.0004
1997,male,19,0.0004
1997,male,20,0.0008
1997,male,21,0.0008
1997,male,22,0.0008
1997,male,23,0.0008
1997,male,24,0.0008
1997,male,25,0.0006
1997,male,26,0.0006
1997,male,27,0.0006
1997,male,28,0.0006
1997,male,29,0.0006
1997,male,30,0.0008
1997,male,31,0.0008
1997,male,32,0.0008
1997,male,33,0.0008
1997,male,34,0.0008
1997,male,35,0.001
1997,male,36,0.001
1997,male,37,0.001
1997,male,38,0.001
1997,male,39,0.001
1997,male,40,0.0019
1997,male,41,0.0019
1997,male,42,0.0019
1997,male,43,0.0019
1997,male,44,0.0019
1997,male,45,0.0026
1997,male,46,0.0026
1997,male,47,0.0026
1997,male,48,0.0026
1997,male,49,0.0026
1997,male,50,0.0053
1997,male,51,0.0053
1997,male,52,0.0053
1997,male,53,0.0053
1997,male,54,0.0053
1997,male,55,0.0092
1997,male,56,0.0092
1997,male,57,0.0092
1997,male,58,0.0092
1997,male,59,0.0092
1997,male,60,0.0167
1997,male,61,0.0167
1997,male,62,0.0167
1997,male,63,0.0167
1997,male,64,0.0167
1997,male,65,0.027
1997,male,66,0.027
1997,male,67,0.027
1997,male,68,0.027
1997,male,69,0.027
1997,male,70,0.0409
1997,male,71,0.0409
1997,male,72,0.0409
1997,male,73,0.0409
1997,male,74,0.0409
1997,male,75,0.0674
1997,male,76,0.0674
1997,male,77,0.0674
1997,male,78,0.0674
1997,male,79,0.0674
1997,male,80,0.0978
1997,male,81,0.0978
1997,male,82,0.0978
1997,male,83,0.0978
1997,male,84,0.0978
1997,male,85,0.1316
1998,male,0,0.0040999999999999
1998,male,1,0.0003
1998,male,2,0.0003
1998,male,3,0.0003
1998,male,4,0.0003
1998,male,5,0.0001
1998,male,6,0.0001
1998,male,7,0.0001
1998,male,8,0.0001
1998,male,9,0.0001
1998,male,10,0.0002
1998,male,11,0.0002
1998,male,12,0.0002
1998,male,13,0.0002
1998,male,14,0.0002
1998,male,15,0.0004
1998,male,16,0.0004
1998,male,17,0.0004
1998,male,18,0.0004
1998,male,19,0.0004
1998,male,20,0.0006
1998,male,21,0.0006
1998,male,22,0.0006
1998,male,23,0.0006
1998,male,24,0.0006
1998,male,25,0.0006
1998,male,26,0.0006
1998,male,27,0.0006
1998,male,28,0.0006
1998,male,29,0.0006
1998,male,30,0.0008
1998,male,31,0.0008
1998,male,32,0.0008
1998,male,33,0.0008
1998,male,34,0.0008
1998,male,35,0.0011
1998,male,36,0.0011
1998,male,37,0.0011
1998,male,38,0.0011
1998,male,39,0.0011
1998,male,40,0.0017
1998,male,41,0.0017
1998,male,42,0.0017
1998,male,43,0.0017
1998,male,44,0.0017
1998,male,45,0.0028
1998,male,46,0.0028
1998,male,47,0.0028
1998,male,48,0.0028
1998,male,49,0.0028
1998,male,50,0.0049
1998,male,51,0.0049
1998,male,52,0.0049
1998,male,53,0.0049
1998,male,54,0.0049
1998,male,55,0.0091
1998,male,56,0.0091
1998,male,57,0.0091
1998,male,58,0.0091
1998,male,59,0.0091
1998,male,60,0.0162
1998,male,61,0.0162
1998,male,62,0.0162
1998,male,63,0.0162
1998,male,64,0.0162
1998,male,65,0.0273999999999999
1998,male,66,0.0273999999999999
1998,male,67,0.0273999999999999
1998,male,68,0.0273999999999999
1998,male,69,0.0273999999999999
1998,male,70,0.0418
1998,male,71,0.0418
1998,male,72,0.0418
1998,male,73,0.0418
1998,male,74,0.0418
1998,male,75,0.0649
1998,male,76,0.0649
1998,male,77,0.0649
1998,male,78,0.0649
1998,male,79,0.0649
1998,male,80,0.1034
1998,male,81,0.1034
1998,male,82,0.1034
1998,male,83,0.1034
1998,male,84,0.1034
1998,male,85,0.1352
1999,male,0,0.0032
1999,male,1,0.0002
1999,male,2,0.0002
1999,male,3,0.0002
1999,male,4,0.0002
1999,male,5,0.0001
1999,male,6,0.0001
1999,male,7,0.0001
1999,male,8,0.0001
1999,male,9,0.0001
1999,male,10,0.0002
1999,male,11,0.0002
1999,male,12,0.0002
1999,male,13,0.0002
1999,male,14,0.0002
1999,male,15,0.0004
1999,male,16,0.0004
1999,male,17,0.0004
1999,male,18,0.0004
1999,male,19,0.0004
1999,male,20,0.0007
1999,male,21,0.0007
1999,male,22,0.0007
1999,male,23,0.0007
1999,male,24,0.0007
1999,male,25,0.0006
1999,male,26,0.0006
1999,male,27,0.0006
1999,male,28,0.0006
1999,male,29,0.0006
1999,male,30,0.0007
1999,male,31,0.0007
1999,male,32,0.0007
1999,male,33,0.0007
1999,male,34,0.0007
1999,male,35,0.001
1999,male,36,0.001
1999,male,37,0.001
1999,male,38,0.001
1999,male,39,0.001
1999,male,40,0.0017
1999,male,41,0.0017
1999,male,42,0.0017
1999,male,43,0.0017
1999,male,44,0.0017
1999,male,45,0.0025
1999,male,46,0.0025
1999,male,47,0.0025
1999,male,48,0.0025
1999,male,49,0.0025
1999,male,50,0.0047
1999,male,51,0.0047
1999,male,52,0.0047
1999,male,53,0.0047
1999,male,54,0.0047
1999,male,55,0.0083
1999,male,56,0.0083
1999,male,57,0.0083
1999,male,58,0.0083
1999,male,59,0.0083
1999,male,60,0.016
1999,male,61,0.016
1999,male,62,0.016
1999,male,63,0.016
1999,male,64,0.016
1999,male,65,0.0251
1999,male,66,0.0251
1999,male,67,0.0251
1999,male,68,0.0251
1999,male,69,0.0251
1999,male,70,0.0378
1999,male,71,0.0378
1999,male,72,0.0378
1999,male,73,0.0378
1999,male,74,0.0378
1999,male,75,0.0642
1999,male,76,0.0642
1999,male,77,0.0642
1999,male,78,0.0642
1999,male,79,0.0642
1999,male,80,0.0962
1999,male,81,0.0962
1999,male,82,0.0962
1999,male,83,0.0962
1999,male,84,0.0962
1999,male,85,0.1505
2000,male,0,0.0028
2000,male,1,0.0003
2000,male,2,0.0003
2000,male,3,0.0003
2000,male,4,0.0003
2000,male,5,0.0001
2000,male,6,0.0001
2000,male,7,0.0001
2000,male,8,0.0001
2000,male,9,0.0001
2000,male,10,0.0003
2000,male,11,0.0003
2000,male,12,0.0003
2000,male,13,0.0003
2000,male,14,0.0003
2000,male,15,0.0003
2000,male,16,0.0003
2000,male,17,0.0003
2000,male,18,0.0003
2000,male,19,0.0003
2000,male,20,0.0007
2000,male,21,0.0007
2000,male,22,0.0007
2000,male,23,0.0007
2000,male,24,0.0007
2000,male,25,0.0006
2000,male,26,0.0006
2000,male,27,0.0006
2000,male,28,0.0006
2000,male,29,0.0006
2000,male,30,0.0008
2000,male,31,0.0008
2000,male,32,0.0008
2000,male,33,0.0008
2000,male,34,0.0008
2000,male,35,0.0013
2000,male,36,0.0013
2000,male,37,0.0013
2000,male,38,0.0013
2000,male,39,0.0013
2000,male,40,0.0018
2000,male,41,0.0018
2000,male,42,0.0018
2000,male,43,0.0018
2000,male,44,0.0018
2000,male,45,0.0027
2000,male,46,0.0027
2000,male,47,0.0027
2000,male,48,0.0027
2000,male,49,0.0027
2000,male,50,0.0042
2000,male,51,0.0042
2000,male,52,0.0042
2000,male,53,0.0042
2000,male,54,0.0042
2000,male,55,0.0079
2000,male,56,0.0079
2000,male,57,0.0079
2000,male,58,0.0079
2000,male,59,0.0079
2000,male,60,0.0144
2000,male,61,0.0144
2000,male,62,0.0144
2000,male,63,0.0144
2000,male,64,0.0144
2000,male,65,0.0245
2000,male,66,0.0245
2000,male,67,0.0245
2000,male,68,0.0245
2000,male,69,0.0245
2000,male,70,0.0364
2000,male,71,0.0364
2000,male,72,0.0364
2000,male,73,0.0364
2000,male,74,0.0364
2000,male,75,0.0616
2000,male,76,0.0616
2000,male,77,0.0616
2000,male,78,0.0616
2000,male,79,0.0616
2000,male,80,0.103
2000,male,81,0.103
2000,male,82,0.103
2000,male,83,0.103
2000,male,84,0.103
2000,male,85,0.1477
2001,male,0,0.0024
2001,male,1,0.0003
2001,male,2,0.0003
2001,male,3,0.0003
2001,male,4,0.0003
2001,male,5,0.0001
2001,male,6,0.0001
2001,male,7,0.0001
2001,male,8,0.0001
2001,male,9,0.0001
2001,male,10,0.0001
2001,male,11,0.0001
2001,male,12,0.0001
2001,male,13,0.0001
2001,male,14,0.0001
2001,male,15,0.0004
2001,male,16,0.0004
2001,male,17,0.0004
2001,male,18,0.0004
2001,male,19,0.0004
2001,male,20,0.0007
2001,male,21,0.0007
2001,male,22,0.0007
2001,male,23,0.0007
2001,male,24,0.0007
2001,male,25,0.0007
2001,male,26,0.0007
2001,male,27,0.0007
2001,male,28,0.0007
2001,male,29,0.0007
2001,male,30,0.0007
2001,male,31,0.0007
2001,male,32,0.0007
2001,male,33,0.0007
2001,male,34,0.0007
2001,male,35,0.001
2001,male,36,0.001
2001,male,37,0.001
2001,male,38,0.001
2001,male,39,0.001
2001,male,40,0.0016
2001,male,41,0.0016
2001,male,42,0.0016
2001,male,43,0.0016
2001,male,44,0.0016
2001,male,45,0.0025
2001,male,46,0.0025
2001,male,47,0.0025
2001,male,48,0.0025
2001,male,49,0.0025
2001,male,50,0.0047
2001,male,51,0.0047
2001,male,52,0.0047
2001,male,53,0.0047
2001,male,54,0.0047
2001,male,55,0.0081999999999999
2001,male,56,0.0081999999999999
2001,male,57,0.0081999999999999
2001,male,58,0.0081999999999999
2001,male,59,0.0081999999999999
2001,male,60,0.0133
2001,male,61,0.0133
2001,male,62,0.0133
2001,male,63,0.0133
2001,male,64,0.0133
2001,male,65,0.0235
2001,male,66,0.0235
2001,male,67,0.0235
2001,male,68,0.0235
2001,male,69,0.0235
2001,male,70,0.0363
2001,male,71,0.0363
2001,male,72,0.0363
2001,male,73,0.0363
2001,male,74,0.0363
2001,male,75,0.0546
2001,male,76,0.0546
2001,male,77,0.0546
2001,male,78,0.0546
2001,male,79,0.0546
2001,male,80,0.0902
2001,male,81,0.0902
2001,male,82,0.0902
2001,male,83,0.0902
2001,male,84,0.0902
2001,male,85,0.1435
2002,male,0,0.0034
2002,male,1,0.0002
2002,male,2,0.0002
2002,male,3,0.0002
2002,male,4,0.0002
2002,male,5,0.0001
2002,male,6,0.0001
2002,male,7,0.0001
2002,male,8,0.0001
2002,male,9,0.0001
2002,male,10,0.0001
2002,male,11,0.0001
2002,male,12,0.0001
2002,male,13,0.0001
2002,male,14,0.0001
2002,male,15,0.0003
2002,male,16,0.0003
2002,male,17,0.0003
2002,male,18,0.0003
2002,male,19,0.0003
2002,male,20,0.0006
2002,male,21,0.0006
2002,male,22,0.0006
2002,male,23,0.0006
2002,male,24,0.0006
2002,male,25,0.0006
2002,male,26,0.0006
2002,male,27,0.0006
2002,male,28,0.0006
2002,male,29,0.0006
2002,male,30,0.0006
2002,male,31,0.0006
2002,male,32,0.0006
2002,male,33,0.0006
2002,male,34,0.0006
2002,male,35,0.0011
2002,male,36,0.0011
2002,male,37,0.0011
2002,male,38,0.0011
2002,male,39,0.0011
2002,male,40,0.0016
2002,male,41,0.0016
2002,male,42,0.0016
2002,male,43,0.0016
2002,male,44,0.0016
2002,male,45,0.0027
2002,male,46,0.0027
2002,male,47,0.0027
2002,male,48,0.0027
2002,male,49,0.0027
2002,male,50,0.0043
2002,male,51,0.0043
2002,male,52,0.0043
2002,male,53,0.0043
2002,male,54,0.0043
2002,male,55,0.0084
2002,male,56,0.0084
2002,male,57,0.0084
2002,male,58,0.0084
2002,male,59,0.0084
2002,male,60,0.0130999999999999
2002,male,61,0.0130999999999999
2002,male,62,0.0130999999999999
2002,male,63,0.0130999999999999
2002,male,64,0.0130999999999999
2002,male,65,0.0226
2002,male,66,0.0226
2002,male,67,0.0226
2002,male,68,0.0226
2002,male,69,0.0226
2002,male,70,0.034
2002,male,71,0.034
2002,male,72,0.034
2002,male,73,0.034
2002,male,74,0.034
2002,male,75,0.0537
2002,male,76,0.0537
2002,male,77,0.0537
2002,male,78,0.0537
2002,male,79,0.0537
2002,male,80,0.0902999999999999
2002,male,81,0.0902999999999999
2002,male,82,0.0902999999999999
2002,male,83,0.0902999999999999
2002,male,84,0.0902999999999999
2002,male,85,0.1425
2003,male,0,0.0028
2003,male,1,0.0002
2003,male,2,0.0002
2003,male,3,0.0002
2003,male,4,0.0002
2003,male,5,0.0002
2003,male,6,0.0002
2003,male,7,0.0002
2003,male,8,0.0002
2003,male,9,0.0002
2003,male,10,0.0002
2003,male,11,0.0002
2003,male,12,0.0002
2003,male,13,0.0002
2003,male,14,0.0002
2003,male,15,0.0005
2003,male,16,0.0005
2003,male,17,0.0005
2003,male,18,0.0005
2003,male,19,0.0005
2003,male,20,0.0008
2003,male,21,0.0008
2003,male,22,0.0008
2003,male,23,0.0008
2003,male,24,0.0008
2003,male,25,0.0006
2003,male,26,0.0006
2003,male,27,0.0006
2003,male,28,0.0006
2003,male,29,0.0006
2003,male,30,0.0008
2003,male,31,0.0008
2003,male,32,0.0008
2003,male,33,0.0008
2003,male,34,0.0008
2003,male,35,0.0009
2003,male,36,0.0009
2003,male,37,0.0009
2003,male,38,0.0009
2003,male,39,0.0009
2003,male,40,0.0016
2003,male,41,0.0016
2003,male,42,0.0016
2003,male,43,0.0016
2003,male,44,0.0016
2003,male,45,0.0027
2003,male,46,0.0027
2003,male,47,0.0027
2003,male,48,0.0027
2003,male,49,0.0027
2003,male,50,0.0042
2003,male,51,0.0042
2003,male,52,0.0042
2003,male,53,0.0042
2003,male,54,0.0042
2003,male,55,0.0076
2003,male,56,0.0076
2003,male,57,0.0076
2003,male,58,0.0076
2003,male,59,0.0076
2003,male,60,0.0133
2003,male,61,0.0133
2003,male,62,0.0133
2003,male,63,0.0133
2003,male,64,0.0133
2003,male,65,0.023
2003,male,66,0.023
2003,male,67,0.023
2003,male,68,0.023
2003,male,69,0.023
2003,male,70,0.0373
2003,male,71,0.0373
2003,male,72,0.0373
2003,male,73,0.0373
2003,male,74,0.0373
2003,male,75,0.0655
2003,male,76,0.0655
2003,male,77,0.0655
2003,male,78,0.0655
2003,male,79,0.0655
2003,male,80,0.0896
2003,male,81,0.0896
2003,male,82,0.0896
2003,male,83,0.0896
2003,male,84,0.0896
2003,male,85,0.1500999999999999
2004,male,0,0.0022
2004,male,1,0.0002
2004,male,2,0.0002
2004,male,3,0.0002
2004,male,4,0.0002
2004,male,5,0.0001
2004,male,6,0.0001
2004,male,7,0.0001
2004,male,8,0.0001
2004,male,9,0.0001
2004,male,10,0.0001
2004,male,11,0.0001
2004,male,12,0.0001
2004,male,13,0.0001
2004,male,14,0.0001
2004,male,15,0.0003
2004,male,16,0.0003
2004,male,17,0.0003
2004,male,18,0.0003
2004,male,19,0.0003
2004,male,20,0.0007
2004,male,21,0.0007
2004,male,22,0.0007
2004,male,23,0.0007
2004,male,24,0.0007
2004,male,25,0.0004
2004,male,26,0.0004
2004,male,27,0.0004
2004,male,28,0.0004
2004,male,29,0.0004
2004,male,30,0.0007
2004,male,31,0.0007
2004,male,32,0.0007
2004,male,33,0.0007
2004,male,34,0.0007
2004,male,35,0.0009
2004,male,36,0.0009
2004,male,37,0.0009
2004,male,38,0.0009
2004,male,39,0.0009
2004,male,40,0.0016
2004,male,41,0.0016
2004,male,42,0.0016
2004,male,43,0.0016
2004,male,44,0.0016
2004,male,45,0.0024
2004,male,46,0.0024
2004,male,47,0.0024
2004,male,48,0.0024
2004,male,49,0.0024
2004,male,50,0.0042
2004,male,51,0.0042
2004,male,52,0.0042
2004,male,53,0.0042
2004,male,54,0.0042
2004,male,55,0.0072
2004,male,56,0.0072
2004,male,57,0.0072
2004,male,58,0.0072
2004,male,59,0.0072
2004,male,60,0.0123
2004,male,61,0.0123
2004,male,62,0.0123
2004,male,63,0.0123
2004,male,64,0.0123
2004,male,65,0.0212
2004,male,66,0.0212
2004,male,67,0.0212
2004,male,68,0.0212
2004,male,69,0.0212
2004,male,70,0.0348
2004,male,71,0.0348
2004,male,72,0.0348
2004,male,73,0.0348
2004,male,74,0.0348
2004,male,75,0.0573
2004,male,76,0.0573
2004,male,77,0.0573
2004,male,78,0.0573
2004,male,79,0.0573
2004,male,80,0.0879
2004,male,81,0.0879
2004,male,82,0.0879
2004,male,83,0.0879
2004,male,84,0.0879
2004,male,85,0.1465
2005,male,0,0.0024
2005,male,1,0.0002
2005,male,2,0.0002
2005,male,3,0.0002
2005,male,4,0.0002
2005,male,5,0.0001
2005,male,6,0.0001
2005,male,7,0.0001
2005,male,8,0.0001
2005,male,9,0.0001
2005,male,10,0.0001
2005,male,11,0.0001
2005,male,12,0.0001
2005,male,13,0.0001
2005,male,14,0.0001
2005,male,15,0.0003
2005,male,16,0.0003
2005,male,17,0.0003
2005,male,18,0.0003
2005,male,19,0.0003
2005,male,20,0.0006
2005,male,21,0.0006
2005,male,22,0.0006
2005,male,23,0.0006
2005,male,24,0.0006
2005,male,25,0.0005
2005,male,26,0.0005
2005,male,27,0.0005
2005,male,28,0.0005
2005,male,29,0.0005
2005,male,30,0.0006
2005,male,31,0.0006
2005,male,32,0.0006
2005,male,33,0.0006
2005,male,34,0.0006
2005,male,35,0.001
2005,male,36,0.001
2005,male,37,0.001
2005,male,38,0.001
2005,male,39,0.001
2005,male,40,0.0015
2005,male,41,0.0015
2005,male,42,0.0015
2005,male,43,0.0015
2005,male,44,0.0015
2005,male,45,0.0024
2005,male,46,0.0024
2005,male,47,0.0024
2005,male,48,0.0024
2005,male,49,0.0024
2005,male,50,0.0044
2005,male,51,0.0044
2005,male,52,0.0044
2005,male,53,0.0044
2005,male,54,0.0044
2005,male,55,0.0075
2005,male,56,0.0075
2005,male,57,0.0075
2005,male,58,0.0075
2005,male,59,0.0075
2005,male,60,0.0116999999999999
2005,male,61,0.0116999999999999
2005,male,62,0.0116999999999999
2005,male,63,0.0116999999999999
2005,male,64,0.0116999999999999
2005,male,65,0.0217
2005,male,66,0.0217
2005,male,67,0.0217
2005,male,68,0.0217
2005,male,69,0.0217
2005,male,70,0.032
2005,male,71,0.032
2005,male,72,0.032
2005,male,73,0.032
2005,male,74,0.032
2005,male,75,0.0513
2005,male,76,0.0513
2005,male,77,0.0513
2005,male,78,0.0513
2005,male,79,0.0513
2005,male,80,0.0875
2005,male,81,0.0875
2005,male,82,0.0875
2005,male,83,0.0875
2005,male,84,0.0875
2005,male,85,0.1423
2006,male,0,0.0028
2006,male,1,0.0001
2006,male,2,0.0001
2006,male,3,0.0001
2006,male,4,0.0001
2006,male,5,0.0001
2006,male,6,0.0001
2006,male,7,0.0001
2006,male,8,0.0001
2006,male,9,0.0001
2006,male,10,0.0002
2006,male,11,0.0002
2006,male,12,0.0002
2006,male,13,0.0002
2006,male,14,0.0002
2006,male,15,0.0002
2006,male,16,0.0002
2006,male,17,0.0002
2006,male,18,0.0002
2006,male,19,0.0002
2006,male,20,0.0005
2006,male,21,0.0005
2006,male,22,0.0005
2006,male,23,0.0005
2006,male,24,0.0005
2006,male,25,0.0005
2006,male,26,0.0005
2006,male,27,0.0005
2006,male,28,0.0005
2006,male,29,0.0005
2006,male,30,0.0006
2006,male,31,0.0006
2006,male,32,0.0006
2006,male,33,0.0006
2006,male,34,0.0006
2006,male,35,0.0009
2006,male,36,0.0009
2006,male,37,0.0009
2006,male,38,0.0009
2006,male,39,0.0009
2006,male,40,0.0016
2006,male,41,0.0016
2006,male,42,0.0016
2006,male,43,0.0016
2006,male,44,0.0016
2006,male,45,0.0023
2006,male,46,0.0023
2006,male,47,0.0023
2006,male,48,0.0023
2006,male,49,0.0023
2006,male,50,0.004
2006,male,51,0.004
2006,male,52,0.004
2006,male,53,0.004
2006,male,54,0.004
2006,male,55,0.0066
2006,male,56,0.0066
2006,male,57,0.0066
2006,male,58,0.0066
2006,male,59,0.0066
2006,male,60,0.0116
2006,male,61,0.0116
2006,male,62,0.0116
2006,male,63,0.0116
2006,male,64,0.0116
2006,male,65,0.0183
2006,male,66,0.0183
2006,male,67,0.0183
2006,male,68,0.0183
2006,male,69,0.0183
2006,male,70,0.0306999999999999
2006,male,71,0.0306999999999999
2006,male,72,0.0306999999999999
2006,male,73,0.0306999999999999
2006,male,74,0.0306999999999999
2006,male,75,0.0532
2006,male,76,0.0532
2006,male,77,0.0532
2006,male,78,0.0532
2006,male,79,0.0532
2006,male,80,0.0845
2006,male,81,0.0845
2006,male,82,0.0845
2006,male,83,0.0845
2006,male,84,0.0845
2006,male,85,0.1419
2007,male,0,0.0026
2007,male,1,0.0001
2007,male,2,0.0001
2007,male,3,0.0001
2007,male,4,0.0001
2007,male,5,0.0001
2007,male,6,0.0001
2007,male,7,0.0001
2007,male,8,0.0001
2007,male,9,0.0001
2007,male,10,0.0001
2007,male,11,0.0001
2007,male,12,0.0001
2007,male,13,0.0001
2007,male,14,0.0001
2007,male,15,0.0002
2007,male,16,0.0002
2007,male,17,0.0002
2007,male,18,0.0002
2007,male,19,0.0002
2007,male,20,0.0006
2007,male,21,0.0006
2007,male,22,0.0006
2007,male,23,0.0006
2007,male,24,0.0006
2007,male,25,0.0007
2007,male,26,0.0007
2007,male,27,0.0007
2007,male,28,0.0007
2007,male,29,0.0007
2007,male,30,0.0005
2007,male,31,0.0005
2007,male,32,0.0005
2007,male,33,0.0005
2007,male,34,0.0005
2007,male,35,0.0009
2007,male,36,0.0009
2007,male,37,0.0009
2007,male,38,0.0009
2007,male,39,0.0009
2007,male,40,0.0015
2007,male,41,0.0015
2007,male,42,0.0015
2007,male,43,0.0015
2007,male,44,0.0015
2007,male,45,0.0023
2007,male,46,0.0023
2007,male,47,0.0023
2007,male,48,0.0023
2007,male,49,0.0023
2007,male,50,0.0040999999999999
2007,male,51,0.0040999999999999
2007,male,52,0.0040999999999999
2007,male,53,0.0040999999999999
2007,male,54,0.0040999999999999
2007,male,55,0.0065
2007,male,56,0.0065
2007,male,57,0.0065
2007,male,58,0.0065
2007,male,59,0.0065
2007,male,60,0.0112
2007,male,61,0.0112
2007,male,62,0.0112
2007,male,63,0.0112
2007,male,64,0.0112
2007,male,65,0.0191
2007,male,66,0.0191
2007,male,67,0.0191
2007,male,68,0.0191
2007,male,69,0.0191
2007,male,70,0.0322
2007,male,71,0.0322
2007,male,72,0.0322
2007,male,73,0.0322
2007,male,74,0.0322
2007,male,75,0.0521
2007,male,76,0.0521
2007,male,77,0.0521
2007,male,78,0.0521
2007,male,79,0.0521
2007,male,80,0.0867
2007,male,81,0.0867
2007,male,82,0.0867
2007,male,83,0.0867
2007,male,84,0.0867
2007,male,85,0.1453
2008,male,0,0.0026
2008,male,1,0.0001
2008,male,2,0.0001
2008,male,3,0.0001
2008,male,4,0.0001
2008,male,5,0.0001
2008,male,6,0.0001
2008,male,7,0.0001
2008,male,8,0.0001
2008,male,9,0.0001
2008,male,10,0.0001
2008,male,11,0.0001
2008,male,12,0.0001
2008,male,13,0.0001
2008,male,14,0.0001
2008,male,15,0.0003
2008,male,16,0.0003
2008,male,17,0.0003
2008,male,18,0.0003
2008,male,19,0.0003
2008,male,20,0.0004
2008,male,21,0.0004
2008,male,22,0.0004
2008,male,23,0.0004
2008,male,24,0.0004
2008,male,25,0.0005
2008,male,26,0.0005
2008,male,27,0.0005
2008,male,28,0.0005
2008,male,29,0.0005
2008,male,30,0.0005
2008,male,31,0.0005
2008,male,32,0.0005
2008,male,33,0.0005
2008,male,34,0.0005
2008,male,35,0.0009
2008,male,36,0.0009
2008,male,37,0.0009
2008,male,38,0.0009
2008,male,39,0.0009
2008,male,40,0.0014
2008,male,41,0.0014
2008,male,42,0.0014
2008,male,43,0.0014
2008,male,44,0.0014
2008,male,45,0.0024
2008,male,46,0.0024
2008,male,47,0.0024
2008,male,48,0.0024
2008,male,49,0.0024
2008,male,50,0.004
2008,male,51,0.004
2008,male,52,0.004
2008,male,53,0.004
2008,male,54,0.004
2008,male,55,0.0066
2008,male,56,0.0066
2008,male,57,0.0066
2008,male,58,0.0066
2008,male,59,0.0066
2008,male,60,0.0106
2008,male,61,0.0106
2008,male,62,0.0106
2008,male,63,0.0106
2008,male,64,0.0106
2008,male,65,0.0183
2008,male,66,0.0183
2008,male,67,0.0183
2008,male,68,0.0183
2008,male,69,0.0183
2008,male,70,0.0303
2008,male,71,0.0303
2008,male,72,0.0303
2008,male,73,0.0303
2008,male,74,0.0303
2008,male,75,0.0487999999999999
2008,male,76,0.0487999999999999
2008,male,77,0.0487999999999999
2008,male,78,0.0487999999999999
2008,male,79,0.0487999999999999
2008,male,80,0.0795
2008,male,81,0.0795
2008,male,82,0.0795
2008,male,83,0.0795
2008,male,84,0.0795
2008,male,85,0.1358
2009,male,0,0.0026
2009,male,1,0.0002
2009,male,2,0.0002
2009,male,3,0.0002
2009,male,4,0.0002
2009,male,5,0.0001
2009,male,6,0.0001
2009,male,7,0.0001
2009,male,8,0.0001
2009,male,9,0.0001
2009,male,10,0.0002
2009,male,11,0.0002
2009,male,12,0.0002
2009,male,13,0.0002
2009,male,14,0.0002
2009,male,15,0.0003
2009,male,16,0.0003
2009,male,17,0.0003
2009,male,18,0.0003
2009,male,19,0.0003
2009,male,20,0.0005
2009,male,21,0.0005
2009,male,22,0.0005
2009,male,23,0.0005
2009,male,24,0.0005
2009,male,25,0.0005
2009,male,26,0.0005
2009,male,27,0.0005
2009,male,28,0.0005
2009,male,29,0.0005
2009,male,30,0.0006
2009,male,31,0.0006
2009,male,32,0.0006
2009,male,33,0.0006
2009,male,34,0.0006
2009,male,35,0.0008
2009,male,36,0.0008
2009,male,37,0.0008
2009,male,38,0.0008
2009,male,39,0.0008
2009,male,40,0.0012
2009,male,41,0.0012
2009,male,42,0.0012
2009,male,43,0.0012
2009,male,44,0.0012
2009,male,45,0.002
2009,male,46,0.002
2009,male,47,0.002
2009,male,48,0.002
2009,male,49,0.002
2009,male,50,0.0039
2009,male,51,0.0039
2009,male,52,0.0039
2009,male,53,0.0039
2009,male,54,0.0039
2009,male,55,0.006
2009,male,56,0.006
2009,male,57,0.006
2009,male,58,0.006
2009,male,59,0.006
2009,male,60,0.0099
2009,male,61,0.0099
2009,male,62,0.0099
2009,male,63,0.0099
2009,male,64,0.0099
2009,male,65,0.0163
2009,male,66,0.0163
2009,male,67,0.0163
2009,male,68,0.0163
2009,male,69,0.0163
2009,male,70,0.0286
2009,male,71,0.0286
2009,male,72,0.0286
2009,male,73,0.0286
2009,male,74,0.0286
2009,male,75,0.0469
2009,male,76,0.0469
2009,male,77,0.0469
2009,male,78,0.0469
2009,male,79,0.0469
2009,male,80,0.0734
2009,male,81,0.0734
2009,male,82,0.0734
2009,male,83,0.0734
2009,male,84,0.0734
2009,male,85,0.1356
2010,male,0,0.0019
2010,male,1,0.0002
2010,male,2,0.0002
2010,male,3,0.0002
2010,male,4,0.0002
2010,male,5,0.0001
2010,male,6,0.0001
2010,male,7,0.0001
2010,male,8,0.0001
2010,male,9,0.0001
2010,male,10,0.0001
2010,male,11,0.0001
2010,male,12,0.0001
2010,male,13,0.0001
2010,male,14,0.0001
2010,male,15,0.0002
2010,male,16,0.0002
2010,male,17,0.0002
2010,male,18,0.0002
2010,male,19,0.0002
2010,male,20,0.0004
2010,male,21,0.0004
2010,male,22,0.0004
2010,male,23,0.0004
2010,male,24,0.0004
2010,male,25,0.0004
2010,male,26,0.0004
2010,male,27,0.0004
2010,male,28,0.0004
2010,male,29,0.0004
2010,male,30,0.0004
2010,male,31,0.0004
2010,male,32,0.0004
2010,male,33,0.0004
2010,male,34,0.0004
2010,male,35,0.0008
2010,male,36,0.0008
2010,male,37,0.0008
2010,male,38,0.0008
2010,male,39,0.0008
2010,male,40,0.0013
2010,male,41,0.0013
2010,male,42,0.0013
2010,male,43,0.0013
2010,male,44,0.0013
2010,male,45,0.0022
2010,male,46,0.0022
2010,male,47,0.0022
2010,male,48,0.0022
2010,male,49,0.0022
2010,male,50,0.0039
2010,male,51,0.0039
2010,male,52,0.0039
2010,male,53,0.0039
2010,male,54,0.0039
2010,male,55,0.0057
2010,male,56,0.0057
2010,male,57,0.0057
2010,male,58,0.0057
2010,male,59,0.0057
2010,male,60,0.0094
2010,male,61,0.0094
2010,male,62,0.0094
2010,male,63,0.0094
2010,male,64,0.0094
2010,male,65,0.0166
2010,male,66,0.0166
2010,male,67,0.0166
2010,male,68,0.0166
2010,male,69,0.0166
2010,male,70,0.0271
2010,male,71,0.0271
2010,male,72,0.0271
2010,male,73,0.0271
2010,male,74,0.0271
2010,male,75,0.0452
2010,male,76,0.0452
2010,male,77,0.0452
2010,male,78,0.0452
2010,male,79,0.0452
2010,male,80,0.0764
2010,male,81,0.0764
2010,male,82,0.0764
2010,male,83,0.0764
2010,male,84,0.0764
2010,male,85,0.14
2011,male,0,0.0023
2011,male,1,0.0002
2011,male,2,0.0002
2011,male,3,0.0002
2011,male,4,0.0002
2011,male,5,0.0001
2011,male,6,0.0001
2011,male,7,0.0001
2011,male,8,0.0001
2011,male,9,0.0001
2011,male,10,0.0001
2011,male,11,0.0001
2011,male,12,0.0001
2011,male,13,0.0001
2011,male,14,0.0001
2011,male,15,0.0002
2011,male,16,0.0002
2011,male,17,0.0002
2011,male,18,0.0002
2011,male,19,0.0002
2011,male,20,0.0005
2011,male,21,0.0005
2011,male,22,0.0005
2011,male,23,0.0005
2011,male,24,0.0005
2011,male,25,0.0004
2011,male,26,0.0004
2011,male,27,0.0004
2011,male,28,0.0004
2011,male,29,0.0004
2011,male,30,0.0005
2011,male,31,0.0005
2011,male,32,0.0005
2011,male,33,0.0005
2011,male,34,0.0005
2011,male,35,0.0007
2011,male,36,0.0007
2011,male,37,0.0007
2011,male,38,0.0007
2011,male,39,0.0007
2011,male,40,0.001
2011,male,41,0.001
2011,male,42,0.001
2011,male,43,0.001
2011,male,44,0.001
2011,male,45,0.0022
2011,male,46,0.0022
2011,male,47,0.0022
2011,male,48,0.0022
2011,male,49,0.0022
2011,male,50,0.0036
2011,male,51,0.0036
2011,male,52,0.0036
2011,male,53,0.0036
2011,male,54,0.0036
2011,male,55,0.0059
2011,male,56,0.0059
2011,male,57,0.0059
2011,male,58,0.0059
2011,male,59,0.0059
2011,male,60,0.0089
2011,male,61,0.0089
2011,male,62,0.0089
2011,male,63,0.0089
2011,male,64,0.0089
2011,male,65,0.0163999999999999
2011,male,66,0.0163999999999999
2011,male,67,0.0163999999999999
2011,male,68,0.0163999999999999
2011,male,69,0.0163999999999999
2011,male,70,0.026
2011,male,71,0.026
2011,male,72,0.026
2011,male,73,0.026
2011,male,74,0.026
2011,male,75,0.0472
2011,male,76,0.0472
2011,male,77,0.0472
2011,male,78,0.0472
2011,male,79,0.0472
2011,male,80,0.0713
2011,male,81,0.0713
2011,male,82,0.0713
2011,male,83,0.0713
2011,male,84,0.0713
2011,male,85,0.1308
2012,male,0,0.002
2012,male,1,0.0002
2012,male,2,0.0002
2012,male,3,0.0002
2012,male,4,0.0002
2012,male,5,0.0001
2012,male,6,0.0001
2012,male,7,0.0001
2012,male,8,0.0001
2012,male,9,0.0001
2012,male,10,0.0002
2012,male,11,0.0002
2012,male,12,0.0002
2012,male,13,0.0002
2012,male,14,0.0002
2012,male,15,0.0002
2012,male,16,0.0002
2012,male,17,0.0002
2012,male,18,0.0002
2012,male,19,0.0002
2012,male,20,0.0005
2012,male,21,0.0005
2012,male,22,0.0005
2012,male,23,0.0005
2012,male,24,0.0005
2012,male,25,0.0004
2012,male,26,0.0004
2012,male,27,0.0004
2012,male,28,0.0004
2012,male,29,0.0004
2012,male,30,0.0004
2012,male,31,0.0004
2012,male,32,0.0004
2012,male,33,0.0004
2012,male,34,0.0004
2012,male,35,0.0006
2012,male,36,0.0006
2012,male,37,0.0006
2012,male,38,0.0006
2012,male,39,0.0006
2012,male,40,0.0012
2012,male,41,0.0012
2012,male,42,0.0012
2012,male,43,0.0012
2012,male,44,0.0012
2012,male,45,0.0019
2012,male,46,0.0019
2012,male,47,0.0019
2012,male,48,0.0019
2012,male,49,0.0019
2012,male,50,0.0031
2012,male,51,0.0031
2012,male,52,0.0031
2012,male,53,0.0031
2012,male,54,0.0031
2012,male,55,0.0058
2012,male,56,0.0058
2012,male,57,0.0058
2012,male,58,0.0058
2012,male,59,0.0058
2012,male,60,0.0096999999999999
2012,male,61,0.0096999999999999
2012,male,62,0.0096999999999999
2012,male,63,0.0096999999999999
2012,male,64,0.0096999999999999
2012,male,65,0.0152
2012,male,66,0.0152
2012,male,67,0.0152
2012,male,68,0.0152
2012,male,69,0.0152
2012,male,70,0.0265
2012,male,71,0.0265
2012,male,72,0.0265
2012,male,73,0.0265
2012,male,74,0.0265
2012,male,75,0.0423
2012,male,76,0.0423
2012,male,77,0.0423
2012,male,78,0.0423
2012,male,79,0.0423
2012,male,80,0.0699
2012,male,81,0.0699
2012,male,82,0.0699
2012,male,83,0.0699
2012,male,84,0.0699
2012,male,85,0.1323
2013,male,0,0.0018
2013,male,1,0.0001
2013,male,2,0.0001
2013,male,3,0.0001
2013,male,4,0.0001
2013,male,5,0.0001
2013,male,6,0.0001
2013,male,7,0.0001
2013,male,8,0.0001
2013,male,9,0.0001
2013,male,10,0.0001
2013,male,11,0.0001
2013,male,12,0.0001
2013,male,13,0.0001
2013,male,14,0.0001
2013,male,15,0.0003
2013,male,16,0.0003
2013,male,17,0.0003
2013,male,18,0.0003
2013,male,19,0.0003
2013,male,20,0.0004
2013,male,21,0.0004
2013,male,22,0.0004
2013,male,23,0.0004
2013,male,24,0.0004
2013,male,25,0.0003
2013,male,26,0.0003
2013,male,27,0.0003
2013,male,28,0.0003
2013,male,29,0.0003
2013,male,30,0.0006
2013,male,31,0.0006
2013,male,32,0.0006
2013,male,33,0.0006
2013,male,34,0.0006
2013,male,35,0.0006
2013,male,36,0.0006
2013,male,37,0.0006
2013,male,38,0.0006
2013,male,39,0.0006
2013,male,40,0.0012
2013,male,41,0.0012
2013,male,42,0.0012
2013,male,43,0.0012
2013,male,44,0.0012
2013,male,45,0.002
2013,male,46,0.002
2013,male,47,0.002
2013,male,48,0.002
2013,male,49,0.002
2013,male,50,0.0034
2013,male,51,0.0034
2013,male,52,0.0034
2013,male,53,0.0034
2013,male,54,0.0034
2013,male,55,0.0057
2013,male,56,0.0057
2013,male,57,0.0057
2013,male,58,0.0057
2013,male,59,0.0057
2013,male,60,0.0088
2013,male,61,0.0088
2013,male,62,0.0088
2013,male,63,0.0088
2013,male,64,0.0088
2013,male,65,0.0145
2013,male,66,0.0145
2013,male,67,0.0145
2013,male,68,0.0145
2013,male,69,0.0145
2013,male,70,0.026
2013,male,71,0.026
2013,male,72,0.026
2013,male,73,0.026
2013,male,74,0.026
2013,male,75,0.0433
2013,male,76,0.0433
2013,male,77,0.0433
2013,male,78,0.0433
2013,male,79,0.0433
2013,male,80,0.0682
2013,male,81,0.0682
2013,male,82,0.0682
2013,male,83,0.0682
2013,male,84,0.0682
2013,male,85,0.131
2014,male,0,0.0019
2014,male,1,0.0001
2014,male,2,0.0001
2014,male,3,0.0001
2014,male,4,0.0001
2014,male,5,0.0001
2014,male,6,0.0001
2014,male,7,0.0001
2014,male,8,0.0001
2014,male,9,0.0001
2014,male,10,0.0001
2014,male,11,0.0001
2014,male,12,0.0001
2014,male,13,0.0001
2014,male,14,0.0001
2014,male,15,0.0003
2014,male,16,0.0003
2014,male,17,0.0003
2014,male,18,0.0003
2014,male,19,0.0003
2014,male,20,0.0004
2014,male,21,0.0004
2014,male,22,0.0004
2014,male,23,0.0004
2014,male,24,0.0004
2014,male,25,0.0003
2014,male,26,0.0003
2014,male,27,0.0003
2014,male,28,0.0003
2014,male,29,0.0003
2014,male,30,0.0005
2014,male,31,0.0005
2014,male,32,0.0005
2014,male,33,0.0005
2014,male,34,0.0005
2014,male,35,0.0007
2014,male,36,0.0007
2014,male,37,0.0007
2014,male,38,0.0007
2014,male,39,0.0007
2014,male,40,0.0013
2014,male,41,0.0013
2014,male,42,0.0013
2014,male,43,0.0013
2014,male,44,0.0013
2014,male,45,0.0017
2014,male,46,0.0017
2014,male,47,0.0017
2014,male,48,0.0017
2014,male,49,0.0017
2014,male,50,0.003
2014,male,51,0.003
2014,male,52,0.003
2014,male,53,0.003
2014,male,54,0.003
2014,male,55,0.0058
2014,male,56,0.0058
2014,male,57,0.0058
2014,male,58,0.0058
2014,male,59,0.0058
2014,male,60,0.0084
2014,male,61,0.0084
2014,male,62,0.0084
2014,male,63,0.0084
2014,male,64,0.0084
2014,male,65,0.0138
2014,male,66,0.0138
2014,male,67,0.0138
2014,male,68,0.0138
2014,male,69,0.0138
2014,male,70,0.0243999999999999
2014,male,71,0.0243999999999999
2014,male,72,0.0243999999999999
2014,male,73,0.0243999999999999
2014,male,74,0.0243999999999999
2014,male,75,0.041
2014,male,76,0.041
2014,male,77,0.041
2014,male,78,0.041
2014,male,79,0.041
2014,male,80,0.0706
2014,male,81,0.0706
2014,male,82,0.0706
2014,male,83,0.0706
2014,male,84,0.0706
2014,male,85,0.1285
2015,male,0,0.0022
2015,male,1,0.0002
2015,male,2,0.0002
2015,male,3,0.0002
2015,male,4,0.0002
2015,male,5,0.0001
2015,male,6,0.0001
2015,male,7,0.0001
2015,male,8,0.0001
2015,male,9,0.0001
2015,male,10,0.0001
2015,male,11,0.0001
2015,male,12,0.0001
2015,male,13,0.0001
2015,male,14,0.0001
2015,male,15,0.0002
2015,male,16,0.0002
2015,male,17,0.0002
2015,male,18,0.0002
2015,male,19,0.0002
2015,male,20,0.0003
2015,male,21,0.0003
2015,male,22,0.0003
2015,male,23,0.0003
2015,male,24,0.0003
2015,male,25,0.0004
2015,male,26,0.0004
2015,male,27,0.0004
2015,male,28,0.0004
2015,male,29,0.0004
2015,male,30,0.0005
2015,male,31,0.0005
2015,male,32,0.0005
2015,male,33,0.0005
2015,male,34,0.0005
2015,male,35,0.0007
2015,male,36,0.0007
2015,male,37,0.0007
2015,male,38,0.0007
2015,male,39,0.0007
2015,male,40,0.0011
2015,male,41,0.0011
2015,male,42,0.0011
2015,male,43,0.0011
2015,male,44,0.0011
2015,male,45,0.0019
2015,male,46,0.0019
2015,male,47,0.0019
2015,male,48,0.0019
2015,male,49,0.0019
2015,male,50,0.0031
2015,male,51,0.0031
2015,male,52,0.0031
2015,male,53,0.0031
2015,male,54,0.0031
2015,male,55,0.0054
2015,male,56,0.0054
2015,male,57,0.0054
2015,male,58,0.0054
2015,male,59,0.0054
2015,male,60,0.0085
2015,male,61,0.0085
2015,male,62,0.0085
2015,male,63,0.0085
2015,male,64,0.0085
2015,male,65,0.0139
2015,male,66,0.0139
2015,male,67,0.0139
2015,male,68,0.0139
2015,male,69,0.0139
2015,male,70,0.0238999999999999
2015,male,71,0.0238999999999999
2015,male,72,0.0238999999999999
2015,male,73,0.0238999999999999
2015,male,74,0.0238999999999999
2015,male,75,0.041
2015,male,76,0.041
2015,male,77,0.041
2015,male,78,0.041
2015,male,79,0.041
2015,male,80,0.0637
2015,male,81,0.0637
2015,male,82,0.0637
2015,male,83,0.0637
2015,male,84,0.0637
2015,male,85,0.1248
2016,male,0,0.0023
2016,male,1,0.0002
2016,male,2,0.0002
2016,male,3,0.0002
2016,male,4,0.0002
2016,male,5,0.0001
2016,male,6,0.0001
2016,male,7,0.0001
2016,male,8,0.0001
2016,male,9,0.0001
2016,male,10,0.0002
2016,male,11,0.0002
2016,male,12,0.0002
2016,male,13,0.0002
2016,male,14,0.0002
2016,male,15,0.0003
2016,male,16,0.0003
2016,male,17,0.0003
2016,male,18,0.0003
2016,male,19,0.0003
2016,male,20,0.0003
2016,male,21,0.0003
2016,male,22,0.0003
2016,male,23,0.0003
2016,male,24,0.0003
2016,male,25,0.0004
2016,male,26,0.0004
2016,male,27,0.0004
2016,male,28,0.0004
2016,male,29,0.0004
2016,male,30,0.0004
2016,male,31,0.0004
2016,male,32,0.0004
2016,male,33,0.0004
2016,male,34,0.0004
2016,male,35,0.0006
2016,male,36,0.0006
2016,male,37,0.0006
2016,male,38,0.0006
2016,male,39,0.0006
2016,male,40,0.0011
2016,male,41,0.0011
2016,male,42,0.0011
2016,male,43,0.0011
2016,male,44,0.0011
2016,male,45,0.0017
2016,male,46,0.0017
2016,male,47,0.0017
2016,male,48,0.0017
2016,male,49,0.0017
2016,male,50,0.0031
2016,male,51,0.0031
2016,male,52,0.0031
2016,male,53,0.0031
2016,male,54,0.0031
2016,male,55,0.0053
2016,male,56,0.0053
2016,male,57,0.0053
2016,male,58,0.0053
2016,male,59,0.0053
2016,male,60,0.0081999999999999
2016,male,61,0.0081999999999999
2016,male,62,0.0081999999999999
2016,male,63,0.0081999999999999
2016,male,64,0.0081999999999999
2016,male,65,0.0133
2016,male,66,0.0133
2016,male,67,0.0133
2016,male,68,0.0133
2016,male,69,0.0133
2016,male,70,0.0225
2016,male,71,0.0225
2016,male,72,0.0225
2016,male,73,0.0225
2016,male,74,0.0225
2016,male,75,0.0384
2016,male,76,0.0384
2016,male,77,0.0384
2016,male,78,0.0384
2016,male,79,0.0384
2016,male,80,0.0665999999999999
2016,male,81,0.0665999999999999
2016,male,82,0.0665999999999999
2016,male,83,0.0665999999999999
2016,male,84,0.0665999999999999
2016,male,85,0.1242
2017,male,0,0.002
2017,male,1,0.0001
2017,male,2,0.0001
2017,male,3,0.0001
2017,male,4,0.0001
2017,male,5,0.0001
2017,male,6,0.0001
2017,male,7,0.0001
2017,male,8,0.0001
2017,male,9,0.0001
2017,male,10,0.0001
2017,male,11,0.0001
2017,male,12,0.0001
2017,male,13,0.0001
2017,male,14,0.0001
2017,male,15,0.0003
2017,male,16,0.0003
2017,male,17,0.0003
2017,male,18,0.0003
2017,male,19,0.0003
2017,male,20,0.0003
2017,male,21,0.0003
2017,male,22,0.0003
2017,male,23,0.0003
2017,male,24,0.0003
2017,male,25,0.0003
2017,male,26,0.0003
2017,male,27,0.0003
2017,male,28,0.0003
2017,male,29,0.0003
2017,male,30,0.0005
2017,male,31,0.0005
2017,male,32,0.0005
2017,male,33,0.0005
2017,male,34,0.0005
2017,male,35,0.0007
2017,male,36,0.0007
2017,male,37,0.0007
2017,male,38,0.0007
2017,male,39,0.0007
2017,male,40,0.0011
2017,male,41,0.0011
2017,male,42,0.0011
2017,male,43,0.0011
2017,male,44,0.0011
2017,male,45,0.0017
2017,male,46,0.0017
2017,male,47,0.0017
2017,male,48,0.0017
2017,male,49,0.0017
2017,male,50,0.0031
2017,male,51,0.0031
2017,male,52,0.0031
2017,male,53,0.0031
2017,male,54,0.0031
2017,male,55,0.0048
2017,male,56,0.0048
2017,male,57,0.0048
2017,male,58,0.0048
2017,male,59,0.0048
2017,male,60,0.0081999999999999
2017,male,61,0.0081999999999999
2017,male,62,0.0081999999999999
2017,male,63,0.0081999999999999
2017,male,64,0.0081999999999999
2017,male,65,0.0129
2017,male,66,0.0129
2017,male,67,0.0129
2017,male,68,0.0129
2017,male,69,0.0129
2017,male,70,0.0229
2017,male,71,0.0229
2017,male,72,0.0229
2017,male,73,0.0229
2017,male,74,0.0229
2017,male,75,0.0373999999999999
2017,male,76,0.0373999999999999
2017,male,77,0.0373999999999999
2017,male,78,0.0373999999999999
2017,male,79,0.0373999999999999
2017,male,80,0.0655
2017,male,81,0.0655
2017,male,82,0.0655
2017,male,83,0.0655
2017,male,84,0.0655
2017,male,85,0.1289
2018,male,0,0.0023
2018,male,1,0.0001
2018,male,2,0.0001
2018,male,3,0.0001
2018,male,4,0.0001
2018,male,5,0.0001
2018,male,6,0.0001
2018,male,7,0.0001
2018,male,8,0.0001
2018,male,9,0.0001
2018,male,10,0.0001
2018,male,11,0.0001
2018,male,12,0.0001
2018,male,13,0.0001
2018,male,14,0.0001
2018,male,15,0.0003
2018,male,16,0.0003
2018,male,17,0.0003
2018,male,18,0.0003
2018,male,19,0.0003
2018,male,20,0.0004
2018,male,21,0.0004
2018,male,22,0.0004
2018,male,23,0.0004
2018,male,24,0.0004
2018,male,25,0.0003
2018,male,26,0.0003
2018,male,27,0.0003
2018,male,28,0.0003
2018,male,29,0.0003
2018,male,30,0.0005
2018,male,31,0.0005
2018,male,32,0.0005
2018,male,33,0.0005
2018,male,34,0.0005
2018,male,35,0.0006
2018,male,36,0.0006
2018,male,37,0.0006
2018,male,38,0.0006
2018,male,39,0.0006
2018,male,40,0.0009
2018,male,41,0.0009
2018,male,42,0.0009
2018,male,43,0.0009
2018,male,44,0.0009
2018,male,45,0.0018
2018,male,46,0.0018
2018,male,47,0.0018
2018,male,48,0.0018
2018,male,49,0.0018
2018,male,50,0.0028
2018,male,51,0.0028
2018,male,52,0.0028
2018,male,53,0.0028
2018,male,54,0.0028
2018,male,55,0.005
2018,male,56,0.005
2018,male,57,0.005
2018,male,58,0.005
2018,male,59,0.005
2018,male,60,0.0081999999999999
2018,male,61,0.0081999999999999
2018,male,62,0.0081999999999999
2018,male,63,0.0081999999999999
2018,male,64,0.0081999999999999
2018,male,65,0.0125
2018,male,66,0.0125
2018,male,67,0.0125
2018,male,68,0.0125
2018,male,69,0.0125
2018,male,70,0.0224
2018,male,71,0.0224
2018,male,72,0.0224
2018,male,73,0.0224
2018,male,74,0.0224
2018,male,75,0.0359
2018,male,76,0.0359
2018,male,77,0.0359
2018,male,78,0.0359
2018,male,79,0.0359
2018,male,80,0.0628
2018,male,81,0.0628
2018,male,82,0.0628
2018,male,83,0.0628
2018,male,84,0.0628
2018,male,85,0.1234
2019,male,0,0.0018
2019,male,1,0.0001
2019,male,2,0.0001
2019,male,3,0.0001
2019,male,4,0.0001
2019,male,5,0.0001
2019,male,6,0.0001
2019,male,7,0.0001
2019,male,8,0.0001
2019,male,9,0.0001
2019,male,10,0.0001
2019,male,11,0.0001
2019,male,12,0.0001
2019,male,13,0.0001
2019,male,14,0.0001
2019,male,15,0.0002
2019,male,16,0.0002
2019,male,17,0.0002
2019,male,18,0.0002
2019,male,19,0.0002
2019,male,20,0.0004
2019,male,21,0.0004
2019,male,22,0.0004
2019,male,23,0.0004
2019,male,24,0.0004
2019,male,25,0.0003
2019,male,26,0.0003
2019,male,27,0.0003
2019,male,28,0.0003
2019,male,29,0.0003
2019,male,30,0.0004
2019,male,31,0.0004
2019,male,32,0.0004
2019,male,33,0.0004
2019,male,34,0.0004
2019,male,35,0.0006
2019,male,36,0.0006
2019,male,37,0.0006
2019,male,38,0.0006
2019,male,39,0.0006
2019,male,40,0.001
2019,male,41,0.001
2019,male,42,0.001
2019,male,43,0.001
2019,male,44,0.001
2019,male,45,0.0017
2019,male,46,0.0017
2019,male,47,0.0017
2019,male,48,0.0017
2019,male,49,0.0017
2019,male,50,0.0026
2019,male,51,0.0026
2019,male,52,0.0026
2019,male,53,0.0026
2019,male,54,0.0026
2019,male,55,0.0045
2019,male,56,0.0045
2019,male,57,0.0045
2019,male,58,0.0045
2019,male,59,0.0045
2019,male,60,0.0077
2019,male,61,0.0077
2019,male,62,0.0077
2019,male,63,0.0077
2019,male,64,0.0077
2019,male,65,0.0119
2019,male,66,0.0119
2019,male,67,0.0119
2019,male,68,0.0119
2019,male,69,0.0119
2019,male,70,0.0202
2019,male,71,0.0202
2019,male,72,0.0202
2019,male,73,0.0202
2019,male,74,0.0202
2019,male,75,0.0353
2019,male,76,0.0353
2019,male,77,0.0353
2019,male,78,0.0353
2019,male,79,0.0353
2019,male,80,0.0635
2019,male,81,0.0635
2019,male,82,0.0635
2019,male,83,0.0635
2019,male,84,0.0635
2019,male,85,0.1222
2020,male,0,0.0021
2020,male,1,0.0001
2020,male,2,0.0001
2020,male,3,0.0001
2020,male,4,0.0001
2020,male,5,0.0001
2020,male,6,0.0001
2020,male,7,0.0001
2020,male,8,0.0001
2020,male,9,0.0001
2020,male,10,0.0001
2020,male,11,0.0001
2020,male,12,0.0001
2020,male,13,0.0001
2020,male,14,0.0001
2020,male,15,0.0002
2020,male,16,0.0002
2020,male,17,0.0002
2020,male,18,0.0002
2020,male,19,0.0002
2020,male,20,0.0003
2020,male,21,0.0003
2020,male,22,0.0003
2020,male,23,0.0003
2020,male,24,0.0003
2020,male,25,0.0003
2020,male,26,0.0003
2020,male,27,0.0003
2020,male,28,0.0003
2020,male,29,0.0003
2020,male,30,0.0004
2020,male,31,0.0004
2020,male,32,0.0004
2020,male,33,0.0004
2020,male,34,0.0004
2020,male,35,0.0006
2020,male,36,0.0006
2020,male,37,0.0006
2020,male,38,0.0006
2020,male,39,0.0006
2020,male,40,0.001
2020,male,41,0.001
2020,male,42,0.001
2020,male,43,0.001
2020,male,44,0.001
2020,male,45,0.0016
2020,male,46,0.0016
2020,male,47,0.0016
2020,male,48,0.0016
2020,male,49,0.0016
2020,male,50,0.0028
2020,male,51,0.0028
2020,male,52,0.0028
2020,male,53,0.0028
2020,male,54,0.0028
2020,male,55,0.0047
2020,male,56,0.0047
2020,male,57,0.0047
2020,male,58,0.0047
2020,male,59,0.0047
2020,male,60,0.0079
2020,male,61,0.0079
2020,male,62,0.0079
2020,male,63,0.0079
2020,male,64,0.0079
2020,male,65,0.012
2020,male,66,0.012
2020,male,67,0.012
2020,male,68,0.012
2020,male,69,0.012
2020,male,70,0.0205
2020,male,71,0.0205
2020,male,72,0.0205
2020,male,73,0.0205
2020,male,74,0.0205
2020,male,75,0.0355
2020,male,76,0.0355
2020,male,77,0.0355
2020,male,78,0.0355
2020,male,79,0.0355
2020,male,80,0.064
2020,male,81,0.064
2020,male,82,0.064
2020,male,83,0.064
2020,male,84,0.064
2020,male,85,0.1232999999999999
2021,male,0,0.0016
2021,male,1,0.0001
2021,male,2,0.0001
2021,male,3,0.0001
2021,male,4,0.0001
2021,male,5,0.0001
2021,male,6,0.0001
2021,male,7,0.0001
2021,male,8,0.0001
2021,male,9,0.0001
2021,male,10,0.0001
2021,male,11,0.0001
2021,male,12,0.0001
2021,male,13,0.0001
2021,male,14,0.0001
2021,male,15,0.0003
2021,male,16,0.0003
2021,male,17,0.0003
2021,male,18,0.0003
2021,male,19,0.0003
2021,male,20,0.0003
2021,male,21,0.0003
2021,male,22,0.0003
2021,male,23,0.0003
2021,male,24,0.0003
2021,male,25,0.0004
2021,male,26,0.0004
2021,male,27,0.0004
2021,male,28,0.0004
2021,male,29,0.0004
2021,male,30,0.0004
2021,male,31,0.0004
2021,male,32,0.0004
2021,male,33,0.0004
2021,male,34,0.0004
2021,male,35,0.0007
2021,male,36,0.0007
2021,male,37,0.0007
2021,male,38,0.0007
2021,male,39,0.0007
2021,male,40,0.001
2021,male,41,0.001
2021,male,42,0.001
2021,male,43,0.001
2021,male,44,0.001
2021,male,45,0.0019
2021,male,46,0.0019
2021,male,47,0.0019
2021,male,48,0.0019
2021,male,49,0.0019
2021,male,50,0.0029
2021,male,51,0.0029
2021,male,52,0.0029
2021,male,53,0.0029
2021,male,54,0.0029
2021,male,55,0.0050999999999999
2021,male,56,0.0050999999999999
2021,male,57,0.0050999999999999
2021,male,58,0.0050999999999999
2021,male,59,0.0050999999999999
2021,male,60,0.0086
2021,male,61,0.0086
2021,male,62,0.0086
2021,male,63,0.0086
2021,male,64,0.0086
2021,male,65,0.0126
2021,male,66,0.0126
2021,male,67,0.0126
2021,male,68,0.0126
2021,male,69,0.0126
2021,male,70,0.0214
2021,male,71,0.0214
2021,male,72,0.0214
2021,male,73,0.0214
2021,male,74,0.0214
2021,male,75,0.036
2021,male,76,0.036
2021,male,77,0.036
2021,male,78,0.036
2021,male,79,0.036
2021,male,80,0.0637
2021,male,81,0.0637
2021,male,82,0.0637
2021,male,83,0.0637
2021,male,84,0.0637
2021,male,85,0.1405
2022,male,0,0.0019
2022,male,1,0.0002
2022,male,2,0.0002
2022,male,3,0.0002
2022,male,4,0.0002
2022,male,5,0.0001
2022,male,6,0.0001
2022,male,7,0.0001
2022,male,8,0.0001
2022,male,9,0.0001
2022,male,10,0.0002
2022,male,11,0.0002
2022,male,12,0.0002
2022,male,13,0.0002
2022,male,14,0.0002
2022,male,15,0.0002
2022,male,16,0.0002
2022,male,17,0.0002
2022,male,18,0.0002
2022,male,19,0.0002
2022,male,20,0.0004
2022,male,21,0.0004
2022,male,22,0.0004
2022,male,23,0.0004
2022,male,24,0.0004
2022,male,25,0.0005
2022,male,26,0.0005
2022,male,27,0.0005
2022,male,28,0.0005
2022,male,29,0.0005
2022,male,30,0.0005
2022,male,31,0.0005
2022,male,32,0.0005
2022,male,33,0.0005
2022,male,34,0.0005
2022,male,35,0.0006
2022,male,36,0.0006
2022,male,37,0.0006
2022,male,38,0.0006
2022,male,39,0.0006
2022,male,40,0.0011
2022,male,41,0.0011
2022,male,42,0.0011
2022,male,43,0.0011
2022,male,44,0.0011
2022,male,45,0.0018
2022,male,46,0.0018
2022,male,47,0.0018
2022,male,48,0.0018
2022,male,49,0.0018
2022,male,50,0.003
2022,male,51,0.003
2022,male,52,0.003
2022,male,53,0.003
2022,male,54,0.003
2022,male,55,0.0046
2022,male,56,0.0046
2022,male,57,0.0046
2022,male,58,0.0046
2022,male,59,0.0046
2022,male,60,0.0081
2022,male,61,0.0081
2022,male,62,0.0081
2022,male,63,0.0081
2022,male,64,0.0081
2022,male,65,0.0132
2022,male,66,0.0132
2022,male,67,0.0132
2022,male,68,0.0132
2022,male,69,0.0132
2022,male,70,0.0216
2022,male,71,0.0216
2022,male,72,0.0216
2022,male,73,0.0216
2022,male,74,0.0216
2022,male,75,0.0368999999999999
2022,male,76,0.0368999999999999
2022,male,77,0.0368999999999999
2022,male,78,0.0368999999999999
2022,male,79,0.0368999999999999
2022,male,80,0.0692
2022,male,81,0.0692
2022,male,82,0.0692
2022,male,83,0.0692
2022,male,84,0.0692
2022,male,85,0.1528
2023,male,0,0.0019
2023,male,1,0.0002
2023,male,2,0.0002
2023,male,3,0.0002
2023,male,4,0.0002
2023,male,5,0.0001
2023,male,6,0.0001
2023,male,7,0.0001
2023,male,8,0.0001
2023,male,9,0.0001
2023,male,10,0.0002
2023,male,11,0.0002
2023,male,12,0.0002
2023,male,13,0.0002
2023,male,14,0.0002
2023,male,15,0.0003
2023,male,16,0.0003
2023,male,17,0.0003
2023,male,18,0.0003
2023,male,19,0.0003
2023,male,20,0.0004
2023,male,21,0.0004
2023,male,22,0.0004
2023,male,23,0.0004
2023,male,24,0.0004
2023,male,25,0.0005
2023,male,26,0.0005
2023,male,27,0.0005
2023,male,28,0.0005
2023,male,29,0.0005
2023,male,30,0.0005
2023,male,31,0.0005
2023,male,32,0.0005
2023,male,33,0.0005
2023,male,34,0.0005
2023,male,35,0.0006
2023,male,36,0.0006
2023,male,37,0.0006
2023,male,38,0.0006
2023,male,39,0.0006
2023,male,40,0.001
2023,male,41,0.001
2023,male,42,0.001
2023,male,43,0.001
2023,male,44,0.001
2023,male,45,0.0017
2023,male,46,0.0017
2023,male,47,0.0017
2023,male,48,0.0017
2023,male,49,0.0017
2023,male,50,0.0028
2023,male,51,0.0028
2023,male,52,0.0028
2023,male,53,0.0028
2023,male,54,0.0028
2023,male,55,0.0049
2023,male,56,0.0049
2023,male,57,0.0049
2023,male,58,0.0049
2023,male,59,0.0049
2023,male,60,0.0081
2023,male,61,0.0081
2023,male,62,0.0081
2023,male,63,0.0081
2023,male,64,0.0081
2023,male,65,0.0135
2023,male,66,0.0135
2023,male,67,0.0135
2023,male,68,0.0135
2023,male,69,0.0135
2023,male,70,0.0203
2023,male,71,0.0203
2023,male,72,0.0203
2023,male,73,0.0203
2023,male,74,0.0203
2023,male,75,0.0356
2023,male,76,0.0356
2023,male,77,0.0356
2023,male,78,0.0356
2023,male,79,0.0356
2023,male,80,0.0667
2023,male,81,0.0667
2023,male,82,0.0667
2023,male,83,0.0667
2023,male,84,0.0667
2023,male,85,0.1371
2024,male,0,0.0018
2024,male,1,0.0001
2024,male,2,0.0001
2024,male,3,0.0001
2024,male,4,0.0001
2024,male,5,0.0001
2024,male,6,0.0001
2024,male,7,0.0001
2024,male,8,0.0001
2024,male,9,0.0001
2024,male,10,0.0001
2024,male,11,0.0001
2024,male,12,0.0001
2024,male,13,0.0001
2024,male,14,0.0001
2024,male,15,0.0002
2024,male,16,0.0002
2024,male,17,0.0002
2024,male,18,0.0002
2024,male,19,0.0002
2024,male,20,0.0004
2024,male,21,0.0004
2024,male,22,0.0004
2024,male,23,0.0004
2024,male,24,0.0004
2024,male,25,0.0004
2024,male,26,0.0004
2024,male,27,0.0004
2024,male,28,0.0004
2024,male,29,0.0004
2024,male,30,0.0005
2024,male,31,0.0005
2024,male,32,0.0005
2024,male,33,0.0005
2024,male,34,0.0005
2024,male,35,0.0007
2024,male,36,0.0007
2024,male,37,0.0007
2024,male,38,0.0007
2024,male,39,0.0007
2024,male,40,0.001
2024,male,41,0.001
2024,male,42,0.001
2024,male,43,0.001
2024,male,44,0.001
2024,male,45,0.0017
2024,male,46,0.0017
2024,male,47,0.0017
2024,male,48,0.0017
2024,male,49,0.0017
2024,male,50,0.0028
2024,male,51,0.0028
2024,male,52,0.0028
2024,male,53,0.0028
2024,male,54,0.0028
2024,male,55,0.0045
2024,male,56,0.0045
2024,male,57,0.0045
2024,male,58,0.0045
2024,male,59,0.0045
2024,male,60,0.0075
2024,male,61,0.0075
2024,male,62,0.0075
2024,male,63,0.0075
2024,male,64,0.0075
2024,male,65,0.0126
2024,male,66,0.0126
2024,male,67,0.0126
2024,male,68,0.0126
2024,male,69,0.0126
2024,male,70,0.0193
2024,male,71,0.0193
2024,male,72,0.0193
2024,male,73,0.0193
2024,male,74,0.0193
2024,male,75,0.0322999999999999
2024,male,76,0.0322999999999999
2024,male,77,0.0322999999999999
2024,male,78,0.0322999999999999
2024,male,79,0.0322999999999999
2024,male,80,0.0621
2024,male,81,0.0621
2024,male,82,0.0621
2024,male,83,0.0621
2024,male,84,0.0621
2024,male,85,0.1272
1990,female,0,0.0062
1990,female,1,0.0002
1990,female,2,0.0002
1990,female,3,0.0002
1990,female,4,0.0002
1990,female,5,0.0001
1990,female,6,0.0001
1990,female,7,0.0001
1990,female,8,0.0001
1990,female,9,0.0001
1990,female,10,0.0002
1990,female,11,0.0002
1990,female,12,0.0002
1990,female,13,0.0002
1990,female,14,0.0002
1990,female,15,0.0002
1990,female,16,0.0002
1990,female,17,0.0002
1990,female,18,0.0002
1990,female,19,0.0002
1990,female,20,0.0004
1990,female,21,0.0004
1990,female,22,0.0004
1990,female,23,0.0004
1990,female,24,0.0004
1990,female,25,0.0004
1990,female,26,0.0004
1990,female,27,0.0004
1990,female,28,0.0004
1990,female,29,0.0004
1990,female,30,0.0006
1990,female,31,0.0006
1990,female,32,0.0006
1990,female,33,0.0006
1990,female,34,0.0006
1990,female,35,0.001
1990,female,36,0.001
1990,female,37,0.001
1990,female,38,0.001
1990,female,39,0.001
1990,female,40,0.0014
1990,female,41,0.0014
1990,female,42,0.0014
1990,female,43,0.0014
1990,female,44,0.0014
1990,female,45,0.0024
1990,female,46,0.0024
1990,female,47,0.0024
1990,female,48,0.0024
1990,female,49,0.0024
1990,female,50,0.0042
1990,female,51,0.0042
1990,female,52,0.0042
1990,female,53,0.0042
1990,female,54,0.0042
1990,female,55,0.0074
1990,female,56,0.0074
1990,female,57,0.0074
1990,female,58,0.0074
1990,female,59,0.0074
1990,female,60,0.0109
1990,female,61,0.0109
1990,female,62,0.0109
1990,female,63,0.0109
1990,female,64,0.0109
1990,female,65,0.0186
1990,female,66,0.0186
1990,female,67,0.0186
1990,female,68,0.0186
1990,female,69,0.0186
1990,female,70,0.0313
1990,female,71,0.0313
1990,female,72,0.0313
1990,female,73,0.0313
1990,female,74,0.0313
1990,female,75,0.0477999999999999
1990,female,76,0.0477999999999999
1990,female,77,0.0477999999999999
1990,female,78,0.0477999999999999
1990,female,79,0.0477999999999999
1990,female,80,0.0785999999999999
1990,female,81,0.0785999999999999
1990,female,82,0.0785999999999999
1990,female,83,0.0785999999999999
1990,female,84,0.0785999999999999
1990,female,85,0.1294
1991,female,0,0.0048
1991,female,1,0.0003
1991,female,2,0.0003
1991,female,3,0.0003
1991,female,4,0.0003
1991,female,5,0.0002
1991,female,6,0.0002
1991,female,7,0.0002
1991,female,8,0.0002
1991,female,9,0.0002
1991,female,10,0.0003
1991,female,11,0.0003
1991,female,12,0.0003
1991,female,13,0.0003
1991,female,14,0.0003
1991,female,15,0.0003
1991,female,16,0.0003
1991,female,17,0.0003
1991,female,18,0.0003
1991,female,19,0.0003
1991,female,20,0.0004
1991,female,21,0.0004
1991,female,22,0.0004
1991,female,23,0.0004
1991,female,24,0.0004
1991,female,25,0.0004
1991,female,26,0.0004
1991,female,27,0.0004
1991,female,28,0.0004
1991,female,29,0.0004
1991,female,30,0.0005
1991,female,31,0.0005
1991,female,32,0.0005
1991,female,33,0.0005
1991,female,34,0.0005
1991,female,35,0.0007
1991,female,36,0.0007
1991,female,37,0.0007
1991,female,38,0.0007
1991,female,39,0.0007
1991,female,40,0.0014
1991,female,41,0.0014
1991,female,42,0.0014
1991,female,43,0.0014
1991,female,44,0.0014
1991,female,45,0.0019
1991,female,46,0.0019
1991,female,47,0.0019
1991,female,48,0.0019
1991,female,49,0.0019
1991,female,50,0.0037
1991,female,51,0.0037
1991,female,52,0.0037
1991,female,53,0.0037
1991,female,54,0.0037
1991,female,55,0.0066
1991,female,56,0.0066
1991,female,57,0.0066
1991,female,58,0.0066
1991,female,59,0.0066
1991,female,60,0.011
1991,female,61,0.011
1991,female,62,0.011
1991,female,63,0.011
1991,female,64,0.011
1991,female,65,0.018
1991,female,66,0.018
1991,female,67,0.018
1991,female,68,0.018
1991,female,69,0.018
1991,female,70,0.0317
1991,female,71,0.0317
1991,female,72,0.0317
1991,female,73,0.0317
1991,female,74,0.0317
1991,female,75,0.0461
1991,female,76,0.0461
1991,female,77,0.0461
1991,female,78,0.0461
1991,female,79,0.0461
1991,female,80,0.071
1991,female,81,0.071
1991,female,82,0.071
1991,female,83,0.071
1991,female,84,0.071
1991,female,85,0.1252
1992,female,0,0.0044
1992,female,1,0.0003
1992,female,2,0.0003
1992,female,3,0.0003
1992,female,4,0.0003
1992,female,5,0.0001
1992,female,6,0.0001
1992,female,7,0.0001
1992,female,8,0.0001
1992,female,9,0.0001
1992,female,10,0.0002
1992,female,11,0.0002
1992,female,12,0.0002
1992,female,13,0.0002
1992,female,14,0.0002
1992,female,15,0.0003
1992,female,16,0.0003
1992,female,17,0.0003
1992,female,18,0.0003
1992,female,19,0.0003
1992,female,20,0.0003
1992,female,21,0.0003
1992,female,22,0.0003
1992,female,23,0.0003
1992,female,24,0.0003
1992,female,25,0.0004
1992,female,26,0.0004
1992,female,27,0.0004
1992,female,28,0.0004
1992,female,29,0.0004
1992,female,30,0.0006
1992,female,31,0.0006
1992,female,32,0.0006
1992,female,33,0.0006
1992,female,34,0.0006
1992,female,35,0.0007
1992,female,36,0.0007
1992,female,37,0.0007
1992,female,38,0.0007
1992,female,39,0.0007
1992,female,40,0.0013
1992,female,41,0.0013
1992,female,42,0.0013
1992,female,43,0.0013
1992,female,44,0.0013
1992,female,45,0.0022
1992,female,46,0.0022
1992,female,47,0.0022
1992,female,48,0.0022
1992,female,49,0.0022
1992,female,50,0.0039
1992,female,51,0.0039
1992,female,52,0.0039
1992,female,53,0.0039
1992,female,54,0.0039
1992,female,55,0.0064
1992,female,56,0.0064
1992,female,57,0.0064
1992,female,58,0.0064
1992,female,59,0.0064
1992,female,60,0.0106
1992,female,61,0.0106
1992,female,62,0.0106
1992,female,63,0.0106
1992,female,64,0.0106
1992,female,65,0.0178
1992,female,66,0.0178
1992,female,67,0.0178
1992,female,68,0.0178
1992,female,69,0.0178
1992,female,70,0.028
1992,female,71,0.028
1992,female,72,0.028
1992,female,73,0.028
1992,female,74,0.028
1992,female,75,0.0481
1992,female,76,0.0481
1992,female,77,0.0481
1992,female,78,0.0481
1992,female,79,0.0481
1992,female,80,0.0729
1992,female,81,0.0729
1992,female,82,0.0729
1992,female,83,0.0729
1992,female,84,0.0729
1992,female,85,0.127
1993,female,0,0.0043
1993,female,1,0.0003
1993,female,2,0.0003
1993,female,3,0.0003
1993,female,4,0.0003
1993,female,5,0.0002
1993,female,6,0.0002
1993,female,7,0.0002
1993,female,8,0.0002
1993,female,9,0.0002
1993,female,10,0.0002
1993,female,11,0.0002
1993,female,12,0.0002
1993,female,13,0.0002
1993,female,14,0.0002
1993,female,15,0.0002
1993,female,16,0.0002
1993,female,17,0.0002
1993,female,18,0.0002
1993,female,19,0.0002
1993,female,20,0.0003
1993,female,21,0.0003
1993,female,22,0.0003
1993,female,23,0.0003
1993,female,24,0.0003
1993,female,25,0.0003
1993,female,26,0.0003
1993,female,27,0.0003
1993,female,28,0.0003
1993,female,29,0.0003
1993,female,30,0.0005
1993,female,31,0.0005
1993,female,32,0.0005
1993,female,33,0.0005
1993,female,34,0.0005
1993,female,35,0.0008
1993,female,36,0.0008
1993,female,37,0.0008
1993,female,38,0.0008
1993,female,39,0.0008
1993,female,40,0.0013
1993,female,41,0.0013
1993,female,42,0.0013
1993,female,43,0.0013
1993,female,44,0.0013
1993,female,45,0.0019
1993,female,46,0.0019
1993,female,47,0.0019
1993,female,48,0.0019
1993,female,49,0.0019
1993,female,50,0.0039
1993,female,51,0.0039
1993,female,52,0.0039
1993,female,53,0.0039
1993,female,54,0.0039
1993,female,55,0.0067
1993,female,56,0.0067
1993,female,57,0.0067
1993,female,58,0.0067
1993,female,59,0.0067
1993,female,60,0.0101999999999999
1993,female,61,0.0101999999999999
1993,female,62,0.0101999999999999
1993,female,63,0.0101999999999999
1993,female,64,0.0101999999999999
1993,female,65,0.0175
1993,female,66,0.0175
1993,female,67,0.0175
1993,female,68,0.0175
1993,female,69,0.0175
1993,female,70,0.0297
1993,female,71,0.0297
1993,female,72,0.0297
1993,female,73,0.0297
1993,female,74,0.0297
1993,female,75,0.0506
1993,female,76,0.0506
1993,female,77,0.0506
1993,female,78,0.0506
1993,female,79,0.0506
1993,female,80,0.0692
1993,female,81,0.0692
1993,female,82,0.0692
1993,female,83,0.0692
1993,female,84,0.0692
1993,female,85,0.1294
1994,female,0,0.004
1994,female,1,0.0003
1994,female,2,0.0003
1994,female,3,0.0003
1994,female,4,0.0003
1994,female,5,0.0001
1994,female,6,0.0001
1994,female,7,0.0001
1994,female,8,0.0001
1994,female,9,0.0001
1994,female,10,0.0002
1994,female,11,0.0002
1994,female,12,0.0002
1994,female,13,0.0002
1994,female,14,0.0002
1994,female,15,0.0003
1994,female,16,0.0003
1994,female,17,0.0003
1994,female,18,0.0003
1994,female,19,0.0003
1994,female,20,0.0003
1994,female,21,0.0003
1994,female,22,0.0003
1994,female,23,0.0003
1994,female,24,0.0003
1994,female,25,0.0003
1994,female,26,0.0003
1994,female,27,0.0003
1994,female,28,0.0003
1994,female,29,0.0003
1994,female,30,0.0004
1994,female,31,0.0004
1994,female,32,0.0004
1994,female,33,0.0004
1994,female,34,0.0004
1994,female,35,0.0008
1994,female,36,0.0008
1994,female,37,0.0008
1994,female,38,0.0008
1994,female,39,0.0008
1994,female,40,0.0011
1994,female,41,0.0011
1994,female,42,0.0011
1994,female,43,0.0011
1994,female,44,0.0011
1994,female,45,0.0021
1994,female,46,0.0021
1994,female,47,0.0021
1994,female,48,0.0021
1994,female,49,0.0021
1994,female,50,0.0037
1994,female,51,0.0037
1994,female,52,0.0037
1994,female,53,0.0037
1994,female,54,0.0037
1994,female,55,0.0066
1994,female,56,0.0066
1994,female,57,0.0066
1994,female,58,0.0066
1994,female,59,0.0066
1994,female,60,0.0106
1994,female,61,0.0106
1994,female,62,0.0106
1994,female,63,0.0106
1994,female,64,0.0106
1994,female,65,0.017
1994,female,66,0.017
1994,female,67,0.017
1994,female,68,0.017
1994,female,69,0.017
1994,female,70,0.0317
1994,female,71,0.0317
1994,female,72,0.0317
1994,female,73,0.0317
1994,female,74,0.0317
1994,female,75,0.0471
1994,female,76,0.0471
1994,female,77,0.0471
1994,female,78,0.0471
1994,female,79,0.0471
1994,female,80,0.071
1994,female,81,0.071
1994,female,82,0.071
1994,female,83,0.071
1994,female,84,0.071
1994,female,85,0.1181
1995,female,0,0.0032
1995,female,1,0.0002
1995,female,2,0.0002
1995,female,3,0.0002
1995,female,4,0.0002
1995,female,5,0.0002
1995,female,6,0.0002
1995,female,7,0.0002
1995,female,8,0.0002
1995,female,9,0.0002
1995,female,10,0.0002
1995,female,11,0.0002
1995,female,12,0.0002
1995,female,13,0.0002
1995,female,14,0.0002
1995,female,15,0.0002
1995,female,16,0.0002
1995,female,17,0.0002
1995,female,18,0.0002
1995,female,19,0.0002
1995,female,20,0.0003
1995,female,21,0.0003
1995,female,22,0.0003
1995,female,23,0.0003
1995,female,24,0.0003
1995,female,25,0.0003
1995,female,26,0.0003
1995,female,27,0.0003
1995,female,28,0.0003
1995,female,29,0.0003
1995,female,30,0.0005
1995,female,31,0.0005
1995,female,32,0.0005
1995,female,33,0.0005
1995,female,34,0.0005
1995,female,35,0.0008
1995,female,36,0.0008
1995,female,37,0.0008
1995,female,38,0.0008
1995,female,39,0.0008
1995,female,40,0.0012
1995,female,41,0.0012
1995,female,42,0.0012
1995,female,43,0.0012
1995,female,44,0.0012
1995,female,45,0.002
1995,female,46,0.002
1995,female,47,0.002
1995,female,48,0.002
1995,female,49,0.002
1995,female,50,0.0035
1995,female,51,0.0035
1995,female,52,0.0035
1995,female,53,0.0035
1995,female,54,0.0035
1995,female,55,0.0062
1995,female,56,0.0062
1995,female,57,0.0062
1995,female,58,0.0062
1995,female,59,0.0062
1995,female,60,0.0098
1995,female,61,0.0098
1995,female,62,0.0098
1995,female,63,0.0098
1995,female,64,0.0098
1995,female,65,0.0167
1995,female,66,0.0167
1995,female,67,0.0167
1995,female,68,0.0167
1995,female,69,0.0167
1995,female,70,0.0304
1995,female,71,0.0304
1995,female,72,0.0304
1995,female,73,0.0304
1995,female,74,0.0304
1995,female,75,0.0477
1995,female,76,0.0477
1995,female,77,0.0477
1995,female,78,0.0477
1995,female,79,0.0477
1995,female,80,0.068
1995,female,81,0.068
1995,female,82,0.068
1995,female,83,0.068
1995,female,84,0.068
1995,female,85,0.1338
1996,female,0,0.0035
1996,female,1,0.0002
1996,female,2,0.0002
1996,female,3,0.0002
1996,female,4,0.0002
1996,female,5,0.0001
1996,female,6,0.0001
1996,female,7,0.0001
1996,female,8,0.0001
1996,female,9,0.0001
1996,female,10,0.0002
1996,female,11,0.0002
1996,female,12,0.0002
1996,female,13,0.0002
1996,female,14,0.0002
1996,female,15,0.0003
1996,female,16,0.0003
1996,female,17,0.0003
1996,female,18,0.0003
1996,female,19,0.0003
1996,female,20,0.0003
1996,female,21,0.0003
1996,female,22,0.0003
1996,female,23,0.0003
1996,female,24,0.0003
1996,female,25,0.0004
1996,female,26,0.0004
1996,female,27,0.0004
1996,female,28,0.0004
1996,female,29,0.0004
1996,female,30,0.0005
1996,female,31,0.0005
1996,female,32,0.0005
1996,female,33,0.0005
1996,female,34,0.0005
1996,female,35,0.0007
1996,female,36,0.0007
1996,female,37,0.0007
1996,female,38,0.0007
1996,female,39,0.0007
1996,female,40,0.0011
1996,female,41,0.0011
1996,female,42,0.0011
1996,female,43,0.0011
1996,female,44,0.0011
1996,female,45,0.0018
1996,female,46,0.0018
1996,female,47,0.0018
1996,female,48,0.0018
1996,female,49,0.0018
1996,female,50,0.0034
1996,female,51,0.0034
1996,female,52,0.0034
1996,female,53,0.0034
1996,female,54,0.0034
1996,female,55,0.0055
1996,female,56,0.0055
1996,female,57,0.0055
1996,female,58,0.0055
1996,female,59,0.0055
1996,female,60,0.0094
1996,female,61,0.0094
1996,female,62,0.0094
1996,female,63,0.0094
1996,female,64,0.0094
1996,female,65,0.0165
1996,female,66,0.0165
1996,female,67,0.0165
1996,female,68,0.0165
1996,female,69,0.0165
1996,female,70,0.0289
1996,female,71,0.0289
1996,female,72,0.0289
1996,female,73,0.0289
1996,female,74,0.0289
1996,female,75,0.0477999999999999
1996,female,76,0.0477999999999999
1996,female,77,0.0477999999999999
1996,female,78,0.0477999999999999
1996,female,79,0.0477999999999999
1996,female,80,0.0719
1996,female,81,0.0719
1996,female,82,0.0719
1996,female,83,0.0719
1996,female,84,0.0719
1996,female,85,0.1283
1997,female,0,0.0031
1997,female,1,0.0001
1997,female,2,0.0001
1997,female,3,0.0001
1997,female,4,0.0001
1997,female,5,0.0001
1997,female,6,0.0001
1997,female,7,0.0001
1997,female,8,0.0001
1997,female,9,0.0001
1997,female,10,0.0001
1997,female,11,0.0001
1997,female,12,0.0001
1997,female,13,0.0001
1997,female,14,0.0001
1997,female,15,0.0002
1997,female,16,0.0002
1997,female,17,0.0002
1997,female,18,0.0002
1997,female,19,0.0002
1997,female,20,0.0003
1997,female,21,0.0003
1997,female,22,0.0003
1997,female,23,0.0003
1997,female,24,0.0003
1997,female,25,0.0003
1997,female,26,0.0003
1997,female,27,0.0003
1997,female,28,0.0003
1997,female,29,0.0003
1997,female,30,0.0005
1997,female,31,0.0005
1997,female,32,0.0005
1997,female,33,0.0005
1997,female,34,0.0005
1997,female,35,0.0007
1997,female,36,0.0007
1997,female,37,0.0007
1997,female,38,0.0007
1997,female,39,0.0007
1997,female,40,0.0011
1997,female,41,0.0011
1997,female,42,0.0011
1997,female,43,0.0011
1997,female,44,0.0011
1997,female,45,0.0018
1997,female,46,0.0018
1997,female,47,0.0018
1997,female,48,0.0018
1997,female,49,0.0018
1997,female,50,0.0032
1997,female,51,0.0032
1997,female,52,0.0032
1997,female,53,0.0032
1997,female,54,0.0032
1997,female,55,0.0053
1997,female,56,0.0053
1997,female,57,0.0053
1997,female,58,0.0053
1997,female,59,0.0053
1997,female,60,0.0093
1997,female,61,0.0093
1997,female,62,0.0093
1997,female,63,0.0093
1997,female,64,0.0093
1997,female,65,0.0163
1997,female,66,0.0163
1997,female,67,0.0163
1997,female,68,0.0163
1997,female,69,0.0163
1997,female,70,0.0263
1997,female,71,0.0263
1997,female,72,0.0263
1997,female,73,0.0263
1997,female,74,0.0263
1997,female,75,0.0458
1997,female,76,0.0458
1997,female,77,0.0458
1997,female,78,0.0458
1997,female,79,0.0458
1997,female,80,0.073
1997,female,81,0.073
1997,female,82,0.073
1997,female,83,0.073
1997,female,84,0.073
1997,female,85,0.1212999999999999
1998,female,0,0.0040999999999999
1998,female,1,0.0003
1998,female,2,0.0003
1998,female,3,0.0003
1998,female,4,0.0003
1998,female,5,0.0001
1998,female,6,0.0001
1998,female,7,0.0001
1998,female,8,0.0001
1998,female,9,0.0001
1998,female,10,0.0002
1998,female,11,0.0002
1998,female,12,0.0002
1998,female,13,0.0002
1998,female,14,0.0002
1998,female,15,0.0003
1998,female,16,0.0003
1998,female,17,0.0003
1998,female,18,0.0003
1998,female,19,0.0003
1998,female,20,0.0002
1998,female,21,0.0002
1998,female,22,0.0002
1998,female,23,0.0002
1998,female,24,0.0002
1998,female,25,0.0004
1998,female,26,0.0004
1998,female,27,0.0004
1998,female,28,0.0004
1998,female,29,0.0004
1998,female,30,0.0004
1998,female,31,0.0004
1998,female,32,0.0004
1998,female,33,0.0004
1998,female,34,0.0004
1998,female,35,0.0006
1998,female,36,0.0006
1998,female,37,0.0006
1998,female,38,0.0006
1998,female,39,0.0006
1998,female,40,0.001
1998,female,41,0.001
1998,female,42,0.001
1998,female,43,0.001
1998,female,44,0.001
1998,female,45,0.0017
1998,female,46,0.0017
1998,female,47,0.0017
1998,female,48,0.0017
1998,female,49,0.0017
1998,female,50,0.0032
1998,female,51,0.0032
1998,female,52,0.0032
1998,female,53,0.0032
1998,female,54,0.0032
1998,female,55,0.0050999999999999
1998,female,56,0.0050999999999999
1998,female,57,0.0050999999999999
1998,female,58,0.0050999999999999
1998,female,59,0.0050999999999999
1998,female,60,0.0096
1998,female,61,0.0096
1998,female,62,0.0096
1998,female,63,0.0096
1998,female,64,0.0096
1998,female,65,0.0159
1998,female,66,0.0159
1998,female,67,0.0159
1998,female,68,0.0159
1998,female,69,0.0159
1998,female,70,0.0248
1998,female,71,0.0248
1998,female,72,0.0248
1998,female,73,0.0248
1998,female,74,0.0248
1998,female,75,0.0444
1998,female,76,0.0444
1998,female,77,0.0444
1998,female,78,0.0444
1998,female,79,0.0444
1998,female,80,0.0711
1998,female,81,0.0711
1998,female,82,0.0711
1998,female,83,0.0711
1998,female,84,0.0711
1998,female,85,0.1283
1999,female,0,0.0034
1999,female,1,0.0002
1999,female,2,0.0002
1999,female,3,0.0002
1999,female,4,0.0002
1999,female,5,0.0001
1999,female,6,0.0001
1999,female,7,0.0001
1999,female,8,0.0001
1999,female,9,0.0001
1999,female,10,0.0002
1999,female,11,0.0002
1999,female,12,0.0002
1999,female,13,0.0002
1999,female,14,0.0002
1999,female,15,0.0003
1999,female,16,0.0003
1999,female,17,0.0003
1999,female,18,0.0003
1999,female,19,0.0003
1999,female,20,0.0003
1999,female,21,0.0003
1999,female,22,0.0003
1999,female,23,0.0003
1999,female,24,0.0003
1999,female,25,0.0003
1999,female,26,0.0003
1999,female,27,0.0003
1999,female,28,0.0003
1999,female,29,0.0003
1999,female,30,0.0004
1999,female,31,0.0004
1999,female,32,0.0004
1999,female,33,0.0004
1999,female,34,0.0004
1999,female,35,0.0006
1999,female,36,0.0006
1999,female,37,0.0006
1999,female,38,0.0006
1999,female,39,0.0006
1999,female,40,0.001
1999,female,41,0.001
1999,female,42,0.001
1999,female,43,0.001
1999,female,44,0.001
1999,female,45,0.0019
1999,female,46,0.0019
1999,female,47,0.0019
1999,female,48,0.0019
1999,female,49,0.0019
1999,female,50,0.0026
1999,female,51,0.0026
1999,female,52,0.0026
1999,female,53,0.0026
1999,female,54,0.0026
1999,female,55,0.0048
1999,female,56,0.0048
1999,female,57,0.0048
1999,female,58,0.0048
1999,female,59,0.0048
1999,female,60,0.0081999999999999
1999,female,61,0.0081999999999999
1999,female,62,0.0081999999999999
1999,female,63,0.0081999999999999
1999,female,64,0.0081999999999999
1999,female,65,0.015
1999,female,66,0.015
1999,female,67,0.015
1999,female,68,0.015
1999,female,69,0.015
1999,female,70,0.0232
1999,female,71,0.0232
1999,female,72,0.0232
1999,female,73,0.0232
1999,female,74,0.0232
1999,female,75,0.0441
1999,female,76,0.0441
1999,female,77,0.0441
1999,female,78,0.0441
1999,female,79,0.0441
1999,female,80,0.0687
1999,female,81,0.0687
1999,female,82,0.0687
1999,female,83,0.0687
1999,female,84,0.0687
1999,female,85,0.1338
2000,female,0,0.0022
2000,female,1,0.0003
2000,female,2,0.0003
2000,female,3,0.0003
2000,female,4,0.0003
2000,female,5,0.0002
2000,female,6,0.0002
2000,female,7,0.0002
2000,female,8,0.0002
2000,female,9,0.0002
2000,female,10,0.0002
2000,female,11,0.0002
2000,female,12,0.0002
2000,female,13,0.0002
2000,female,14,0.0002
2000,female,15,0.0002
2000,female,16,0.0002
2000,female,17,0.0002
2000,female,18,0.0002
2000,female,19,0.0002
2000,female,20,0.0002
2000,female,21,0.0002
2000,female,22,0.0002
2000,female,23,0.0002
2000,female,24,0.0002
2000,female,25,0.0003
2000,female,26,0.0003
2000,female,27,0.0003
2000,female,28,0.0003
2000,female,29,0.0003
2000,female,30,0.0005
2000,female,31,0.0005
2000,female,32,0.0005
2000,female,33,0.0005
2000,female,34,0.0005
2000,female,35,0.0007
2000,female,36,0.0007
2000,female,37,0.0007
2000,female,38,0.0007
2000,female,39,0.0007
2000,female,40,0.001
2000,female,41,0.001
2000,female,42,0.001
2000,female,43,0.001
2000,female,44,0.001
2000,female,45,0.0017
2000,female,46,0.0017
2000,female,47,0.0017
2000,female,48,0.0017
2000,female,49,0.0017
2000,female,50,0.0028
2000,female,51,0.0028
2000,female,52,0.0028
2000,female,53,0.0028
2000,female,54,0.0028
2000,female,55,0.0043
2000,female,56,0.0043
2000,female,57,0.0043
2000,female,58,0.0043
2000,female,59,0.0043
2000,female,60,0.0081
2000,female,61,0.0081
2000,female,62,0.0081
2000,female,63,0.0081
2000,female,64,0.0081
2000,female,65,0.0150999999999999
2000,female,66,0.0150999999999999
2000,female,67,0.0150999999999999
2000,female,68,0.0150999999999999
2000,female,69,0.0150999999999999
2000,female,70,0.0226999999999999
2000,female,71,0.0226999999999999
2000,female,72,0.0226999999999999
2000,female,73,0.0226999999999999
2000,female,74,0.0226999999999999
2000,female,75,0.0422
2000,female,76,0.0422
2000,female,77,0.0422
2000,female,78,0.0422
2000,female,79,0.0422
2000,female,80,0.0675
2000,female,81,0.0675
2000,female,82,0.0675
2000,female,83,0.0675
2000,female,84,0.0675
2000,female,85,0.1321
2001,female,0,0.0021
2001,female,1,0.0002
2001,female,2,0.0002
2001,female,3,0.0002
2001,female,4,0.0002
2001,female,5,0.0001
2001,female,6,0.0001
2001,female,7,0.0001
2001,female,8,0.0001
2001,female,9,0.0001
2001,female,10,0.0001
2001,female,11,0.0001
2001,female,12,0.0001
2001,female,13,0.0001
2001,female,14,0.0001
2001,female,15,0.0003
2001,female,16,0.0003
2001,female,17,0.0003
2001,female,18,0.0003
2001,female,19,0.0003
2001,female,20,0.0002
2001,female,21,0.0002
2001,female,22,0.0002
2001,female,23,0.0002
2001,female,24,0.0002
2001,female,25,0.0002
2001,female,26,0.0002
2001,female,27,0.0002
2001,female,28,0.0002
2001,female,29,0.0002
2001,female,30,0.0005
2001,female,31,0.0005
2001,female,32,0.0005
2001,female,33,0.0005
2001,female,34,0.0005
2001,female,35,0.0006
2001,female,36,0.0006
2001,female,37,0.0006
2001,female,38,0.0006
2001,female,39,0.0006
2001,female,40,0.0009
2001,female,41,0.0009
2001,female,42,0.0009
2001,female,43,0.0009
2001,female,44,0.0009
2001,female,45,0.0015
2001,female,46,0.0015
2001,female,47,0.0015
2001,female,48,0.0015
2001,female,49,0.0015
2001,female,50,0.0026
2001,female,51,0.0026
2001,female,52,0.0026
2001,female,53,0.0026
2001,female,54,0.0026
2001,female,55,0.0046
2001,female,56,0.0046
2001,female,57,0.0046
2001,female,58,0.0046
2001,female,59,0.0046
2001,female,60,0.0072
2001,female,61,0.0072
2001,female,62,0.0072
2001,female,63,0.0072
2001,female,64,0.0072
2001,female,65,0.0129
2001,female,66,0.0129
2001,female,67,0.0129
2001,female,68,0.0129
2001,female,69,0.0129
2001,female,70,0.0226999999999999
2001,female,71,0.0226999999999999
2001,female,72,0.0226999999999999
2001,female,73,0.0226999999999999
2001,female,74,0.0226999999999999
2001,female,75,0.038
2001,female,76,0.038
2001,female,77,0.038
2001,female,78,0.038
2001,female,79,0.038
2001,female,80,0.064
2001,female,81,0.064
2001,female,82,0.064
2001,female,83,0.064
2001,female,84,0.064
2001,female,85,0.1253
2002,female,0,0.0023
2002,female,1,0.0001
2002,female,2,0.0001
2002,female,3,0.0001
2002,female,4,0.0001
2002,female,5,0.0001
2002,female,6,0.0001
2002,female,7,0.0001
2002,female,8,0.0001
2002,female,9,0.0001
2002,female,10,0.0001
2002,female,11,0.0001
2002,female,12,0.0001
2002,female,13,0.0001
2002,female,14,0.0001
2002,female,15,0.0003
2002,female,16,0.0003
2002,female,17,0.0003
2002,female,18,0.0003
2002,female,19,0.0003
2002,female,20,0.0003
2002,female,21,0.0003
2002,female,22,0.0003
2002,female,23,0.0003
2002,female,24,0.0003
2002,female,25,0.0003
2002,female,26,0.0003
2002,female,27,0.0003
2002,female,28,0.0003
2002,female,29,0.0003
2002,female,30,0.0004
2002,female,31,0.0004
2002,female,32,0.0004
2002,female,33,0.0004
2002,female,34,0.0004
2002,female,35,0.0007
2002,female,36,0.0007
2002,female,37,0.0007
2002,female,38,0.0007
2002,female,39,0.0007
2002,female,40,0.0008
2002,female,41,0.0008
2002,female,42,0.0008
2002,female,43,0.0008
2002,female,44,0.0008
2002,female,45,0.0015
2002,female,46,0.0015
2002,female,47,0.0015
2002,female,48,0.0015
2002,female,49,0.0015
2002,female,50,0.0028
2002,female,51,0.0028
2002,female,52,0.0028
2002,female,53,0.0028
2002,female,54,0.0028
2002,female,55,0.0042
2002,female,56,0.0042
2002,female,57,0.0042
2002,female,58,0.0042
2002,female,59,0.0042
2002,female,60,0.0076
2002,female,61,0.0076
2002,female,62,0.0076
2002,female,63,0.0076
2002,female,64,0.0076
2002,female,65,0.0129
2002,female,66,0.0129
2002,female,67,0.0129
2002,female,68,0.0129
2002,female,69,0.0129
2002,female,70,0.0228
2002,female,71,0.0228
2002,female,72,0.0228
2002,female,73,0.0228
2002,female,74,0.0228
2002,female,75,0.0375
2002,female,76,0.0375
2002,female,77,0.0375
2002,female,78,0.0375
2002,female,79,0.0375
2002,female,80,0.0639
2002,female,81,0.0639
2002,female,82,0.0639
2002,female,83,0.0639
2002,female,84,0.0639
2002,female,85,0.1217999999999999
2003,female,0,0.0022
2003,female,1,0.0002
2003,female,2,0.0002
2003,female,3,0.0002
2003,female,4,0.0002
2003,female,5,0.0001
2003,female,6,0.0001
2003,female,7,0.0001
2003,female,8,0.0001
2003,female,9,0.0001
2003,female,10,0.0001
2003,female,11,0.0001
2003,female,12,0.0001
2003,female,13,0.0001
2003,female,14,0.0001
2003,female,15,0.0002
2003,female,16,0.0002
2003,female,17,0.0002
2003,female,18,0.0002
2003,female,19,0.0002
2003,female,20,0.0004
2003,female,21,0.0004
2003,female,22,0.0004
2003,female,23,0.0004
2003,female,24,0.0004
2003,female,25,0.0003
2003,female,26,0.0003
2003,female,27,0.0003
2003,female,28,0.0003
2003,female,29,0.0003
2003,female,30,0.0003
2003,female,31,0.0003
2003,female,32,0.0003
2003,female,33,0.0003
2003,female,34,0.0003
2003,female,35,0.0006
2003,female,36,0.0006
2003,female,37,0.0006
2003,female,38,0.0006
2003,female,39,0.0006
2003,female,40,0.0008
2003,female,41,0.0008
2003,female,42,0.0008
2003,female,43,0.0008
2003,female,44,0.0008
2003,female,45,0.0015
2003,female,46,0.0015
2003,female,47,0.0015
2003,female,48,0.0015
2003,female,49,0.0015
2003,female,50,0.0027
2003,female,51,0.0027
2003,female,52,0.0027
2003,female,53,0.0027
2003,female,54,0.0027
2003,female,55,0.0039
2003,female,56,0.0039
2003,female,57,0.0039
2003,female,58,0.0039
2003,female,59,0.0039
2003,female,60,0.0070999999999999
2003,female,61,0.0070999999999999
2003,female,62,0.0070999999999999
2003,female,63,0.0070999999999999
2003,female,64,0.0070999999999999
2003,female,65,0.0125
2003,female,66,0.0125
2003,female,67,0.0125
2003,female,68,0.0125
2003,female,69,0.0125
2003,female,70,0.0201
2003,female,71,0.0201
2003,female,72,0.0201
2003,female,73,0.0201
2003,female,74,0.0201
2003,female,75,0.0411
2003,female,76,0.0411
2003,female,77,0.0411
2003,female,78,0.0411
2003,female,79,0.0411
2003,female,80,0.0655999999999999
2003,female,81,0.0655999999999999
2003,female,82,0.0655999999999999
2003,female,83,0.0655999999999999
2003,female,84,0.0655999999999999
2003,female,85,0.1252
2004,female,0,0.0018
2004,female,1,0.0002
2004,female,2,0.0002
2004,female,3,0.0002
2004,female,4,0.0002
2004,female,5,0.0001
2004,female,6,0.0001
2004,female,7,0.0001
2004,female,8,0.0001
2004,female,9,0.0001
2004,female,10,0.0002
2004,female,11,0.0002
2004,female,12,0.0002
2004,female,13,0.0002
2004,female,14,0.0002
2004,female,15,0.0003
2004,female,16,0.0003
2004,female,17,0.0003
2004,female,18,0.0003
2004,female,19,0.0003
2004,female,20,0.0003
2004,female,21,0.0003
2004,female,22,0.0003
2004,female,23,0.0003
2004,female,24,0.0003
2004,female,25,0.0002
2004,female,26,0.0002
2004,female,27,0.0002
2004,female,28,0.0002
2004,female,29,0.0002
2004,female,30,0.0003
2004,female,31,0.0003
2004,female,32,0.0003
2004,female,33,0.0003
2004,female,34,0.0003
2004,female,35,0.0005
2004,female,36,0.0005
2004,female,37,0.0005
2004,female,38,0.0005
2004,female,39,0.0005
2004,female,40,0.001
2004,female,41,0.001
2004,female,42,0.001
2004,female,43,0.001
2004,female,44,0.001
2004,female,45,0.0015
2004,female,46,0.0015
2004,female,47,0.0015
2004,female,48,0.0015
2004,female,49,0.0015
2004,female,50,0.0025
2004,female,51,0.0025
2004,female,52,0.0025
2004,female,53,0.0025
2004,female,54,0.0025
2004,female,55,0.0045
2004,female,56,0.0045
2004,female,57,0.0045
2004,female,58,0.0045
2004,female,59,0.0045
2004,female,60,0.0067
2004,female,61,0.0067
2004,female,62,0.0067
2004,female,63,0.0067
2004,female,64,0.0067
2004,female,65,0.012
2004,female,66,0.012
2004,female,67,0.012
2004,female,68,0.012
2004,female,69,0.012
2004,female,70,0.0191
2004,female,71,0.0191
2004,female,72,0.0191
2004,female,73,0.0191
2004,female,74,0.0191
2004,female,75,0.0331
2004,female,76,0.0331
2004,female,77,0.0331
2004,female,78,0.0331
2004,female,79,0.0331
2004,female,80,0.0621
2004,female,81,0.0621
2004,female,82,0.0621
2004,female,83,0.0621
2004,female,84,0.0621
2004,female,85,0.1145
2005,female,0,0.0017
2005,female,1,0.0002
2005,female,2,0.0002
2005,female,3,0.0002
2005,female,4,0.0002
2005,female,5,0.0001
2005,female,6,0.0001
2005,female,7,0.0001
2005,female,8,0.0001
2005,female,9,0.0001
2005,female,10,0.0001
2005,female,11,0.0001
2005,female,12,0.0001
2005,female,13,0.0001
2005,female,14,0.0001
2005,female,15,0.0001
2005,female,16,0.0001
2005,female,17,0.0001
2005,female,18,0.0001
2005,female,19,0.0001
2005,female,20,0.0003
2005,female,21,0.0003
2005,female,22,0.0003
2005,female,23,0.0003
2005,female,24,0.0003
2005,female,25,0.0002
2005,female,26,0.0002
2005,female,27,0.0002
2005,female,28,0.0002
2005,female,29,0.0002
2005,female,30,0.0004
2005,female,31,0.0004
2005,female,32,0.0004
2005,female,33,0.0004
2005,female,34,0.0004
2005,female,35,0.0005
2005,female,36,0.0005
2005,female,37,0.0005
2005,female,38,0.0005
2005,female,39,0.0005
2005,female,40,0.0009
2005,female,41,0.0009
2005,female,42,0.0009
2005,female,43,0.0009
2005,female,44,0.0009
2005,female,45,0.0014
2005,female,46,0.0014
2005,female,47,0.0014
2005,female,48,0.0014
2005,female,49,0.0014
2005,female,50,0.0025
2005,female,51,0.0025
2005,female,52,0.0025
2005,female,53,0.0025
2005,female,54,0.0025
2005,female,55,0.0038
2005,female,56,0.0038
2005,female,57,0.0038
2005,female,58,0.0038
2005,female,59,0.0038
2005,female,60,0.007
2005,female,61,0.007
2005,female,62,0.007
2005,female,63,0.007
2005,female,64,0.007
2005,female,65,0.0108
2005,female,66,0.0108
2005,female,67,0.0108
2005,female,68,0.0108
2005,female,69,0.0108
2005,female,70,0.0189
2005,female,71,0.0189
2005,female,72,0.0189
2005,female,73,0.0189
2005,female,74,0.0189
2005,female,75,0.0334
2005,female,76,0.0334
2005,female,77,0.0334
2005,female,78,0.0334
2005,female,79,0.0334
2005,female,80,0.0596
2005,female,81,0.0596
2005,female,82,0.0596
2005,female,83,0.0596
2005,female,84,0.0596
2005,female,85,0.1188
2006,female,0,0.0024
2006,female,1,0.0001
2006,female,2,0.0001
2006,female,3,0.0001
2006,female,4,0.0001
2006,female,5,0.0001
2006,female,6,0.0001
2006,female,7,0.0001
2006,female,8,0.0001
2006,female,9,0.0001
2006,female,10,0.0001
2006,female,11,0.0001
2006,female,12,0.0001
2006,female,13,0.0001
2006,female,14,0.0001
2006,female,15,0.0002
2006,female,16,0.0002
2006,female,17,0.0002
2006,female,18,0.0002
2006,female,19,0.0002
2006,female,20,0.0002
2006,female,21,0.0002
2006,female,22,0.0002
2006,female,23,0.0002
2006,female,24,0.0002
2006,female,25,0.0003
2006,female,26,0.0003
2006,female,27,0.0003
2006,female,28,0.0003
2006,female,29,0.0003
2006,female,30,0.0004
2006,female,31,0.0004
2006,female,32,0.0004
2006,female,33,0.0004
2006,female,34,0.0004
2006,female,35,0.0005
2006,female,36,0.0005
2006,female,37,0.0005
2006,female,38,0.0005
2006,female,39,0.0005
2006,female,40,0.0009
2006,female,41,0.0009
2006,female,42,0.0009
2006,female,43,0.0009
2006,female,44,0.0009
2006,female,45,0.0014
2006,female,46,0.0014
2006,female,47,0.0014
2006,female,48,0.0014
2006,female,49,0.0014
2006,female,50,0.0024
2006,female,51,0.0024
2006,female,52,0.0024
2006,female,53,0.0024
2006,female,54,0.0024
2006,female,55,0.004
2006,female,56,0.004
2006,female,57,0.004
2006,female,58,0.004
2006,female,59,0.004
2006,female,60,0.0064
2006,female,61,0.0064
2006,female,62,0.0064
2006,female,63,0.0064
2006,female,64,0.0064
2006,female,65,0.0101999999999999
2006,female,66,0.0101999999999999
2006,female,67,0.0101999999999999
2006,female,68,0.0101999999999999
2006,female,69,0.0101999999999999
2006,female,70,0.0175
2006,female,71,0.0175
2006,female,72,0.0175
2006,female,73,0.0175
2006,female,74,0.0175
2006,female,75,0.0345
2006,female,76,0.0345
2006,female,77,0.0345
2006,female,78,0.0345
2006,female,79,0.0345
2006,female,80,0.0552999999999999
2006,female,81,0.0552999999999999
2006,female,82,0.0552999999999999
2006,female,83,0.0552999999999999
2006,female,84,0.0552999999999999
2006,female,85,0.1163
2007,female,0,0.0015
2007,female,1,0.0001
2007,female,2,0.0001
2007,female,3,0.0001
2007,female,4,0.0001
2007,female,5,0.0001
2007,female,6,0.0001
2007,female,7,0.0001
2007,female,8,0.0001
2007,female,9,0.0001
2007,female,10,0.0001
2007,female,11,0.0001
2007,female,12,0.0001
2007,female,13,0.0001
2007,female,14,0.0001
2007,female,15,0.0002
2007,female,16,0.0002
2007,female,17,0.0002
2007,female,18,0.0002
2007,female,19,0.0002
2007,female,20,0.0002
2007,female,21,0.0002
2007,female,22,0.0002
2007,female,23,0.0002
2007,female,24,0.0002
2007,female,25,0.0002
2007,female,26,0.0002
2007,female,27,0.0002
2007,female,28,0.0002
2007,female,29,0.0002
2007,female,30,0.0003
2007,female,31,0.0003
2007,female,32,0.0003
2007,female,33,0.0003
2007,female,34,0.0003
2007,female,35,0.0004
2007,female,36,0.0004
2007,female,37,0.0004
2007,female,38,0.0004
2007,female,39,0.0004
2007,female,40,0.0009
2007,female,41,0.0009
2007,female,42,0.0009
2007,female,43,0.0009
2007,female,44,0.0009
2007,female,45,0.0014
2007,female,46,0.0014
2007,female,47,0.0014
2007,female,48,0.0014
2007,female,49,0.0014
2007,female,50,0.0021
2007,female,51,0.0021
2007,female,52,0.0021
2007,female,53,0.0021
2007,female,54,0.0021
2007,female,55,0.0037
2007,female,56,0.0037
2007,female,57,0.0037
2007,female,58,0.0037
2007,female,59,0.0037
2007,female,60,0.0058
2007,female,61,0.0058
2007,female,62,0.0058
2007,female,63,0.0058
2007,female,64,0.0058
2007,female,65,0.0096999999999999
2007,female,66,0.0096999999999999
2007,female,67,0.0096999999999999
2007,female,68,0.0096999999999999
2007,female,69,0.0096999999999999
2007,female,70,0.0205
2007,female,71,0.0205
2007,female,72,0.0205
2007,female,73,0.0205
2007,female,74,0.0205
2007,female,75,0.0327
2007,female,76,0.0327
2007,female,77,0.0327
2007,female,78,0.0327
2007,female,79,0.0327
2007,female,80,0.0556
2007,female,81,0.0556
2007,female,82,0.0556
2007,female,83,0.0556
2007,female,84,0.0556
2007,female,85,0.1154
2008,female,0,0.0017
2008,female,1,0.0002
2008,female,2,0.0002
2008,female,3,0.0002
2008,female,4,0.0002
2008,female,5,0.0001
2008,female,6,0.0001
2008,female,7,0.0001
2008,female,8,0.0001
2008,female,9,0.0001
2008,female,10,0.0001
2008,female,11,0.0001
2008,female,12,0.0001
2008,female,13,0.0001
2008,female,14,0.0001
2008,female,15,0.0001
2008,female,16,0.0001
2008,female,17,0.0001
2008,female,18,0.0001
2008,female,19,0.0001
2008,female,20,0.0003
2008,female,21,0.0003
2008,female,22,0.0003
2008,female,23,0.0003
2008,female,24,0.0003
2008,female,25,0.0003
2008,female,26,0.0003
2008,female,27,0.0003
2008,female,28,0.0003
2008,female,29,0.0003
2008,female,30,0.0003
2008,female,31,0.0003
2008,female,32,0.0003
2008,female,33,0.0003
2008,female,34,0.0003
2008,female,35,0.0005
2008,female,36,0.0005
2008,female,37,0.0005
2008,female,38,0.0005
2008,female,39,0.0005
2008,female,40,0.0009
2008,female,41,0.0009
2008,female,42,0.0009
2008,female,43,0.0009
2008,female,44,0.0009
2008,female,45,0.0012
2008,female,46,0.0012
2008,female,47,0.0012
2008,female,48,0.0012
2008,female,49,0.0012
2008,female,50,0.0023
2008,female,51,0.0023
2008,female,52,0.0023
2008,female,53,0.0023
2008,female,54,0.0023
2008,female,55,0.0036
2008,female,56,0.0036
2008,female,57,0.0036
2008,female,58,0.0036
2008,female,59,0.0036
2008,female,60,0.0057
2008,female,61,0.0057
2008,female,62,0.0057
2008,female,63,0.0057
2008,female,64,0.0057
2008,female,65,0.0098
2008,female,66,0.0098
2008,female,67,0.0098
2008,female,68,0.0098
2008,female,69,0.0098
2008,female,70,0.0186999999999999
2008,female,71,0.0186999999999999
2008,female,72,0.0186999999999999
2008,female,73,0.0186999999999999
2008,female,74,0.0186999999999999
2008,female,75,0.0316
2008,female,76,0.0316
2008,female,77,0.0316
2008,female,78,0.0316
2008,female,79,0.0316
2008,female,80,0.0525
2008,female,81,0.0525
2008,female,82,0.0525
2008,female,83,0.0525
2008,female,84,0.0525
2008,female,85,0.1127
2009,female,0,0.0017
2009,female,1,0.0002
2009,female,2,0.0002
2009,female,3,0.0002
2009,female,4,0.0002
2009,female,5,0.0001
2009,female,6,0.0001
2009,female,7,0.0001
2009,female,8,0.0001
2009,female,9,0.0001
2009,female,10,0.0001
2009,female,11,0.0001
2009,female,12,0.0001
2009,female,13,0.0001
2009,female,14,0.0001
2009,female,15,0.0002
2009,female,16,0.0002
2009,female,17,0.0002
2009,female,18,0.0002
2009,female,19,0.0002
2009,female,20,0.0002
2009,female,21,0.0002
2009,female,22,0.0002
2009,female,23,0.0002
2009,female,24,0.0002
2009,female,25,0.0002
2009,female,26,0.0002
2009,female,27,0.0002
2009,female,28,0.0002
2009,female,29,0.0002
2009,female,30,0.0003
2009,female,31,0.0003
2009,female,32,0.0003
2009,female,33,0.0003
2009,female,34,0.0003
2009,female,35,0.0004
2009,female,36,0.0004
2009,female,37,0.0004
2009,female,38,0.0004
2009,female,39,0.0004
2009,female,40,0.0007
2009,female,41,0.0007
2009,female,42,0.0007
2009,female,43,0.0007
2009,female,44,0.0007
2009,female,45,0.0013
2009,female,46,0.0013
2009,female,47,0.0013
2009,female,48,0.0013
2009,female,49,0.0013
2009,female,50,0.0022
2009,female,51,0.0022
2009,female,52,0.0022
2009,female,53,0.0022
2009,female,54,0.0022
2009,female,55,0.0033
2009,female,56,0.0033
2009,female,57,0.0033
2009,female,58,0.0033
2009,female,59,0.0033
2009,female,60,0.005
2009,female,61,0.005
2009,female,62,0.005
2009,female,63,0.005
2009,female,64,0.005
2009,female,65,0.0096999999999999
2009,female,66,0.0096999999999999
2009,female,67,0.0096999999999999
2009,female,68,0.0096999999999999
2009,female,69,0.0096999999999999
2009,female,70,0.0158
2009,female,71,0.0158
2009,female,72,0.0158
2009,female,73,0.0158
2009,female,74,0.0158
2009,female,75,0.03
2009,female,76,0.03
2009,female,77,0.03
2009,female,78,0.03
2009,female,79,0.03
2009,female,80,0.0485
2009,female,81,0.0485
2009,female,82,0.0485
2009,female,83,0.0485
2009,female,84,0.0485
2009,female,85,0.1127
2010,female,0,0.0021
2010,female,1,0.0001
2010,female,2,0.0001
2010,female,3,0.0001
2010,female,4,0.0001
2010,female,5,0.0001
2010,female,6,0.0001
2010,female,7,0.0001
2010,female,8,0.0001
2010,female,9,0.0001
2010,female,10,0.0001
2010,female,11,0.0001
2010,female,12,0.0001
2010,female,13,0.0001
2010,female,14,0.0001
2010,female,15,0.0001
2010,female,16,0.0001
2010,female,17,0.0001
2010,female,18,0.0001
2010,female,19,0.0001
2010,female,20,0.0002
2010,female,21,0.0002
2010,female,22,0.0002
2010,female,23,0.0002
2010,female,24,0.0002
2010,female,25,0.0002
2010,female,26,0.0002
2010,female,27,0.0002
2010,female,28,0.0002
2010,female,29,0.0002
2010,female,30,0.0002
2010,female,31,0.0002
2010,female,32,0.0002
2010,female,33,0.0002
2010,female,34,0.0002
2010,female,35,0.0005
2010,female,36,0.0005
2010,female,37,0.0005
2010,female,38,0.0005
2010,female,39,0.0005
2010,female,40,0.0007
2010,female,41,0.0007
2010,female,42,0.0007
2010,female,43,0.0007
2010,female,44,0.0007
2010,female,45,0.0012
2010,female,46,0.0012
2010,female,47,0.0012
2010,female,48,0.0012
2010,female,49,0.0012
2010,female,50,0.0019
2010,female,51,0.0019
2010,female,52,0.0019
2010,female,53,0.0019
2010,female,54,0.0019
2010,female,55,0.0033
2010,female,56,0.0033
2010,female,57,0.0033
2010,female,58,0.0033
2010,female,59,0.0033
2010,female,60,0.0053
2010,female,61,0.0053
2010,female,62,0.0053
2010,female,63,0.0053
2010,female,64,0.0053
2010,female,65,0.0088
2010,female,66,0.0088
2010,female,67,0.0088
2010,female,68,0.0088
2010,female,69,0.0088
2010,female,70,0.0150999999999999
2010,female,71,0.0150999999999999
2010,female,72,0.0150999999999999
2010,female,73,0.0150999999999999
2010,female,74,0.0150999999999999
2010,female,75,0.0271
2010,female,76,0.0271
2010,female,77,0.0271
2010,female,78,0.0271
2010,female,79,0.0271
2010,female,80,0.0502
2010,female,81,0.0502
2010,female,82,0.0502
2010,female,83,0.0502
2010,female,84,0.0502
2010,female,85,0.1125
2011,female,0,0.0017
2011,female,1,0.0001
2011,female,2,0.0001
2011,female,3,0.0001
2011,female,4,0.0001
2011,female,5,0.0001
2011,female,6,0.0001
2011,female,7,0.0001
2011,female,8,0.0001
2011,female,9,0.0001
2011,female,10,0.0001
2011,female,11,0.0001
2011,female,12,0.0001
2011,female,13,0.0001
2011,female,14,0.0001
2011,female,15,0.0002
2011,female,16,0.0002
2011,female,17,0.0002
2011,female,18,0.0002
2011,female,19,0.0002
2011,female,20,0.0002
2011,female,21,0.0002
2011,female,22,0.0002
2011,female,23,0.0002
2011,female,24,0.0002
2011,female,25,0.0002
2011,female,26,0.0002
2011,female,27,0.0002
2011,female,28,0.0002
2011,female,29,0.0002
2011,female,30,0.0003
2011,female,31,0.0003
2011,female,32,0.0003
2011,female,33,0.0003
2011,female,34,0.0003
2011,female,35,0.0004
2011,female,36,0.0004
2011,female,37,0.0004
2011,female,38,0.0004
2011,female,39,0.0004
2011,female,40,0.0008
2011,female,41,0.0008
2011,female,42,0.0008
2011,female,43,0.0008
2011,female,44,0.0008
2011,female,45,0.0013
2011,female,46,0.0013
2011,female,47,0.0013
2011,female,48,0.0013
2011,female,49,0.0013
2011,female,50,0.0021
2011,female,51,0.0021
2011,female,52,0.0021
2011,female,53,0.0021
2011,female,54,0.0021
2011,female,55,0.0029
2011,female,56,0.0029
2011,female,57,0.0029
2011,female,58,0.0029
2011,female,59,0.0029
2011,female,60,0.0052
2011,female,61,0.0052
2011,female,62,0.0052
2011,female,63,0.0052
2011,female,64,0.0052
2011,female,65,0.009
2011,female,66,0.009
2011,female,67,0.009
2011,female,68,0.009
2011,female,69,0.009
2011,female,70,0.0147
2011,female,71,0.0147
2011,female,72,0.0147
2011,female,73,0.0147
2011,female,74,0.0147
2011,female,75,0.029
2011,female,76,0.029
2011,female,77,0.029
2011,female,78,0.029
2011,female,79,0.029
2011,female,80,0.0484
2011,female,81,0.0484
2011,female,82,0.0484
2011,female,83,0.0484
2011,female,84,0.0484
2011,female,85,0.1094
2012,female,0,0.0016
2012,female,1,0.0001
2012,female,2,0.0001
2012,female,3,0.0001
2012,female,4,0.0001
2012,female,5,0.0001
2012,female,6,0.0001
2012,female,7,0.0001
2012,female,8,0.0001
2012,female,9,0.0001
2012,female,10,0.0001
2012,female,11,0.0001
2012,female,12,0.0001
2012,female,13,0.0001
2012,female,14,0.0001
2012,female,15,0.0002
2012,female,16,0.0002
2012,female,17,0.0002
2012,female,18,0.0002
2012,female,19,0.0002
2012,female,20,0.0002
2012,female,21,0.0002
2012,female,22,0.0002
2012,female,23,0.0002
2012,female,24,0.0002
2012,female,25,0.0002
2012,female,26,0.0002
2012,female,27,0.0002
2012,female,28,0.0002
2012,female,29,0.0002
2012,female,30,0.0004
2012,female,31,0.0004
2012,female,32,0.0004
2012,female,33,0.0004
2012,female,34,0.0004
2012,female,35,0.0005
2012,female,36,0.0005
2012,female,37,0.0005
2012,female,38,0.0005
2012,female,39,0.0005
2012,female,40,0.0007
2012,female,41,0.0007
2012,female,42,0.0007
2012,female,43,0.0007
2012,female,44,0.0007
2012,female,45,0.0013
2012,female,46,0.0013
2012,female,47,0.0013
2012,female,48,0.0013
2012,female,49,0.0013
2012,female,50,0.002
2012,female,51,0.002
2012,female,52,0.002
2012,female,53,0.002
2012,female,54,0.002
2012,female,55,0.0033
2012,female,56,0.0033
2012,female,57,0.0033
2012,female,58,0.0033
2012,female,59,0.0033
2012,female,60,0.0050999999999999
2012,female,61,0.0050999999999999
2012,female,62,0.0050999999999999
2012,female,63,0.0050999999999999
2012,female,64,0.0050999999999999
2012,female,65,0.0087
2012,female,66,0.0087
2012,female,67,0.0087
2012,female,68,0.0087
2012,female,69,0.0087
2012,female,70,0.0145
2012,female,71,0.0145
2012,female,72,0.0145
2012,female,73,0.0145
2012,female,74,0.0145
2012,female,75,0.0263
2012,female,76,0.0263
2012,female,77,0.0263
2012,female,78,0.0263
2012,female,79,0.0263
2012,female,80,0.0464
2012,female,81,0.0464
2012,female,82,0.0464
2012,female,83,0.0464
2012,female,84,0.0464
2012,female,85,0.1083
2013,female,0,0.0021
2013,female,1,0.0002
2013,female,2,0.0002
2013,female,3,0.0002
2013,female,4,0.0002
2013,female,5,0.0001
2013,female,6,0.0001
2013,female,7,0.0001
2013,female,8,0.0001
2013,female,9,0.0001
2013,female,10,0.0001
2013,female,11,0.0001
2013,female,12,0.0001
2013,female,13,0.0001
2013,female,14,0.0001
2013,female,15,0.0002
2013,female,16,0.0002
2013,female,17,0.0002
2013,female,18,0.0002
2013,female,19,0.0002
2013,female,20,0.0002
2013,female,21,0.0002
2013,female,22,0.0002
2013,female,23,0.0002
2013,female,24,0.0002
2013,female,25,0.0002
2013,female,26,0.0002
2013,female,27,0.0002
2013,female,28,0.0002
2013,female,29,0.0002
2013,female,30,0.0003
2013,female,31,0.0003
2013,female,32,0.0003
2013,female,33,0.0003
2013,female,34,0.0003
2013,female,35,0.0004
2013,female,36,0.0004
2013,female,37,0.0004
2013,female,38,0.0004
2013,female,39,0.0004
2013,female,40,0.0007
2013,female,41,0.0007
2013,female,42,0.0007
2013,female,43,0.0007
2013,female,44,0.0007
2013,female,45,0.0011
2013,female,46,0.0011
2013,female,47,0.0011
2013,female,48,0.0011
2013,female,49,0.0011
2013,female,50,0.002
2013,female,51,0.002
2013,female,52,0.002
2013,female,53,0.002
2013,female,54,0.002
2013,female,55,0.003
2013,female,56,0.003
2013,female,57,0.003
2013,female,58,0.003
2013,female,59,0.003
2013,female,60,0.0050999999999999
2013,female,61,0.0050999999999999
2013,female,62,0.0050999999999999
2013,female,63,0.0050999999999999
2013,female,64,0.0050999999999999
2013,female,65,0.0078
2013,female,66,0.0078
2013,female,67,0.0078
2013,female,68,0.0078
2013,female,69,0.0078
2013,female,70,0.0141999999999999
2013,female,71,0.0141999999999999
2013,female,72,0.0141999999999999
2013,female,73,0.0141999999999999
2013,female,74,0.0141999999999999
2013,female,75,0.0263
2013,female,76,0.0263
2013,female,77,0.0263
2013,female,78,0.0263
2013,female,79,0.0263
2013,female,80,0.0472
2013,female,81,0.0472
2013,female,82,0.0472
2013,female,83,0.0472
2013,female,84,0.0472
2013,female,85,0.1090999999999999
2014,female,0,0.0017
2014,female,1,0.0001
2014,female,2,0.0001
2014,female,3,0.0001
2014,female,4,0.0001
2014,female,5,0.0001
2014,female,6,0.0001
2014,female,7,0.0001
2014,female,8,0.0001
2014,female,9,0.0001
2014,female,10,0.0001
2014,female,11,0.0001
2014,female,12,0.0001
2014,female,13,0.0001
2014,female,14,0.0001
2014,female,15,0.0002
2014,female,16,0.0002
2014,female,17,0.0002
2014,female,18,0.0002
2014,female,19,0.0002
2014,female,20,0.0001
2014,female,21,0.0001
2014,female,22,0.0001
2014,female,23,0.0001
2014,female,24,0.0001
2014,female,25,0.0001
2014,female,26,0.0001
2014,female,27,0.0001
2014,female,28,0.0001
2014,female,29,0.0001
2014,female,30,0.0002
2014,female,31,0.0002
2014,female,32,0.0002
2014,female,33,0.0002
2014,female,34,0.0002
2014,female,35,0.0003
2014,female,36,0.0003
2014,female,37,0.0003
2014,female,38,0.0003
2014,female,39,0.0003
2014,female,40,0.0007
2014,female,41,0.0007
2014,female,42,0.0007
2014,female,43,0.0007
2014,female,44,0.0007
2014,female,45,0.0012
2014,female,46,0.0012
2014,female,47,0.0012
2014,female,48,0.0012
2014,female,49,0.0012
2014,female,50,0.0019
2014,female,51,0.0019
2014,female,52,0.0019
2014,female,53,0.0019
2014,female,54,0.0019
2014,female,55,0.0032
2014,female,56,0.0032
2014,female,57,0.0032
2014,female,58,0.0032
2014,female,59,0.0032
2014,female,60,0.0044
2014,female,61,0.0044
2014,female,62,0.0044
2014,female,63,0.0044
2014,female,64,0.0044
2014,female,65,0.0075
2014,female,66,0.0075
2014,female,67,0.0075
2014,female,68,0.0075
2014,female,69,0.0075
2014,female,70,0.0135
2014,female,71,0.0135
2014,female,72,0.0135
2014,female,73,0.0135
2014,female,74,0.0135
2014,female,75,0.0259
2014,female,76,0.0259
2014,female,77,0.0259
2014,female,78,0.0259
2014,female,79,0.0259
2014,female,80,0.0466
2014,female,81,0.0466
2014,female,82,0.0466
2014,female,83,0.0466
2014,female,84,0.0466
2014,female,85,0.1088
2015,female,0,0.0012
2015,female,1,0.0001
2015,female,2,0.0001
2015,female,3,0.0001
2015,female,4,0.0001
2015,female,5,0.0001
2015,female,6,0.0001
2015,female,7,0.0001
2015,female,8,0.0001
2015,female,9,0.0001
2015,female,10,0.0001
2015,female,11,0.0001
2015,female,12,0.0001
2015,female,13,0.0001
2015,female,14,0.0001
2015,female,15,0.0002
2015,female,16,0.0002
2015,female,17,0.0002
2015,female,18,0.0002
2015,female,19,0.0002
2015,female,20,0.0002
2015,female,21,0.0002
2015,female,22,0.0002
2015,female,23,0.0002
2015,female,24,0.0002
2015,female,25,0.0002
2015,female,26,0.0002
2015,female,27,0.0002
2015,female,28,0.0002
2015,female,29,0.0002
2015,female,30,0.0003
2015,female,31,0.0003
2015,female,32,0.0003
2015,female,33,0.0003
2015,female,34,0.0003
2015,female,35,0.0004
2015,female,36,0.0004
2015,female,37,0.0004
2015,female,38,0.0004
2015,female,39,0.0004
2015,female,40,0.0006
2015,female,41,0.0006
2015,female,42,0.0006
2015,female,43,0.0006
2015,female,44,0.0006
2015,female,45,0.0011
2015,female,46,0.0011
2015,female,47,0.0011
2015,female,48,0.0011
2015,female,49,0.0011
2015,female,50,0.0019
2015,female,51,0.0019
2015,female,52,0.0019
2015,female,53,0.0019
2015,female,54,0.0019
2015,female,55,0.0031
2015,female,56,0.0031
2015,female,57,0.0031
2015,female,58,0.0031
2015,female,59,0.0031
2015,female,60,0.0045
2015,female,61,0.0045
2015,female,62,0.0045
2015,female,63,0.0045
2015,female,64,0.0045
2015,female,65,0.0070999999999999
2015,female,66,0.0070999999999999
2015,female,67,0.0070999999999999
2015,female,68,0.0070999999999999
2015,female,69,0.0070999999999999
2015,female,70,0.0132
2015,female,71,0.0132
2015,female,72,0.0132
2015,female,73,0.0132
2015,female,74,0.0132
2015,female,75,0.0243999999999999
2015,female,76,0.0243999999999999
2015,female,77,0.0243999999999999
2015,female,78,0.0243999999999999
2015,female,79,0.0243999999999999
2015,female,80,0.0434
2015,female,81,0.0434
2015,female,82,0.0434
2015,female,83,0.0434
2015,female,84,0.0434
2015,female,85,0.1082
2016,female,0,0.0025
2016,female,1,0.0001
2016,female,2,0.0001
2016,female,3,0.0001
2016,female,4,0.0001
2016,female,5,0.0001
2016,female,6,0.0001
2016,female,7,0.0001
2016,female,8,0.0001
2016,female,9,0.0001
2016,female,10,0.0001
2016,female,11,0.0001
2016,female,12,0.0001
2016,female,13,0.0001
2016,female,14,0.0001
2016,female,15,0.0001
2016,female,16,0.0001
2016,female,17,0.0001
2016,female,18,0.0001
2016,female,19,0.0001
2016,female,20,0.0002
2016,female,21,0.0002
2016,female,22,0.0002
2016,female,23,0.0002
2016,female,24,0.0002
2016,female,25,0.0002
2016,female,26,0.0002
2016,female,27,0.0002
2016,female,28,0.0002
2016,female,29,0.0002
2016,female,30,0.0002
2016,female,31,0.0002
2016,female,32,0.0002
2016,female,33,0.0002
2016,female,34,0.0002
2016,female,35,0.0003
2016,female,36,0.0003
2016,female,37,0.0003
2016,female,38,0.0003
2016,female,39,0.0003
2016,female,40,0.0008
2016,female,41,0.0008
2016,female,42,0.0008
2016,female,43,0.0008
2016,female,44,0.0008
2016,female,45,0.0011
2016,female,46,0.0011
2016,female,47,0.0011
2016,female,48,0.0011
2016,female,49,0.0011
2016,female,50,0.0018
2016,female,51,0.0018
2016,female,52,0.0018
2016,female,53,0.0018
2016,female,54,0.0018
2016,female,55,0.003
2016,female,56,0.003
2016,female,57,0.003
2016,female,58,0.003
2016,female,59,0.003
2016,female,60,0.0043
2016,female,61,0.0043
2016,female,62,0.0043
2016,female,63,0.0043
2016,female,64,0.0043
2016,female,65,0.007
2016,female,66,0.007
2016,female,67,0.007
2016,female,68,0.007
2016,female,69,0.007
2016,female,70,0.0115
2016,female,71,0.0115
2016,female,72,0.0115
2016,female,73,0.0115
2016,female,74,0.0115
2016,female,75,0.0235
2016,female,76,0.0235
2016,female,77,0.0235
2016,female,78,0.0235
2016,female,79,0.0235
2016,female,80,0.0437
2016,female,81,0.0437
2016,female,82,0.0437
2016,female,83,0.0437
2016,female,84,0.0437
2016,female,85,0.1
2017,female,0,0.0024
2017,female,1,0.0001
2017,female,2,0.0001
2017,female,3,0.0001
2017,female,4,0.0001
2017,female,5,0.0001
2017,female,6,0.0001
2017,female,7,0.0001
2017,female,8,0.0001
2017,female,9,0.0001
2017,female,10,0.0001
2017,female,11,0.0001
2017,female,12,0.0001
2017,female,13,0.0001
2017,female,14,0.0001
2017,female,15,0.0001
2017,female,16,0.0001
2017,female,17,0.0001
2017,female,18,0.0001
2017,female,19,0.0001
2017,female,20,0.0001
2017,female,21,0.0001
2017,female,22,0.0001
2017,female,23,0.0001
2017,female,24,0.0001
2017,female,25,0.0002
2017,female,26,0.0002
2017,female,27,0.0002
2017,female,28,0.0002
2017,female,29,0.0002
2017,female,30,0.0003
2017,female,31,0.0003
2017,female,32,0.0003
2017,female,33,0.0003
2017,female,34,0.0003
2017,female,35,0.0003
2017,female,36,0.0003
2017,female,37,0.0003
2017,female,38,0.0003
2017,female,39,0.0003
2017,female,40,0.0005
2017,female,41,0.0005
2017,female,42,0.0005
2017,female,43,0.0005
2017,female,44,0.0005
2017,female,45,0.0011
2017,female,46,0.0011
2017,female,47,0.0011
2017,female,48,0.0011
2017,female,49,0.0011
2017,female,50,0.002
2017,female,51,0.002
2017,female,52,0.002
2017,female,53,0.002
2017,female,54,0.002
2017,female,55,0.003
2017,female,56,0.003
2017,female,57,0.003
2017,female,58,0.003
2017,female,59,0.003
2017,female,60,0.0045
2017,female,61,0.0045
2017,female,62,0.0045
2017,female,63,0.0045
2017,female,64,0.0045
2017,female,65,0.007
2017,female,66,0.007
2017,female,67,0.007
2017,female,68,0.007
2017,female,69,0.007
2017,female,70,0.0116
2017,female,71,0.0116
2017,female,72,0.0116
2017,female,73,0.0116
2017,female,74,0.0116
2017,female,75,0.0222
2017,female,76,0.0222
2017,female,77,0.0222
2017,female,78,0.0222
2017,female,79,0.0222
2017,female,80,0.0453999999999999
2017,female,81,0.0453999999999999
2017,female,82,0.0453999999999999
2017,female,83,0.0453999999999999
2017,female,84,0.0453999999999999
2017,female,85,0.1034
2018,female,0,0.0019
2018,female,1,0.0001
2018,female,2,0.0001
2018,female,3,0.0001
2018,female,4,0.0001
2018,female,5,0.0001
2018,female,6,0.0001
2018,female,7,0.0001
2018,female,8,0.0001
2018,female,9,0.0001
2018,female,10,0.0001
2018,female,11,0.0001
2018,female,12,0.0001
2018,female,13,0.0001
2018,female,14,0.0001
2018,female,15,0.0001
2018,female,16,0.0001
2018,female,17,0.0001
2018,female,18,0.0001
2018,female,19,0.0001
2018,female,20,0.0002
2018,female,21,0.0002
2018,female,22,0.0002
2018,female,23,0.0002
2018,female,24,0.0002
2018,female,25,0.0002
2018,female,26,0.0002
2018,female,27,0.0002
2018,female,28,0.0002
2018,female,29,0.0002
2018,female,30,0.0003
2018,female,31,0.0003
2018,female,32,0.0003
2018,female,33,0.0003
2018,female,34,0.0003
2018,female,35,0.0004
2018,female,36,0.0004
2018,female,37,0.0004
2018,female,38,0.0004
2018,female,39,0.0004
2018,female,40,0.0005
2018,female,41,0.0005
2018,female,42,0.0005
2018,female,43,0.0005
2018,female,44,0.0005
2018,female,45,0.001
2018,female,46,0.001
2018,female,47,0.001
2018,female,48,0.001
2018,female,49,0.001
2018,female,50,0.0018
2018,female,51,0.0018
2018,female,52,0.0018
2018,female,53,0.0018
2018,female,54,0.0018
2018,female,55,0.0027
2018,female,56,0.0027
2018,female,57,0.0027
2018,female,58,0.0027
2018,female,59,0.0027
2018,female,60,0.0044
2018,female,61,0.0044
2018,female,62,0.0044
2018,female,63,0.0044
2018,female,64,0.0044
2018,female,65,0.0066
2018,female,66,0.0066
2018,female,67,0.0066
2018,female,68,0.0066
2018,female,69,0.0066
2018,female,70,0.0113
2018,female,71,0.0113
2018,female,72,0.0113
2018,female,73,0.0113
2018,female,74,0.0113
2018,female,75,0.0223
2018,female,76,0.0223
2018,female,77,0.0223
2018,female,78,0.0223
2018,female,79,0.0223
2018,female,80,0.0432
2018,female,81,0.0432
2018,female,82,0.0432
2018,female,83,0.0432
2018,female,84,0.0432
2018,female,85,0.1027
2019,female,0,0.0016
2019,female,1,0.0001
2019,female,2,0.0001
2019,female,3,0.0001
2019,female,4,0.0001
2019,female,5,0.0001
2019,female,6,0.0001
2019,female,7,0.0001
2019,female,8,0.0001
2019,female,9,0.0001
2019,female,10,0.0001
2019,female,11,0.0001
2019,female,12,0.0001
2019,female,13,0.0001
2019,female,14,0.0001
2019,female,15,0.0001
2019,female,16,0.0001
2019,female,17,0.0001
2019,female,18,0.0001
2019,female,19,0.0001
2019,female,20,0.0001
2019,female,21,0.0001
2019,female,22,0.0001
2019,female,23,0.0001
2019,female,24,0.0001
2019,female,25,0.0002
2019,female,26,0.0002
2019,female,27,0.0002
2019,female,28,0.0002
2019,female,29,0.0002
2019,female,30,0.0003
2019,female,31,0.0003
2019,female,32,0.0003
2019,female,33,0.0003
2019,female,34,0.0003
2019,female,35,0.0003
2019,female,36,0.0003
2019,female,37,0.0003
2019,female,38,0.0003
2019,female,39,0.0003
2019,female,40,0.0006
2019,female,41,0.0006
2019,female,42,0.0006
2019,female,43,0.0006
2019,female,44,0.0006
2019,female,45,0.0009
2019,female,46,0.0009
2019,female,47,0.0009
2019,female,48,0.0009
2019,female,49,0.0009
2019,female,50,0.0017
2019,female,51,0.0017
2019,female,52,0.0017
2019,female,53,0.0017
2019,female,54,0.0017
2019,female,55,0.0028
2019,female,56,0.0028
2019,female,57,0.0028
2019,female,58,0.0028
2019,female,59,0.0028
2019,female,60,0.0042
2019,female,61,0.0042
2019,female,62,0.0042
2019,female,63,0.0042
2019,female,64,0.0042
2019,female,65,0.0063
2019,female,66,0.0063
2019,female,67,0.0063
2019,female,68,0.0063
2019,female,69,0.0063
2019,female,70,0.0109
2019,female,71,0.0109
2019,female,72,0.0109
2019,female,73,0.0109
2019,female,74,0.0109
2019,female,75,0.0207
2019,female,76,0.0207
2019,female,77,0.0207
2019,female,78,0.0207
2019,female,79,0.0207
2019,female,80,0.0389
2019,female,81,0.0389
2019,female,82,0.0389
2019,female,83,0.0389
2019,female,84,0.0389
2019,female,85,0.1008
2020,female,0,0.0014
2020,female,1,0.0001
2020,female,2,0.0001
2020,female,3,0.0001
2020,female,4,0.0001
2020,female,5,0.0001
2020,female,6,0.0001
2020,female,7,0.0001
2020,female,8,0.0001
2020,female,9,0.0001
2020,female,10,0.0001
2020,female,11,0.0001
2020,female,12,0.0001
2020,female,13,0.0001
2020,female,14,0.0001
2020,female,15,0.0001
2020,female,16,0.0001
2020,female,17,0.0001
2020,female,18,0.0001
2020,female,19,0.0001
2020,female,20,0.0002
2020,female,21,0.0002
2020,female,22,0.0002
2020,female,23,0.0002
2020,female,24,0.0002
2020,female,25,0.0002
2020,female,26,0.0002
2020,female,27,0.0002
2020,female,28,0.0002
2020,female,29,0.0002
2020,female,30,0.0002
2020,female,31,0.0002
2020,female,32,0.0002
2020,female,33,0.0002
2020,female,34,0.0002
2020,female,35,0.0004
2020,female,36,0.0004
2020,female,37,0.0004
2020,female,38,0.0004
2020,female,39,0.0004
2020,female,40,0.0006
2020,female,41,0.0006
2020,female,42,0.0006
2020,female,43,0.0006
2020,female,44,0.0006
2020,female,45,0.001
2020,female,46,0.001
2020,female,47,0.001
2020,female,48,0.001
2020,female,49,0.001
2020,female,50,0.0017
2020,female,51,0.0017
2020,female,52,0.0017
2020,female,53,0.0017
2020,female,54,0.0017
2020,female,55,0.0027
2020,female,56,0.0027
2020,female,57,0.0027
2020,female,58,0.0027
2020,female,59,0.0027
2020,female,60,0.0038
2020,female,61,0.0038
2020,female,62,0.0038
2020,female,63,0.0038
2020,female,64,0.0038
2020,female,65,0.0065
2020,female,66,0.0065
2020,female,67,0.0065
2020,female,68,0.0065
2020,female,69,0.0065
2020,female,70,0.0101
2020,female,71,0.0101
2020,female,72,0.0101
2020,female,73,0.0101
2020,female,74,0.0101
2020,female,75,0.0186
2020,female,76,0.0186
2020,female,77,0.0186
2020,female,78,0.0186
2020,female,79,0.0186
2020,female,80,0.0384
2020,female,81,0.0384
2020,female,82,0.0384
2020,female,83,0.0384
2020,female,84,0.0384
2020,female,85,0.0962
2021,female,0,0.0019
2021,female,1,0.0001
2021,female,2,0.0001
2021,female,3,0.0001
2021,female,4,0.0001
2021,female,5,0.0001
2021,female,6,0.0001
2021,female,7,0.0001
2021,female,8,0.0001
2021,female,9,0.0001
2021,female,10,0.0001
2021,female,11,0.0001
2021,female,12,0.0001
2021,female,13,0.0001
2021,female,14,0.0001
2021,female,15,0.0003
2021,female,16,0.0003
2021,female,17,0.0003
2021,female,18,0.0003
2021,female,19,0.0003
2021,female,20,0.0002
2021,female,21,0.0002
2021,female,22,0.0002
2021,female,23,0.0002
2021,female,24,0.0002
2021,female,25,0.0002
2021,female,26,0.0002
2021,female,27,0.0002
2021,female,28,0.0002
2021,female,29,0.0002
2021,female,30,0.0002
2021,female,31,0.0002
2021,female,32,0.0002
2021,female,33,0.0002
2021,female,34,0.0002
2021,female,35,0.0004
2021,female,36,0.0004
2021,female,37,0.0004
2021,female,38,0.0004
2021,female,39,0.0004
2021,female,40,0.0006
2021,female,41,0.0006
2021,female,42,0.0006
2021,female,43,0.0006
2021,female,44,0.0006
2021,female,45,0.0011
2021,female,46,0.0011
2021,female,47,0.0011
2021,female,48,0.0011
2021,female,49,0.0011
2021,female,50,0.0018
2021,female,51,0.0018
2021,female,52,0.0018
2021,female,53,0.0018
2021,female,54,0.0018
2021,female,55,0.0026
2021,female,56,0.0026
2021,female,57,0.0026
2021,female,58,0.0026
2021,female,59,0.0026
2021,female,60,0.0043
2021,female,61,0.0043
2021,female,62,0.0043
2021,female,63,0.0043
2021,female,64,0.0043
2021,female,65,0.0068
2021,female,66,0.0068
2021,female,67,0.0068
2021,female,68,0.0068
2021,female,69,0.0068
2021,female,70,0.0108
2021,female,71,0.0108
2021,female,72,0.0108
2021,female,73,0.0108
2021,female,74,0.0108
2021,female,75,0.0219
2021,female,76,0.0219
2021,female,77,0.0219
2021,female,78,0.0219
2021,female,79,0.0219
2021,female,80,0.0397
2021,female,81,0.0397
2021,female,82,0.0397
2021,female,83,0.0397
2021,female,84,0.0397
2021,female,85,0.1090999999999999
2022,female,0,0.0016
2022,female,1,0.0001
2022,female,2,0.0001
2022,female,3,0.0001
2022,female,4,0.0001
2022,female,5,0.0001
2022,female,6,0.0001
2022,female,7,0.0001
2022,female,8,0.0001
2022,female,9,0.0001
2022,female,10,0.0001
2022,female,11,0.0001
2022,female,12,0.0001
2022,female,13,0.0001
2022,female,14,0.0001
2022,female,15,0.0001
2022,female,16,0.0001
2022,female,17,0.0001
2022,female,18,0.0001
2022,female,19,0.0001
2022,female,20,0.0002
2022,female,21,0.0002
2022,female,22,0.0002
2022,female,23,0.0002
2022,female,24,0.0002
2022,female,25,0.0001
2022,female,26,0.0001
2022,female,27,0.0001
2022,female,28,0.0001
2022,female,29,0.0001
2022,female,30,0.0003
2022,female,31,0.0003
2022,female,32,0.0003
2022,female,33,0.0003
2022,female,34,0.0003
2022,female,35,0.0005
2022,female,36,0.0005
2022,female,37,0.0005
2022,female,38,0.0005
2022,female,39,0.0005
2022,female,40,0.0005
2022,female,41,0.0005
2022,female,42,0.0005
2022,female,43,0.0005
2022,female,44,0.0005
2022,female,45,0.001
2022,female,46,0.001
2022,female,47,0.001
2022,female,48,0.001
2022,female,49,0.001
2022,female,50,0.0016
2022,female,51,0.0016
2022,female,52,0.0016
2022,female,53,0.0016
2022,female,54,0.0016
2022,female,55,0.0027
2022,female,56,0.0027
2022,female,57,0.0027
2022,female,58,0.0027
2022,female,59,0.0027
2022,female,60,0.0045
2022,female,61,0.0045
2022,female,62,0.0045
2022,female,63,0.0045
2022,female,64,0.0045
2022,female,65,0.007
2022,female,66,0.007
2022,female,67,0.007
2022,female,68,0.007
2022,female,69,0.007
2022,female,70,0.0113
2022,female,71,0.0113
2022,female,72,0.0113
2022,female,73,0.0113
2022,female,74,0.0113
2022,female,75,0.0221
2022,female,76,0.0221
2022,female,77,0.0221
2022,female,78,0.0221
2022,female,79,0.0221
2022,female,80,0.0436
2022,female,81,0.0436
2022,female,82,0.0436
2022,female,83,0.0436
2022,female,84,0.0436
2022,female,85,0.122
2023,female,0,0.0026
2023,female,1,0.0001
2023,female,2,0.0001
2023,female,3,0.0001
2023,female,4,0.0001
2023,female,5,0.0001
2023,female,6,0.0001
2023,female,7,0.0001
2023,female,8,0.0001
2023,female,9,0.0001
2023,female,10,0.0001
2023,female,11,0.0001
2023,female,12,0.0001
2023,female,13,0.0001
2023,female,14,0.0001
2023,female,15,0.0002
2023,female,16,0.0002
2023,female,17,0.0002
2023,female,18,0.0002
2023,female,19,0.0002
2023,female,20,0.0001
2023,female,21,0.0001
2023,female,22,0.0001
2023,female,23,0.0001
2023,female,24,0.0001
2023,female,25,0.0002
2023,female,26,0.0002
2023,female,27,0.0002
2023,female,28,0.0002
2023,female,29,0.0002
2023,female,30,0.0002
2023,female,31,0.0002
2023,female,32,0.0002
2023,female,33,0.0002
2023,female,34,0.0002
2023,female,35,0.0004
2023,female,36,0.0004
2023,female,37,0.0004
2023,female,38,0.0004
2023,female,39,0.0004
2023,female,40,0.0006
2023,female,41,0.0006
2023,female,42,0.0006
2023,female,43,0.0006
2023,female,44,0.0006
2023,female,45,0.0009
2023,female,46,0.0009
2023,female,47,0.0009
2023,female,48,0.0009
2023,female,49,0.0009
2023,female,50,0.0015
2023,female,51,0.0015
2023,female,52,0.0015
2023,female,53,0.0015
2023,female,54,0.0015
2023,female,55,0.0026
2023,female,56,0.0026
2023,female,57,0.0026
2023,female,58,0.0026
2023,female,59,0.0026
2023,female,60,0.0039
2023,female,61,0.0039
2023,female,62,0.0039
2023,female,63,0.0039
2023,female,64,0.0039
2023,female,65,0.0063
2023,female,66,0.0063
2023,female,67,0.0063
2023,female,68,0.0063
2023,female,69,0.0063
2023,female,70,0.0109
2023,female,71,0.0109
2023,female,72,0.0109
2023,female,73,0.0109
2023,female,74,0.0109
2023,female,75,0.0195
2023,female,76,0.0195
2023,female,77,0.0195
2023,female,78,0.0195
2023,female,79,0.0195
2023,female,80,0.041
2023,female,81,0.041
2023,female,82,0.041
2023,female,83,0.041
2023,female,84,0.041
2023,female,85,0.1206
2024,female,0,0.0028
2024,female,1,0.0001
2024,female,2,0.0001
2024,female,3,0.0001
2024,female,4,0.0001
2024,female,5,0.0001
2024,female,6,0.0001
2024,female,7,0.0001
2024,female,8,0.0001
2024,female,9,0.0001
2024,female,10,0.0001
2024,female,11,0.0001
2024,female,12,0.0001
2024,female,13,0.0001
2024,female,14,0.0001
2024,female,15,0.0003
2024,female,16,0.0003
2024,female,17,0.0003
2024,female,18,0.0003
2024,female,19,0.0003
2024,female,20,0.0002
2024,female,21,0.0002
2024,female,22,0.0002
2024,female,23,0.0002
2024,female,24,0.0002
2024,female,25,0.0002
2024,female,26,0.0002
2024,female,27,0.0002
2024,female,28,0.0002
2024,female,29,0.0002
2024,female,30,0.0002
2024,female,31,0.0002
2024,female,32,0.0002
2024,female,33,0.0002
2024,female,34,0.0002
2024,female,35,0.0004
2024,female,36,0.0004
2024,female,37,0.0004
2024,female,38,0.0004
2024,female,39,0.0004
2024,female,40,0.0006
2024,female,41,0.0006
2024,female,42,0.0006
2024,female,43,0.0006
2024,female,44,0.0006
2024,female,45,0.001
2024,female,46,0.001
2024,female,47,0.001
2024,female,48,0.001
2024,female,49,0.001
2024,female,50,0.0016
2024,female,51,0.0016
2024,female,52,0.0016
2024,female,53,0.0016
2024,female,54,0.0016
2024,female,55,0.0024
2024,female,56,0.0024
2024,female,57,0.0024
2024,female,58,0.0024
2024,female,59,0.0024
2024,female,60,0.0039
2024,female,61,0.0039
2024,female,62,0.0039
2024,female,63,0.0039
2024,female,64,0.0039
2024,female,65,0.0066
2024,female,66,0.0066
2024,female,67,0.0066
2024,female,68,0.0066
2024,female,69,0.0066
2024,female,70,0.0109
2024,female,71,0.0109
2024,female,72,0.0109
2024,female,73,0.0109
2024,female,74,0.0109
2024,female,75,0.0188
2024,female,76,0.0188
2024,female,77,0.0188
2024,female,78,0.0188
2024,female,79,0.0188
2024,female,80,0.0389
2024,female,81,0.0389
2024,female,82,0.0389
2024,female,83,0.0389
2024,female,84,0.0389
2024,female,85,0.105
2024,male,0,0.0001
2024,male,1,0.0001
2024,male,2,0.0001
2024,male,3,0.0001
2024,male,4,0.0001
2024,male,5,0.0001
2024,male,6,0.0001
2024,male,7,0.0001
2024,male,8,0.0001
2024,male,9,0.0001
2024,male,10,0.0001
2024,male,11,0.0001
2024,male,12,0.0001
2024,male,13,0.0001
2024,male,14,0.0001
2024,male,15,0.0002
2024,male,16,0.0002
2024,male,17,0.0002
2024,male,18,0.0002
2024,male,19,0.0002
2024,male,20,0.0003
2024,male,21,0.0003
2024,male,22,0.0003
2024,male,23,0.0003
2024,male,24,0.0003
2024,male,25,0.0003
2024,male,26,0.0003
2024,male,27,0.0003
2024,male,28,0.0003
2024,male,29,0.0003
2024,male,30,0.0004
2024,male,31,0.0004
2024,male,32,0.0004
2024,male,33,0.0004
2024,male,34,0.0004
2024,male,35,0.0006
2024,male,36,0.0006
2024,male,37,0.0006
2024,male,38,0.0006
2024,male,39,0.0006
2024,male,40,0.0009
2024,male,41,0.0009
2024,male,42,0.0009
2024,male,43,0.0009
2024,male,44,0.0009
2024,male,45,0.0016
2024,male,46,0.0016
2024,male,47,0.0016
2024,male,48,0.0016
2024,male,49,0.0016
2024,male,50,0.0027
2024,male,51,0.0027
2024,male,52,0.0027
2024,male,53,0.0027
2024,male,54,0.0027
2024,male,55,0.0046
2024,male,56,0.0046
2024,male,57,0.0046
2024,male,58,0.0046
2024,male,59,0.0046
2024,male,60,0.0072
2024,male,61,0.0072
2024,male,62,0.0072
2024,male,63,0.0072
2024,male,64,0.0072
2024,male,65,0.0114
2024,male,66,0.0114
2024,male,67,0.0114
2024,male,68,0.0114
2024,male,69,0.0114
2024,male,70,0.0205
2024,male,71,0.0205
2024,male,72,0.0205
2024,male,73,0.0205
2024,male,74,0.0205
2024,male,75,0.0347
2024,male,76,0.0347
2024,male,77,0.0347
2024,male,78,0.0347
2024,male,79,0.0347
2024,male,80,0.0596
2024,male,81,0.0596
2024,male,82,0.0596
2024,male,83,0.0596
2024,male,84,0.0596
2024,male,85,0.1214
2025,male,0,0.0001
2025,male,1,0.0001
2025,male,2,0.0001
2025,male,3,0.0001
2025,male,4,0.0001
2025,male,5,0.0001
2025,male,6,0.0001
2025,male,7,0.0001
2025,male,8,0.0001
2025,male,9,0.0001
2025,male,10,0.0001
2025,male,11,0.0001
2025,male,12,0.0001
2025,male,13,0.0001
2025,male,14,0.0001
2025,male,15,0.0002
2025,male,16,0.0002
2025,male,17,0.0002
2025,male,18,0.0002
2025,male,19,0.0002
2025,male,20,0.0003
2025,male,21,0.0003
2025,male,22,0.0003
2025,male,23,0.0003
2025,male,24,0.0003
2025,male,25,0.0003
2025,male,26,0.0003
2025,male,27,0.0003
2025,male,28,0.0003
2025,male,29,0.0003
2025,male,30,0.0004
2025,male,31,0.0004
2025,male,32,0.0004
2025,male,33,0.0004
2025,male,34,0.0004
2025,male,35,0.0006
2025,male,36,0.0006
2025,male,37,0.0006
2025,male,38,0.0006
2025,male,39,0.0006
2025,male,40,0.0009
2025,male,41,0.0009
2025,male,42,0.0009
2025,male,43,0.0009
2025,male,44,0.0009
2025,male,45,0.0016
2025,male,46,0.0016
2025,male,47,0.0016
2025,male,48,0.0016
2025,male,49,0.0016
2025,male,50,0.0027
2025,male,51,0.0027
2025,male,52,0.0027
2025,male,53,0.0027
2025,male,54,0.0027
2025,male,55,0.0046
2025,male,56,0.0046
2025,male,57,0.0046
2025,male,58,0.0046
2025,male,59,0.0046
2025,male,60,0.0072
2025,male,61,0.0072
2025,male,62,0.0072
2025,male,63,0.0072
2025,male,64,0.0072
2025,male,65,0.0114
2025,male,66,0.0114
2025,male,67,0.0114
2025,male,68,0.0114
2025,male,69,0.0114
2025,male,70,0.0205
2025,male,71,0.0205
2025,male,72,0.0205
2025,male,73,0.0205
2025,male,74,0.0205
2025,male,75,0.0347
2025,male,76,0.0347
2025,male,77,0.0347
2025,male,78,0.0347
2025,male,79,0.0347
2025,male,80,0.0596
2025,male,81,0.0596
2025,male,82,0.0596
2025,male,83,0.0596
2025,male,84,0.0596
2025,male,85,0.1214
2026,male,0,0.0001
2026,male,1,0.0001
2026,male,2,0.0001
2026,male,3,0.0001
2026,male,4,0.0001
2026,male,5,0.0001
2026,male,6,0.0001
2026,male,7,0.0001
2026,male,8,0.0001
2026,male,9,0.0001
2026,male,10,0.0001
2026,male,11,0.0001
2026,male,12,0.0001
2026,male,13,0.0001
2026,male,14,0.0001
2026,male,15,0.0002
2026,male,16,0.0002
2026,male,17,0.0002
2026,male,18,0.0002
2026,male,19,0.0002
2026,male,20,0.0003
2026,male,21,0.0003
2026,male,22,0.0003
2026,male,23,0.0003
2026,male,24,0.0003
2026,male,25,0.0003
2026,male,26,0.0003
2026,male,27,0.0003
2026,male,28,0.0003
2026,male,29,0.0003
2026,male,30,0.0004
2026,male,31,0.0004
2026,male,32,0.0004
2026,male,33,0.0004
2026,male,34,0.0004
2026,male,35,0.0006
2026,male,36,0.0006
2026,male,37,0.0006
2026,male,38,0.0006
2026,male,39,0.0006
2026,male,40,0.0009
2026,male,41,0.0009
2026,male,42,0.0009
2026,male,43,0.0009
2026,male,44,0.0009
2026,male,45,0.0016
2026,male,46,0.0016
2026,male,47,0.0016
2026,male,48,0.0016
2026,male,49,0.0016
2026,male,50,0.0027
2026,male,51,0.0027
2026,male,52,0.0027
2026,male,53,0.0027
2026,male,54,0.0027
2026,male,55,0.0046
2026,male,56,0.0046
2026,male,57,0.0046
2026,male,58,0.0046
2026,male,59,0.0046
2026,male,60,0.0072
2026,male,61,0.0072
2026,male,62,0.0072
2026,male,63,0.0072
2026,male,64,0.0072
2026,male,65,0.0114
2026,male,66,0.0114
2026,male,67,0.0114
2026,male,68,0.0114
2026,male,69,0.0114
2026,male,70,0.0205
2026,male,71,0.0205
2026,male,72,0.0205
2026,male,73,0.0205
2026,male,74,0.0205
2026,male,75,0.0347
2026,male,76,0.0347
2026,male,77,0.0347
2026,male,78,0.0347
2026,male,79,0.0347
2026,male,80,0.0595
2026,male,81,0.0595
2026,male,82,0.0595
2026,male,83,0.0595
2026,male,84,0.0595
2026,male,85,0.1214
2027,male,0,0.0001
2027,male,1,0.0001
2027,male,2,0.0001
2027,male,3,0.0001
2027,male,4,0.0001
2027,male,5,0.0001
2027,male,6,0.0001
2027,male,7,0.0001
2027,male,8,0.0001
2027,male,9,0.0001
2027,male,10,0.0001
2027,male,11,0.0001
2027,male,12,0.0001
2027,male,13,0.0001
2027,male,14,0.0001
2027,male,15,0.0002
2027,male,16,0.0002
2027,male,17,0.0002
2027,male,18,0.0002
2027,male,19,0.0002
2027,male,20,0.0003
2027,male,21,0.0003
2027,male,22,0.0003
2027,male,23,0.0003
2027,male,24,0.0003
2027,male,25,0.0003
2027,male,26,0.0003
2027,male,27,0.0003
2027,male,28,0.0003
2027,male,29,0.0003
2027,male,30,0.0004
2027,male,31,0.0004
2027,male,32,0.0004
2027,male,33,0.0004
2027,male,34,0.0004
2027,male,35,0.0006
2027,male,36,0.0006
2027,male,37,0.0006
2027,male,38,0.0006
2027,male,39,0.0006
2027,male,40,0.0009
2027,male,41,0.0009
2027,male,42,0.0009
2027,male,43,0.0009
2027,male,44,0.0009
2027,male,45,0.0016
2027,male,46,0.0016
2027,male,47,0.0016
2027,male,48,0.0016
2027,male,49,0.0016
2027,male,50,0.0027
2027,male,51,0.0027
2027,male,52,0.0027
2027,male,53,0.0027
2027,male,54,0.0027
2027,male,55,0.0046
2027,male,56,0.0046
2027,male,57,0.0046
2027,male,58,0.0046
2027,male,59,0.0046
2027,male,60,0.0072
2027,male,61,0.0072
2027,male,62,0.0072
2027,male,63,0.0072
2027,male,64,0.0072
2027,male,65,0.0114
2027,male,66,0.0114
2027,male,67,0.0114
2027,male,68,0.0114
2027,male,69,0.0114
2027,male,70,0.0205
2027,male,71,0.0205
2027,male,72,0.0205
2027,male,73,0.0205
2027,male,74,0.0205
2027,male,75,0.0347
2027,male,76,0.0347
2027,male,77,0.0347
2027,male,78,0.0347
2027,male,79,0.0347
2027,male,80,0.0595
2027,male,81,0.0595
2027,male,82,0.0595
2027,male,83,0.0595
2027,male,84,0.0595
2027,male,85,0.1214
2028,male,0,0.0001
2028,male,1,0.0001
2028,male,2,0.0001
2028,male,3,0.0001
2028,male,4,0.0001
2028,male,5,0.0001
2028,male,6,0.0001
2028,male,7,0.0001
2028,male,8,0.0001
2028,male,9,0.0001
2028,male,10,0.0001
2028,male,11,0.0001
2028,male,12,0.0001
2028,male,13,0.0001
2028,male,14,0.0001
2028,male,15,0.0002
2028,male,16,0.0002
2028,male,17,0.0002
2028,male,18,0.0002
2028,male,19,0.0002
2028,male,20,0.0003
2028,male,21,0.0003
2028,male,22,0.0003
2028,male,23,0.0003
2028,male,24,0.0003
2028,male,25,0.0003
2028,male,26,0.0003
2028,male,27,0.0003
2028,male,28,0.0003
2028,male,29,0.0003
2028,male,30,0.0004
2028,male,31,0.0004
2028,male,32,0.0004
2028,male,33,0.0004
2028,male,34,0.0004
2028,male,35,0.0006
2028,male,36,0.0006
2028,male,37,0.0006
2028,male,38,0.0006
2028,male,39,0.0006
2028,male,40,0.0009
2028,male,41,0.0009
2028,male,42,0.0009
2028,male,43,0.0009
2028,male,44,0.0009
2028,male,45,0.0016
2028,male,46,0.0016
2028,male,47,0.0016
2028,male,48,0.0016
2028,male,49,0.0016
2028,male,50,0.0027
2028,male,51,0.0027
2028,male,52,0.0027
2028,male,53,0.0027
2028,male,54,0.0027
2028,male,55,0.0046
2028,male,56,0.0046
2028,male,57,0.0046
2028,male,58,0.0046
2028,male,59,0.0046
2028,male,60,0.0072
2028,male,61,0.0072
2028,male,62,0.0072
2028,male,63,0.0072
2028,male,64,0.0072
2028,male,65,0.0114
2028,male,66,0.0114
2028,male,67,0.0114
2028,male,68,0.0114
2028,male,69,0.0114
2028,male,70,0.0205
2028,male,71,0.0205
2028,male,72,0.0205
2028,male,73,0.0205
2028,male,74,0.0205
2028,male,75,0.0347
2028,male,76,0.0347
2028,male,77,0.0347
2028,male,78,0.0347
2028,male,79,0.0347
2028,male,80,0.0595
2028,male,81,0.0595
2028,male,82,0.0595
2028,male,83,0.0595
2028,male,84,0.0595
2028,male,85,0.1214
2029,male,0,0.0001
2029,male,1,0.0001
2029,male,2,0.0001
2029,male,3,0.0001
2029,male,4,0.0001
2029,male,5,0.0001
2029,male,6,0.0001
2029,male,7,0.0001
2029,male,8,0.0001
2029,male,9,0.0001
2029,male,10,0.0001
2029,male,11,0.0001
2029,male,12,0.0001
2029,male,13,0.0001
2029,male,14,0.0001
2029,male,15,0.0002
2029,male,16,0.0002
2029,male,17,0.0002
2029,male,18,0.0002
2029,male,19,0.0002
2029,male,20,0.0003
2029,male,21,0.0003
2029,male,22,0.0003
2029,male,23,0.0003
2029,male,24,0.0003
2029,male,25,0.0003
2029,male,26,0.0003
2029,male,27,0.0003
2029,male,28,0.0003
2029,male,29,0.0003
2029,male,30,0.0004
2029,male,31,0.0004
2029,male,32,0.0004
2029,male,33,0.0004
2029,male,34,0.0004
2029,male,35,0.0006
2029,male,36,0.0006
2029,male,37,0.0006
2029,male,38,0.0006
2029,male,39,0.0006
2029,male,40,0.0009
2029,male,41,0.0009
2029,male,42,0.0009
2029,male,43,0.0009
2029,male,44,0.0009
2029,male,45,0.0016
2029,male,46,0.0016
2029,male,47,0.0016
2029,male,48,0.0016
2029,male,49,0.0016
2029,male,50,0.0027
2029,male,51,0.0027
2029,male,52,0.0027
2029,male,53,0.0027
2029,male,54,0.0027
2029,male,55,0.0046
2029,male,56,0.0046
2029,male,57,0.0046
2029,male,58,0.0046
2029,male,59,0.0046
2029,male,60,0.0072
2029,male,61,0.0072
2029,male,62,0.0072
2029,male,63,0.0072
2029,male,64,0.0072
2029,male,65,0.0114
2029,male,66,0.0114
2029,male,67,0.0114
2029,male,68,0.0114
2029,male,69,0.0114
2029,male,70,0.0205
2029,male,71,0.0205
2029,male,72,0.0205
2029,male,73,0.0205
2029,male,74,0.0205
2029,male,75,0.0347
2029,male,76,0.0347
2029,male,77,0.0347
2029,male,78,0.0347
2029,male,79,0.0347
2029,male,80,0.0595
2029,male,81,0.0595
2029,male,82,0.0595
2029,male,83,0.0595
2029,male,84,0.0595
2029,male,85,0.1214
2030,male,0,0.0001
2030,male,1,0.0001
2030,male,2,0.0001
2030,male,3,0.0001
2030,male,4,0.0001
2030,male,5,0.0001
2030,male,6,0.0001
2030,male,7,0.0001
2030,male,8,0.0001
2030,male,9,0.0001
2030,male,10,0.0001
2030,male,11,0.0001
2030,male,12,0.0001
2030,male,13,0.0001
2030,male,14,0.0001
2030,male,15,0.0002
2030,male,16,0.0002
2030,male,17,0.0002
2030,male,18,0.0002
2030,male,19,0.0002
2030,male,20,0.0003
2030,male,21,0.0003
2030,male,22,0.0003
2030,male,23,0.0003
2030,male,24,0.0003
2030,male,25,0.0003
2030,male,26,0.0003
2030,male,27,0.0003
2030,male,28,0.0003
2030,male,29,0.0003
2030,male,30,0.0004
2030,male,31,0.0004
2030,male,32,0.0004
2030,male,33,0.0004
2030,male,34,0.0004
2030,male,35,0.0006
2030,male,36,0.0006
2030,male,37,0.0006
2030,male,38,0.0006
2030,male,39,0.0006
2030,male,40,0.0009
2030,male,41,0.0009
2030,male,42,0.0009
2030,male,43,0.0009
2030,male,44,0.0009
2030,male,45,0.0016
2030,male,46,0.0016
2030,male,47,0.0016
2030,male,48,0.0016
2030,male,49,0.0016
2030,male,50,0.0027
2030,male,51,0.0027
2030,male,52,0.0027
2030,male,53,0.0027
2030,male,54,0.0027
2030,male,55,0.0046
2030,male,56,0.0046
2030,male,57,0.0046
2030,male,58,0.0046
2030,male,59,0.0046
2030,male,60,0.0072
2030,male,61,0.0072
2030,male,62,0.0072
2030,male,63,0.0072
2030,male,64,0.0072
2030,male,65,0.0114
2030,male,66,0.0114
2030,male,67,0.0114
2030,male,68,0.0114
2030,male,69,0.0114
2030,male,70,0.0205
2030,male,71,0.0205
2030,male,72,0.0205
2030,male,73,0.0205
2030,male,74,0.0205
2030,male,75,0.0347
2030,male,76,0.0347
2030,male,77,0.0347
2030,male,78,0.0347
2030,male,79,0.0347
2030,male,80,0.0595
2030,male,81,0.0595
2030,male,82,0.0595
2030,male,83,0.0595
2030,male,84,0.0595
2030,male,85,0.1214
2031,male,0,0.0001
2031,male,1,0.0001
2031,male,2,0.0001
2031,male,3,0.0001
2031,male,4,0.0001
2031,male,5,0.0001
2031,male,6,0.0001
2031,male,7,0.0001
2031,male,8,0.0001
2031,male,9,0.0001
2031,male,10,0.0001
2031,male,11,0.0001
2031,male,12,0.0001
2031,male,13,0.0001
2031,male,14,0.0001
2031,male,15,0.0002
2031,male,16,0.0002
2031,male,17,0.0002
2031,male,18,0.0002
2031,male,19,0.0002
2031,male,20,0.0003
2031,male,21,0.0003
2031,male,22,0.0003
2031,male,23,0.0003
2031,male,24,0.0003
2031,male,25,0.0003
2031,male,26,0.0003
2031,male,27,0.0003
2031,male,28,0.0003
2031,male,29,0.0003
2031,male,30,0.0004
2031,male,31,0.0004
2031,male,32,0.0004
2031,male,33,0.0004
2031,male,34,0.0004
2031,male,35,0.0006
2031,male,36,0.0006
2031,male,37,0.0006
2031,male,38,0.0006
2031,male,39,0.0006
2031,male,40,0.0009
2031,male,41,0.0009
2031,male,42,0.0009
2031,male,43,0.0009
2031,male,44,0.0009
2031,male,45,0.0016
2031,male,46,0.0016
2031,male,47,0.0016
2031,male,48,0.0016
2031,male,49,0.0016
2031,male,50,0.0027
2031,male,51,0.0027
2031,male,52,0.0027
2031,male,53,0.0027
2031,male,54,0.0027
2031,male,55,0.0046
2031,male,56,0.0046
2031,male,57,0.0046
2031,male,58,0.0046
2031,male,59,0.0046
2031,male,60,0.0072
2031,male,61,0.0072
2031,male,62,0.0072
2031,male,63,0.0072
2031,male,64,0.0072
2031,male,65,0.0114
2031,male,66,0.0114
2031,male,67,0.0114
2031,male,68,0.0114
2031,male,69,0.0114
2031,male,70,0.0205
2031,male,71,0.0205
2031,male,72,0.0205
2031,male,73,0.0205
2031,male,74,0.0205
2031,male,75,0.0347
2031,male,76,0.0347
2031,male,77,0.0347
2031,male,78,0.0347
2031,male,79,0.0347
2031,male,80,0.0595
2031,male,81,0.0595
2031,male,82,0.0595
2031,male,83,0.0595
2031,male,84,0.0595
2031,male,85,0.1214
2032,male,0,0.0001
2032,male,1,0.0001
2032,male,2,0.0001
2032,male,3,0.0001
2032,male,4,0.0001
2032,male,5,0.0001
2032,male,6,0.0001
2032,male,7,0.0001
2032,male,8,0.0001
2032,male,9,0.0001
2032,male,10,0.0001
2032,male,11,0.0001
2032,male,12,0.0001
2032,male,13,0.0001
2032,male,14,0.0001
2032,male,15,0.0002
2032,male,16,0.0002
2032,male,17,0.0002
2032,male,18,0.0002
2032,male,19,0.0002
2032,male,20,0.0003
2032,male,21,0.0003
2032,male,22,0.0003
2032,male,23,0.0003
2032,male,24,0.0003
2032,male,25,0.0003
2032,male,26,0.0003
2032,male,27,0.0003
2032,male,28,0.0003
2032,male,29,0.0003
2032,male,30,0.0004
2032,male,31,0.0004
2032,male,32,0.0004
2032,male,33,0.0004
2032,male,34,0.0004
2032,male,35,0.0006
2032,male,36,0.0006
2032,male,37,0.0006
2032,male,38,0.0006
2032,male,39,0.0006
2032,male,40,0.0009
2032,male,41,0.0009
2032,male,42,0.0009
2032,male,43,0.0009
2032,male,44,0.0009
2032,male,45,0.0016
2032,male,46,0.0016
2032,male,47,0.0016
2032,male,48,0.0016
2032,male,49,0.0016
2032,male,50,0.0027
2032,male,51,0.0027
2032,male,52,0.0027
2032,male,53,0.0027
2032,male,54,0.0027
2032,male,55,0.0046
2032,male,56,0.0046
2032,male,57,0.0046
2032,male,58,0.0046
2032,male,59,0.0046
2032,male,60,0.0072
2032,male,61,0.0072
2032,male,62,0.0072
2032,male,63,0.0072
2032,male,64,0.0072
2032,male,65,0.0114
2032,male,66,0.0114
2032,male,67,0.0114
2032,male,68,0.0114
2032,male,69,0.0114
2032,male,70,0.0205
2032,male,71,0.0205
2032,male,72,0.0205
2032,male,73,0.0205
2032,male,74,0.0205
2032,male,75,0.0347
2032,male,76,0.0347
2032,male,77,0.0347
2032,male,78,0.0347
2032,male,79,0.0347
2032,male,80,0.0595
2032,male,81,0.0595
2032,male,82,0.0595
2032,male,83,0.0595
2032,male,84,0.0595
2032,male,85,0.1214
2033,male,0,0.0001
2033,male,1,0.0001
2033,male,2,0.0001
2033,male,3,0.0001
2033,male,4,0.0001
2033,male,5,0.0001
2033,male,6,0.0001
2033,male,7,0.0001
2033,male,8,0.0001
2033,male,9,0.0001
2033,male,10,0.0001
2033,male,11,0.0001
2033,male,12,0.0001
2033,male,13,0.0001
2033,male,14,0.0001
2033,male,15,0.0002
2033,male,16,0.0002
2033,male,17,0.0002
2033,male,18,0.0002
2033,male,19,0.0002
2033,male,20,0.0003
2033,male,21,0.0003
2033,male,22,0.0003
2033,male,23,0.0003
2033,male,24,0.0003
2033,male,25,0.0003
2033,male,26,0.0003
2033,male,27,0.0003
2033,male,28,0.0003
2033,male,29,0.0003
2033,male,30,0.0004
2033,male,31,0.0004
2033,male,32,0.0004
2033,male,33,0.0004
2033,male,34,0.0004
2033,male,35,0.0006
2033,male,36,0.0006
2033,male,37,0.0006
2033,male,38,0.0006
2033,male,39,0.0006
2033,male,40,0.0009
2033,male,41,0.0009
2033,male,42,0.0009
2033,male,43,0.0009
2033,male,44,0.0009
2033,male,45,0.0016
2033,male,46,0.0016
2033,male,47,0.0016
2033,male,48,0.0016
2033,male,49,0.0016
2033,male,50,0.0027
2033,male,51,0.0027
2033,male,52,0.0027
2033,male,53,0.0027
2033,male,54,0.0027
2033,male,55,0.0046
2033,male,56,0.0046
2033,male,57,0.0046
2033,male,58,0.0046
2033,male,59,0.0046
2033,male,60,0.0072
2033,male,61,0.0072
2033,male,62,0.0072
2033,male,63,0.0072
2033,male,64,0.0072
2033,male,65,0.0114
2033,male,66,0.0114
2033,male,67,0.0114
2033,male,68,0.0114
2033,male,69,0.0114
2033,male,70,0.0205
2033,male,71,0.0205
2033,male,72,0.0205
2033,male,73,0.0205
2033,male,74,0.0205
2033,male,75,0.0347
2033,male,76,0.0347
2033,male,77,0.0347
2033,male,78,0.0347
2033,male,79,0.0347
2033,male,80,0.0595
2033,male,81,0.0595
2033,male,82,0.0595
2033,male,83,0.0595
2033,male,84,0.0595
2033,male,85,0.1214
2034,male,0,0.0001
2034,male,1,0.0001
2034,male,2,0.0001
2034,male,3,0.0001
2034,male,4,0.0001
2034,male,5,0.0001
2034,male,6,0.0001
2034,male,7,0.0001
2034,male,8,0.0001
2034,male,9,0.0001
2034,male,10,0.0001
2034,male,11,0.0001
2034,male,12,0.0001
2034,male,13,0.0001
2034,male,14,0.0001
2034,male,15,0.0002
2034,male,16,0.0002
2034,male,17,0.0002
2034,male,18,0.0002
2034,male,19,0.0002
2034,male,20,0.0003
2034,male,21,0.0003
2034,male,22,0.0003
2034,male,23,0.0003
2034,male,24,0.0003
2034,male,25,0.0003
2034,male,26,0.0003
2034,male,27,0.0003
2034,male,28,0.0003
2034,male,29,0.0003
2034,male,30,0.0004
2034,male,31,0.0004
2034,male,32,0.0004
2034,male,33,0.0004
2034,male,34,0.0004
2034,male,35,0.0006
2034,male,36,0.0006
2034,male,37,0.0006
2034,male,38,0.0006
2034,male,39,0.0006
2034,male,40,0.0009
2034,male,41,0.0009
2034,male,42,0.0009
2034,male,43,0.0009
2034,male,44,0.0009
2034,male,45,0.0016
2034,male,46,0.0016
2034,male,47,0.0016
2034,male,48,0.0016
2034,male,49,0.0016
2034,male,50,0.0027
2034,male,51,0.0027
2034,male,52,0.0027
2034,male,53,0.0027
2034,male,54,0.0027
2034,male,55,0.0046
2034,male,56,0.0046
2034,male,57,0.0046
2034,male,58,0.0046
2034,male,59,0.0046
2034,male,60,0.0072
2034,male,61,0.0072
2034,male,62,0.0072
2034,male,63,0.0072
2034,male,64,0.0072
2034,male,65,0.0114
2034,male,66,0.0114
2034,male,67,0.0114
2034,male,68,0.0114
2034,male,69,0.0114
2034,male,70,0.0205
2034,male,71,0.0205
2034,male,72,0.0205
2034,male,73,0.0205
2034,male,74,0.0205
2034,male,75,0.0347
2034,male,76,0.0347
2034,male,77,0.0347
2034,male,78,0.0347
2034,male,79,0.0347
2034,male,80,0.0595
2034,male,81,0.0595
2034,male,82,0.0595
2034,male,83,0.0595
2034,male,84,0.0595
2034,male,85,0.1214
2035,male,0,0.0001
2035,male,1,0.0001
2035,male,2,0.0001
2035,male,3,0.0001
2035,male,4,0.0001
2035,male,5,0.0001
2035,male,6,0.0001
2035,male,7,0.0001
2035,male,8,0.0001
2035,male,9,0.0001
2035,male,10,0.0001
2035,male,11,0.0001
2035,male,12,0.0001
2035,male,13,0.0001
2035,male,14,0.0001
2035,male,15,0.0002
2035,male,16,0.0002
2035,male,17,0.0002
2035,male,18,0.0002
2035,male,19,0.0002
2035,male,20,0.0003
2035,male,21,0.0003
2035,male,22,0.0003
2035,male,23,0.0003
2035,male,24,0.0003
2035,male,25,0.0003
2035,male,26,0.0003
2035,male,27,0.0003
2035,male,28,0.0003
2035,male,29,0.0003
2035,male,30,0.0004
2035,male,31,0.0004
2035,male,32,0.0004
2035,male,33,0.0004
2035,male,34,0.0004
2035,male,35,0.0006
2035,male,36,0.0006
2035,male,37,0.0006
2035,male,38,0.0006
2035,male,39,0.0006
2035,male,40,0.0009
2035,male,41,0.0009
2035,male,42,0.0009
2035,male,43,0.0009
2035,male,44,0.0009
2035,male,45,0.0016
2035,male,46,0.0016
2035,male,47,0.0016
2035,male,48,0.0016
2035,male,49,0.0016
2035,male,50,0.0027
2035,male,51,0.0027
2035,male,52,0.0027
2035,male,53,0.0027
2035,male,54,0.0027
2035,male,55,0.0046
2035,male,56,0.0046
2035,male,57,0.0046
2035,male,58,0.0046
2035,male,59,0.0046
2035,male,60,0.0072
2035,male,61,0.0072
2035,male,62,0.0072
2035,male,63,0.0072
2035,male,64,0.0072
2035,male,65,0.0114
2035,male,66,0.0114
2035,male,67,0.0114
2035,male,68,0.0114
2035,male,69,0.0114
2035,male,70,0.0205
2035,male,71,0.0205
2035,male,72,0.0205
2035,male,73,0.0205
2035,male,74,0.0205
2035,male,75,0.0347
2035,male,76,0.0347
2035,male,77,0.0347
2035,male,78,0.0347
2035,male,79,0.0347
2035,male,80,0.0595
2035,male,81,0.0595
2035,male,82,0.0595
2035,male,83,0.0595
2035,male,84,0.0595
2035,male,85,0.1214
2036,male,0,0.0001
2036,male,1,0.0001
2036,male,2,0.0001
2036,male,3,0.0001
2036,male,4,0.0001
2036,male,5,0.0001
2036,male,6,0.0001
2036,male,7,0.0001
2036,male,8,0.0001
2036,male,9,0.0001
2036,male,10,0.0001
2036,male,11,0.0001
2036,male,12,0.0001
2036,male,13,0.0001
2036,male,14,0.0001
2036,male,15,0.0002
2036,male,16,0.0002
2036,male,17,0.0002
2036,male,18,0.0002
2036,male,19,0.0002
2036,male,20,0.0003
2036,male,21,0.0003
2036,male,22,0.0003
2036,male,23,0.0003
2036,male,24,0.0003
2036,male,25,0.0003
2036,male,26,0.0003
2036,male,27,0.0003
2036,male,28,0.0003
2036,male,29,0.0003
2036,male,30,0.0004
2036,male,31,0.0004
2036,male,32,0.0004
2036,male,33,0.0004
2036,male,34,0.0004
2036,male,35,0.0006
2036,male,36,0.0006
2036,male,37,0.0006
2036,male,38,0.0006
2036,male,39,0.0006
2036,male,40,0.0009
2036,male,41,0.0009
2036,male,42,0.0009
2036,male,43,0.0009
2036,male,44,0.0009
2036,male,45,0.0016
2036,male,46,0.0016
2036,male,47,0.0016
2036,male,48,0.0016
2036,male,49,0.0016
2036,male,50,0.0027
2036,male,51,0.0027
2036,male,52,0.0027
2036,male,53,0.0027
2036,male,54,0.0027
2036,male,55,0.0046
2036,male,56,0.0046
2036,male,57,0.0046
2036,male,58,0.0046
2036,male,59,0.0046
2036,male,60,0.0072
2036,male,61,0.0072
2036,male,62,0.0072
2036,male,63,0.0072
2036,male,64,0.0072
2036,male,65,0.0114
2036,male,66,0.0114
2036,male,67,0.0114
2036,male,68,0.0114
2036,male,69,0.0114
2036,male,70,0.0205
2036,male,71,0.0205
2036,male,72,0.0205
2036,male,73,0.0205
2036,male,74,0.0205
2036,male,75,0.0347
2036,male,76,0.0347
2036,male,77,0.0347
2036,male,78,0.0347
2036,male,79,0.0347
2036,male,80,0.0595
2036,male,81,0.0595
2036,male,82,0.0595
2036,male,83,0.0595
2036,male,84,0.0595
2036,male,85,0.1214
2037,male,0,0.0001
2037,male,1,0.0001
2037,male,2,0.0001
2037,male,3,0.0001
2037,male,4,0.0001
2037,male,5,0.0001
2037,male,6,0.0001
2037,male,7,0.0001
2037,male,8,0.0001
2037,male,9,0.0001
2037,male,10,0.0001
2037,male,11,0.0001
2037,male,12,0.0001
2037,male,13,0.0001
2037,male,14,0.0001
2037,male,15,0.0002
2037,male,16,0.0002
2037,male,17,0.0002
2037,male,18,0.0002
2037,male,19,0.0002
2037,male,20,0.0003
2037,male,21,0.0003
2037,male,22,0.0003
2037,male,23,0.0003
2037,male,24,0.0003
2037,male,25,0.0003
2037,male,26,0.0003
2037,male,27,0.0003
2037,male,28,0.0003
2037,male,29,0.0003
2037,male,30,0.0004
2037,male,31,0.0004
2037,male,32,0.0004
2037,male,33,0.0004
2037,male,34,0.0004
2037,male,35,0.0006
2037,male,36,0.0006
2037,male,37,0.0006
2037,male,38,0.0006
2037,male,39,0.0006
2037,male,40,0.0009
2037,male,41,0.0009
2037,male,42,0.0009
2037,male,43,0.0009
2037,male,44,0.0009
2037,male,45,0.0016
2037,male,46,0.0016
2037,male,47,0.0016
2037,male,48,0.0016
2037,male,49,0.0016
2037,male,50,0.0027
2037,male,51,0.0027
2037,male,52,0.0027
2037,male,53,0.0027
2037,male,54,0.0027
2037,male,55,0.0046
2037,male,56,0.0046
2037,male,57,0.0046
2037,male,58,0.0046
2037,male,59,0.0046
2037,male,60,0.0072
2037,male,61,0.0072
2037,male,62,0.0072
2037,male,63,0.0072
2037,male,64,0.0072
2037,male,65,0.0114
2037,male,66,0.0114
2037,male,67,0.0114
2037,male,68,0.0114
2037,male,69,0.0114
2037,male,70,0.0205
2037,male,71,0.0205
2037,male,72,0.0205
2037,male,73,0.0205
2037,male,74,0.0205
2037,male,75,0.0347
2037,male,76,0.0347
2037,male,77,0.0347
2037,male,78,0.0347
2037,male,79,0.0347
2037,male,80,0.0595
2037,male,81,0.0595
2037,male,82,0.0595
2037,male,83,0.0595
2037,male,84,0.0595
2037,male,85,0.1214
2038,male,0,0.0001
2038,male,1,0.0001
2038,male,2,0.0001
2038,male,3,0.0001
2038,male,4,0.0001
2038,male,5,0.0001
2038,male,6,0.0001
2038,male,7,0.0001
2038,male,8,0.0001
2038,male,9,0.0001
2038,male,10,0.0001
2038,male,11,0.0001
2038,male,12,0.0001
2038,male,13,0.0001
2038,male,14,0.0001
2038,male,15,0.0002
2038,male,16,0.0002
2038,male,17,0.0002
2038,male,18,0.0002
2038,male,19,0.0002
2038,male,20,0.0003
2038,male,21,0.0003
2038,male,22,0.0003
2038,male,23,0.0003
2038,male,24,0.0003
2038,male,25,0.0003
2038,male,26,0.0003
2038,male,27,0.0003
2038,male,28,0.0003
2038,male,29,0.0003
2038,male,30,0.0004
2038,male,31,0.0004
2038,male,32,0.0004
2038,male,33,0.0004
2038,male,34,0.0004
2038,male,35,0.0006
2038,male,36,0.0006
2038,male,37,0.0006
2038,male,38,0.0006
2038,male,39,0.0006
2038,male,40,0.0009
2038,male,41,0.0009
2038,male,42,0.0009
2038,male,43,0.0009
2038,male,44,0.0009
2038,male,45,0.0016
2038,male,46,0.0016
2038,male,47,0.0016
2038,male,48,0.0016
2038,male,49,0.0016
2038,male,50,0.0027
2038,male,51,0.0027
2038,male,52,0.0027
2038,male,53,0.0027
2038,male,54,0.0027
2038,male,55,0.0046
2038,male,56,0.0046
2038,male,57,0.0046
2038,male,58,0.0046
2038,male,59,0.0046
2038,male,60,0.0072
2038,male,61,0.0072
2038,male,62,0.0072
2038,male,63,0.0072
2038,male,64,0.0072
2038,male,65,0.0114
2038,male,66,0.0114
2038,male,67,0.0114
2038,male,68,0.0114
2038,male,69,0.0114
2038,male,70,0.0205
2038,male,71,0.0205
2038,male,72,0.0205
2038,male,73,0.0205
2038,male,74,0.0205
2038,male,75,0.0347
2038,male,76,0.0347
2038,male,77,0.0347
2038,male,78,0.0347
2038,male,79,0.0347
2038,male,80,0.0595
2038,male,81,0.0595
2038,male,82,0.0595
2038,male,83,0.0595
2038,male,84,0.0595
2038,male,85,0.1214
2039,male,0,0.0001
2039,male,1,0.0001
2039,male,2,0.0001
2039,male,3,0.0001
2039,male,4,0.0001
2039,male,5,0.0001
2039,male,6,0.0001
2039,male,7,0.0001
2039,male,8,0.0001
2039,male,9,0.0001
2039,male,10,0.0001
2039,male,11,0.0001
2039,male,12,0.0001
2039,male,13,0.0001
2039,male,14,0.0001
2039,male,15,0.0002
2039,male,16,0.0002
2039,male,17,0.0002
2039,male,18,0.0002
2039,male,19,0.0002
2039,male,20,0.0003
2039,male,21,0.0003
2039,male,22,0.0003
2039,male,23,0.0003
2039,male,24,0.0003
2039,male,25,0.0003
2039,male,26,0.0003
2039,male,27,0.0003
2039,male,28,0.0003
2039,male,29,0.0003
2039,male,30,0.0004
2039,male,31,0.0004
2039,male,32,0.0004
2039,male,33,0.0004
2039,male,34,0.0004
2039,male,35,0.0006
2039,male,36,0.0006
2039,male,37,0.0006
2039,male,38,0.0006
2039,male,39,0.0006
2039,male,40,0.0009
2039,male,41,0.0009
2039,male,42,0.0009
2039,male,43,0.0009
2039,male,44,0.0009
2039,male,45,0.0016
2039,male,46,0.0016
2039,male,47,0.0016
2039,male,48,0.0016
2039,male,49,0.0016
2039,male,50,0.0027
2039,male,51,0.0027
2039,male,52,0.0027
2039,male,53,0.0027
2039,male,54,0.0027
2039,male,55,0.0046
2039,male,56,0.0046
2039,male,57,0.0046
2039,male,58,0.0046
2039,male,59,0.0046
2039,male,60,0.0072
2039,male,61,0.0072
2039,male,62,0.0072
2039,male,63,0.0072
2039,male,64,0.0072
2039,male,65,0.0114
2039,male,66,0.0114
2039,male,67,0.0114
2039,male,68,0.0114
2039,male,69,0.0114
2039,male,70,0.0205
2039,male,71,0.0205
2039,male,72,0.0205
2039,male,73,0.0205
2039,male,74,0.0205
2039,male,75,0.0347
2039,male,76,0.0347
2039,male,77,0.0347
2039,male,78,0.0347
2039,male,79,0.0347
2039,male,80,0.0595
2039,male,81,0.0595
2039,male,82,0.0595
2039,male,83,0.0595
2039,male,84,0.0595
2039,male,85,0.1214
2040,male,0,0.0001
2040,male,1,0.0001
2040,male,2,0.0001
2040,male,3,0.0001
2040,male,4,0.0001
2040,male,5,0.0001
2040,male,6,0.0001
2040,male,7,0.0001
2040,male,8,0.0001
2040,male,9,0.0001
2040,male,10,0.0001
2040,male,11,0.0001
2040,male,12,0.0001
2040,male,13,0.0001
2040,male,14,0.0001
2040,male,15,0.0002
2040,male,16,0.0002
2040,male,17,0.0002
2040,male,18,0.0002
2040,male,19,0.0002
2040,male,20,0.0003
2040,male,21,0.0003
2040,male,22,0.0003
2040,male,23,0.0003
2040,male,24,0.0003
2040,male,25,0.0003
2040,male,26,0.0003
2040,male,27,0.0003
2040,male,28,0.0003
2040,male,29,0.0003
2040,male,30,0.0004
2040,male,31,0.0004
2040,male,32,0.0004
2040,male,33,0.0004
2040,male,34,0.0004
2040,male,35,0.0006
2040,male,36,0.0006
2040,male,37,0.0006
2040,male,38,0.0006
2040,male,39,0.0006
2040,male,40,0.0009
2040,male,41,0.0009
2040,male,42,0.0009
2040,male,43,0.0009
2040,male,44,0.0009
2040,male,45,0.0016
2040,male,46,0.0016
2040,male,47,0.0016
2040,male,48,0.0016
2040,male,49,0.0016
2040,male,50,0.0027
2040,male,51,0.0027
2040,male,52,0.0027
2040,male,53,0.0027
2040,male,54,0.0027
2040,male,55,0.0046
2040,male,56,0.0046
2040,male,57,0.0046
2040,male,58,0.0046
2040,male,59,0.0046
2040,male,60,0.0072
2040,male,61,0.0072
2040,male,62,0.0072
2040,male,63,0.0072
2040,male,64,0.0072
2040,male,65,0.0114
2040,male,66,0.0114
2040,male,67,0.0114
2040,male,68,0.0114
2040,male,69,0.0114
2040,male,70,0.0205
2040,male,71,0.0205
2040,male,72,0.0205
2040,male,73,0.0205
2040,male,74,0.0205
2040,male,75,0.0347
2040,male,76,0.0347
2040,male,77,0.0347
2040,male,78,0.0347
2040,male,79,0.0347
2040,male,80,0.0595
2040,male,81,0.0595
2040,male,82,0.0595
2040,male,83,0.0595
2040,male,84,0.0595
2040,male,85,0.1214
2041,male,0,0.0001
2041,male,1,0.0001
2041,male,2,0.0001
2041,male,3,0.0001
2041,male,4,0.0001
2041,male,5,0.0001
2041,male,6,0.0001
2041,male,7,0.0001
2041,male,8,0.0001
2041,male,9,0.0001
2041,male,10,0.0001
2041,male,11,0.0001
2041,male,12,0.0001
2041,male,13,0.0001
2041,male,14,0.0001
2041,male,15,0.0002
2041,male,16,0.0002
2041,male,17,0.0002
2041,male,18,0.0002
2041,male,19,0.0002
2041,male,20,0.0003
2041,male,21,0.0003
2041,male,22,0.0003
2041,male,23,0.0003
2041,male,24,0.0003
2041,male,25,0.0003
2041,male,26,0.0003
2041,male,27,0.0003
2041,male,28,0.0003
2041,male,29,0.0003
2041,male,30,0.0004
2041,male,31,0.0004
2041,male,32,0.0004
2041,male,33,0.0004
2041,male,34,0.0004
2041,male,35,0.0006
2041,male,36,0.0006
2041,male,37,0.0006
2041,male,38,0.0006
2041,male,39,0.0006
2041,male,40,0.0009
2041,male,41,0.0009
2041,male,42,0.0009
2041,male,43,0.0009
2041,male,44,0.0009
2041,male,45,0.0016
2041,male,46,0.0016
2041,male,47,0.0016
2041,male,48,0.0016
2041,male,49,0.0016
2041,male,50,0.0027
2041,male,51,0.0027
2041,male,52,0.0027
2041,male,53,0.0027
2041,male,54,0.0027
2041,male,55,0.0046
2041,male,56,0.0046
2041,male,57,0.0046
2041,male,58,0.0046
2041,male,59,0.0046
2041,male,60,0.0072
2041,male,61,0.0072
2041,male,62,0.0072
2041,male,63,0.0072
2041,male,64,0.0072
2041,male,65,0.0114
2041,male,66,0.0114
2041,male,67,0.0114
2041,male,68,0.0114
2041,male,69,0.0114
2041,male,70,0.0205
2041,male,71,0.0205
2041,male,72,0.0205
2041,male,73,0.0205
2041,male,74,0.0205
2041,male,75,0.0347
2041,male,76,0.0347
2041,male,77,0.0347
2041,male,78,0.0347
2041,male,79,0.0347
2041,male,80,0.0595
2041,male,81,0.0595
2041,male,82,0.0595
2041,male,83,0.0595
2041,male,84,0.0595
2041,male,85,0.1214
2042,male,0,0.0001
2042,male,1,0.0001
2042,male,2,0.0001
2042,male,3,0.0001
2042,male,4,0.0001
2042,male,5,0.0001
2042,male,6,0.0001
2042,male,7,0.0001
2042,male,8,0.0001
2042,male,9,0.0001
2042,male,10,0.0001
2042,male,11,0.0001
2042,male,12,0.0001
2042,male,13,0.0001
2042,male,14,0.0001
2042,male,15,0.0002
2042,male,16,0.0002
2042,male,17,0.0002
2042,male,18,0.0002
2042,male,19,0.0002
2042,male,20,0.0003
2042,male,21,0.0003
2042,male,22,0.0003
2042,male,23,0.0003
2042,male,24,0.0003
2042,male,25,0.0003
2042,male,26,0.0003
2042,male,27,0.0003
2042,male,28,0.0003
2042,male,29,0.0003
2042,male,30,0.0004
2042,male,31,0.0004
2042,male,32,0.0004
2042,male,33,0.0004
2042,male,34,0.0004
2042,male,35,0.0006
2042,male,36,0.0006
2042,male,37,0.0006
2042,male,38,0.0006
2042,male,39,0.0006
2042,male,40,0.0009
2042,male,41,0.0009
2042,male,42,0.0009
2042,male,43,0.0009
2042,male,44,0.0009
2042,male,45,0.0016
2042,male,46,0.0016
2042,male,47,0.0016
2042,male,48,0.0016
2042,male,49,0.0016
2042,male,50,0.0027
2042,male,51,0.0027
2042,male,52,0.0027
2042,male,53,0.0027
2042,male,54,0.0027
2042,male,55,0.0046
2042,male,56,0.0046
2042,male,57,0.0046
2042,male,58,0.0046
2042,male,59,0.0046
2042,male,60,0.0072
2042,male,61,0.0072
2042,male,62,0.0072
2042,male,63,0.0072
2042,male,64,0.0072
2042,male,65,0.0114
2042,male,66,0.0114
2042,male,67,0.0114
2042,male,68,0.0114
2042,male,69,0.0114
2042,male,70,0.0205
2042,male,71,0.0205
2042,male,72,0.0205
2042,male,73,0.0205
2042,male,74,0.0205
2042,male,75,0.0347
2042,male,76,0.0347
2042,male,77,0.0347
2042,male,78,0.0347
2042,male,79,0.0347
2042,male,80,0.0595
2042,male,81,0.0595
2042,male,82,0.0595
2042,male,83,0.0595
2042,male,84,0.0595
2042,male,85,0.1214
2043,male,0,0.0001
2043,male,1,0.0001
2043,male,2,0.0001
2043,male,3,0.0001
2043,male,4,0.0001
2043,male,5,0.0001
2043,male,6,0.0001
2043,male,7,0.0001
2043,male,8,0.0001
2043,male,9,0.0001
2043,male,10,0.0001
2043,male,11,0.0001
2043,male,12,0.0001
2043,male,13,0.0001
2043,male,14,0.0001
2043,male,15,0.0002
2043,male,16,0.0002
2043,male,17,0.0002
2043,male,18,0.0002
2043,male,19,0.0002
2043,male,20,0.0003
2043,male,21,0.0003
2043,male,22,0.0003
2043,male,23,0.0003
2043,male,24,0.0003
2043,male,25,0.0003
2043,male,26,0.0003
2043,male,27,0.0003
2043,male,28,0.0003
2043,male,29,0.0003
2043,male,30,0.0004
2043,male,31,0.0004
2043,male,32,0.0004
2043,male,33,0.0004
2043,male,34,0.0004
2043,male,35,0.0006
2043,male,36,0.0006
2043,male,37,0.0006
2043,male,38,0.0006
2043,male,39,0.0006
2043,male,40,0.0009
2043,male,41,0.0009
2043,male,42,0.0009
2043,male,43,0.0009
2043,male,44,0.0009
2043,male,45,0.0016
2043,male,46,0.0016
2043,male,47,0.0016
2043,male,48,0.0016
2043,male,49,0.0016
2043,male,50,0.0027
2043,male,51,0.0027
2043,male,52,0.0027
2043,male,53,0.0027
2043,male,54,0.0027
2043,male,55,0.0046
2043,male,56,0.0046
2043,male,57,0.0046
2043,male,58,0.0046
2043,male,59,0.0046
2043,male,60,0.0072
2043,male,61,0.0072
2043,male,62,0.0072
2043,male,63,0.0072
2043,male,64,0.0072
2043,male,65,0.0114
2043,male,66,0.0114
2043,male,67,0.0114
2043,male,68,0.0114
2043,male,69,0.0114
2043,male,70,0.0205
2043,male,71,0.0205
2043,male,72,0.0205
2043,male,73,0.0205
2043,male,74,0.0205
2043,male,75,0.0347
2043,male,76,0.0347
2043,male,77,0.0347
2043,male,78,0.0347
2043,male,79,0.0347
2043,male,80,0.0595
2043,male,81,0.0595
2043,male,82,0.0595
2043,male,83,0.0595
2043,male,84,0.0595
2043,male,85,0.1214
2044,male,0,0.0001
2044,male,1,0.0001
2044,male,2,0.0001
2044,male,3,0.0001
2044,male,4,0.0001
2044,male,5,0.0001
2044,male,6,0.0001
2044,male,7,0.0001
2044,male,8,0.0001
2044,male,9,0.0001
2044,male,10,0.0001
2044,male,11,0.0001
2044,male,12,0.0001
2044,male,13,0.0001
2044,male,14,0.0001
2044,male,15,0.0002
2044,male,16,0.0002
2044,male,17,0.0002
2044,male,18,0.0002
2044,male,19,0.0002
2044,male,20,0.0003
2044,male,21,0.0003
2044,male,22,0.0003
2044,male,23,0.0003
2044,male,24,0.0003
2044,male,25,0.0003
2044,male,26,0.0003
2044,male,27,0.0003
2044,male,28,0.0003
2044,male,29,0.0003
2044,male,30,0.0004
2044,male,31,0.0004
2044,male,32,0.0004
2044,male,33,0.0004
2044,male,34,0.0004
2044,male,35,0.0006
2044,male,36,0.0006
2044,male,37,0.0006
2044,male,38,0.0006
2044,male,39,0.0006
2044,male,40,0.0009
2044,male,41,0.0009
2044,male,42,0.0009
2044,male,43,0.0009
2044,male,44,0.0009
2044,male,45,0.0016
2044,male,46,0.0016
2044,male,47,0.0016
2044,male,48,0.0016
2044,male,49,0.0016
2044,male,50,0.0027
2044,male,51,0.0027
2044,male,52,0.0027
2044,male,53,0.0027
2044,male,54,0.0027
2044,male,55,0.0046
2044,male,56,0.0046
2044,male,57,0.0046
2044,male,58,0.0046
2044,male,59,0.0046
2044,male,60,0.0072
2044,male,61,0.0072
2044,male,62,0.0072
2044,male,63,0.0072
2044,male,64,0.0072
2044,male,65,0.0114
2044,male,66,0.0114
2044,male,67,0.0114
2044,male,68,0.0114
2044,male,69,0.0114
2044,male,70,0.0205
2044,male,71,0.0205
2044,male,72,0.0205
2044,male,73,0.0205
2044,male,74,0.0205
2044,male,75,0.0347
2044,male,76,0.0347
2044,male,77,0.0347
2044,male,78,0.0347
2044,male,79,0.0347
2044,male,80,0.0595
2044,male,81,0.0595
2044,male,82,0.0595
2044,male,83,0.0595
2044,male,84,0.0595
2044,male,85,0.1214
2045,male,0,0.0001
2045,male,1,0.0001
2045,male,2,0.0001
2045,male,3,0.0001
2045,male,4,0.0001
2045,male,5,0.0001
2045,male,6,0.0001
2045,male,7,0.0001
2045,male,8,0.0001
2045,male,9,0.0001
2045,male,10,0.0001
2045,male,11,0.0001
2045,male,12,0.0001
2045,male,13,0.0001
2045,male,14,0.0001
2045,male,15,0.0002
2045,male,16,0.0002
2045,male,17,0.0002
2045,male,18,0.0002
2045,male,19,0.0002
2045,male,20,0.0003
2045,male,21,0.0003
2045,male,22,0.0003
2045,male,23,0.0003
2045,male,24,0.0003
2045,male,25,0.0003
2045,male,26,0.0003
2045,male,27,0.0003
2045,male,28,0.0003
2045,male,29,0.0003
2045,male,30,0.0004
2045,male,31,0.0004
2045,male,32,0.0004
2045,male,33,0.0004
2045,male,34,0.0004
2045,male,35,0.0006
2045,male,36,0.0006
2045,male,37,0.0006
2045,male,38,0.0006
2045,male,39,0.0006
2045,male,40,0.0009
2045,male,41,0.0009
2045,male,42,0.0009
2045,male,43,0.0009
2045,male,44,0.0009
2045,male,45,0.0016
2045,male,46,0.0016
2045,male,47,0.0016
2045,male,48,0.0016
2045,male,49,0.0016
2045,male,50,0.0027
2045,male,51,0.0027
2045,male,52,0.0027
2045,male,53,0.0027
2045,male,54,0.0027
2045,male,55,0.0046
2045,male,56,0.0046
2045,male,57,0.0046
2045,male,58,0.0046
2045,male,59,0.0046
2045,male,60,0.0072
2045,male,61,0.0072
2045,male,62,0.0072
2045,male,63,0.0072
2045,male,64,0.0072
2045,male,65,0.0114
2045,male,66,0.0114
2045,male,67,0.0114
2045,male,68,0.0114
2045,male,69,0.0114
2045,male,70,0.0205
2045,male,71,0.0205
2045,male,72,0.0205
2045,male,73,0.0205
2045,male,74,0.0205
2045,male,75,0.0347
2045,male,76,0.0347
2045,male,77,0.0347
2045,male,78,0.0347
2045,male,79,0.0347
2045,male,80,0.0595
2045,male,81,0.0595
2045,male,82,0.0595
2045,male,83,0.0595
2045,male,84,0.0595
2045,male,85,0.1214
2046,male,0,0.0001
2046,male,1,0.0001
2046,male,2,0.0001
2046,male,3,0.0001
2046,male,4,0.0001
2046,male,5,0.0001
2046,male,6,0.0001
2046,male,7,0.0001
2046,male,8,0.0001
2046,male,9,0.0001
2046,male,10,0.0001
2046,male,11,0.0001
2046,male,12,0.0001
2046,male,13,0.0001
2046,male,14,0.0001
2046,male,15,0.0002
2046,male,16,0.0002
2046,male,17,0.0002
2046,male,18,0.0002
2046,male,19,0.0002
2046,male,20,0.0003
2046,male,21,0.0003
2046,male,22,0.0003
2046,male,23,0.0003
2046,male,24,0.0003
2046,male,25,0.0003
2046,male,26,0.0003
2046,male,27,0.0003
2046,male,28,0.0003
2046,male,29,0.0003
2046,male,30,0.0004
2046,male,31,0.0004
2046,male,32,0.0004
2046,male,33,0.0004
2046,male,34,0.0004
2046,male,35,0.0006
2046,male,36,0.0006
2046,male,37,0.0006
2046,male,38,0.0006
2046,male,39,0.0006
2046,male,40,0.0009
2046,male,41,0.0009
2046,male,42,0.0009
2046,male,43,0.0009
2046,male,44,0.0009
2046,male,45,0.0016
2046,male,46,0.0016
2046,male,47,0.0016
2046,male,48,0.0016
2046,male,49,0.0016
2046,male,50,0.0027
2046,male,51,0.0027
2046,male,52,0.0027
2046,male,53,0.0027
2046,male,54,0.0027
2046,male,55,0.0046
2046,male,56,0.0046
2046,male,57,0.0046
2046,male,58,0.0046
2046,male,59,0.0046
2046,male,60,0.0072
2046,male,61,0.0072
2046,male,62,0.0072
2046,male,63,0.0072
2046,male,64,0.0072
2046,male,65,0.0114
2046,male,66,0.0114
2046,male,67,0.0114
2046,male,68,0.0114
2046,male,69,0.0114
2046,male,70,0.0205
2046,male,71,0.0205
2046,male,72,0.0205
2046,male,73,0.0205
2046,male,74,0.0205
2046,male,75,0.0347
2046,male,76,0.0347
2046,male,77,0.0347
2046,male,78,0.0347
2046,male,79,0.0347
2046,male,80,0.0595
2046,male,81,0.0595
2046,male,82,0.0595
2046,male,83,0.0595
2046,male,84,0.0595
2046,male,85,0.1214
2047,male,0,0.0001
2047,male,1,0.0001
2047,male,2,0.0001
2047,male,3,0.0001
2047,male,4,0.0001
2047,male,5,0.0001
2047,male,6,0.0001
2047,male,7,0.0001
2047,male,8,0.0001
2047,male,9,0.0001
2047,male,10,0.0001
2047,male,11,0.0001
2047,male,12,0.0001
2047,male,13,0.0001
2047,male,14,0.0001
2047,male,15,0.0002
2047,male,16,0.0002
2047,male,17,0.0002
2047,male,18,0.0002
2047,male,19,0.0002
2047,male,20,0.0003
2047,male,21,0.0003
2047,male,22,0.0003
2047,male,23,0.0003
2047,male,24,0.0003
2047,male,25,0.0003
2047,male,26,0.0003
2047,male,27,0.0003
2047,male,28,0.0003
2047,male,29,0.0003
2047,male,30,0.0004
2047,male,31,0.0004
2047,male,32,0.0004
2047,male,33,0.0004
2047,male,34,0.0004
2047,male,35,0.0006
2047,male,36,0.0006
2047,male,37,0.0006
2047,male,38,0.0006
2047,male,39,0.0006
2047,male,40,0.0009
2047,male,41,0.0009
2047,male,42,0.0009
2047,male,43,0.0009
2047,male,44,0.0009
2047,male,45,0.0016
2047,male,46,0.0016
2047,male,47,0.0016
2047,male,48,0.0016
2047,male,49,0.0016
2047,male,50,0.0027
2047,male,51,0.0027
2047,male,52,0.0027
2047,male,53,0.0027
2047,male,54,0.0027
2047,male,55,0.0046
2047,male,56,0.0046
2047,male,57,0.0046
2047,male,58,0.0046
2047,male,59,0.0046
2047,male,60,0.0072
2047,male,61,0.0072
2047,male,62,0.0072
2047,male,63,0.0072
2047,male,64,0.0072
2047,male,65,0.0114
2047,male,66,0.0114
2047,male,67,0.0114
2047,male,68,0.0114
2047,male,69,0.0114
2047,male,70,0.0205
2047,male,71,0.0205
2047,male,72,0.0205
2047,male,73,0.0205
2047,male,74,0.0205
2047,male,75,0.0347
2047,male,76,0.0347
2047,male,77,0.0347
2047,male,78,0.0347
2047,male,79,0.0347
2047,male,80,0.0595
2047,male,81,0.0595
2047,male,82,0.0595
2047,male,83,0.0595
2047,male,84,0.0595
2047,male,85,0.1214
2048,male,0,0.0001
2048,male,1,0.0001
2048,male,2,0.0001
2048,male,3,0.0001
2048,male,4,0.0001
2048,male,5,0.0001
2048,male,6,0.0001
2048,male,7,0.0001
2048,male,8,0.0001
2048,male,9,0.0001
2048,male,10,0.0001
2048,male,11,0.0001
2048,male,12,0.0001
2048,male,13,0.0001
2048,male,14,0.0001
2048,male,15,0.0002
2048,male,16,0.0002
2048,male,17,0.0002
2048,male,18,0.0002
2048,male,19,0.0002
2048,male,20,0.0003
2048,male,21,0.0003
2048,male,22,0.0003
2048,male,23,0.0003
2048,male,24,0.0003
2048,male,25,0.0003
2048,male,26,0.0003
2048,male,27,0.0003
2048,male,28,0.0003
2048,male,29,0.0003
2048,male,30,0.0004
2048,male,31,0.0004
2048,male,32,0.0004
2048,male,33,0.0004
2048,male,34,0.0004
2048,male,35,0.0006
2048,male,36,0.0006
2048,male,37,0.0006
2048,male,38,0.0006
2048,male,39,0.0006
2048,male,40,0.0009
2048,male,41,0.0009
2048,male,42,0.0009
2048,male,43,0.0009
2048,male,44,0.0009
2048,male,45,0.0016
2048,male,46,0.0016
2048,male,47,0.0016
2048,male,48,0.0016
2048,male,49,0.0016
2048,male,50,0.0027
2048,male,51,0.0027
2048,male,52,0.0027
2048,male,53,0.0027
2048,male,54,0.0027
2048,male,55,0.0046
2048,male,56,0.0046
2048,male,57,0.0046
2048,male,58,0.0046
2048,male,59,0.0046
2048,male,60,0.0072
2048,male,61,0.0072
2048,male,62,0.0072
2048,male,63,0.0072
2048,male,64,0.0072
2048,male,65,0.0114
2048,male,66,0.0114
2048,male,67,0.0114
2048,male,68,0.0114
2048,male,69,0.0114
2048,male,70,0.0205
2048,male,71,0.0205
2048,male,72,0.0205
2048,male,73,0.0205
2048,male,74,0.0205
2048,male,75,0.0347
2048,male,76,0.0347
2048,male,77,0.0347
2048,male,78,0.0347
2048,male,79,0.0347
2048,male,80,0.0595
2048,male,81,0.0595
2048,male,82,0.0595
2048,male,83,0.0595
2048,male,84,0.0595
2048,male,85,0.1214
2049,male,0,0.0001
2049,male,1,0.0001
2049,male,2,0.0001
2049,male,3,0.0001
2049,male,4,0.0001
2049,male,5,0.0001
2049,male,6,0.0001
2049,male,7,0.0001
2049,male,8,0.0001
2049,male,9,0.0001
2049,male,10,0.0001
2049,male,11,0.0001
2049,male,12,0.0001
2049,male,13,0.0001
2049,male,14,0.0001
2049,male,15,0.0002
2049,male,16,0.0002
2049,male,17,0.0002
2049,male,18,0.0002
2049,male,19,0.0002
2049,male,20,0.0003
2049,male,21,0.0003
2049,male,22,0.0003
2049,male,23,0.0003
2049,male,24,0.0003
2049,male,25,0.0003
2049,male,26,0.0003
2049,male,27,0.0003
2049,male,28,0.0003
2049,male,29,0.0003
2049,male,30,0.0004
2049,male,31,0.0004
2049,male,32,0.0004
2049,male,33,0.0004
2049,male,34,0.0004
2049,male,35,0.0006
2049,male,36,0.0006
2049,male,37,0.0006
2049,male,38,0.0006
2049,male,39,0.0006
2049,male,40,0.0009
2049,male,41,0.0009
2049,male,42,0.0009
2049,male,43,0.0009
2049,male,44,0.0009
2049,male,45,0.0016
2049,male,46,0.0016
2049,male,47,0.0016
2049,male,48,0.0016
2049,male,49,0.0016
2049,male,50,0.0027
2049,male,51,0.0027
2049,male,52,0.0027
2049,male,53,0.0027
2049,male,54,0.0027
2049,male,55,0.0046
2049,male,56,0.0046
2049,male,57,0.0046
2049,male,58,0.0046
2049,male,59,0.0046
2049,male,60,0.0072
2049,male,61,0.0072
2049,male,62,0.0072
2049,male,63,0.0072
2049,male,64,0.0072
2049,male,65,0.0114
2049,male,66,0.0114
2049,male,67,0.0114
2049,male,68,0.0114
2049,male,69,0.0114
2049,male,70,0.0205
2049,male,71,0.0205
2049,male,72,0.0205
2049,male,73,0.0205
2049,male,74,0.0205
2049,male,75,0.0347
2049,male,76,0.0347
2049,male,77,0.0347
2049,male,78,0.0347
2049,male,79,0.0347
2049,male,80,0.0595
2049,male,81,0.0595
2049,male,82,0.0595
2049,male,83,0.0595
2049,male,84,0.0595
2049,male,85,0.1214
2050,male,0,0.0001
2050,male,1,0.0001
2050,male,2,0.0001
2050,male,3,0.0001
2050,male,4,0.0001
2050,male,5,0.0001
2050,male,6,0.0001
2050,male,7,0.0001
2050,male,8,0.0001
2050,male,9,0.0001
2050,male,10,0.0001
2050,male,11,0.0001
2050,male,12,0.0001
2050,male,13,0.0001
2050,male,14,0.0001
2050,male,15,0.0002
2050,male,16,0.0002
2050,male,17,0.0002
2050,male,18,0.0002
2050,male,19,0.0002
2050,male,20,0.0003
2050,male,21,0.0003
2050,male,22,0.0003
2050,male,23,0.0003
2050,male,24,0.0003
2050,male,25,0.0003
2050,male,26,0.0003
2050,male,27,0.0003
2050,male,28,0.0003
2050,male,29,0.0003
2050,male,30,0.0004
2050,male,31,0.0004
2050,male,32,0.0004
2050,male,33,0.0004
2050,male,34,0.0004
2050,male,35,0.0006
2050,male,36,0.0006
2050,male,37,0.0006
2050,male,38,0.0006
2050,male,39,0.0006
2050,male,40,0.0009
2050,male,41,0.0009
2050,male,42,0.0009
2050,male,43,0.0009
2050,male,44,0.0009
2050,male,45,0.0016
2050,male,46,0.0016
2050,male,47,0.0016
2050,male,48,0.0016
2050,male,49,0.0016
2050,male,50,0.0027
2050,male,51,0.0027
2050,male,52,0.0027
2050,male,53,0.0027
2050,male,54,0.0027
2050,male,55,0.0046
2050,male,56,0.0046
2050,male,57,0.0046
2050,male,58,0.0046
2050,male,59,0.0046
2050,male,60,0.0072
2050,male,61,0.0072
2050,male,62,0.0072
2050,male,63,0.0072
2050,male,64,0.0072
2050,male,65,0.0114
2050,male,66,0.0114
2050,male,67,0.0114
2050,male,68,0.0114
2050,male,69,0.0114
2050,male,70,0.0205
2050,male,71,0.0205
2050,male,72,0.0205
2050,male,73,0.0205
2050,male,74,0.0205
2050,male,75,0.0347
2050,male,76,0.0347
2050,male,77,0.0347
2050,male,78,0.0347
2050,male,79,0.0347
2050,male,80,0.0595
2050,male,81,0.0595
2050,male,82,0.0595
2050,male,83,0.0595
2050,male,84,0.0595
2050,male,85,0.1214
2024,female,0,0.0001
2024,female,1,0.0001
2024,female,2,0.0001
2024,female,3,0.0001
2024,female,4,0.0001
2024,female,5,0.0001
2024,female,6,0.0001
2024,female,7,0.0001
2024,female,8,0.0001
2024,female,9,0.0001
2024,female,10,0.0001
2024,female,11,0.0001
2024,female,12,0.0001
2024,female,13,0.0001
2024,female,14,0.0001
2024,female,15,0.0001
2024,female,16,0.0001
2024,female,17,0.0001
2024,female,18,0.0001
2024,female,19,0.0001
2024,female,20,0.0001
2024,female,21,0.0001
2024,female,22,0.0001
2024,female,23,0.0001
2024,female,24,0.0001
2024,female,25,0.0002
2024,female,26,0.0002
2024,female,27,0.0002
2024,female,28,0.0002
2024,female,29,0.0002
2024,female,30,0.0003
2024,female,31,0.0003
2024,female,32,0.0003
2024,female,33,0.0003
2024,female,34,0.0003
2024,female,35,0.0003
2024,female,36,0.0003
2024,female,37,0.0003
2024,female,38,0.0003
2024,female,39,0.0003
2024,female,40,0.0005
2024,female,41,0.0005
2024,female,42,0.0005
2024,female,43,0.0005
2024,female,44,0.0005
2024,female,45,0.001
2024,female,46,0.001
2024,female,47,0.001
2024,female,48,0.001
2024,female,49,0.001
2024,female,50,0.0016
2024,female,51,0.0016
2024,female,52,0.0016
2024,female,53,0.0016
2024,female,54,0.0016
2024,female,55,0.0026
2024,female,56,0.0026
2024,female,57,0.0026
2024,female,58,0.0026
2024,female,59,0.0026
2024,female,60,0.0038
2024,female,61,0.0038
2024,female,62,0.0038
2024,female,63,0.0038
2024,female,64,0.0038
2024,female,65,0.0058
2024,female,66,0.0058
2024,female,67,0.0058
2024,female,68,0.0058
2024,female,69,0.0058
2024,female,70,0.0102
2024,female,71,0.0102
2024,female,72,0.0102
2024,female,73,0.0102
2024,female,74,0.0102
2024,female,75,0.0199
2024,female,76,0.0199
2024,female,77,0.0199
2024,female,78,0.0199
2024,female,79,0.0199
2024,female,80,0.0382
2024,female,81,0.0382
2024,female,82,0.0382
2024,female,83,0.0382
2024,female,84,0.0382
2024,female,85,0.0984
2025,female,0,0.0001
2025,female,1,0.0001
2025,female,2,0.0001
2025,female,3,0.0001
2025,female,4,0.0001
2025,female,5,0.0001
2025,female,6,0.0001
2025,female,7,0.0001
2025,female,8,0.0001
2025,female,9,0.0001
2025,female,10,0.0001
2025,female,11,0.0001
2025,female,12,0.0001
2025,female,13,0.0001
2025,female,14,0.0001
2025,female,15,0.0001
2025,female,16,0.0001
2025,female,17,0.0001
2025,female,18,0.0001
2025,female,19,0.0001
2025,female,20,0.0001
2025,female,21,0.0001
2025,female,22,0.0001
2025,female,23,0.0001
2025,female,24,0.0001
2025,female,25,0.0002
2025,female,26,0.0002
2025,female,27,0.0002
2025,female,28,0.0002
2025,female,29,0.0002
2025,female,30,0.0003
2025,female,31,0.0003
2025,female,32,0.0003
2025,female,33,0.0003
2025,female,34,0.0003
2025,female,35,0.0003
2025,female,36,0.0003
2025,female,37,0.0003
2025,female,38,0.0003
2025,female,39,0.0003
2025,female,40,0.0005
2025,female,41,0.0005
2025,female,42,0.0005
2025,female,43,0.0005
2025,female,44,0.0005
2025,female,45,0.0009
2025,female,46,0.0009
2025,female,47,0.0009
2025,female,48,0.0009
2025,female,49,0.0009
2025,female,50,0.0016
2025,female,51,0.0016
2025,female,52,0.0016
2025,female,53,0.0016
2025,female,54,0.0016
2025,female,55,0.0026
2025,female,56,0.0026
2025,female,57,0.0026
2025,female,58,0.0026
2025,female,59,0.0026
2025,female,60,0.0038
2025,female,61,0.0038
2025,female,62,0.0038
2025,female,63,0.0038
2025,female,64,0.0038
2025,female,65,0.0058
2025,female,66,0.0058
2025,female,67,0.0058
2025,female,68,0.0058
2025,female,69,0.0058
2025,female,70,0.0101
2025,female,71,0.0101
2025,female,72,0.0101
2025,female,73,0.0101
2025,female,74,0.0101
2025,female,75,0.0198
2025,female,76,0.0198
2025,female,77,0.0198
2025,female,78,0.0198
2025,female,79,0.0198
2025,female,80,0.0381
2025,female,81,0.0381
2025,female,82,0.0381
2025,female,83,0.0381
2025,female,84,0.0381
2025,female,85,0.0983
2026,female,0,0.0001
2026,female,1,0.0001
2026,female,2,0.0001
2026,female,3,0.0001
2026,female,4,0.0001
2026,female,5,0.0001
2026,female,6,0.0001
2026,female,7,0.0001
2026,female,8,0.0001
2026,female,9,0.0001
2026,female,10,0.0001
2026,female,11,0.0001
2026,female,12,0.0001
2026,female,13,0.0001
2026,female,14,0.0001
2026,female,15,0.0001
2026,female,16,0.0001
2026,female,17,0.0001
2026,female,18,0.0001
2026,female,19,0.0001
2026,female,20,0.0001
2026,female,21,0.0001
2026,female,22,0.0001
2026,female,23,0.0001
2026,female,24,0.0001
2026,female,25,0.0002
2026,female,26,0.0002
2026,female,27,0.0002
2026,female,28,0.0002
2026,female,29,0.0002
2026,female,30,0.0003
2026,female,31,0.0003
2026,female,32,0.0003
2026,female,33,0.0003
2026,female,34,0.0003
2026,female,35,0.0003
2026,female,36,0.0003
2026,female,37,0.0003
2026,female,38,0.0003
2026,female,39,0.0003
2026,female,40,0.0005
2026,female,41,0.0005
2026,female,42,0.0005
2026,female,43,0.0005
2026,female,44,0.0005
2026,female,45,0.0009
2026,female,46,0.0009
2026,female,47,0.0009
2026,female,48,0.0009
2026,female,49,0.0009
2026,female,50,0.0016
2026,female,51,0.0016
2026,female,52,0.0016
2026,female,53,0.0016
2026,female,54,0.0016
2026,female,55,0.0026
2026,female,56,0.0026
2026,female,57,0.0026
2026,female,58,0.0026
2026,female,59,0.0026
2026,female,60,0.0037
2026,female,61,0.0037
2026,female,62,0.0037
2026,female,63,0.0037
2026,female,64,0.0037
2026,female,65,0.0057
2026,female,66,0.0057
2026,female,67,0.0057
2026,female,68,0.0057
2026,female,69,0.0057
2026,female,70,0.0101
2026,female,71,0.0101
2026,female,72,0.0101
2026,female,73,0.0101
2026,female,74,0.0101
2026,female,75,0.0198
2026,female,76,0.0198
2026,female,77,0.0198
2026,female,78,0.0198
2026,female,79,0.0198
2026,female,80,0.0381
2026,female,81,0.0381
2026,female,82,0.0381
2026,female,83,0.0381
2026,female,84,0.0381
2026,female,85,0.0982
2027,female,0,0.0001
2027,female,1,0.0001
2027,female,2,0.0001
2027,female,3,0.0001
2027,female,4,0.0001
2027,female,5,0.0001
2027,female,6,0.0001
2027,female,7,0.0001
2027,female,8,0.0001
2027,female,9,0.0001
2027,female,10,0.0001
2027,female,11,0.0001
2027,female,12,0.0001
2027,female,13,0.0001
2027,female,14,0.0001
2027,female,15,0.0001
2027,female,16,0.0001
2027,female,17,0.0001
2027,female,18,0.0001
2027,female,19,0.0001
2027,female,20,0.0001
2027,female,21,0.0001
2027,female,22,0.0001
2027,female,23,0.0001
2027,female,24,0.0001
2027,female,25,0.0002
2027,female,26,0.0002
2027,female,27,0.0002
2027,female,28,0.0002
2027,female,29,0.0002
2027,female,30,0.0003
2027,female,31,0.0003
2027,female,32,0.0003
2027,female,33,0.0003
2027,female,34,0.0003
2027,female,35,0.0003
2027,female,36,0.0003
2027,female,37,0.0003
2027,female,38,0.0003
2027,female,39,0.0003
2027,female,40,0.0005
2027,female,41,0.0005
2027,female,42,0.0005
2027,female,43,0.0005
2027,female,44,0.0005
2027,female,45,0.0009
2027,female,46,0.0009
2027,female,47,0.0009
2027,female,48,0.0009
2027,female,49,0.0009
2027,female,50,0.0016
2027,female,51,0.0016
2027,female,52,0.0016
2027,female,53,0.0016
2027,female,54,0.0016
2027,female,55,0.0026
2027,female,56,0.0026
2027,female,57,0.0026
2027,female,58,0.0026
2027,female,59,0.0026
2027,female,60,0.0037
2027,female,61,0.0037
2027,female,62,0.0037
2027,female,63,0.0037
2027,female,64,0.0037
2027,female,65,0.0057
2027,female,66,0.0057
2027,female,67,0.0057
2027,female,68,0.0057
2027,female,69,0.0057
2027,female,70,0.0101
2027,female,71,0.0101
2027,female,72,0.0101
2027,female,73,0.0101
2027,female,74,0.0101
2027,female,75,0.0198
2027,female,76,0.0198
2027,female,77,0.0198
2027,female,78,0.0198
2027,female,79,0.0198
2027,female,80,0.038
2027,female,81,0.038
2027,female,82,0.038
2027,female,83,0.038
2027,female,84,0.038
2027,female,85,0.0982
2028,female,0,0.0001
2028,female,1,0.0001
2028,female,2,0.0001
2028,female,3,0.0001
2028,female,4,0.0001
2028,female,5,0.0001
2028,female,6,0.0001
2028,female,7,0.0001
2028,female,8,0.0001
2028,female,9,0.0001
2028,female,10,0.0001
2028,female,11,0.0001
2028,female,12,0.0001
2028,female,13,0.0001
2028,female,14,0.0001
2028,female,15,0.0001
2028,female,16,0.0001
2028,female,17,0.0001
2028,female,18,0.0001
2028,female,19,0.0001
2028,female,20,0.0001
2028,female,21,0.0001
2028,female,22,0.0001
2028,female,23,0.0001
2028,female,24,0.0001
2028,female,25,0.0002
2028,female,26,0.0002
2028,female,27,0.0002
2028,female,28,0.0002
2028,female,29,0.0002
2028,female,30,0.0003
2028,female,31,0.0003
2028,female,32,0.0003
2028,female,33,0.0003
2028,female,34,0.0003
2028,female,35,0.0003
2028,female,36,0.0003
2028,female,37,0.0003
2028,female,38,0.0003
2028,female,39,0.0003
2028,female,40,0.0005
2028,female,41,0.0005
2028,female,42,0.0005
2028,female,43,0.0005
2028,female,44,0.0005
2028,female,45,0.0009
2028,female,46,0.0009
2028,female,47,0.0009
2028,female,48,0.0009
2028,female,49,0.0009
2028,female,50,0.0016
2028,female,51,0.0016
2028,female,52,0.0016
2028,female,53,0.0016
2028,female,54,0.0016
2028,female,55,0.0026
2028,female,56,0.0026
2028,female,57,0.0026
2028,female,58,0.0026
2028,female,59,0.0026
2028,female,60,0.0037
2028,female,61,0.0037
2028,female,62,0.0037
2028,female,63,0.0037
2028,female,64,0.0037
2028,female,65,0.0057
2028,female,66,0.0057
2028,female,67,0.0057
2028,female,68,0.0057
2028,female,69,0.0057
2028,female,70,0.0101
2028,female,71,0.0101
2028,female,72,0.0101
2028,female,73,0.0101
2028,female,74,0.0101
2028,female,75,0.0197
2028,female,76,0.0197
2028,female,77,0.0197
2028,female,78,0.0197
2028,female,79,0.0197
2028,female,80,0.038
2028,female,81,0.038
2028,female,82,0.038
2028,female,83,0.038
2028,female,84,0.038
2028,female,85,0.0982
2029,female,0,0.0001
2029,female,1,0.0001
2029,female,2,0.0001
2029,female,3,0.0001
2029,female,4,0.0001
2029,female,5,0.0001
2029,female,6,0.0001
2029,female,7,0.0001
2029,female,8,0.0001
2029,female,9,0.0001
2029,female,10,0.0001
2029,female,11,0.0001
2029,female,12,0.0001
2029,female,13,0.0001
2029,female,14,0.0001
2029,female,15,0.0001
2029,female,16,0.0001
2029,female,17,0.0001
2029,female,18,0.0001
2029,female,19,0.0001
2029,female,20,0.0001
2029,female,21,0.0001
2029,female,22,0.0001
2029,female,23,0.0001
2029,female,24,0.0001
2029,female,25,0.0002
2029,female,26,0.0002
2029,female,27,0.0002
2029,female,28,0.0002
2029,female,29,0.0002
2029,female,30,0.0003
2029,female,31,0.0003
2029,female,32,0.0003
2029,female,33,0.0003
2029,female,34,0.0003
2029,female,35,0.0003
2029,female,36,0.0003
2029,female,37,0.0003
2029,female,38,0.0003
2029,female,39,0.0003
2029,female,40,0.0005
2029,female,41,0.0005
2029,female,42,0.0005
2029,female,43,0.0005
2029,female,44,0.0005
2029,female,45,0.0009
2029,female,46,0.0009
2029,female,47,0.0009
2029,female,48,0.0009
2029,female,49,0.0009
2029,female,50,0.0016
2029,female,51,0.0016
2029,female,52,0.0016
2029,female,53,0.0016
2029,female,54,0.0016
2029,female,55,0.0026
2029,female,56,0.0026
2029,female,57,0.0026
2029,female,58,0.0026
2029,female,59,0.0026
2029,female,60,0.0037
2029,female,61,0.0037
2029,female,62,0.0037
2029,female,63,0.0037
2029,female,64,0.0037
2029,female,65,0.0057
2029,female,66,0.0057
2029,female,67,0.0057
2029,female,68,0.0057
2029,female,69,0.0057
2029,female,70,0.0101
2029,female,71,0.0101
2029,female,72,0.0101
2029,female,73,0.0101
2029,female,74,0.0101
2029,female,75,0.0197
2029,female,76,0.0197
2029,female,77,0.0197
2029,female,78,0.0197
2029,female,79,0.0197
2029,female,80,0.038
2029,female,81,0.038
2029,female,82,0.038
2029,female,83,0.038
2029,female,84,0.038
2029,female,85,0.0981
2030,female,0,0.0001
2030,female,1,0.0001
2030,female,2,0.0001
2030,female,3,0.0001
2030,female,4,0.0001
2030,female,5,0.0001
2030,female,6,0.0001
2030,female,7,0.0001
2030,female,8,0.0001
2030,female,9,0.0001
2030,female,10,0.0001
2030,female,11,0.0001
2030,female,12,0.0001
2030,female,13,0.0001
2030,female,14,0.0001
2030,female,15,0.0001
2030,female,16,0.0001
2030,female,17,0.0001
2030,female,18,0.0001
2030,female,19,0.0001
2030,female,20,0.0001
2030,female,21,0.0001
2030,female,22,0.0001
2030,female,23,0.0001
2030,female,24,0.0001
2030,female,25,0.0002
2030,female,26,0.0002
2030,female,27,0.0002
2030,female,28,0.0002
2030,female,29,0.0002
2030,female,30,0.0003
2030,female,31,0.0003
2030,female,32,0.0003
2030,female,33,0.0003
2030,female,34,0.0003
2030,female,35,0.0003
2030,female,36,0.0003
2030,female,37,0.0003
2030,female,38,0.0003
2030,female,39,0.0003
2030,female,40,0.0005
2030,female,41,0.0005
2030,female,42,0.0005
2030,female,43,0.0005
2030,female,44,0.0005
2030,female,45,0.0009
2030,female,46,0.0009
2030,female,47,0.0009
2030,female,48,0.0009
2030,female,49,0.0009
2030,female,50,0.0016
2030,female,51,0.0016
2030,female,52,0.0016
2030,female,53,0.0016
2030,female,54,0.0016
2030,female,55,0.0026
2030,female,56,0.0026
2030,female,57,0.0026
2030,female,58,0.0026
2030,female,59,0.0026
2030,female,60,0.0037
2030,female,61,0.0037
2030,female,62,0.0037
2030,female,63,0.0037
2030,female,64,0.0037
2030,female,65,0.0057
2030,female,66,0.0057
2030,female,67,0.0057
2030,female,68,0.0057
2030,female,69,0.0057
2030,female,70,0.0101
2030,female,71,0.0101
2030,female,72,0.0101
2030,female,73,0.0101
2030,female,74,0.0101
2030,female,75,0.0197
2030,female,76,0.0197
2030,female,77,0.0197
2030,female,78,0.0197
2030,female,79,0.0197
2030,female,80,0.0379
2030,female,81,0.0379
2030,female,82,0.0379
2030,female,83,0.0379
2030,female,84,0.0379
2030,female,85,0.0981
2031,female,0,0.0001
2031,female,1,0.0001
2031,female,2,0.0001
2031,female,3,0.0001
2031,female,4,0.0001
2031,female,5,0.0001
2031,female,6,0.0001
2031,female,7,0.0001
2031,female,8,0.0001
2031,female,9,0.0001
2031,female,10,0.0001
2031,female,11,0.0001
2031,female,12,0.0001
2031,female,13,0.0001
2031,female,14,0.0001
2031,female,15,0.0001
2031,female,16,0.0001
2031,female,17,0.0001
2031,female,18,0.0001
2031,female,19,0.0001
2031,female,20,0.0001
2031,female,21,0.0001
2031,female,22,0.0001
2031,female,23,0.0001
2031,female,24,0.0001
2031,female,25,0.0002
2031,female,26,0.0002
2031,female,27,0.0002
2031,female,28,0.0002
2031,female,29,0.0002
2031,female,30,0.0003
2031,female,31,0.0003
2031,female,32,0.0003
2031,female,33,0.0003
2031,female,34,0.0003
2031,female,35,0.0003
2031,female,36,0.0003
2031,female,37,0.0003
2031,female,38,0.0003
2031,female,39,0.0003
2031,female,40,0.0005
2031,female,41,0.0005
2031,female,42,0.0005
2031,female,43,0.0005
2031,female,44,0.0005
2031,female,45,0.0009
2031,female,46,0.0009
2031,female,47,0.0009
2031,female,48,0.0009
2031,female,49,0.0009
2031,female,50,0.0016
2031,female,51,0.0016
2031,female,52,0.0016
2031,female,53,0.0016
2031,female,54,0.0016
2031,female,55,0.0026
2031,female,56,0.0026
2031,female,57,0.0026
2031,female,58,0.0026
2031,female,59,0.0026
2031,female,60,0.0037
2031,female,61,0.0037
2031,female,62,0.0037
2031,female,63,0.0037
2031,female,64,0.0037
2031,female,65,0.0057
2031,female,66,0.0057
2031,female,67,0.0057
2031,female,68,0.0057
2031,female,69,0.0057
2031,female,70,0.01
2031,female,71,0.01
2031,female,72,0.01
2031,female,73,0.01
2031,female,74,0.01
2031,female,75,0.0197
2031,female,76,0.0197
2031,female,77,0.0197
2031,female,78,0.0197
2031,female,79,0.0197
2031,female,80,0.0379
2031,female,81,0.0379
2031,female,82,0.0379
2031,female,83,0.0379
2031,female,84,0.0379
2031,female,85,0.0981
2032,female,0,0.0001
2032,female,1,0.0001
2032,female,2,0.0001
2032,female,3,0.0001
2032,female,4,0.0001
2032,female,5,0.0001
2032,female,6,0.0001
2032,female,7,0.0001
2032,female,8,0.0001
2032,female,9,0.0001
2032,female,10,0.0001
2032,female,11,0.0001
2032,female,12,0.0001
2032,female,13,0.0001
2032,female,14,0.0001
2032,female,15,0.0001
2032,female,16,0.0001
2032,female,17,0.0001
2032,female,18,0.0001
2032,female,19,0.0001
2032,female,20,0.0001
2032,female,21,0.0001
2032,female,22,0.0001
2032,female,23,0.0001
2032,female,24,0.0001
2032,female,25,0.0002
2032,female,26,0.0002
2032,female,27,0.0002
2032,female,28,0.0002
2032,female,29,0.0002
2032,female,30,0.0003
2032,female,31,0.0003
2032,female,32,0.0003
2032,female,33,0.0003
2032,female,34,0.0003
2032,female,35,0.0003
2032,female,36,0.0003
2032,female,37,0.0003
2032,female,38,0.0003
2032,female,39,0.0003
2032,female,40,0.0005
2032,female,41,0.0005
2032,female,42,0.0005
2032,female,43,0.0005
2032,female,44,0.0005
2032,female,45,0.0009
2032,female,46,0.0009
2032,female,47,0.0009
2032,female,48,0.0009
2032,female,49,0.0009
2032,female,50,0.0016
2032,female,51,0.0016
2032,female,52,0.0016
2032,female,53,0.0016
2032,female,54,0.0016
2032,female,55,0.0026
2032,female,56,0.0026
2032,female,57,0.0026
2032,female,58,0.0026
2032,female,59,0.0026
2032,female,60,0.0037
2032,female,61,0.0037
2032,female,62,0.0037
2032,female,63,0.0037
2032,female,64,0.0037
2032,female,65,0.0057
2032,female,66,0.0057
2032,female,67,0.0057
2032,female,68,0.0057
2032,female,69,0.0057
2032,female,70,0.01
2032,female,71,0.01
2032,female,72,0.01
2032,female,73,0.01
2032,female,74,0.01
2032,female,75,0.0197
2032,female,76,0.0197
2032,female,77,0.0197
2032,female,78,0.0197
2032,female,79,0.0197
2032,female,80,0.0379
2032,female,81,0.0379
2032,female,82,0.0379
2032,female,83,0.0379
2032,female,84,0.0379
2032,female,85,0.0981
2033,female,0,0.0001
2033,female,1,0.0001
2033,female,2,0.0001
2033,female,3,0.0001
2033,female,4,0.0001
2033,female,5,0.0001
2033,female,6,0.0001
2033,female,7,0.0001
2033,female,8,0.0001
2033,female,9,0.0001
2033,female,10,0.0001
2033,female,11,0.0001
2033,female,12,0.0001
2033,female,13,0.0001
2033,female,14,0.0001
2033,female,15,0.0001
2033,female,16,0.0001
2033,female,17,0.0001
2033,female,18,0.0001
2033,female,19,0.0001
2033,female,20,0.0001
2033,female,21,0.0001
2033,female,22,0.0001
2033,female,23,0.0001
2033,female,24,0.0001
2033,female,25,0.0002
2033,female,26,0.0002
2033,female,27,0.0002
2033,female,28,0.0002
2033,female,29,0.0002
2033,female,30,0.0003
2033,female,31,0.0003
2033,female,32,0.0003
2033,female,33,0.0003
2033,female,34,0.0003
2033,female,35,0.0003
2033,female,36,0.0003
2033,female,37,0.0003
2033,female,38,0.0003
2033,female,39,0.0003
2033,female,40,0.0005
2033,female,41,0.0005
2033,female,42,0.0005
2033,female,43,0.0005
2033,female,44,0.0005
2033,female,45,0.0009
2033,female,46,0.0009
2033,female,47,0.0009
2033,female,48,0.0009
2033,female,49,0.0009
2033,female,50,0.0016
2033,female,51,0.0016
2033,female,52,0.0016
2033,female,53,0.0016
2033,female,54,0.0016
2033,female,55,0.0026
2033,female,56,0.0026
2033,female,57,0.0026
2033,female,58,0.0026
2033,female,59,0.0026
2033,female,60,0.0037
2033,female,61,0.0037
2033,female,62,0.0037
2033,female,63,0.0037
2033,female,64,0.0037
2033,female,65,0.0057
2033,female,66,0.0057
2033,female,67,0.0057
2033,female,68,0.0057
2033,female,69,0.0057
2033,female,70,0.01
2033,female,71,0.01
2033,female,72,0.01
2033,female,73,0.01
2033,female,74,0.01
2033,female,75,0.0197
2033,female,76,0.0197
2033,female,77,0.0197
2033,female,78,0.0197
2033,female,79,0.0197
2033,female,80,0.0379
2033,female,81,0.0379
2033,female,82,0.0379
2033,female,83,0.0379
2033,female,84,0.0379
2033,female,85,0.0981
2034,female,0,0.0001
2034,female,1,0.0001
2034,female,2,0.0001
2034,female,3,0.0001
2034,female,4,0.0001
2034,female,5,0.0001
2034,female,6,0.0001
2034,female,7,0.0001
2034,female,8,0.0001
2034,female,9,0.0001
2034,female,10,0.0001
2034,female,11,0.0001
2034,female,12,0.0001
2034,female,13,0.0001
2034,female,14,0.0001
2034,female,15,0.0001
2034,female,16,0.0001
2034,female,17,0.0001
2034,female,18,0.0001
2034,female,19,0.0001
2034,female,20,0.0001
2034,female,21,0.0001
2034,female,22,0.0001
2034,female,23,0.0001
2034,female,24,0.0001
2034,female,25,0.0002
2034,female,26,0.0002
2034,female,27,0.0002
2034,female,28,0.0002
2034,female,29,0.0002
2034,female,30,0.0003
2034,female,31,0.0003
2034,female,32,0.0003
2034,female,33,0.0003
2034,female,34,0.0003
2034,female,35,0.0003
2034,female,36,0.0003
2034,female,37,0.0003
2034,female,38,0.0003
2034,female,39,0.0003
2034,female,40,0.0005
2034,female,41,0.0005
2034,female,42,0.0005
2034,female,43,0.0005
2034,female,44,0.0005
2034,female,45,0.0009
2034,female,46,0.0009
2034,female,47,0.0009
2034,female,48,0.0009
2034,female,49,0.0009
2034,female,50,0.0016
2034,female,51,0.0016
2034,female,52,0.0016
2034,female,53,0.0016
2034,female,54,0.0016
2034,female,55,0.0026
2034,female,56,0.0026
2034,female,57,0.0026
2034,female,58,0.0026
2034,female,59,0.0026
2034,female,60,0.0037
2034,female,61,0.0037
2034,female,62,0.0037
2034,female,63,0.0037
2034,female,64,0.0037
2034,female,65,0.0057
2034,female,66,0.0057
2034,female,67,0.0057
2034,female,68,0.0057
2034,female,69,0.0057
2034,female,70,0.01
2034,female,71,0.01
2034,female,72,0.01
2034,female,73,0.01
2034,female,74,0.01
2034,female,75,0.0197
2034,female,76,0.0197
2034,female,77,0.0197
2034,female,78,0.0197
2034,female,79,0.0197
2034,female,80,0.0379
2034,female,81,0.0379
2034,female,82,0.0379
2034,female,83,0.0379
2034,female,84,0.0379
2034,female,85,0.0981
2035,female,0,0.0001
2035,female,1,0.0001
2035,female,2,0.0001
2035,female,3,0.0001
2035,female,4,0.0001
2035,female,5,0.0001
2035,female,6,0.0001
2035,female,7,0.0001
2035,female,8,0.0001
2035,female,9,0.0001
2035,female,10,0.0001
2035,female,11,0.0001
2035,female,12,0.0001
2035,female,13,0.0001
2035,female,14,0.0001
2035,female,15,0.0001
2035,female,16,0.0001
2035,female,17,0.0001
2035,female,18,0.0001
2035,female,19,0.0001
2035,female,20,0.0001
2035,female,21,0.0001
2035,female,22,0.0001
2035,female,23,0.0001
2035,female,24,0.0001
2035,female,25,0.0002
2035,female,26,0.0002
2035,female,27,0.0002
2035,female,28,0.0002
2035,female,29,0.0002
2035,female,30,0.0003
2035,female,31,0.0003
2035,female,32,0.0003
2035,female,33,0.0003
2035,female,34,0.0003
2035,female,35,0.0003
2035,female,36,0.0003
2035,female,37,0.0003
2035,female,38,0.0003
2035,female,39,0.0003
2035,female,40,0.0005
2035,female,41,0.0005
2035,female,42,0.0005
2035,female,43,0.0005
2035,female,44,0.0005
2035,female,45,0.0009
2035,female,46,0.0009
2035,female,47,0.0009
2035,female,48,0.0009
2035,female,49,0.0009
2035,female,50,0.0016
2035,female,51,0.0016
2035,female,52,0.0016
2035,female,53,0.0016
2035,female,54,0.0016
2035,female,55,0.0026
2035,female,56,0.0026
2035,female,57,0.0026
2035,female,58,0.0026
2035,female,59,0.0026
2035,female,60,0.0037
2035,female,61,0.0037
2035,female,62,0.0037
2035,female,63,0.0037
2035,female,64,0.0037
2035,female,65,0.0057
2035,female,66,0.0057
2035,female,67,0.0057
2035,female,68,0.0057
2035,female,69,0.0057
2035,female,70,0.01
2035,female,71,0.01
2035,female,72,0.01
2035,female,73,0.01
2035,female,74,0.01
2035,female,75,0.0197
2035,female,76,0.0197
2035,female,77,0.0197
2035,female,78,0.0197
2035,female,79,0.0197
2035,female,80,0.0379
2035,female,81,0.0379
2035,female,82,0.0379
2035,female,83,0.0379
2035,female,84,0.0379
2035,female,85,0.0981
2036,female,0,0.0001
2036,female,1,0.0001
2036,female,2,0.0001
2036,female,3,0.0001
2036,female,4,0.0001
2036,female,5,0.0001
2036,female,6,0.0001
2036,female,7,0.0001
2036,female,8,0.0001
2036,female,9,0.0001
2036,female,10,0.0001
2036,female,11,0.0001
2036,female,12,0.0001
2036,female,13,0.0001
2036,female,14,0.0001
2036,female,15,0.0001
2036,female,16,0.0001
2036,female,17,0.0001
2036,female,18,0.0001
2036,female,19,0.0001
2036,female,20,0.0001
2036,female,21,0.0001
2036,female,22,0.0001
2036,female,23,0.0001
2036,female,24,0.0001
2036,female,25,0.0002
2036,female,26,0.0002
2036,female,27,0.0002
2036,female,28,0.0002
2036,female,29,0.0002
2036,female,30,0.0003
2036,female,31,0.0003
2036,female,32,0.0003
2036,female,33,0.0003
2036,female,34,0.0003
2036,female,35,0.0003
2036,female,36,0.0003
2036,female,37,0.0003
2036,female,38,0.0003
2036,female,39,0.0003
2036,female,40,0.0005
2036,female,41,0.0005
2036,female,42,0.0005
2036,female,43,0.0005
2036,female,44,0.0005
2036,female,45,0.0009
2036,female,46,0.0009
2036,female,47,0.0009
2036,female,48,0.0009
2036,female,49,0.0009
2036,female,50,0.0016
2036,female,51,0.0016
2036,female,52,0.0016
2036,female,53,0.0016
2036,female,54,0.0016
2036,female,55,0.0026
2036,female,56,0.0026
2036,female,57,0.0026
2036,female,58,0.0026
2036,female,59,0.0026
2036,female,60,0.0037
2036,female,61,0.0037
2036,female,62,0.0037
2036,female,63,0.0037
2036,female,64,0.0037
2036,female,65,0.0057
2036,female,66,0.0057
2036,female,67,0.0057
2036,female,68,0.0057
2036,female,69,0.0057
2036,female,70,0.01
2036,female,71,0.01
2036,female,72,0.01
2036,female,73,0.01
2036,female,74,0.01
2036,female,75,0.0197
2036,female,76,0.0197
2036,female,77,0.0197
2036,female,78,0.0197
2036,female,79,0.0197
2036,female,80,0.0379
2036,female,81,0.0379
2036,female,82,0.0379
2036,female,83,0.0379
2036,female,84,0.0379
2036,female,85,0.0981
2037,female,0,0.0001
2037,female,1,0.0001
2037,female,2,0.0001
2037,female,3,0.0001
2037,female,4,0.0001
2037,female,5,0.0001
2037,female,6,0.0001
2037,female,7,0.0001
2037,female,8,0.0001
2037,female,9,0.0001
2037,female,10,0.0001
2037,female,11,0.0001
2037,female,12,0.0001
2037,female,13,0.0001
2037,female,14,0.0001
2037,female,15,0.0001
2037,female,16,0.0001
2037,female,17,0.0001
2037,female,18,0.0001
2037,female,19,0.0001
2037,female,20,0.0001
2037,female,21,0.0001
2037,female,22,0.0001
2037,female,23,0.0001
2037,female,24,0.0001
2037,female,25,0.0002
2037,female,26,0.0002
2037,female,27,0.0002
2037,female,28,0.0002
2037,female,29,0.0002
2037,female,30,0.0003
2037,female,31,0.0003
2037,female,32,0.0003
2037,female,33,0.0003
2037,female,34,0.0003
2037,female,35,0.0003
2037,female,36,0.0003
2037,female,37,0.0003
2037,female,38,0.0003
2037,female,39,0.0003
2037,female,40,0.0005
2037,female,41,0.0005
2037,female,42,0.0005
2037,female,43,0.0005
2037,female,44,0.0005
2037,female,45,0.0009
2037,female,46,0.0009
2037,female,47,0.0009
2037,female,48,0.0009
2037,female,49,0.0009
2037,female,50,0.0016
2037,female,51,0.0016
2037,female,52,0.0016
2037,female,53,0.0016
2037,female,54,0.0016
2037,female,55,0.0026
2037,female,56,0.0026
2037,female,57,0.0026
2037,female,58,0.0026
2037,female,59,0.0026
2037,female,60,0.0037
2037,female,61,0.0037
2037,female,62,0.0037
2037,female,63,0.0037
2037,female,64,0.0037
2037,female,65,0.0057
2037,female,66,0.0057
2037,female,67,0.0057
2037,female,68,0.0057
2037,female,69,0.0057
2037,female,70,0.01
2037,female,71,0.01
2037,female,72,0.01
2037,female,73,0.01
2037,female,74,0.01
2037,female,75,0.0197
2037,female,76,0.0197
2037,female,77,0.0197
2037,female,78,0.0197
2037,female,79,0.0197
2037,female,80,0.0379
2037,female,81,0.0379
2037,female,82,0.0379
2037,female,83,0.0379
2037,female,84,0.0379
2037,female,85,0.0981
2038,female,0,0.0001
2038,female,1,0.0001
2038,female,2,0.0001
2038,female,3,0.0001
2038,female,4,0.0001
2038,female,5,0.0001
2038,female,6,0.0001
2038,female,7,0.0001
2038,female,8,0.0001
2038,female,9,0.0001
2038,female,10,0.0001
2038,female,11,0.0001
2038,female,12,0.0001
2038,female,13,0.0001
2038,female,14,0.0001
2038,female,15,0.0001
2038,female,16,0.0001
2038,female,17,0.0001
2038,female,18,0.0001
2038,female,19,0.0001
2038,female,20,0.0001
2038,female,21,0.0001
2038,female,22,0.0001
2038,female,23,0.0001
2038,female,24,0.0001
2038,female,25,0.0002
2038,female,26,0.0002
2038,female,27,0.0002
2038,female,28,0.0002
2038,female,29,0.0002
2038,female,30,0.0003
2038,female,31,0.0003
2038,female,32,0.0003
2038,female,33,0.0003
2038,female,34,0.0003
2038,female,35,0.0003
2038,female,36,0.0003
2038,female,37,0.0003
2038,female,38,0.0003
2038,female,39,0.0003
2038,female,40,0.0005
2038,female,41,0.0005
2038,female,42,0.0005
2038,female,43,0.0005
2038,female,44,0.0005
2038,female,45,0.0009
2038,female,46,0.0009
2038,female,47,0.0009
2038,female,48,0.0009
2038,female,49,0.0009
2038,female,50,0.0016
2038,female,51,0.0016
2038,female,52,0.0016
2038,female,53,0.0016
2038,female,54,0.0016
2038,female,55,0.0026
2038,female,56,0.0026
2038,female,57,0.0026
2038,female,58,0.0026
2038,female,59,0.0026
2038,female,60,0.0037
2038,female,61,0.0037
2038,female,62,0.0037
2038,female,63,0.0037
2038,female,64,0.0037
2038,female,65,0.0057
2038,female,66,0.0057
2038,female,67,0.0057
2038,female,68,0.0057
2038,female,69,0.0057
2038,female,70,0.01
2038,female,71,0.01
2038,female,72,0.01
2038,female,73,0.01
2038,female,74,0.01
2038,female,75,0.0197
2038,female,76,0.0197
2038,female,77,0.0197
2038,female,78,0.0197
2038,female,79,0.0197
2038,female,80,0.0379
2038,female,81,0.0379
2038,female,82,0.0379
2038,female,83,0.0379
2038,female,84,0.0379
2038,female,85,0.0981
2039,female,0,0.0001
2039,female,1,0.0001
2039,female,2,0.0001
2039,female,3,0.0001
2039,female,4,0.0001
2039,female,5,0.0001
2039,female,6,0.0001
2039,female,7,0.0001
2039,female,8,0.0001
2039,female,9,0.0001
2039,female,10,0.0001
2039,female,11,0.0001
2039,female,12,0.0001
2039,female,13,0.0001
2039,female,14,0.0001
2039,female,15,0.0001
2039,female,16,0.0001
2039,female,17,0.0001
2039,female,18,0.0001
2039,female,19,0.0001
2039,female,20,0.0001
2039,female,21,0.0001
2039,female,22,0.0001
2039,female,23,0.0001
2039,female,24,0.0001
2039,female,25,0.0002
2039,female,26,0.0002
2039,female,27,0.0002
2039,female,28,0.0002
2039,female,29,0.0002
2039,female,30,0.0003
2039,female,31,0.0003
2039,female,32,0.0003
2039,female,33,0.0003
2039,female,34,0.0003
2039,female,35,0.0003
2039,female,36,0.0003
2039,female,37,0.0003
2039,female,38,0.0003
2039,female,39,0.0003
2039,female,40,0.0005
2039,female,41,0.0005
2039,female,42,0.0005
2039,female,43,0.0005
2039,female,44,0.0005
2039,female,45,0.0009
2039,female,46,0.0009
2039,female,47,0.0009
2039,female,48,0.0009
2039,female,49,0.0009
2039,female,50,0.0016
2039,female,51,0.0016
2039,female,52,0.0016
2039,female,53,0.0016
2039,female,54,0.0016
2039,female,55,0.0026
2039,female,56,0.0026
2039,female,57,0.0026
2039,female,58,0.0026
2039,female,59,0.0026
2039,female,60,0.0037
2039,female,61,0.0037
2039,female,62,0.0037
2039,female,63,0.0037
2039,female,64,0.0037
2039,female,65,0.0057
2039,female,66,0.0057
2039,female,67,0.0057
2039,female,68,0.0057
2039,female,69,0.0057
2039,female,70,0.01
2039,female,71,0.01
2039,female,72,0.01
2039,female,73,0.01
2039,female,74,0.01
2039,female,75,0.0197
2039,female,76,0.0197
2039,female,77,0.0197
2039,female,78,0.0197
2039,female,79,0.0197
2039,female,80,0.0379
2039,female,81,0.0379
2039,female,82,0.0379
2039,female,83,0.0379
2039,female,84,0.0379
2039,female,85,0.0981
2040,female,0,0.0001
2040,female,1,0.0001
2040,female,2,0.0001
2040,female,3,0.0001
2040,female,4,0.0001
2040,female,5,0.0001
2040,female,6,0.0001
2040,female,7,0.0001
2040,female,8,0.0001
2040,female,9,0.0001
2040,female,10,0.0001
2040,female,11,0.0001
2040,female,12,0.0001
2040,female,13,0.0001
2040,female,14,0.0001
2040,female,15,0.0001
2040,female,16,0.0001
2040,female,17,0.0001
2040,female,18,0.0001
2040,female,19,0.0001
2040,female,20,0.0001
2040,female,21,0.0001
2040,female,22,0.0001
2040,female,23,0.0001
2040,female,24,0.0001
2040,female,25,0.0002
2040,female,26,0.0002
2040,female,27,0.0002
2040,female,28,0.0002
2040,female,29,0.0002
2040,female,30,0.0003
2040,female,31,0.0003
2040,female,32,0.0003
2040,female,33,0.0003
2040,female,34,0.0003
2040,female,35,0.0003
2040,female,36,0.0003
2040,female,37,0.0003
2040,female,38,0.0003
2040,female,39,0.0003
2040,female,40,0.0005
2040,female,41,0.0005
2040,female,42,0.0005
2040,female,43,0.0005
2040,female,44,0.0005
2040,female,45,0.0009
2040,female,46,0.0009
2040,female,47,0.0009
2040,female,48,0.0009
2040,female,49,0.0009
2040,female,50,0.0016
2040,female,51,0.0016
2040,female,52,0.0016
2040,female,53,0.0016
2040,female,54,0.0016
2040,female,55,0.0026
2040,female,56,0.0026
2040,female,57,0.0026
2040,female,58,0.0026
2040,female,59,0.0026
2040,female,60,0.0037
2040,female,61,0.0037
2040,female,62,0.0037
2040,female,63,0.0037
2040,female,64,0.0037
2040,female,65,0.0057
2040,female,66,0.0057
2040,female,67,0.0057
2040,female,68,0.0057
2040,female,69,0.0057
2040,female,70,0.01
2040,female,71,0.01
2040,female,72,0.01
2040,female,73,0.01
2040,female,74,0.01
2040,female,75,0.0197
2040,female,76,0.0197
2040,female,77,0.0197
2040,female,78,0.0197
2040,female,79,0.0197
2040,female,80,0.0379
2040,female,81,0.0379
2040,female,82,0.0379
2040,female,83,0.0379
2040,female,84,0.0379
2040,female,85,0.0981
2041,female,0,0.0001
2041,female,1,0.0001
2041,female,2,0.0001
2041,female,3,0.0001
2041,female,4,0.0001
2041,female,5,0.0001
2041,female,6,0.0001
2041,female,7,0.0001
2041,female,8,0.0001
2041,female,9,0.0001
2041,female,10,0.0001
2041,female,11,0.0001
2041,female,12,0.0001
2041,female,13,0.0001
2041,female,14,0.0001
2041,female,15,0.0001
2041,female,16,0.0001
2041,female,17,0.0001
2041,female,18,0.0001
2041,female,19,0.0001
2041,female,20,0.0001
2041,female,21,0.0001
2041,female,22,0.0001
2041,female,23,0.0001
2041,female,24,0.0001
2041,female,25,0.0002
2041,female,26,0.0002
2041,female,27,0.0002
2041,female,28,0.0002
2041,female,29,0.0002
2041,female,30,0.0003
2041,female,31,0.0003
2041,female,32,0.0003
2041,female,33,0.0003
2041,female,34,0.0003
2041,female,35,0.0003
2041,female,36,0.0003
2041,female,37,0.0003
2041,female,38,0.0003
2041,female,39,0.0003
2041,female,40,0.0005
2041,female,41,0.0005
2041,female,42,0.0005
2041,female,43,0.0005
2041,female,44,0.0005
2041,female,45,0.0009
2041,female,46,0.0009
2041,female,47,0.0009
2041,female,48,0.0009
2041,female,49,0.0009
2041,female,50,0.0016
2041,female,51,0.0016
2041,female,52,0.0016
2041,female,53,0.0016
2041,female,54,0.0016
2041,female,55,0.0026
2041,female,56,0.0026
2041,female,57,0.0026
2041,female,58,0.0026
2041,female,59,0.0026
2041,female,60,0.0037
2041,female,61,0.0037
2041,female,62,0.0037
2041,female,63,0.0037
2041,female,64,0.0037
2041,female,65,0.0057
2041,female,66,0.0057
2041,female,67,0.0057
2041,female,68,0.0057
2041,female,69,0.0057
2041,female,70,0.01
2041,female,71,0.01
2041,female,72,0.01
2041,female,73,0.01
2041,female,74,0.01
2041,female,75,0.0197
2041,female,76,0.0197
2041,female,77,0.0197
2041,female,78,0.0197
2041,female,79,0.0197
2041,female,80,0.0379
2041,female,81,0.0379
2041,female,82,0.0379
2041,female,83,0.0379
2041,female,84,0.0379
2041,female,85,0.0981
2042,female,0,0.0001
2042,female,1,0.0001
2042,female,2,0.0001
2042,female,3,0.0001
2042,female,4,0.0001
2042,female,5,0.0001
2042,female,6,0.0001
2042,female,7,0.0001
2042,female,8,0.0001
2042,female,9,0.0001
2042,female,10,0.0001
2042,female,11,0.0001
2042,female,12,0.0001
2042,female,13,0.0001
2042,female,14,0.0001
2042,female,15,0.0001
2042,female,16,0.0001
2042,female,17,0.0001
2042,female,18,0.0001
2042,female,19,0.0001
2042,female,20,0.0001
2042,female,21,0.0001
2042,female,22,0.0001
2042,female,23,0.0001
2042,female,24,0.0001
2042,female,25,0.0002
2042,female,26,0.0002
2042,female,27,0.0002
2042,female,28,0.0002
2042,female,29,0.0002
2042,female,30,0.0003
2042,female,31,0.0003
2042,female,32,0.0003
2042,female,33,0.0003
2042,female,34,0.0003
2042,female,35,0.0003
2042,female,36,0.0003
2042,female,37,0.0003
2042,female,38,0.0003
2042,female,39,0.0003
2042,female,40,0.0005
2042,female,41,0.0005
2042,female,42,0.0005
2042,female,43,0.0005
2042,female,44,0.0005
2042,female,45,0.0009
2042,female,46,0.0009
2042,female,47,0.0009
2042,female,48,0.0009
2042,female,49,0.0009
2042,female,50,0.0016
2042,female,51,0.0016
2042,female,52,0.0016
2042,female,53,0.0016
2042,female,54,0.0016
2042,female,55,0.0026
2042,female,56,0.0026
2042,female,57,0.0026
2042,female,58,0.0026
2042,female,59,0.0026
2042,female,60,0.0037
2042,female,61,0.0037
2042,female,62,0.0037
2042,female,63,0.0037
2042,female,64,0.0037
2042,female,65,0.0057
2042,female,66,0.0057
2042,female,67,0.0057
2042,female,68,0.0057
2042,female,69,0.0057
2042,female,70,0.01
2042,female,71,0.01
2042,female,72,0.01
2042,female,73,0.01
2042,female,74,0.01
2042,female,75,0.0197
2042,female,76,0.0197
2042,female,77,0.0197
2042,female,78,0.0197
2042,female,79,0.0197
2042,female,80,0.0379
2042,female,81,0.0379
2042,female,82,0.0379
2042,female,83,0.0379
2042,female,84,0.0379
2042,female,85,0.0981
2043,female,0,0.0001
2043,female,1,0.0001
2043,female,2,0.0001
2043,female,3,0.0001
2043,female,4,0.0001
2043,female,5,0.0001
2043,female,6,0.0001
2043,female,7,0.0001
2043,female,8,0.0001
2043,female,9,0.0001
2043,female,10,0.0001
2043,female,11,0.0001
2043,female,12,0.0001
2043,female,13,0.0001
2043,female,14,0.0001
2043,female,15,0.0001
2043,female,16,0.0001
2043,female,17,0.0001
2043,female,18,0.0001
2043,female,19,0.0001
2043,female,20,0.0001
2043,female,21,0.0001
2043,female,22,0.0001
2043,female,23,0.0001
2043,female,24,0.0001
2043,female,25,0.0002
2043,female,26,0.0002
2043,female,27,0.0002
2043,female,28,0.0002
2043,female,29,0.0002
2043,female,30,0.0003
2043,female,31,0.0003
2043,female,32,0.0003
2043,female,33,0.0003
2043,female,34,0.0003
2043,female,35,0.0003
2043,female,36,0.0003
2043,female,37,0.0003
2043,female,38,0.0003
2043,female,39,0.0003
2043,female,40,0.0005
2043,female,41,0.0005
2043,female,42,0.0005
2043,female,43,0.0005
2043,female,44,0.0005
2043,female,45,0.0009
2043,female,46,0.0009
2043,female,47,0.0009
2043,female,48,0.0009
2043,female,49,0.0009
2043,female,50,0.0016
2043,female,51,0.0016
2043,female,52,0.0016
2043,female,53,0.0016
2043,female,54,0.0016
2043,female,55,0.0026
2043,female,56,0.0026
2043,female,57,0.0026
2043,female,58,0.0026
2043,female,59,0.0026
2043,female,60,0.0037
2043,female,61,0.0037
2043,female,62,0.0037
2043,female,63,0.0037
2043,female,64,0.0037
2043,female,65,0.0057
2043,female,66,0.0057
2043,female,67,0.0057
2043,female,68,0.0057
2043,female,69,0.0057
2043,female,70,0.01
2043,female,71,0.01
2043,female,72,0.01
2043,female,73,0.01
2043,female,74,0.01
2043,female,75,0.0197
2043,female,76,0.0197
2043,female,77,0.0197
2043,female,78,0.0197
2043,female,79,0.0197
2043,female,80,0.0379
2043,female,81,0.0379
2043,female,82,0.0379
2043,female,83,0.0379
2043,female,84,0.0379
2043,female,85,0.0981
2044,female,0,0.0001
2044,female,1,0.0001
2044,female,2,0.0001
2044,female,3,0.0001
2044,female,4,0.0001
2044,female,5,0.0001
2044,female,6,0.0001
2044,female,7,0.0001
2044,female,8,0.0001
2044,female,9,0.0001
2044,female,10,0.0001
2044,female,11,0.0001
2044,female,12,0.0001
2044,female,13,0.0001
2044,female,14,0.0001
2044,female,15,0.0001
2044,female,16,0.0001
2044,female,17,0.0001
2044,female,18,0.0001
2044,female,19,0.0001
2044,female,20,0.0001
2044,female,21,0.0001
2044,female,22,0.0001
2044,female,23,0.0001
2044,female,24,0.0001
2044,female,25,0.0002
2044,female,26,0.0002
2044,female,27,0.0002
2044,female,28,0.0002
2044,female,29,0.0002
2044,female,30,0.0003
2044,female,31,0.0003
2044,female,32,0.0003
2044,female,33,0.0003
2044,female,34,0.0003
2044,female,35,0.0003
2044,female,36,0.0003
2044,female,37,0.0003
2044,female,38,0.0003
2044,female,39,0.0003
2044,female,40,0.0005
2044,female,41,0.0005
2044,female,42,0.0005
2044,female,43,0.0005
2044,female,44,0.0005
2044,female,45,0.0009
2044,female,46,0.0009
2044,female,47,0.0009
2044,female,48,0.0009
2044,female,49,0.0009
2044,female,50,0.0016
2044,female,51,0.0016
2044,female,52,0.0016
2044,female,53,0.0016
2044,female,54,0.0016
2044,female,55,0.0026
2044,female,56,0.0026
2044,female,57,0.0026
2044,female,58,0.0026
2044,female,59,0.0026
2044,female,60,0.0037
2044,female,61,0.0037
2044,female,62,0.0037
2044,female,63,0.0037
2044,female,64,0.0037
2044,female,65,0.0057
2044,female,66,0.0057
2044,female,67,0.0057
2044,female,68,0.0057
2044,female,69,0.0057
2044,female,70,0.01
2044,female,71,0.01
2044,female,72,0.01
2044,female,73,0.01
2044,female,74,0.01
2044,female,75,0.0197
2044,female,76,0.0197
2044,female,77,0.0197
2044,female,78,0.0197
2044,female,79,0.0197
2044,female,80,0.0379
2044,female,81,0.0379
2044,female,82,0.0379
2044,female,83,0.0379
2044,female,84,0.0379
2044,female,85,0.0981
2045,female,0,0.0001
2045,female,1,0.0001
2045,female,2,0.0001
2045,female,3,0.0001
2045,female,4,0.0001
2045,female,5,0.0001
2045,female,6,0.0001
2045,female,7,0.0001
2045,female,8,0.0001
2045,female,9,0.0001
2045,female,10,0.0001
2045,female,11,0.0001
2045,female,12,0.0001
2045,female,13,0.0001
2045,female,14,0.0001
2045,female,15,0.0001
2045,female,16,0.0001
2045,female,17,0.0001
2045,female,18,0.0001
2045,female,19,0.0001
2045,female,20,0.0001
2045,female,21,0.0001
2045,female,22,0.0001
2045,female,23,0.0001
2045,female,24,0.0001
2045,female,25,0.0002
2045,female,26,0.0002
2045,female,27,0.0002
2045,female,28,0.0002
2045,female,29,0.0002
2045,female,30,0.0003
2045,female,31,0.0003
2045,female,32,0.0003
2045,female,33,0.0003
2045,female,34,0.0003
2045,female,35,0.0003
2045,female,36,0.0003
2045,female,37,0.0003
2045,female,38,0.0003
2045,female,39,0.0003
2045,female,40,0.0005
2045,female,41,0.0005
2045,female,42,0.0005
2045,female,43,0.0005
2045,female,44,0.0005
2045,female,45,0.0009
2045,female,46,0.0009
2045,female,47,0.0009
2045,female,48,0.0009
2045,female,49,0.0009
2045,female,50,0.0016
2045,female,51,0.0016
2045,female,52,0.0016
2045,female,53,0.0016
2045,female,54,0.0016
2045,female,55,0.0026
2045,female,56,0.0026
2045,female,57,0.0026
2045,female,58,0.0026
2045,female,59,0.0026
2045,female,60,0.0037
2045,female,61,0.0037
2045,female,62,0.0037
2045,female,63,0.0037
2045,female,64,0.0037
2045,female,65,0.0057
2045,female,66,0.0057
2045,female,67,0.0057
2045,female,68,0.0057
2045,female,69,0.0057
2045,female,70,0.01
2045,female,71,0.01
2045,female,72,0.01
2045,female,73,0.01
2045,female,74,0.01
2045,female,75,0.0197
2045,female,76,0.0197
2045,female,77,0.0197
2045,female,78,0.0197
2045,female,79,0.0197
2045,female,80,0.0379
2045,female,81,0.0379
2045,female,82,0.0379
2045,female,83,0.0379
2045,female,84,0.0379
2045,female,85,0.0981
2046,female,0,0.0001
2046,female,1,0.0001
2046,female,2,0.0001
2046,female,3,0.0001
2046,female,4,0.0001
2046,female,5,0.0001
2046,female,6,0.0001
2046,female,7,0.0001
2046,female,8,0.0001
2046,female,9,0.0001
2046,female,10,0.0001
2046,female,11,0.0001
2046,female,12,0.0001
2046,female,13,0.0001
2046,female,14,0.0001
2046,female,15,0.0001
2046,female,16,0.0001
2046,female,17,0.0001
2046,female,18,0.0001
2046,female,19,0.0001
2046,female,20,0.0001
2046,female,21,0.0001
2046,female,22,0.0001
2046,female,23,0.0001
2046,female,24,0.0001
2046,female,25,0.0002
2046,female,26,0.0002
2046,female,27,0.0002
2046,female,28,0.0002
2046,female,29,0.0002
2046,female,30,0.0003
2046,female,31,0.0003
2046,female,32,0.0003
2046,female,33,0.0003
2046,female,34,0.0003
2046,female,35,0.0003
2046,female,36,0.0003
2046,female,37,0.0003
2046,female,38,0.0003
2046,female,39,0.0003
2046,female,40,0.0005
2046,female,41,0.0005
2046,female,42,0.0005
2046,female,43,0.0005
2046,female,44,0.0005
2046,female,45,0.0009
2046,female,46,0.0009
2046,female,47,0.0009
2046,female,48,0.0009
2046,female,49,0.0009
2046,female,50,0.0016
2046,female,51,0.0016
2046,female,52,0.0016
2046,female,53,0.0016
2046,female,54,0.0016
2046,female,55,0.0026
2046,female,56,0.0026
2046,female,57,0.0026
2046,female,58,0.0026
2046,female,59,0.0026
2046,female,60,0.0037
2046,female,61,0.0037
2046,female,62,0.0037
2046,female,63,0.0037
2046,female,64,0.0037
2046,female,65,0.0057
2046,female,66,0.0057
2046,female,67,0.0057
2046,female,68,0.0057
2046,female,69,0.0057
2046,female,70,0.01
2046,female,71,0.01
2046,female,72,0.01
2046,female,73,0.01
2046,female,74,0.01
2046,female,75,0.0197
2046,female,76,0.0197
2046,female,77,0.0197
2046,female,78,0.0197
2046,female,79,0.0197
2046,female,80,0.0379
2046,female,81,0.0379
2046,female,82,0.0379
2046,female,83,0.0379
2046,female,84,0.0379
2046,female,85,0.0981
2047,female,0,0.0001
2047,female,1,0.0001
2047,female,2,0.0001
2047,female,3,0.0001
2047,female,4,0.0001
2047,female,5,0.0001
2047,female,6,0.0001
2047,female,7,0.0001
2047,female,8,0.0001
2047,female,9,0.0001
2047,female,10,0.0001
2047,female,11,0.0001
2047,female,12,0.0001
2047,female,13,0.0001
2047,female,14,0.0001
2047,female,15,0.0001
2047,female,16,0.0001
2047,female,17,0.0001
2047,female,18,0.0001
2047,female,19,0.0001
2047,female,20,0.0001
2047,female,21,0.0001
2047,female,22,0.0001
2047,female,23,0.0001
2047,female,24,0.0001
2047,female,25,0.0002
2047,female,26,0.0002
2047,female,27,0.0002
2047,female,28,0.0002
2047,female,29,0.0002
2047,female,30,0.0003
2047,female,31,0.0003
2047,female,32,0.0003
2047,female,33,0.0003
2047,female,34,0.0003
2047,female,35,0.0003
2047,female,36,0.0003
2047,female,37,0.0003
2047,female,38,0.0003
2047,female,39,0.0003
2047,female,40,0.0005
2047,female,41,0.0005
2047,female,42,0.0005
2047,female,43,0.0005
2047,female,44,0.0005
2047,female,45,0.0009
2047,female,46,0.0009
2047,female,47,0.0009
2047,female,48,0.0009
2047,female,49,0.0009
2047,female,50,0.0016
2047,female,51,0.0016
2047,female,52,0.0016
2047,female,53,0.0016
2047,female,54,0.0016
2047,female,55,0.0026
2047,female,56,0.0026
2047,female,57,0.0026
2047,female,58,0.0026
2047,female,59,0.0026
2047,female,60,0.0037
2047,female,61,0.0037
2047,female,62,0.0037
2047,female,63,0.0037
2047,female,64,0.0037
2047,female,65,0.0057
2047,female,66,0.0057
2047,female,67,0.0057
2047,female,68,0.0057
2047,female,69,0.0057
2047,female,70,0.01
2047,female,71,0.01
2047,female,72,0.01
2047,female,73,0.01
2047,female,74,0.01
2047,female,75,0.0197
2047,female,76,0.0197
2047,female,77,0.0197
2047,female,78,0.0197
2047,female,79,0.0197
2047,female,80,0.0379
2047,female,81,0.0379
2047,female,82,0.0379
2047,female,83,0.0379
2047,female,84,0.0379
2047,female,85,0.0981
2048,female,0,0.0001
2048,female,1,0.0001
2048,female,2,0.0001
2048,female,3,0.0001
2048,female,4,0.0001
2048,female,5,0.0001
2048,female,6,0.0001
2048,female,7,0.0001
2048,female,8,0.0001
2048,female,9,0.0001
2048,female,10,0.0001
2048,female,11,0.0001
2048,female,12,0.0001
2048,female,13,0.0001
2048,female,14,0.0001
2048,female,15,0.0001
2048,female,16,0.0001
2048,female,17,0.0001
2048,female,18,0.0001
2048,female,19,0.0001
2048,female,20,0.0001
2048,female,21,0.0001
2048,female,22,0.0001
2048,female,23,0.0001
2048,female,24,0.0001
2048,female,25,0.0002
2048,female,26,0.0002
2048,female,27,0.0002
2048,female,28,0.0002
2048,female,29,0.0002
2048,female,30,0.0003
2048,female,31,0.0003
2048,female,32,0.0003
2048,female,33,0.0003
2048,female,34,0.0003
2048,female,35,0.0003
2048,female,36,0.0003
2048,female,37,0.0003
2048,female,38,0.0003
2048,female,39,0.0003
2048,female,40,0.0005
2048,female,41,0.0005
2048,female,42,0.0005
2048,female,43,0.0005
2048,female,44,0.0005
2048,female,45,0.0009
2048,female,46,0.0009
2048,female,47,0.0009
2048,female,48,0.0009
2048,female,49,0.0009
2048,female,50,0.0016
2048,female,51,0.0016
2048,female,52,0.0016
2048,female,53,0.0016
2048,female,54,0.0016
2048,female,55,0.0026
2048,female,56,0.0026
2048,female,57,0.0026
2048,female,58,0.0026
2048,female,59,0.0026
2048,female,60,0.0037
2048,female,61,0.0037
2048,female,62,0.0037
2048,female,63,0.0037
2048,female,64,0.0037
2048,female,65,0.0057
2048,female,66,0.0057
2048,female,67,0.0057
2048,female,68,0.0057
2048,female,69,0.0057
2048,female,70,0.01
2048,female,71,0.01
2048,female,72,0.01
2048,female,73,0.01
2048,female,74,0.01
2048,female,75,0.0197
2048,female,76,0.0197
2048,female,77,0.0197
2048,female,78,0.0197
2048,female,79,0.0197
2048,female,80,0.0379
2048,female,81,0.0379
2048,female,82,0.0379
2048,female,83,0.0379
2048,female,84,0.0379
2048,female,85,0.0981
2049,female,0,0.0001
2049,female,1,0.0001
2049,female,2,0.0001
2049,female,3,0.0001
2049,female,4,0.0001
2049,female,5,0.0001
2049,female,6,0.0001
2049,female,7,0.0001
2049,female,8,0.0001
2049,female,9,0.0001
2049,female,10,0.0001
2049,female,11,0.0001
2049,female,12,0.0001
2049,female,13,0.0001
2049,female,14,0.0001
2049,female,15,0.0001
2049,female,16,0.0001
2049,female,17,0.0001
2049,female,18,0.0001
2049,female,19,0.0001
2049,female,20,0.0001
2049,female,21,0.0001
2049,female,22,0.0001
2049,female,23,0.0001
2049,female,24,0.0001
2049,female,25,0.0002
2049,female,26,0.0002
2049,female,27,0.0002
2049,female,28,0.0002
2049,female,29,0.0002
2049,female,30,0.0003
2049,female,31,0.0003
2049,female,32,0.0003
2049,female,33,0.0003
2049,female,34,0.0003
2049,female,35,0.0003
2049,female,36,0.0003
2049,female,37,0.0003
2049,female,38,0.0003
2049,female,39,0.0003
2049,female,40,0.0005
2049,female,41,0.0005
2049,female,42,0.0005
2049,female,43,0.0005
2049,female,44,0.0005
2049,female,45,0.0009
2049,female,46,0.0009
2049,female,47,0.0009
2049,female,48,0.0009
2049,female,49,0.0009
2049,female,50,0.0016
2049,female,51,0.0016
2049,female,52,0.0016
2049,female,53,0.0016
2049,female,54,0.0016
2049,female,55,0.0026
2049,female,56,0.0026
2049,female,57,0.0026
2049,female,58,0.0026
2049,female,59,0.0026
2049,female,60,0.0037
2049,female,61,0.0037
2049,female,62,0.0037
2049,female,63,0.0037
2049,female,64,0.0037
2049,female,65,0.0057
2049,female,66,0.0057
2049,female,67,0.0057
2049,female,68,0.0057
2049,female,69,0.0057
2049,female,70,0.01
2049,female,71,0.01
2049,female,72,0.01
2049,female,73,0.01
2049,female,74,0.01
2049,female,75,0.0197
2049,female,76,0.0197
2049,female,77,0.0197
2049,female,78,0.0197
2049,female,79,0.0197
2049,female,80,0.0379
2049,female,81,0.0379
2049,female,82,0.0379
2049,female,83,0.0379
2049,female,84,0.0379
2049,female,85,0.0981
2050,female,0,0.0001
2050,female,1,0.0001
2050,female,2,0.0001
2050,female,3,0.0001
2050,female,4,0.0001
2050,female,5,0.0001
2050,female,6,0.0001
2050,female,7,0.0001
2050,female,8,0.0001
2050,female,9,0.0001
2050,female,10,0.0001
2050,female,11,0.0001
2050,female,12,0.0001
2050,female,13,0.0001
2050,female,14,0.0001
2050,female,15,0.0001
2050,female,16,0.0001
2050,female,17,0.0001
2050,female,18,0.0001
2050,female,19,0.0001
2050,female,20,0.0001
2050,female,21,0.0001
2050,female,22,0.0001
2050,female,23,0.0001
2050,female,24,0.0001
2050,female,25,0.0002
2050,female,26,0.0002
2050,female,27,0.0002
2050,female,28,0.0002
2050,female,29,0.0002
2050,female,30,0.0003
2050,female,31,0.0003
2050,female,32,0.0003
2050,female,33,0.0003
2050,female,34,0.0003
2050,female,35,0.0003
2050,female,36,0.0003
2050,female,37,0.0003
2050,female,38,0.0003
2050,female,39,0.0003
2050,female,40,0.0005
2050,female,41,0.0005
2050,female,42,0.0005
2050,female,43,0.0005
2050,female,44,0.0005
2050,female,45,0.0009
2050,female,46,0.0009
2050,female,47,0.0009
2050,female,48,0.0009
2050,female,49,0.0009
2050,female,50,0.0016
2050,female,51,0.0016
2050,female,52,0.0016
2050,female,53,0.0016
2050,female,54,0.0016
2050,female,55,0.0026
2050,female,56,0.0026
2050,female,57,0.0026
2050,female,58,0.0026
2050,female,59,0.0026
2050,female,60,0.0037
2050,female,61,0.0037
2050,female,62,0.0037
2050,female,63,0.0037
2050,female,64,0.0037
2050,female,65,0.0057
2050,female,66,0.0057
2050,female,67,0.0057
2050,female,68,0.0057
2050,female,69,0.0057
2050,female,70,0.01
2050,female,71,0.01
2050,female,72,0.01
2050,female,73,0.01
2050,female,74,0.01
2050,female,75,0.0197
2050,female,76,0.0197
2050,female,77,0.0197
2050,female,78,0.0197
2050,female,79,0.0197
2050,female,80,0.0379
2050,female,81,0.0379
2050,female,82,0.0379
2050,female,83,0.0379
2050,female,84,0.0379
2050,female,85,0.0981
