stage,ethnicity,age_group,year,prevalence,lower,upper
K1,overall,Overall,1990,3.5,2.46,4.55
K2,overall,Overall,1990,1.57,1.37,1.77
K3a,overall,Overall,1990,0.7,0.63,0.77
K3b,overall,Overall,1990,0.45,0.39,0.5
K4,overall,Overall,1990,0.1,0.07,0.13
K5,overall,Overall,1990,0.03,0.02,0.04
K1,chn,Overall,1990,2.83,1.97,3.69
K2,chn,Overall,1990,1.59,1.35,1.83
K3a,chn,Overall,1990,0.8,0.72,0.88
K3b,chn,Overall,1990,0.48,0.41,0.55
K4,chn,Overall,1990,0.11,0.08,0.14
K5,chn,Overall,1990,0.03,0.02,0.04
K1,mal,Overall,1990,4.15,2.98,5.32
K2,mal,Overall,1990,1.43,1.32,1.54
K3a,mal,Overall,1990,0.56,0.5,0.62
K3b,mal,Overall,1990,0.43,0.39,0.48
K4,mal,Overall,1990,0.1,0.07,0.12
K5,mal,Overall,1990,0.03,0.02,0.04
K1,ind,Overall,1990,3.22,2.13,4.32
K2,ind,Overall,1990,2.37,1.93,2.8
K3a,ind,Overall,1990,1.12,1.03,1.2
K3b,ind,Overall,1990,0.5,0.46,0.54
K4,ind,Overall,1990,0.11,0.09,0.14
K5,ind,Overall,1990,0.03,0.01,0.04
K1,overall,18-30,1990,1.13,0.74,1.53
K2,overall,18-30,1990,0.09,0.08,0.11
K3a,overall,18-30,1990,0.03,0.03,0.03
K3b,overall,18-30,1990,0.0,0.0,0.0
K4,overall,18-30,1990,0.0,0.0,0.0
K5,overall,18-30,1990,0.0,0.0,0.0
K1,overall,31-40,1990,2.79,1.76,3.82
K2,overall,31-40,1990,0.33,0.24,0.42
K3a,overall,31-40,1990,0.07,0.07,0.07
K3b,overall,31-40,1990,0.0,0.0,0.0
K4,overall,31-40,1990,0.0,0.0,0.0
K5,overall,31-40,1990,0.0,0.0,0.0
K1,overall,41-50,1990,3.73,2.24,5.22
K2,overall,41-50,1990,0.8,0.6,1.01
K3a,overall,41-50,1990,0.21,0.19,0.24
K3b,overall,41-50,1990,0.03,0.02,0.04
K4,overall,41-50,1990,0.0,0.0,0.0
K5,overall,41-50,1990,0.0,0.0,0.0
K1,overall,51-60,1990,5.58,3.93,7.23
K2,overall,51-60,1990,2.39,1.96,2.82
K3a,overall,51-60,1990,1.05,0.89,1.21
K3b,overall,51-60,1990,0.33,0.27,0.39
K4,overall,51-60,1990,0.03,0.03,0.04
K5,overall,51-60,1990,0.0,0.0,0.0
K1,overall,61-70,1990,9.19,7.43,10.95
K2,overall,61-70,1990,7.23,6.57,7.88
K3a,overall,61-70,1990,3.66,3.34,3.99
K3b,overall,61-70,1990,2.04,1.68,2.41
K4,overall,61-70,1990,0.38,0.24,0.53
K5,overall,61-70,1990,0.07,0.02,0.11
K1,overall,71-80,1990,10.01,8.14,11.88
K2,overall,71-80,1990,12.93,11.88,13.98
K3a,overall,71-80,1990,6.89,6.31,7.47
K3b,overall,71-80,1990,6.65,6.24,7.06
K4,overall,71-80,1990,1.74,1.41,2.08
K5,overall,71-80,1990,0.53,0.33,0.73
K1,overall,80+,1990,19.32,16.21,22.43
K2,overall,80+,1990,13.04,11.95,14.14
K3a,overall,80+,1990,4.19,3.43,4.95
K3b,overall,80+,1990,3.86,3.1,4.61
K4,overall,80+,1990,1.02,0.67,1.36
K5,overall,80+,1990,0.47,0.36,0.57
K1,overall,Overall,1991,3.69,2.58,4.8
K2,overall,Overall,1991,1.66,1.46,1.87
K3a,overall,Overall,1991,0.69,0.64,0.74
K3b,overall,Overall,1991,0.47,0.41,0.53
K4,overall,Overall,1991,0.11,0.08,0.14
K5,overall,Overall,1991,0.03,0.02,0.05
K1,chn,Overall,1991,2.98,2.06,3.89
K2,chn,Overall,1991,1.7,1.46,1.94
K3a,chn,Overall,1991,0.77,0.72,0.83
K3b,chn,Overall,1991,0.5,0.43,0.58
K4,chn,Overall,1991,0.11,0.08,0.15
K5,chn,Overall,1991,0.04,0.02,0.05
K1,mal,Overall,1991,4.36,3.13,5.6
K2,mal,Overall,1991,1.5,1.38,1.61
K3a,mal,Overall,1991,0.56,0.52,0.6
K3b,mal,Overall,1991,0.46,0.41,0.51
K4,mal,Overall,1991,0.1,0.08,0.13
K5,mal,Overall,1991,0.04,0.02,0.05
K1,ind,Overall,1991,3.42,2.26,4.59
K2,ind,Overall,1991,2.57,2.08,3.06
K3a,ind,Overall,1991,1.12,1.06,1.18
K3b,ind,Overall,1991,0.54,0.48,0.6
K4,ind,Overall,1991,0.14,0.1,0.17
K5,ind,Overall,1991,0.04,0.02,0.06
K1,overall,18-30,1991,1.29,0.82,1.75
K2,overall,18-30,1991,0.11,0.08,0.14
K3a,overall,18-30,1991,0.03,0.03,0.02
K3b,overall,18-30,1991,0.0,0.0,0.0
K4,overall,18-30,1991,0.0,0.0,0.0
K5,overall,18-30,1991,0.0,0.0,0.0
K1,overall,31-40,1991,2.87,1.82,3.91
K2,overall,31-40,1991,0.35,0.27,0.44
K3a,overall,31-40,1991,0.07,0.07,0.07
K3b,overall,31-40,1991,0.0,0.0,0.0
K4,overall,31-40,1991,0.0,0.0,0.0
K5,overall,31-40,1991,0.0,0.0,0.0
K1,overall,41-50,1991,3.87,2.28,5.47
K2,overall,41-50,1991,0.8,0.58,1.03
K3a,overall,41-50,1991,0.21,0.2,0.23
K3b,overall,41-50,1991,0.04,0.02,0.05
K4,overall,41-50,1991,0.0,0.0,0.0
K5,overall,41-50,1991,0.0,0.0,0.0
K1,overall,51-60,1991,5.86,4.26,7.46
K2,overall,51-60,1991,2.58,2.22,2.95
K3a,overall,51-60,1991,1.04,0.93,1.15
K3b,overall,51-60,1991,0.35,0.26,0.43
K4,overall,51-60,1991,0.04,0.03,0.06
K5,overall,51-60,1991,0.0,0.0,0.01
K1,overall,61-70,1991,9.67,7.68,11.66
K2,overall,61-70,1991,7.61,6.82,8.4
K3a,overall,61-70,1991,3.46,3.22,3.71
K3b,overall,61-70,1991,2.11,1.73,2.49
K4,overall,61-70,1991,0.4,0.22,0.58
K5,overall,61-70,1991,0.08,0.03,0.13
K1,overall,71-80,1991,10.28,8.56,12.0
K2,overall,71-80,1991,13.44,12.5,14.38
K3a,overall,71-80,1991,6.72,6.23,7.22
K3b,overall,71-80,1991,6.83,6.41,7.26
K4,overall,71-80,1991,1.79,1.44,2.14
K5,overall,71-80,1991,0.62,0.36,0.87
K1,overall,80+,1991,17.85,14.72,20.97
K2,overall,80+,1991,13.93,12.7,15.17
K3a,overall,80+,1991,4.54,4.25,4.83
K3b,overall,80+,1991,4.99,4.04,5.94
K4,overall,80+,1991,1.35,1.01,1.7
K5,overall,80+,1991,0.7,0.43,0.96
K1,overall,Overall,1992,3.68,2.58,4.79
K2,overall,Overall,1992,1.68,1.47,1.89
K3a,overall,Overall,1992,0.68,0.64,0.71
K3b,overall,Overall,1992,0.49,0.42,0.56
K4,overall,Overall,1992,0.11,0.08,0.14
K5,overall,Overall,1992,0.04,0.02,0.05
K1,chn,Overall,1992,2.97,2.06,3.88
K2,chn,Overall,1992,1.71,1.47,1.95
K3a,chn,Overall,1992,0.76,0.73,0.79
K3b,chn,Overall,1992,0.51,0.43,0.6
K4,chn,Overall,1992,0.12,0.08,0.16
K5,chn,Overall,1992,0.04,0.02,0.06
K1,mal,Overall,1992,4.34,3.1,5.58
K2,mal,Overall,1992,1.5,1.38,1.61
K3a,mal,Overall,1992,0.55,0.51,0.58
K3b,mal,Overall,1992,0.48,0.43,0.54
K4,mal,Overall,1992,0.1,0.08,0.12
K5,mal,Overall,1992,0.03,0.02,0.05
K1,ind,Overall,1992,3.44,2.28,4.6
K2,ind,Overall,1992,2.67,2.12,3.21
K3a,ind,Overall,1992,1.14,1.12,1.15
K3b,ind,Overall,1992,0.6,0.5,0.7
K4,ind,Overall,1992,0.17,0.13,0.21
K5,ind,Overall,1992,0.05,0.02,0.08
K1,overall,18-30,1992,1.27,0.81,1.73
K2,overall,18-30,1992,0.11,0.08,0.13
K3a,overall,18-30,1992,0.03,0.03,0.03
K3b,overall,18-30,1992,0.0,0.0,0.0
K4,overall,18-30,1992,0.0,0.0,0.0
K5,overall,18-30,1992,0.0,0.0,0.0
K1,overall,31-40,1992,2.83,1.81,3.85
K2,overall,31-40,1992,0.35,0.27,0.44
K3a,overall,31-40,1992,0.07,0.07,0.07
K3b,overall,31-40,1992,0.0,0.0,0.01
K4,overall,31-40,1992,0.0,0.0,0.0
K5,overall,31-40,1992,0.0,0.0,0.0
K1,overall,41-50,1992,3.91,2.29,5.53
K2,overall,41-50,1992,0.81,0.57,1.05
K3a,overall,41-50,1992,0.2,0.18,0.22
K3b,overall,41-50,1992,0.04,0.02,0.05
K4,overall,41-50,1992,0.0,0.0,0.0
K5,overall,41-50,1992,0.0,0.0,0.0
K1,overall,51-60,1992,5.71,4.04,7.37
K2,overall,51-60,1992,2.51,2.16,2.85
K3a,overall,51-60,1992,1.01,0.93,1.09
K3b,overall,51-60,1992,0.36,0.25,0.47
K4,overall,51-60,1992,0.06,0.04,0.08
K5,overall,51-60,1992,0.01,0.0,0.01
K1,overall,61-70,1992,9.62,7.77,11.47
K2,overall,61-70,1992,7.72,6.84,8.59
K3a,overall,61-70,1992,3.43,3.3,3.56
K3b,overall,61-70,1992,2.22,1.81,2.63
K4,overall,61-70,1992,0.45,0.27,0.63
K5,overall,61-70,1992,0.1,0.05,0.16
K1,overall,71-80,1992,10.31,8.67,11.95
K2,overall,71-80,1992,13.19,12.32,14.07
K3a,overall,71-80,1992,6.35,5.99,6.72
K3b,overall,71-80,1992,6.81,6.21,7.41
K4,overall,71-80,1992,1.74,1.41,2.08
K5,overall,71-80,1992,0.62,0.3,0.93
K1,overall,80+,1992,16.87,14.16,19.57
K2,overall,80+,1992,15.03,13.96,16.1
K3a,overall,80+,1992,5.15,5.01,5.29
K3b,overall,80+,1992,6.06,5.19,6.94
K4,overall,80+,1992,1.63,1.19,2.07
K5,overall,80+,1992,0.68,0.52,0.85
K1,overall,Overall,1993,3.68,2.56,4.81
K2,overall,Overall,1993,1.7,1.48,1.92
K3a,overall,Overall,1993,0.69,0.66,0.72
K3b,overall,Overall,1993,0.5,0.43,0.56
K4,overall,Overall,1993,0.12,0.09,0.16
K5,overall,Overall,1993,0.04,0.02,0.06
K1,chn,Overall,1993,2.97,2.02,3.91
K2,chn,Overall,1993,1.73,1.49,1.98
K3a,chn,Overall,1993,0.77,0.75,0.8
K3b,chn,Overall,1993,0.51,0.44,0.59
K4,chn,Overall,1993,0.13,0.09,0.17
K5,chn,Overall,1993,0.04,0.02,0.07
K1,mal,Overall,1993,4.34,3.08,5.59
K2,mal,Overall,1993,1.51,1.39,1.63
K3a,mal,Overall,1993,0.56,0.53,0.59
K3b,mal,Overall,1993,0.49,0.44,0.54
K4,mal,Overall,1993,0.11,0.08,0.13
K5,mal,Overall,1993,0.04,0.02,0.05
K1,ind,Overall,1993,3.47,2.32,4.61
K2,ind,Overall,1993,2.74,2.16,3.32
K3a,ind,Overall,1993,1.18,1.14,1.22
K3b,ind,Overall,1993,0.61,0.51,0.7
K4,ind,Overall,1993,0.2,0.14,0.25
K5,ind,Overall,1993,0.07,0.04,0.1
K1,overall,18-30,1993,1.24,0.79,1.69
K2,overall,18-30,1993,0.11,0.07,0.14
K3a,overall,18-30,1993,0.03,0.03,0.03
K3b,overall,18-30,1993,0.0,0.0,0.0
K4,overall,18-30,1993,0.0,0.0,0.0
K5,overall,18-30,1993,0.0,0.0,0.0
K1,overall,31-40,1993,2.83,1.81,3.85
K2,overall,31-40,1993,0.36,0.28,0.44
K3a,overall,31-40,1993,0.08,0.08,0.08
K3b,overall,31-40,1993,0.0,0.0,0.0
K4,overall,31-40,1993,0.0,0.0,0.0
K5,overall,31-40,1993,0.0,0.0,0.0
K1,overall,41-50,1993,3.93,2.29,5.58
K2,overall,41-50,1993,0.79,0.56,1.03
K3a,overall,41-50,1993,0.21,0.19,0.23
K3b,overall,41-50,1993,0.04,0.03,0.05
K4,overall,41-50,1993,0.01,0.0,0.01
K5,overall,41-50,1993,0.0,0.0,0.0
K1,overall,51-60,1993,5.6,3.83,7.36
K2,overall,51-60,1993,2.47,2.1,2.83
K3a,overall,51-60,1993,1.01,0.94,1.07
K3b,overall,51-60,1993,0.38,0.29,0.47
K4,overall,51-60,1993,0.07,0.03,0.1
K5,overall,51-60,1993,0.01,0.01,0.02
K1,overall,61-70,1993,9.52,7.74,11.3
K2,overall,61-70,1993,7.76,6.81,8.72
K3a,overall,61-70,1993,3.38,3.24,3.51
K3b,overall,61-70,1993,2.13,1.72,2.54
K4,overall,61-70,1993,0.46,0.26,0.65
K5,overall,61-70,1993,0.14,0.06,0.23
K1,overall,71-80,1993,10.15,8.47,11.82
K2,overall,71-80,1993,13.04,12.26,13.82
K3a,overall,71-80,1993,6.43,6.18,6.67
K3b,overall,71-80,1993,6.66,6.17,7.15
K4,overall,71-80,1993,1.79,1.4,2.17
K5,overall,71-80,1993,0.67,0.35,0.98
K1,overall,80+,1993,15.85,13.32,18.37
K2,overall,80+,1993,15.65,14.54,16.77
K3a,overall,80+,1993,5.7,5.61,5.8
K3b,overall,80+,1993,6.59,5.96,7.21
K4,overall,80+,1993,2.0,1.53,2.47
K5,overall,80+,1993,0.74,0.42,1.06
K1,overall,Overall,1994,3.69,2.56,4.82
K2,overall,Overall,1994,1.72,1.5,1.95
K3a,overall,Overall,1994,0.71,0.68,0.75
K3b,overall,Overall,1994,0.48,0.44,0.53
K4,overall,Overall,1994,0.13,0.09,0.18
K5,overall,Overall,1994,0.05,0.03,0.07
K1,chn,Overall,1994,2.96,2.01,3.9
K2,chn,Overall,1994,1.76,1.5,2.01
K3a,chn,Overall,1994,0.81,0.78,0.83
K3b,chn,Overall,1994,0.49,0.45,0.54
K4,chn,Overall,1994,0.14,0.09,0.19
K5,chn,Overall,1994,0.04,0.02,0.07
K1,mal,Overall,1994,4.34,3.09,5.6
K2,mal,Overall,1994,1.52,1.38,1.66
K3a,mal,Overall,1994,0.57,0.54,0.6
K3b,mal,Overall,1994,0.48,0.45,0.52
K4,mal,Overall,1994,0.12,0.09,0.15
K5,mal,Overall,1994,0.04,0.02,0.06
K1,ind,Overall,1994,3.5,2.33,4.68
K2,ind,Overall,1994,2.81,2.25,3.37
K3a,ind,Overall,1994,1.21,1.16,1.27
K3b,ind,Overall,1994,0.59,0.54,0.64
K4,ind,Overall,1994,0.21,0.14,0.28
K5,ind,Overall,1994,0.1,0.06,0.15
K1,overall,18-30,1994,1.24,0.78,1.7
K2,overall,18-30,1994,0.1,0.07,0.14
K3a,overall,18-30,1994,0.03,0.03,0.03
K3b,overall,18-30,1994,0.0,0.0,0.0
K4,overall,18-30,1994,0.0,0.0,0.0
K5,overall,18-30,1994,0.0,0.0,0.0
K1,overall,31-40,1994,2.79,1.8,3.78
K2,overall,31-40,1994,0.36,0.28,0.43
K3a,overall,31-40,1994,0.08,0.08,0.08
K3b,overall,31-40,1994,0.0,0.0,0.0
K4,overall,31-40,1994,0.0,0.0,0.0
K5,overall,31-40,1994,0.0,0.0,0.0
K1,overall,41-50,1994,3.93,2.28,5.58
K2,overall,41-50,1994,0.81,0.58,1.03
K3a,overall,41-50,1994,0.22,0.2,0.25
K3b,overall,41-50,1994,0.03,0.03,0.04
K4,overall,41-50,1994,0.01,0.0,0.01
K5,overall,41-50,1994,0.0,0.0,0.0
K1,overall,51-60,1994,5.59,3.76,7.42
K2,overall,51-60,1994,2.48,2.09,2.87
K3a,overall,51-60,1994,1.0,0.93,1.06
K3b,overall,51-60,1994,0.37,0.28,0.47
K4,overall,51-60,1994,0.08,0.04,0.12
K5,overall,51-60,1994,0.02,0.01,0.02
K1,overall,61-70,1994,9.41,7.75,11.07
K2,overall,61-70,1994,7.71,6.83,8.59
K3a,overall,61-70,1994,3.41,3.24,3.58
K3b,overall,61-70,1994,2.04,1.74,2.33
K4,overall,61-70,1994,0.52,0.27,0.77
K5,overall,61-70,1994,0.16,0.06,0.27
K1,overall,71-80,1994,10.14,8.48,11.81
K2,overall,71-80,1994,12.95,12.02,13.87
K3a,overall,71-80,1994,6.53,6.25,6.81
K3b,overall,71-80,1994,6.21,5.93,6.49
K4,overall,71-80,1994,1.82,1.49,2.15
K5,overall,71-80,1994,0.74,0.41,1.07
K1,overall,80+,1994,14.92,12.15,17.7
K2,overall,80+,1994,16.32,14.61,18.02
K3a,overall,80+,1994,6.35,6.36,6.33
K3b,overall,80+,1994,7.06,6.71,7.41
K4,overall,80+,1994,2.2,1.55,2.85
K5,overall,80+,1994,0.81,0.58,1.05
K1,overall,Overall,1995,3.7,2.55,4.84
K2,overall,Overall,1995,1.74,1.51,1.97
K3a,overall,Overall,1995,0.73,0.7,0.76
K3b,overall,Overall,1995,0.48,0.45,0.51
K4,overall,Overall,1995,0.14,0.1,0.19
K5,overall,Overall,1995,0.05,0.03,0.08
K1,chn,Overall,1995,2.95,1.99,3.91
K2,chn,Overall,1995,1.77,1.51,2.03
K3a,chn,Overall,1995,0.83,0.8,0.85
K3b,chn,Overall,1995,0.49,0.45,0.53
K4,chn,Overall,1995,0.15,0.1,0.2
K5,chn,Overall,1995,0.05,0.02,0.08
K1,mal,Overall,1995,4.35,3.08,5.62
K2,mal,Overall,1995,1.53,1.4,1.66
K3a,mal,Overall,1995,0.58,0.56,0.61
K3b,mal,Overall,1995,0.48,0.44,0.51
K4,mal,Overall,1995,0.12,0.09,0.16
K5,mal,Overall,1995,0.04,0.02,0.06
K1,ind,Overall,1995,3.55,2.34,4.76
K2,ind,Overall,1995,2.87,2.32,3.43
K3a,ind,Overall,1995,1.25,1.18,1.31
K3b,ind,Overall,1995,0.61,0.58,0.63
K4,ind,Overall,1995,0.25,0.15,0.34
K5,ind,Overall,1995,0.13,0.07,0.18
K1,overall,18-30,1995,1.22,0.76,1.68
K2,overall,18-30,1995,0.11,0.07,0.14
K3a,overall,18-30,1995,0.03,0.03,0.03
K3b,overall,18-30,1995,0.0,0.0,0.0
K4,overall,18-30,1995,0.0,0.0,0.0
K5,overall,18-30,1995,0.0,0.0,0.0
K1,overall,31-40,1995,2.76,1.76,3.76
K2,overall,31-40,1995,0.35,0.28,0.43
K3a,overall,31-40,1995,0.08,0.08,0.08
K3b,overall,31-40,1995,0.0,0.0,0.0
K4,overall,31-40,1995,0.0,0.0,0.0
K5,overall,31-40,1995,0.0,0.0,0.0
K1,overall,41-50,1995,3.94,2.35,5.54
K2,overall,41-50,1995,0.83,0.61,1.04
K3a,overall,41-50,1995,0.23,0.2,0.26
K3b,overall,41-50,1995,0.03,0.03,0.04
K4,overall,41-50,1995,0.01,0.0,0.02
K5,overall,41-50,1995,0.0,0.0,0.0
K1,overall,51-60,1995,5.59,3.73,7.45
K2,overall,51-60,1995,2.44,2.06,2.82
K3a,overall,51-60,1995,1.0,0.91,1.08
K3b,overall,51-60,1995,0.35,0.29,0.42
K4,overall,51-60,1995,0.09,0.04,0.14
K5,overall,51-60,1995,0.01,0.0,0.03
K1,overall,61-70,1995,9.37,7.66,11.07
K2,overall,61-70,1995,7.63,6.71,8.55
K3a,overall,61-70,1995,3.41,3.27,3.55
K3b,overall,61-70,1995,2.0,1.73,2.27
K4,overall,61-70,1995,0.57,0.3,0.83
K5,overall,61-70,1995,0.22,0.08,0.36
K1,overall,71-80,1995,10.02,8.33,11.71
K2,overall,71-80,1995,13.13,12.22,14.05
K3a,overall,71-80,1995,6.69,6.52,6.85
K3b,overall,71-80,1995,5.98,5.78,6.19
K4,overall,71-80,1995,1.9,1.5,2.3
K5,overall,71-80,1995,0.82,0.49,1.14
K1,overall,80+,1995,13.95,11.11,16.79
K2,overall,80+,1995,16.31,14.73,17.9
K3a,overall,80+,1995,6.6,6.49,6.7
K3b,overall,80+,1995,7.46,7.21,7.7
K4,overall,80+,1995,2.3,1.66,2.94
K5,overall,80+,1995,0.78,0.62,0.95
K1,overall,Overall,1996,3.71,2.54,4.87
K2,overall,Overall,1996,1.76,1.53,2.0
K3a,overall,Overall,1996,0.75,0.72,0.78
K3b,overall,Overall,1996,0.49,0.45,0.52
K4,overall,Overall,1996,0.14,0.1,0.18
K5,overall,Overall,1996,0.06,0.04,0.09
K1,chn,Overall,1996,2.96,1.98,3.94
K2,chn,Overall,1996,1.8,1.52,2.08
K3a,chn,Overall,1996,0.84,0.81,0.87
K3b,chn,Overall,1996,0.5,0.47,0.53
K4,chn,Overall,1996,0.15,0.1,0.2
K5,chn,Overall,1996,0.06,0.03,0.09
K1,mal,Overall,1996,4.36,3.07,5.64
K2,mal,Overall,1996,1.53,1.39,1.68
K3a,mal,Overall,1996,0.59,0.57,0.61
K3b,mal,Overall,1996,0.48,0.44,0.52
K4,mal,Overall,1996,0.12,0.08,0.15
K5,mal,Overall,1996,0.05,0.03,0.07
K1,ind,Overall,1996,3.57,2.33,4.81
K2,ind,Overall,1996,2.94,2.38,3.5
K3a,ind,Overall,1996,1.3,1.23,1.37
K3b,ind,Overall,1996,0.63,0.6,0.65
K4,ind,Overall,1996,0.23,0.16,0.3
K5,ind,Overall,1996,0.17,0.1,0.24
K1,overall,18-30,1996,1.2,0.74,1.66
K2,overall,18-30,1996,0.1,0.06,0.14
K3a,overall,18-30,1996,0.03,0.03,0.03
K3b,overall,18-30,1996,0.0,0.0,0.0
K4,overall,18-30,1996,0.0,0.0,0.0
K5,overall,18-30,1996,0.0,0.0,0.0
K1,overall,31-40,1996,2.7,1.7,3.69
K2,overall,31-40,1996,0.35,0.28,0.43
K3a,overall,31-40,1996,0.08,0.08,0.07
K3b,overall,31-40,1996,0.0,0.0,0.01
K4,overall,31-40,1996,0.0,0.0,0.0
K5,overall,31-40,1996,0.0,0.0,0.0
K1,overall,41-50,1996,3.99,2.39,5.59
K2,overall,41-50,1996,0.84,0.61,1.08
K3a,overall,41-50,1996,0.25,0.22,0.27
K3b,overall,41-50,1996,0.04,0.04,0.04
K4,overall,41-50,1996,0.01,0.0,0.01
K5,overall,41-50,1996,0.0,0.0,0.0
K1,overall,51-60,1996,5.55,3.67,7.43
K2,overall,51-60,1996,2.48,2.08,2.88
K3a,overall,51-60,1996,0.97,0.89,1.05
K3b,overall,51-60,1996,0.35,0.28,0.43
K4,overall,51-60,1996,0.09,0.04,0.14
K5,overall,51-60,1996,0.02,0.0,0.04
K1,overall,61-70,1996,9.25,7.5,11.0
K2,overall,61-70,1996,7.46,6.61,8.3
K3a,overall,61-70,1996,3.45,3.28,3.62
K3b,overall,61-70,1996,2.03,1.76,2.3
K4,overall,61-70,1996,0.58,0.34,0.82
K5,overall,61-70,1996,0.27,0.08,0.45
K1,overall,71-80,1996,10.2,8.49,11.92
K2,overall,71-80,1996,13.33,12.11,14.55
K3a,overall,71-80,1996,6.71,6.65,6.76
K3b,overall,71-80,1996,5.85,5.64,6.06
K4,overall,71-80,1996,1.77,1.4,2.15
K5,overall,71-80,1996,0.9,0.57,1.23
K1,overall,80+,1996,13.0,10.25,15.75
K2,overall,80+,1996,16.49,14.96,18.03
K3a,overall,80+,1996,7.06,6.81,7.31
K3b,overall,80+,1996,7.86,7.68,8.03
K4,overall,80+,1996,2.23,1.75,2.71
K5,overall,80+,1996,1.02,0.88,1.17
K1,overall,Overall,1997,3.72,2.54,4.89
K2,overall,Overall,1997,1.79,1.55,2.03
K3a,overall,Overall,1997,0.77,0.74,0.8
K3b,overall,Overall,1997,0.5,0.47,0.54
K4,overall,Overall,1997,0.13,0.1,0.16
K5,overall,Overall,1997,0.08,0.04,0.11
K1,chn,Overall,1997,2.96,1.96,3.95
K2,chn,Overall,1997,1.82,1.54,2.11
K3a,chn,Overall,1997,0.87,0.84,0.9
K3b,chn,Overall,1997,0.52,0.49,0.56
K4,chn,Overall,1997,0.14,0.1,0.18
K5,chn,Overall,1997,0.07,0.04,0.1
K1,mal,Overall,1997,4.37,3.07,5.67
K2,mal,Overall,1997,1.55,1.41,1.69
K3a,mal,Overall,1997,0.6,0.59,0.62
K3b,mal,Overall,1997,0.49,0.45,0.52
K4,mal,Overall,1997,0.11,0.08,0.13
K5,mal,Overall,1997,0.06,0.03,0.08
K1,ind,Overall,1997,3.6,2.38,4.82
K2,ind,Overall,1997,2.97,2.41,3.54
K3a,ind,Overall,1997,1.33,1.27,1.4
K3b,ind,Overall,1997,0.64,0.6,0.67
K4,ind,Overall,1997,0.24,0.17,0.3
K5,ind,Overall,1997,0.2,0.11,0.29
K1,overall,18-30,1997,1.19,0.73,1.64
K2,overall,18-30,1997,0.1,0.06,0.13
K3a,overall,18-30,1997,0.03,0.03,0.03
K3b,overall,18-30,1997,0.0,0.0,0.0
K4,overall,18-30,1997,0.0,0.0,0.0
K5,overall,18-30,1997,0.0,0.0,0.0
K1,overall,31-40,1997,2.71,1.71,3.7
K2,overall,31-40,1997,0.36,0.28,0.44
K3a,overall,31-40,1997,0.08,0.08,0.07
K3b,overall,31-40,1997,0.0,0.0,0.0
K4,overall,31-40,1997,0.0,0.0,0.0
K5,overall,31-40,1997,0.0,0.0,0.0
K1,overall,41-50,1997,3.91,2.36,5.47
K2,overall,41-50,1997,0.85,0.62,1.07
K3a,overall,41-50,1997,0.26,0.23,0.28
K3b,overall,41-50,1997,0.04,0.04,0.05
K4,overall,41-50,1997,0.01,0.0,0.01
K5,overall,41-50,1997,0.0,0.0,0.0
K1,overall,51-60,1997,5.6,3.67,7.54
K2,overall,51-60,1997,2.45,2.05,2.85
K3a,overall,51-60,1997,1.0,0.9,1.1
K3b,overall,51-60,1997,0.36,0.29,0.43
K4,overall,51-60,1997,0.09,0.05,0.14
K5,overall,51-60,1997,0.03,0.0,0.06
K1,overall,61-70,1997,9.26,7.41,11.11
K2,overall,61-70,1997,7.51,6.65,8.37
K3a,overall,61-70,1997,3.52,3.38,3.67
K3b,overall,61-70,1997,2.08,1.8,2.37
K4,overall,61-70,1997,0.52,0.32,0.71
K5,overall,61-70,1997,0.33,0.12,0.54
K1,overall,71-80,1997,10.0,8.38,11.63
K2,overall,71-80,1997,13.37,12.22,14.51
K3a,overall,71-80,1997,6.78,6.66,6.9
K3b,overall,71-80,1997,5.94,5.69,6.18
K4,overall,71-80,1997,1.59,1.28,1.89
K5,overall,71-80,1997,0.98,0.61,1.34
K1,overall,80+,1997,12.44,9.56,15.31
K2,overall,80+,1997,16.39,14.68,18.1
K3a,overall,80+,1997,7.01,6.68,7.34
K3b,overall,80+,1997,7.99,7.84,8.15
K4,overall,80+,1997,2.13,1.74,2.52
K5,overall,80+,1997,1.22,1.04,1.41
K1,overall,Overall,1998,3.72,2.54,4.89
K2,overall,Overall,1998,1.82,1.58,2.06
K3a,overall,Overall,1998,0.79,0.76,0.83
K3b,overall,Overall,1998,0.51,0.47,0.55
K4,overall,Overall,1998,0.12,0.09,0.15
K5,overall,Overall,1998,0.09,0.04,0.13
K1,chn,Overall,1998,2.95,1.96,3.94
K2,chn,Overall,1998,1.86,1.56,2.16
K3a,chn,Overall,1998,0.9,0.87,0.94
K3b,chn,Overall,1998,0.54,0.5,0.58
K4,chn,Overall,1998,0.13,0.1,0.17
K5,chn,Overall,1998,0.08,0.04,0.11
K1,mal,Overall,1998,4.37,3.07,5.68
K2,mal,Overall,1998,1.58,1.44,1.71
K3a,mal,Overall,1998,0.61,0.58,0.64
K3b,mal,Overall,1998,0.49,0.46,0.52
K4,mal,Overall,1998,0.1,0.08,0.12
K5,mal,Overall,1998,0.06,0.03,0.1
K1,ind,Overall,1998,3.58,2.38,4.79
K2,ind,Overall,1998,3.02,2.43,3.61
K3a,ind,Overall,1998,1.35,1.29,1.41
K3b,ind,Overall,1998,0.64,0.6,0.68
K4,ind,Overall,1998,0.21,0.17,0.24
K5,ind,Overall,1998,0.23,0.12,0.34
K1,overall,18-30,1998,1.14,0.71,1.57
K2,overall,18-30,1998,0.09,0.06,0.12
K3a,overall,18-30,1998,0.03,0.03,0.03
K3b,overall,18-30,1998,0.0,0.0,0.0
K4,overall,18-30,1998,0.0,0.0,0.0
K5,overall,18-30,1998,0.0,0.0,0.0
K1,overall,31-40,1998,2.69,1.68,3.71
K2,overall,31-40,1998,0.36,0.28,0.45
K3a,overall,31-40,1998,0.08,0.08,0.07
K3b,overall,31-40,1998,0.0,0.0,0.01
K4,overall,31-40,1998,0.0,0.0,0.0
K5,overall,31-40,1998,0.0,0.0,0.0
K1,overall,41-50,1998,3.89,2.35,5.42
K2,overall,41-50,1998,0.85,0.63,1.08
K3a,overall,41-50,1998,0.26,0.23,0.28
K3b,overall,41-50,1998,0.04,0.04,0.05
K4,overall,41-50,1998,0.01,0.0,0.01
K5,overall,41-50,1998,0.0,0.0,0.0
K1,overall,51-60,1998,5.61,3.68,7.53
K2,overall,51-60,1998,2.43,2.02,2.83
K3a,overall,51-60,1998,1.02,0.9,1.14
K3b,overall,51-60,1998,0.36,0.28,0.44
K4,overall,51-60,1998,0.08,0.05,0.11
K5,overall,51-60,1998,0.04,0.01,0.08
K1,overall,61-70,1998,9.22,7.45,11.0
K2,overall,61-70,1998,7.61,6.8,8.42
K3a,overall,61-70,1998,3.53,3.41,3.65
K3b,overall,61-70,1998,2.08,1.78,2.37
K4,overall,61-70,1998,0.47,0.32,0.62
K5,overall,61-70,1998,0.37,0.13,0.6
K1,overall,71-80,1998,9.75,8.01,11.49
K2,overall,71-80,1998,13.33,12.15,14.51
K3a,overall,71-80,1998,6.84,6.69,6.99
K3b,overall,71-80,1998,5.87,5.62,6.13
K4,overall,71-80,1998,1.47,1.18,1.76
K5,overall,71-80,1998,1.11,0.64,1.59
K1,overall,80+,1998,11.99,9.49,14.49
K2,overall,80+,1998,16.7,15.04,18.35
K3a,overall,80+,1998,7.41,6.95,7.86
K3b,overall,80+,1998,8.3,8.16,8.43
K4,overall,80+,1998,2.03,1.83,2.24
K5,overall,80+,1998,1.19,0.89,1.48
K1,overall,Overall,1999,3.73,2.54,4.92
K2,overall,Overall,1999,1.84,1.6,2.09
K3a,overall,Overall,1999,0.82,0.78,0.85
K3b,overall,Overall,1999,0.52,0.48,0.56
K4,overall,Overall,1999,0.12,0.09,0.15
K5,overall,Overall,1999,0.08,0.05,0.12
K1,chn,Overall,1999,2.96,1.95,3.97
K2,chn,Overall,1999,1.88,1.58,2.19
K3a,chn,Overall,1999,0.94,0.9,0.97
K3b,chn,Overall,1999,0.56,0.51,0.6
K4,chn,Overall,1999,0.14,0.11,0.17
K5,chn,Overall,1999,0.08,0.04,0.12
K1,mal,Overall,1999,4.39,3.07,5.71
K2,mal,Overall,1999,1.59,1.46,1.73
K3a,mal,Overall,1999,0.63,0.61,0.64
K3b,mal,Overall,1999,0.49,0.46,0.53
K4,mal,Overall,1999,0.09,0.07,0.12
K5,mal,Overall,1999,0.06,0.03,0.09
K1,ind,Overall,1999,3.57,2.38,4.75
K2,ind,Overall,1999,3.05,2.42,3.67
K3a,ind,Overall,1999,1.39,1.3,1.49
K3b,ind,Overall,1999,0.66,0.63,0.68
K4,ind,Overall,1999,0.22,0.17,0.26
K5,ind,Overall,1999,0.22,0.13,0.31
K1,overall,18-30,1999,1.11,0.7,1.53
K2,overall,18-30,1999,0.08,0.06,0.11
K3a,overall,18-30,1999,0.03,0.03,0.03
K3b,overall,18-30,1999,0.0,0.0,0.0
K4,overall,18-30,1999,0.0,0.0,0.0
K5,overall,18-30,1999,0.0,0.0,0.0
K1,overall,31-40,1999,2.71,1.65,3.77
K2,overall,31-40,1999,0.36,0.27,0.46
K3a,overall,31-40,1999,0.08,0.08,0.08
K3b,overall,31-40,1999,0.0,0.0,0.0
K4,overall,31-40,1999,0.0,0.0,0.0
K5,overall,31-40,1999,0.0,0.0,0.0
K1,overall,41-50,1999,3.86,2.35,5.38
K2,overall,41-50,1999,0.86,0.64,1.07
K3a,overall,41-50,1999,0.26,0.24,0.28
K3b,overall,41-50,1999,0.05,0.04,0.05
K4,overall,41-50,1999,0.01,0.0,0.01
K5,overall,41-50,1999,0.0,0.0,0.0
K1,overall,51-60,1999,5.44,3.55,7.33
K2,overall,51-60,1999,2.36,1.91,2.82
K3a,overall,51-60,1999,1.04,0.92,1.15
K3b,overall,51-60,1999,0.36,0.29,0.44
K4,overall,51-60,1999,0.07,0.04,0.1
K5,overall,51-60,1999,0.05,0.01,0.08
K1,overall,61-70,1999,9.22,7.51,10.92
K2,overall,61-70,1999,7.61,6.85,8.37
K3a,overall,61-70,1999,3.56,3.47,3.65
K3b,overall,61-70,1999,2.08,1.78,2.38
K4,overall,61-70,1999,0.48,0.32,0.64
K5,overall,61-70,1999,0.37,0.14,0.59
K1,overall,71-80,1999,9.79,7.87,11.72
K2,overall,71-80,1999,13.18,12.02,14.35
K3a,overall,71-80,1999,6.88,6.76,7.0
K3b,overall,71-80,1999,5.85,5.57,6.13
K4,overall,71-80,1999,1.4,1.12,1.68
K5,overall,71-80,1999,1.02,0.6,1.44
K1,overall,80+,1999,11.89,9.44,14.34
K2,overall,80+,1999,17.15,15.33,18.97
K3a,overall,80+,1999,7.6,7.17,8.03
K3b,overall,80+,1999,8.44,8.23,8.65
K4,overall,80+,1999,2.1,1.85,2.36
K5,overall,80+,1999,1.24,0.98,1.51
K1,overall,Overall,2000,3.75,2.56,4.94
K2,overall,Overall,2000,1.87,1.61,2.12
K3a,overall,Overall,2000,0.84,0.81,0.87
K3b,overall,Overall,2000,0.53,0.49,0.58
K4,overall,Overall,2000,0.12,0.09,0.15
K5,overall,Overall,2000,0.09,0.05,0.13
K1,chn,Overall,2000,2.98,1.96,4.0
K2,chn,Overall,2000,1.92,1.6,2.24
K3a,chn,Overall,2000,0.97,0.93,1.0
K3b,chn,Overall,2000,0.58,0.52,0.63
K4,chn,Overall,2000,0.14,0.11,0.17
K5,chn,Overall,2000,0.08,0.05,0.12
K1,mal,Overall,2000,4.42,3.09,5.75
K2,mal,Overall,2000,1.6,1.46,1.74
K3a,mal,Overall,2000,0.64,0.62,0.65
K3b,mal,Overall,2000,0.5,0.45,0.54
K4,mal,Overall,2000,0.1,0.07,0.12
K5,mal,Overall,2000,0.06,0.03,0.1
K1,ind,Overall,2000,3.5,2.33,4.67
K2,ind,Overall,2000,3.05,2.42,3.68
K3a,ind,Overall,2000,1.42,1.34,1.49
K3b,ind,Overall,2000,0.67,0.64,0.71
K4,ind,Overall,2000,0.21,0.17,0.25
K5,ind,Overall,2000,0.23,0.12,0.33
K1,overall,18-30,2000,1.1,0.7,1.51
K2,overall,18-30,2000,0.08,0.06,0.11
K3a,overall,18-30,2000,0.03,0.03,0.03
K3b,overall,18-30,2000,0.0,0.0,0.0
K4,overall,18-30,2000,0.0,0.0,0.0
K5,overall,18-30,2000,0.0,0.0,0.0
K1,overall,31-40,2000,2.67,1.65,3.7
K2,overall,31-40,2000,0.36,0.27,0.44
K3a,overall,31-40,2000,0.08,0.08,0.08
K3b,overall,31-40,2000,0.0,0.0,0.0
K4,overall,31-40,2000,0.0,0.0,0.0
K5,overall,31-40,2000,0.0,0.0,0.0
K1,overall,41-50,2000,3.87,2.33,5.42
K2,overall,41-50,2000,0.87,0.65,1.09
K3a,overall,41-50,2000,0.27,0.25,0.29
K3b,overall,41-50,2000,0.04,0.03,0.05
K4,overall,41-50,2000,0.01,0.0,0.01
K5,overall,41-50,2000,0.0,0.0,0.0
K1,overall,51-60,2000,5.35,3.49,7.22
K2,overall,51-60,2000,2.27,1.82,2.72
K3a,overall,51-60,2000,1.05,0.93,1.17
K3b,overall,51-60,2000,0.36,0.29,0.42
K4,overall,51-60,2000,0.07,0.03,0.11
K5,overall,51-60,2000,0.05,0.02,0.08
K1,overall,61-70,2000,9.15,7.36,10.95
K2,overall,61-70,2000,7.5,6.67,8.32
K3a,overall,61-70,2000,3.46,3.36,3.56
K3b,overall,61-70,2000,2.07,1.76,2.37
K4,overall,61-70,2000,0.47,0.34,0.6
K5,overall,61-70,2000,0.37,0.15,0.59
K1,overall,71-80,2000,9.76,7.97,11.54
K2,overall,71-80,2000,13.01,11.79,14.23
K3a,overall,71-80,2000,6.94,6.87,7.0
K3b,overall,71-80,2000,5.79,5.45,6.14
K4,overall,71-80,2000,1.39,1.09,1.69
K5,overall,71-80,2000,1.02,0.52,1.53
K1,overall,80+,2000,11.52,9.22,13.83
K2,overall,80+,2000,17.29,15.57,19.02
K3a,overall,80+,2000,7.66,7.36,7.96
K3b,overall,80+,2000,8.61,8.24,8.97
K4,overall,80+,2000,2.04,1.83,2.24
K5,overall,80+,2000,1.25,1.1,1.4
K1,overall,Overall,2001,3.76,2.56,4.96
K2,overall,Overall,2001,1.9,1.63,2.17
K3a,overall,Overall,2001,0.87,0.83,0.9
K3b,overall,Overall,2001,0.55,0.51,0.6
K4,overall,Overall,2001,0.13,0.1,0.16
K5,overall,Overall,2001,0.09,0.05,0.13
K1,chn,Overall,2001,2.98,1.96,4.01
K2,chn,Overall,2001,1.96,1.63,2.28
K3a,chn,Overall,2001,1.0,0.97,1.03
K3b,chn,Overall,2001,0.6,0.55,0.65
K4,chn,Overall,2001,0.15,0.11,0.18
K5,chn,Overall,2001,0.08,0.05,0.12
K1,mal,Overall,2001,4.44,3.09,5.78
K2,mal,Overall,2001,1.62,1.47,1.77
K3a,mal,Overall,2001,0.65,0.63,0.67
K3b,mal,Overall,2001,0.51,0.47,0.55
K4,mal,Overall,2001,0.1,0.08,0.12
K5,mal,Overall,2001,0.06,0.02,0.1
K1,ind,Overall,2001,3.49,2.34,4.64
K2,ind,Overall,2001,3.08,2.43,3.73
K3a,ind,Overall,2001,1.47,1.38,1.56
K3b,ind,Overall,2001,0.69,0.63,0.74
K4,ind,Overall,2001,0.21,0.17,0.25
K5,ind,Overall,2001,0.22,0.12,0.31
K1,overall,18-30,2001,1.08,0.67,1.49
K2,overall,18-30,2001,0.08,0.05,0.1
K3a,overall,18-30,2001,0.03,0.03,0.03
K3b,overall,18-30,2001,0.0,0.0,0.0
K4,overall,18-30,2001,0.0,0.0,0.0
K5,overall,18-30,2001,0.0,0.0,0.0
K1,overall,31-40,2001,2.68,1.66,3.71
K2,overall,31-40,2001,0.36,0.26,0.46
K3a,overall,31-40,2001,0.08,0.08,0.08
K3b,overall,31-40,2001,0.0,0.0,0.0
K4,overall,31-40,2001,0.0,0.0,0.0
K5,overall,31-40,2001,0.0,0.0,0.0
K1,overall,41-50,2001,3.8,2.32,5.29
K2,overall,41-50,2001,0.87,0.66,1.08
K3a,overall,41-50,2001,0.28,0.26,0.3
K3b,overall,41-50,2001,0.04,0.03,0.06
K4,overall,41-50,2001,0.01,0.0,0.01
K5,overall,41-50,2001,0.0,0.0,0.0
K1,overall,51-60,2001,5.32,3.38,7.26
K2,overall,51-60,2001,2.21,1.75,2.66
K3a,overall,51-60,2001,1.03,0.91,1.15
K3b,overall,51-60,2001,0.35,0.3,0.41
K4,overall,51-60,2001,0.06,0.03,0.1
K5,overall,51-60,2001,0.05,0.01,0.08
K1,overall,61-70,2001,9.07,7.34,10.79
K2,overall,61-70,2001,7.38,6.59,8.17
K3a,overall,61-70,2001,3.47,3.36,3.58
K3b,overall,61-70,2001,2.11,1.85,2.38
K4,overall,61-70,2001,0.49,0.35,0.63
K5,overall,61-70,2001,0.36,0.18,0.55
K1,overall,71-80,2001,9.72,7.78,11.66
K2,overall,71-80,2001,12.95,11.54,14.35
K3a,overall,71-80,2001,6.92,6.84,7.0
K3b,overall,71-80,2001,5.79,5.4,6.18
K4,overall,71-80,2001,1.43,1.12,1.74
K5,overall,71-80,2001,0.99,0.48,1.5
K1,overall,80+,2001,11.04,8.87,13.21
K2,overall,80+,2001,17.55,16.04,19.07
K3a,overall,80+,2001,7.95,7.67,8.22
K3b,overall,80+,2001,8.7,8.41,8.99
K4,overall,80+,2001,1.96,1.84,2.07
K5,overall,80+,2001,1.34,1.09,1.6
K1,overall,Overall,2002,3.78,2.57,4.98
K2,overall,Overall,2002,1.94,1.66,2.21
K3a,overall,Overall,2002,0.89,0.86,0.93
K3b,overall,Overall,2002,0.57,0.52,0.62
K4,overall,Overall,2002,0.13,0.1,0.16
K5,overall,Overall,2002,0.09,0.05,0.13
K1,chn,Overall,2002,3.0,1.97,4.02
K2,chn,Overall,2002,2.0,1.67,2.33
K3a,chn,Overall,2002,1.04,1.0,1.08
K3b,chn,Overall,2002,0.61,0.57,0.66
K4,chn,Overall,2002,0.15,0.11,0.18
K5,chn,Overall,2002,0.09,0.06,0.13
K1,mal,Overall,2002,4.47,3.12,5.82
K2,mal,Overall,2002,1.65,1.5,1.81
K3a,mal,Overall,2002,0.67,0.64,0.69
K3b,mal,Overall,2002,0.53,0.49,0.57
K4,mal,Overall,2002,0.1,0.08,0.13
K5,mal,Overall,2002,0.06,0.02,0.1
K1,ind,Overall,2002,3.46,2.31,4.61
K2,ind,Overall,2002,3.1,2.44,3.76
K3a,ind,Overall,2002,1.5,1.42,1.58
K3b,ind,Overall,2002,0.7,0.63,0.76
K4,ind,Overall,2002,0.21,0.16,0.26
K5,ind,Overall,2002,0.22,0.14,0.3
K1,overall,18-30,2002,1.07,0.66,1.47
K2,overall,18-30,2002,0.08,0.06,0.1
K3a,overall,18-30,2002,0.03,0.03,0.03
K3b,overall,18-30,2002,0.0,0.0,0.0
K4,overall,18-30,2002,0.0,0.0,0.0
K5,overall,18-30,2002,0.0,0.0,0.0
K1,overall,31-40,2002,2.65,1.64,3.66
K2,overall,31-40,2002,0.36,0.26,0.45
K3a,overall,31-40,2002,0.08,0.08,0.08
K3b,overall,31-40,2002,0.0,0.0,0.0
K4,overall,31-40,2002,0.0,0.0,0.0
K5,overall,31-40,2002,0.0,0.0,0.0
K1,overall,41-50,2002,3.79,2.31,5.27
K2,overall,41-50,2002,0.87,0.66,1.07
K3a,overall,41-50,2002,0.29,0.27,0.3
K3b,overall,41-50,2002,0.04,0.03,0.05
K4,overall,41-50,2002,0.01,0.0,0.01
K5,overall,41-50,2002,0.0,0.0,0.0
K1,overall,51-60,2002,5.3,3.35,7.25
K2,overall,51-60,2002,2.22,1.72,2.72
K3a,overall,51-60,2002,1.03,0.92,1.15
K3b,overall,51-60,2002,0.34,0.28,0.4
K4,overall,51-60,2002,0.06,0.03,0.09
K5,overall,51-60,2002,0.04,0.01,0.07
K1,overall,61-70,2002,8.93,7.13,10.72
K2,overall,61-70,2002,7.24,6.54,7.94
K3a,overall,61-70,2002,3.54,3.37,3.71
K3b,overall,61-70,2002,2.12,1.89,2.35
K4,overall,61-70,2002,0.48,0.32,0.63
K5,overall,61-70,2002,0.37,0.17,0.56
K1,overall,71-80,2002,9.79,7.9,11.69
K2,overall,71-80,2002,12.91,11.43,14.38
K3a,overall,71-80,2002,6.82,6.69,6.95
K3b,overall,71-80,2002,5.89,5.41,6.37
K4,overall,71-80,2002,1.42,1.15,1.69
K5,overall,71-80,2002,1.03,0.59,1.47
K1,overall,80+,2002,10.78,8.81,12.74
K2,overall,80+,2002,17.93,16.38,19.48
K3a,overall,80+,2002,8.12,8.1,8.15
K3b,overall,80+,2002,8.54,8.3,8.79
K4,overall,80+,2002,1.86,1.62,2.09
K5,overall,80+,2002,1.33,1.02,1.65
K1,overall,Overall,2003,3.82,2.61,5.03
K2,overall,Overall,2003,1.96,1.68,2.24
K3a,overall,Overall,2003,0.92,0.88,0.95
K3b,overall,Overall,2003,0.59,0.54,0.64
K4,overall,Overall,2003,0.13,0.1,0.16
K5,overall,Overall,2003,0.09,0.05,0.14
K1,chn,Overall,2003,3.03,2.0,4.06
K2,chn,Overall,2003,2.02,1.68,2.35
K3a,chn,Overall,2003,1.07,1.02,1.11
K3b,chn,Overall,2003,0.63,0.59,0.68
K4,chn,Overall,2003,0.15,0.12,0.18
K5,chn,Overall,2003,0.09,0.05,0.13
K1,mal,Overall,2003,4.53,3.18,5.89
K2,mal,Overall,2003,1.69,1.53,1.86
K3a,mal,Overall,2003,0.69,0.67,0.71
K3b,mal,Overall,2003,0.55,0.5,0.59
K4,mal,Overall,2003,0.11,0.08,0.13
K5,mal,Overall,2003,0.06,0.03,0.1
K1,ind,Overall,2003,3.47,2.33,4.6
K2,ind,Overall,2003,3.12,2.46,3.78
K3a,ind,Overall,2003,1.5,1.4,1.59
K3b,ind,Overall,2003,0.7,0.64,0.75
K4,ind,Overall,2003,0.2,0.14,0.25
K5,ind,Overall,2003,0.21,0.11,0.31
K1,overall,18-30,2003,1.06,0.66,1.46
K2,overall,18-30,2003,0.08,0.06,0.11
K3a,overall,18-30,2003,0.03,0.03,0.03
K3b,overall,18-30,2003,0.0,0.0,0.0
K4,overall,18-30,2003,0.0,0.0,0.0
K5,overall,18-30,2003,0.0,0.0,0.0
K1,overall,31-40,2003,2.63,1.64,3.63
K2,overall,31-40,2003,0.35,0.25,0.45
K3a,overall,31-40,2003,0.08,0.08,0.08
K3b,overall,31-40,2003,0.0,0.0,0.01
K4,overall,31-40,2003,0.0,0.0,0.0
K5,overall,31-40,2003,0.0,0.0,0.0
K1,overall,41-50,2003,3.79,2.32,5.27
K2,overall,41-50,2003,0.88,0.68,1.08
K3a,overall,41-50,2003,0.29,0.27,0.32
K3b,overall,41-50,2003,0.05,0.04,0.06
K4,overall,41-50,2003,0.01,0.0,0.01
K5,overall,41-50,2003,0.0,0.0,0.0
K1,overall,51-60,2003,5.34,3.4,7.28
K2,overall,51-60,2003,2.23,1.73,2.72
K3a,overall,51-60,2003,1.06,0.93,1.19
K3b,overall,51-60,2003,0.36,0.3,0.41
K4,overall,51-60,2003,0.06,0.03,0.09
K5,overall,51-60,2003,0.04,0.01,0.08
K1,overall,61-70,2003,8.92,7.03,10.81
K2,overall,61-70,2003,7.16,6.46,7.86
K3a,overall,61-70,2003,3.55,3.38,3.72
K3b,overall,61-70,2003,2.12,1.89,2.34
K4,overall,61-70,2003,0.47,0.32,0.62
K5,overall,61-70,2003,0.37,0.17,0.57
K1,overall,71-80,2003,9.88,8.14,11.63
K2,overall,71-80,2003,12.82,11.42,14.23
K3a,overall,71-80,2003,6.76,6.68,6.84
K3b,overall,71-80,2003,5.93,5.43,6.43
K4,overall,71-80,2003,1.38,1.07,1.69
K5,overall,71-80,2003,0.98,0.53,1.42
K1,overall,80+,2003,10.3,8.46,12.15
K2,overall,80+,2003,17.91,16.01,19.81
K3a,overall,80+,2003,8.22,8.33,8.12
K3b,overall,80+,2003,8.7,8.43,8.97
K4,overall,80+,2003,1.93,1.74,2.12
K5,overall,80+,2003,1.28,0.94,1.61
K1,overall,Overall,2004,3.84,2.63,5.06
K2,overall,Overall,2004,2.0,1.72,2.29
K3a,overall,Overall,2004,0.94,0.91,0.98
K3b,overall,Overall,2004,0.61,0.56,0.66
K4,overall,Overall,2004,0.14,0.1,0.17
K5,overall,Overall,2004,0.1,0.05,0.14
K1,chn,Overall,2004,3.05,2.02,4.08
K2,chn,Overall,2004,2.07,1.73,2.41
K3a,chn,Overall,2004,1.11,1.06,1.15
K3b,chn,Overall,2004,0.66,0.62,0.71
K4,chn,Overall,2004,0.16,0.12,0.2
K5,chn,Overall,2004,0.09,0.05,0.13
K1,mal,Overall,2004,4.58,3.22,5.94
K2,mal,Overall,2004,1.73,1.56,1.89
K3a,mal,Overall,2004,0.7,0.68,0.72
K3b,mal,Overall,2004,0.56,0.51,0.61
K4,mal,Overall,2004,0.11,0.08,0.14
K5,mal,Overall,2004,0.07,0.03,0.1
K1,ind,Overall,2004,3.45,2.3,4.6
K2,ind,Overall,2004,3.12,2.44,3.79
K3a,ind,Overall,2004,1.54,1.45,1.64
K3b,ind,Overall,2004,0.72,0.66,0.78
K4,ind,Overall,2004,0.21,0.15,0.27
K5,ind,Overall,2004,0.22,0.12,0.33
K1,overall,18-30,2004,1.06,0.66,1.46
K2,overall,18-30,2004,0.08,0.05,0.11
K3a,overall,18-30,2004,0.03,0.03,0.03
K3b,overall,18-30,2004,0.0,0.0,0.0
K4,overall,18-30,2004,0.0,0.0,0.0
K5,overall,18-30,2004,0.0,0.0,0.0
K1,overall,31-40,2004,2.61,1.62,3.59
K2,overall,31-40,2004,0.34,0.26,0.43
K3a,overall,31-40,2004,0.08,0.07,0.08
K3b,overall,31-40,2004,0.0,0.0,0.01
K4,overall,31-40,2004,0.0,0.0,0.0
K5,overall,31-40,2004,0.0,0.0,0.0
K1,overall,41-50,2004,3.75,2.3,5.19
K2,overall,41-50,2004,0.88,0.68,1.08
K3a,overall,41-50,2004,0.3,0.28,0.31
K3b,overall,41-50,2004,0.05,0.05,0.06
K4,overall,41-50,2004,0.01,0.01,0.01
K5,overall,41-50,2004,0.0,0.0,0.0
K1,overall,51-60,2004,5.36,3.42,7.29
K2,overall,51-60,2004,2.25,1.76,2.74
K3a,overall,51-60,2004,1.09,0.97,1.21
K3b,overall,51-60,2004,0.38,0.32,0.45
K4,overall,51-60,2004,0.07,0.04,0.1
K5,overall,51-60,2004,0.04,0.01,0.07
K1,overall,61-70,2004,8.95,7.01,10.88
K2,overall,61-70,2004,7.19,6.48,7.89
K3a,overall,61-70,2004,3.6,3.44,3.77
K3b,overall,61-70,2004,2.13,1.87,2.39
K4,overall,61-70,2004,0.48,0.33,0.64
K5,overall,61-70,2004,0.39,0.18,0.61
K1,overall,71-80,2004,9.78,8.11,11.44
K2,overall,71-80,2004,12.79,11.4,14.18
K3a,overall,71-80,2004,6.73,6.63,6.82
K3b,overall,71-80,2004,5.92,5.51,6.32
K4,overall,71-80,2004,1.43,1.08,1.78
K5,overall,71-80,2004,1.01,0.53,1.49
K1,overall,80+,2004,10.17,8.28,12.07
K2,overall,80+,2004,17.88,15.91,19.85
K3a,overall,80+,2004,8.13,8.13,8.13
K3b,overall,80+,2004,8.81,8.47,9.15
K4,overall,80+,2004,2.04,1.83,2.25
K5,overall,80+,2004,1.22,0.97,1.48
K1,overall,Overall,2005,3.86,2.64,5.09
K2,overall,Overall,2005,2.05,1.76,2.33
K3a,overall,Overall,2005,0.97,0.93,1.01
K3b,overall,Overall,2005,0.63,0.58,0.67
K4,overall,Overall,2005,0.14,0.1,0.18
K5,overall,Overall,2005,0.1,0.05,0.15
K1,chn,Overall,2005,3.05,2.01,4.09
K2,chn,Overall,2005,2.13,1.78,2.47
K3a,chn,Overall,2005,1.15,1.1,1.2
K3b,chn,Overall,2005,0.7,0.65,0.75
K4,chn,Overall,2005,0.16,0.12,0.2
K5,chn,Overall,2005,0.1,0.05,0.14
K1,mal,Overall,2005,4.63,3.26,6.01
K2,mal,Overall,2005,1.77,1.61,1.93
K3a,mal,Overall,2005,0.71,0.68,0.74
K3b,mal,Overall,2005,0.58,0.54,0.62
K4,mal,Overall,2005,0.12,0.09,0.16
K5,mal,Overall,2005,0.07,0.03,0.11
K1,ind,Overall,2005,3.41,2.26,4.55
K2,ind,Overall,2005,3.11,2.44,3.78
K3a,ind,Overall,2005,1.6,1.49,1.7
K3b,ind,Overall,2005,0.73,0.68,0.79
K4,ind,Overall,2005,0.2,0.15,0.26
K5,ind,Overall,2005,0.23,0.12,0.35
K1,overall,18-30,2005,1.04,0.65,1.43
K2,overall,18-30,2005,0.08,0.05,0.11
K3a,overall,18-30,2005,0.03,0.03,0.03
K3b,overall,18-30,2005,0.0,0.0,0.0
K4,overall,18-30,2005,0.0,0.0,0.0
K5,overall,18-30,2005,0.0,0.0,0.0
K1,overall,31-40,2005,2.56,1.57,3.56
K2,overall,31-40,2005,0.34,0.24,0.43
K3a,overall,31-40,2005,0.08,0.08,0.08
K3b,overall,31-40,2005,0.01,0.0,0.01
K4,overall,31-40,2005,0.0,0.0,0.0
K5,overall,31-40,2005,0.0,0.0,0.0
K1,overall,41-50,2005,3.7,2.28,5.12
K2,overall,41-50,2005,0.87,0.66,1.07
K3a,overall,41-50,2005,0.3,0.28,0.32
K3b,overall,41-50,2005,0.05,0.05,0.06
K4,overall,41-50,2005,0.01,0.01,0.01
K5,overall,41-50,2005,0.0,0.0,0.01
K1,overall,51-60,2005,5.37,3.43,7.31
K2,overall,51-60,2005,2.28,1.81,2.74
K3a,overall,51-60,2005,1.12,1.01,1.22
K3b,overall,51-60,2005,0.38,0.32,0.44
K4,overall,51-60,2005,0.07,0.03,0.1
K5,overall,51-60,2005,0.04,0.01,0.08
K1,overall,61-70,2005,8.96,7.02,10.9
K2,overall,61-70,2005,7.17,6.51,7.83
K3a,overall,61-70,2005,3.57,3.37,3.77
K3b,overall,61-70,2005,2.2,1.95,2.45
K4,overall,61-70,2005,0.5,0.32,0.69
K5,overall,61-70,2005,0.38,0.16,0.61
K1,overall,71-80,2005,9.65,7.96,11.35
K2,overall,71-80,2005,12.82,11.35,14.3
K3a,overall,71-80,2005,6.78,6.68,6.88
K3b,overall,71-80,2005,5.96,5.6,6.32
K4,overall,71-80,2005,1.45,1.1,1.8
K5,overall,71-80,2005,1.09,0.58,1.6
K1,overall,80+,2005,10.16,8.16,12.16
K2,overall,80+,2005,17.78,16.05,19.5
K3a,overall,80+,2005,8.22,8.01,8.42
K3b,overall,80+,2005,8.82,8.65,9.0
K4,overall,80+,2005,2.08,1.76,2.4
K5,overall,80+,2005,1.25,0.93,1.57
K1,overall,Overall,2006,3.87,2.65,5.1
K2,overall,Overall,2006,2.08,1.79,2.37
K3a,overall,Overall,2006,1.01,0.96,1.05
K3b,overall,Overall,2006,0.65,0.6,0.7
K4,overall,Overall,2006,0.15,0.11,0.19
K5,overall,Overall,2006,0.11,0.06,0.16
K1,chn,Overall,2006,3.07,2.03,4.1
K2,chn,Overall,2006,2.17,1.82,2.52
K3a,chn,Overall,2006,1.21,1.16,1.26
K3b,chn,Overall,2006,0.73,0.68,0.78
K4,chn,Overall,2006,0.17,0.13,0.22
K5,chn,Overall,2006,0.11,0.06,0.15
K1,mal,Overall,2006,4.66,3.29,6.04
K2,mal,Overall,2006,1.8,1.63,1.98
K3a,mal,Overall,2006,0.72,0.69,0.76
K3b,mal,Overall,2006,0.59,0.56,0.63
K4,mal,Overall,2006,0.12,0.09,0.16
K5,mal,Overall,2006,0.08,0.04,0.12
K1,ind,Overall,2006,3.4,2.25,4.55
K2,ind,Overall,2006,3.08,2.42,3.74
K3a,ind,Overall,2006,1.64,1.53,1.74
K3b,ind,Overall,2006,0.75,0.69,0.82
K4,ind,Overall,2006,0.2,0.14,0.26
K5,ind,Overall,2006,0.24,0.13,0.35
K1,overall,18-30,2006,1.03,0.64,1.41
K2,overall,18-30,2006,0.08,0.05,0.11
K3a,overall,18-30,2006,0.03,0.03,0.03
K3b,overall,18-30,2006,0.0,0.0,0.0
K4,overall,18-30,2006,0.0,0.0,0.0
K5,overall,18-30,2006,0.0,0.0,0.0
K1,overall,31-40,2006,2.53,1.55,3.51
K2,overall,31-40,2006,0.33,0.24,0.42
K3a,overall,31-40,2006,0.08,0.08,0.09
K3b,overall,31-40,2006,0.01,0.01,0.01
K4,overall,31-40,2006,0.0,0.0,0.0
K5,overall,31-40,2006,0.0,0.0,0.0
K1,overall,41-50,2006,3.65,2.23,5.07
K2,overall,41-50,2006,0.87,0.68,1.07
K3a,overall,41-50,2006,0.31,0.29,0.33
K3b,overall,41-50,2006,0.05,0.05,0.06
K4,overall,41-50,2006,0.01,0.0,0.01
K5,overall,41-50,2006,0.0,0.0,0.01
K1,overall,51-60,2006,5.45,3.57,7.34
K2,overall,51-60,2006,2.37,1.88,2.85
K3a,overall,51-60,2006,1.17,1.06,1.27
K3b,overall,51-60,2006,0.41,0.34,0.47
K4,overall,51-60,2006,0.07,0.04,0.11
K5,overall,51-60,2006,0.04,0.01,0.07
K1,overall,61-70,2006,8.93,6.97,10.89
K2,overall,61-70,2006,7.17,6.5,7.84
K3a,overall,61-70,2006,3.62,3.46,3.78
K3b,overall,61-70,2006,2.2,1.94,2.46
K4,overall,61-70,2006,0.5,0.32,0.68
K5,overall,61-70,2006,0.39,0.15,0.63
K1,overall,71-80,2006,9.69,7.96,11.43
K2,overall,71-80,2006,12.66,11.17,14.15
K3a,overall,71-80,2006,6.87,6.67,7.06
K3b,overall,71-80,2006,6.01,5.71,6.32
K4,overall,71-80,2006,1.49,1.14,1.85
K5,overall,71-80,2006,1.12,0.63,1.61
K1,overall,80+,2006,9.98,7.93,12.02
K2,overall,80+,2006,17.91,16.22,19.59
K3a,overall,80+,2006,8.23,7.93,8.53
K3b,overall,80+,2006,9.0,8.73,9.27
K4,overall,80+,2006,2.19,1.84,2.53
K5,overall,80+,2006,1.41,1.03,1.79
K1,overall,Overall,2007,3.88,2.66,5.1
K2,overall,Overall,2007,2.12,1.82,2.42
K3a,overall,Overall,2007,1.03,0.99,1.07
K3b,overall,Overall,2007,0.67,0.62,0.72
K4,overall,Overall,2007,0.15,0.11,0.2
K5,overall,Overall,2007,0.11,0.06,0.16
K1,chn,Overall,2007,3.07,2.03,4.1
K2,chn,Overall,2007,2.22,1.85,2.58
K3a,chn,Overall,2007,1.25,1.21,1.3
K3b,chn,Overall,2007,0.76,0.71,0.81
K4,chn,Overall,2007,0.18,0.13,0.23
K5,chn,Overall,2007,0.11,0.06,0.15
K1,mal,Overall,2007,4.7,3.32,6.08
K2,mal,Overall,2007,1.84,1.67,2.02
K3a,mal,Overall,2007,0.74,0.71,0.77
K3b,mal,Overall,2007,0.61,0.57,0.64
K4,mal,Overall,2007,0.13,0.09,0.16
K5,mal,Overall,2007,0.08,0.03,0.12
K1,ind,Overall,2007,3.34,2.22,4.46
K2,ind,Overall,2007,3.02,2.36,3.69
K3a,ind,Overall,2007,1.63,1.52,1.74
K3b,ind,Overall,2007,0.75,0.7,0.81
K4,ind,Overall,2007,0.2,0.13,0.27
K5,ind,Overall,2007,0.24,0.14,0.34
K1,overall,18-30,2007,1.01,0.62,1.4
K2,overall,18-30,2007,0.09,0.05,0.12
K3a,overall,18-30,2007,0.03,0.03,0.03
K3b,overall,18-30,2007,0.0,0.0,0.0
K4,overall,18-30,2007,0.0,0.0,0.0
K5,overall,18-30,2007,0.0,0.0,0.0
K1,overall,31-40,2007,2.5,1.55,3.44
K2,overall,31-40,2007,0.32,0.23,0.41
K3a,overall,31-40,2007,0.08,0.08,0.09
K3b,overall,31-40,2007,0.01,0.0,0.01
K4,overall,31-40,2007,0.0,0.0,0.0
K5,overall,31-40,2007,0.0,0.0,0.0
K1,overall,41-50,2007,3.66,2.22,5.09
K2,overall,41-50,2007,0.88,0.68,1.09
K3a,overall,41-50,2007,0.32,0.3,0.34
K3b,overall,41-50,2007,0.05,0.04,0.05
K4,overall,41-50,2007,0.01,0.0,0.01
K5,overall,41-50,2007,0.0,0.0,0.01
K1,overall,51-60,2007,5.42,3.59,7.25
K2,overall,51-60,2007,2.4,1.94,2.87
K3a,overall,51-60,2007,1.2,1.09,1.31
K3b,overall,51-60,2007,0.42,0.36,0.48
K4,overall,51-60,2007,0.08,0.04,0.12
K5,overall,51-60,2007,0.05,0.02,0.08
K1,overall,61-70,2007,8.97,6.95,10.99
K2,overall,61-70,2007,7.16,6.37,7.94
K3a,overall,61-70,2007,3.65,3.48,3.81
K3b,overall,61-70,2007,2.24,2.0,2.49
K4,overall,61-70,2007,0.5,0.33,0.67
K5,overall,61-70,2007,0.4,0.16,0.65
K1,overall,71-80,2007,9.67,7.89,11.45
K2,overall,71-80,2007,12.72,11.27,14.16
K3a,overall,71-80,2007,6.89,6.78,7.01
K3b,overall,71-80,2007,6.14,5.8,6.48
K4,overall,71-80,2007,1.51,1.16,1.86
K5,overall,71-80,2007,1.12,0.58,1.66
K1,overall,80+,2007,9.86,7.94,11.79
K2,overall,80+,2007,17.7,16.03,19.37
K3a,overall,80+,2007,8.34,8.21,8.47
K3b,overall,80+,2007,9.02,8.66,9.38
K4,overall,80+,2007,2.16,1.76,2.56
K5,overall,80+,2007,1.31,0.99,1.63
K1,overall,Overall,2008,3.9,2.68,5.11
K2,overall,Overall,2008,2.15,1.85,2.45
K3a,overall,Overall,2008,1.06,1.02,1.1
K3b,overall,Overall,2008,0.7,0.65,0.75
K4,overall,Overall,2008,0.16,0.12,0.2
K5,overall,Overall,2008,0.11,0.06,0.17
K1,chn,Overall,2008,3.07,2.04,4.1
K2,chn,Overall,2008,2.25,1.89,2.62
K3a,chn,Overall,2008,1.29,1.25,1.34
K3b,chn,Overall,2008,0.81,0.75,0.87
K4,chn,Overall,2008,0.19,0.14,0.23
K5,chn,Overall,2008,0.11,0.06,0.16
K1,mal,Overall,2008,4.75,3.37,6.13
K2,mal,Overall,2008,1.88,1.7,2.06
K3a,mal,Overall,2008,0.76,0.72,0.79
K3b,mal,Overall,2008,0.62,0.59,0.65
K4,mal,Overall,2008,0.13,0.1,0.16
K5,mal,Overall,2008,0.08,0.03,0.13
K1,ind,Overall,2008,3.3,2.22,4.39
K2,ind,Overall,2008,3.06,2.38,3.74
K3a,ind,Overall,2008,1.66,1.56,1.76
K3b,ind,Overall,2008,0.77,0.7,0.85
K4,ind,Overall,2008,0.22,0.14,0.3
K5,ind,Overall,2008,0.23,0.14,0.31
K1,overall,18-30,2008,0.99,0.6,1.38
K2,overall,18-30,2008,0.08,0.05,0.11
K3a,overall,18-30,2008,0.03,0.03,0.03
K3b,overall,18-30,2008,0.0,0.0,0.0
K4,overall,18-30,2008,0.0,0.0,0.0
K5,overall,18-30,2008,0.0,0.0,0.0
K1,overall,31-40,2008,2.44,1.52,3.35
K2,overall,31-40,2008,0.31,0.22,0.4
K3a,overall,31-40,2008,0.09,0.09,0.09
K3b,overall,31-40,2008,0.01,0.0,0.01
K4,overall,31-40,2008,0.0,0.0,0.0
K5,overall,31-40,2008,0.0,0.0,0.0
K1,overall,41-50,2008,3.66,2.21,5.11
K2,overall,41-50,2008,0.89,0.67,1.1
K3a,overall,41-50,2008,0.32,0.3,0.34
K3b,overall,41-50,2008,0.05,0.05,0.06
K4,overall,41-50,2008,0.01,0.0,0.01
K5,overall,41-50,2008,0.0,0.0,0.01
K1,overall,51-60,2008,5.39,3.58,7.19
K2,overall,51-60,2008,2.39,1.94,2.84
K3a,overall,51-60,2008,1.2,1.1,1.29
K3b,overall,51-60,2008,0.43,0.36,0.49
K4,overall,51-60,2008,0.07,0.03,0.11
K5,overall,51-60,2008,0.05,0.02,0.08
K1,overall,61-70,2008,9.01,7.02,10.99
K2,overall,61-70,2008,7.04,6.25,7.82
K3a,overall,61-70,2008,3.65,3.49,3.82
K3b,overall,61-70,2008,2.21,1.98,2.45
K4,overall,61-70,2008,0.51,0.33,0.7
K5,overall,61-70,2008,0.39,0.16,0.63
K1,overall,71-80,2008,9.47,7.73,11.2
K2,overall,71-80,2008,12.74,11.44,14.04
K3a,overall,71-80,2008,6.88,6.73,7.03
K3b,overall,71-80,2008,6.3,5.92,6.67
K4,overall,71-80,2008,1.51,1.19,1.83
K5,overall,71-80,2008,1.12,0.59,1.64
K1,overall,80+,2008,9.68,7.76,11.61
K2,overall,80+,2008,17.55,15.6,19.49
K3a,overall,80+,2008,8.32,8.1,8.54
K3b,overall,80+,2008,9.25,8.88,9.63
K4,overall,80+,2008,2.24,1.87,2.61
K5,overall,80+,2008,1.32,0.99,1.64
K1,overall,Overall,2009,3.88,2.68,5.08
K2,overall,Overall,2009,2.17,1.86,2.48
K3a,overall,Overall,2009,1.08,1.04,1.12
K3b,overall,Overall,2009,0.72,0.66,0.78
K4,overall,Overall,2009,0.16,0.12,0.2
K5,overall,Overall,2009,0.12,0.06,0.17
K1,chn,Overall,2009,3.06,2.03,4.09
K2,chn,Overall,2009,2.28,1.91,2.65
K3a,chn,Overall,2009,1.34,1.3,1.38
K3b,chn,Overall,2009,0.84,0.77,0.92
K4,chn,Overall,2009,0.2,0.15,0.24
K5,chn,Overall,2009,0.12,0.06,0.17
K1,mal,Overall,2009,4.75,3.37,6.13
K2,mal,Overall,2009,1.9,1.72,2.09
K3a,mal,Overall,2009,0.76,0.73,0.8
K3b,mal,Overall,2009,0.64,0.6,0.67
K4,mal,Overall,2009,0.13,0.1,0.16
K5,mal,Overall,2009,0.08,0.03,0.13
K1,ind,Overall,2009,3.2,2.14,4.26
K2,ind,Overall,2009,3.05,2.38,3.71
K3a,ind,Overall,2009,1.65,1.55,1.75
K3b,ind,Overall,2009,0.81,0.72,0.89
K4,ind,Overall,2009,0.22,0.15,0.29
K5,ind,Overall,2009,0.23,0.13,0.33
K1,overall,18-30,2009,0.97,0.59,1.35
K2,overall,18-30,2009,0.08,0.06,0.11
K3a,overall,18-30,2009,0.03,0.04,0.03
K3b,overall,18-30,2009,0.0,0.0,0.0
K4,overall,18-30,2009,0.0,0.0,0.0
K5,overall,18-30,2009,0.0,0.0,0.0
K1,overall,31-40,2009,2.36,1.47,3.25
K2,overall,31-40,2009,0.3,0.21,0.38
K3a,overall,31-40,2009,0.09,0.09,0.1
K3b,overall,31-40,2009,0.01,0.0,0.01
K4,overall,31-40,2009,0.0,0.0,0.0
K5,overall,31-40,2009,0.0,0.0,0.0
K1,overall,41-50,2009,3.64,2.18,5.09
K2,overall,41-50,2009,0.89,0.66,1.12
K3a,overall,41-50,2009,0.32,0.31,0.34
K3b,overall,41-50,2009,0.06,0.05,0.07
K4,overall,41-50,2009,0.01,0.0,0.01
K5,overall,41-50,2009,0.0,0.0,0.0
K1,overall,51-60,2009,5.37,3.57,7.17
K2,overall,51-60,2009,2.42,1.97,2.87
K3a,overall,51-60,2009,1.2,1.11,1.29
K3b,overall,51-60,2009,0.44,0.36,0.52
K4,overall,51-60,2009,0.07,0.03,0.11
K5,overall,51-60,2009,0.05,0.01,0.08
K1,overall,61-70,2009,8.89,7.0,10.78
K2,overall,61-70,2009,6.9,6.11,7.69
K3a,overall,61-70,2009,3.65,3.48,3.83
K3b,overall,61-70,2009,2.23,1.97,2.48
K4,overall,61-70,2009,0.5,0.33,0.68
K5,overall,61-70,2009,0.37,0.14,0.61
K1,overall,71-80,2009,9.45,7.69,11.21
K2,overall,71-80,2009,12.62,11.36,13.88
K3a,overall,71-80,2009,6.94,6.72,7.16
K3b,overall,71-80,2009,6.36,6.0,6.72
K4,overall,71-80,2009,1.57,1.28,1.86
K5,overall,71-80,2009,1.18,0.62,1.73
K1,overall,80+,2009,9.86,7.76,11.95
K2,overall,80+,2009,17.42,15.3,19.53
K3a,overall,80+,2009,8.22,8.28,8.15
K3b,overall,80+,2009,9.5,8.92,10.08
K4,overall,80+,2009,2.2,1.9,2.5
K5,overall,80+,2009,1.29,0.94,1.64
K1,overall,Overall,2010,3.92,2.71,5.12
K2,overall,Overall,2010,2.22,1.91,2.54
K3a,overall,Overall,2010,1.12,1.08,1.15
K3b,overall,Overall,2010,0.75,0.69,0.81
K4,overall,Overall,2010,0.17,0.12,0.21
K5,overall,Overall,2010,0.12,0.06,0.18
K1,chn,Overall,2010,3.08,2.05,4.11
K2,chn,Overall,2010,2.34,1.96,2.72
K3a,chn,Overall,2010,1.39,1.35,1.43
K3b,chn,Overall,2010,0.89,0.82,0.97
K4,chn,Overall,2010,0.2,0.15,0.25
K5,chn,Overall,2010,0.12,0.06,0.18
K1,mal,Overall,2010,4.82,3.44,6.19
K2,mal,Overall,2010,1.96,1.76,2.15
K3a,mal,Overall,2010,0.79,0.77,0.81
K3b,mal,Overall,2010,0.66,0.61,0.7
K4,mal,Overall,2010,0.13,0.1,0.17
K5,mal,Overall,2010,0.09,0.04,0.13
K1,ind,Overall,2010,3.19,2.13,4.25
K2,ind,Overall,2010,3.08,2.43,3.73
K3a,ind,Overall,2010,1.68,1.58,1.77
K3b,ind,Overall,2010,0.83,0.76,0.9
K4,ind,Overall,2010,0.22,0.15,0.29
K5,ind,Overall,2010,0.23,0.13,0.33
K1,overall,18-30,2010,0.98,0.61,1.36
K2,overall,18-30,2010,0.09,0.06,0.12
K3a,overall,18-30,2010,0.03,0.04,0.03
K3b,overall,18-30,2010,0.0,0.0,0.0
K4,overall,18-30,2010,0.0,0.0,0.0
K5,overall,18-30,2010,0.0,0.0,0.0
K1,overall,31-40,2010,2.35,1.46,3.25
K2,overall,31-40,2010,0.29,0.2,0.38
K3a,overall,31-40,2010,0.09,0.09,0.09
K3b,overall,31-40,2010,0.0,0.0,0.01
K4,overall,31-40,2010,0.0,0.0,0.0
K5,overall,31-40,2010,0.0,0.0,0.0
K1,overall,41-50,2010,3.58,2.17,5.0
K2,overall,41-50,2010,0.87,0.65,1.09
K3a,overall,41-50,2010,0.32,0.31,0.34
K3b,overall,41-50,2010,0.05,0.05,0.06
K4,overall,41-50,2010,0.01,0.0,0.01
K5,overall,41-50,2010,0.0,0.0,0.01
K1,overall,51-60,2010,5.34,3.54,7.15
K2,overall,51-60,2010,2.42,1.96,2.88
K3a,overall,51-60,2010,1.21,1.12,1.3
K3b,overall,51-60,2010,0.45,0.37,0.54
K4,overall,51-60,2010,0.08,0.04,0.12
K5,overall,51-60,2010,0.05,0.01,0.08
K1,overall,61-70,2010,8.85,6.96,10.74
K2,overall,61-70,2010,6.85,6.07,7.63
K3a,overall,61-70,2010,3.64,3.5,3.79
K3b,overall,61-70,2010,2.2,1.97,2.43
K4,overall,61-70,2010,0.49,0.31,0.67
K5,overall,61-70,2010,0.38,0.14,0.61
K1,overall,71-80,2010,9.46,7.74,11.17
K2,overall,71-80,2010,12.46,11.23,13.69
K3a,overall,71-80,2010,6.8,6.69,6.91
K3b,overall,71-80,2010,6.32,5.95,6.69
K4,overall,71-80,2010,1.53,1.2,1.87
K5,overall,71-80,2010,1.17,0.64,1.69
K1,overall,80+,2010,9.83,7.73,11.93
K2,overall,80+,2010,17.26,15.04,19.49
K3a,overall,80+,2010,8.47,8.48,8.45
K3b,overall,80+,2010,9.6,9.1,10.09
K4,overall,80+,2010,2.2,1.91,2.49
K5,overall,80+,2010,1.32,0.95,1.69
K1,overall,Overall,2011,3.98,2.77,5.18
K2,overall,Overall,2011,2.28,1.96,2.61
K3a,overall,Overall,2011,1.17,1.13,1.2
K3b,overall,Overall,2011,0.79,0.73,0.85
K4,overall,Overall,2011,0.18,0.13,0.22
K5,overall,Overall,2011,0.12,0.06,0.19
K1,chn,Overall,2011,3.11,2.08,4.14
K2,chn,Overall,2011,2.4,2.01,2.79
K3a,chn,Overall,2011,1.46,1.42,1.5
K3b,chn,Overall,2011,0.94,0.86,1.01
K4,chn,Overall,2011,0.22,0.16,0.27
K5,chn,Overall,2011,0.13,0.06,0.19
K1,mal,Overall,2011,4.91,3.52,6.29
K2,mal,Overall,2011,2.02,1.81,2.22
K3a,mal,Overall,2011,0.82,0.8,0.84
K3b,mal,Overall,2011,0.68,0.64,0.72
K4,mal,Overall,2011,0.14,0.1,0.17
K5,mal,Overall,2011,0.09,0.04,0.14
K1,ind,Overall,2011,3.22,2.15,4.29
K2,ind,Overall,2011,3.14,2.47,3.81
K3a,ind,Overall,2011,1.74,1.65,1.83
K3b,ind,Overall,2011,0.87,0.78,0.96
K4,ind,Overall,2011,0.22,0.15,0.29
K5,ind,Overall,2011,0.24,0.14,0.34
K1,overall,18-30,2011,1.01,0.63,1.39
K2,overall,18-30,2011,0.09,0.06,0.12
K3a,overall,18-30,2011,0.04,0.04,0.03
K3b,overall,18-30,2011,0.0,0.0,0.0
K4,overall,18-30,2011,0.0,0.0,0.0
K5,overall,18-30,2011,0.0,0.0,0.0
K1,overall,31-40,2011,2.34,1.44,3.25
K2,overall,31-40,2011,0.3,0.21,0.38
K3a,overall,31-40,2011,0.1,0.09,0.1
K3b,overall,31-40,2011,0.01,0.0,0.01
K4,overall,31-40,2011,0.0,0.0,0.0
K5,overall,31-40,2011,0.0,0.0,0.0
K1,overall,41-50,2011,3.6,2.17,5.03
K2,overall,41-50,2011,0.87,0.64,1.11
K3a,overall,41-50,2011,0.34,0.31,0.36
K3b,overall,41-50,2011,0.06,0.05,0.06
K4,overall,41-50,2011,0.01,0.0,0.01
K5,overall,41-50,2011,0.0,0.0,0.0
K1,overall,51-60,2011,5.29,3.53,7.06
K2,overall,51-60,2011,2.4,1.96,2.84
K3a,overall,51-60,2011,1.24,1.16,1.33
K3b,overall,51-60,2011,0.46,0.37,0.54
K4,overall,51-60,2011,0.08,0.03,0.12
K5,overall,51-60,2011,0.05,0.01,0.09
K1,overall,61-70,2011,8.81,6.91,10.71
K2,overall,61-70,2011,6.78,5.97,7.58
K3a,overall,61-70,2011,3.59,3.44,3.74
K3b,overall,61-70,2011,2.18,1.94,2.42
K4,overall,61-70,2011,0.48,0.33,0.64
K5,overall,61-70,2011,0.36,0.13,0.6
K1,overall,71-80,2011,9.52,7.88,11.17
K2,overall,71-80,2011,12.23,11.01,13.44
K3a,overall,71-80,2011,6.81,6.78,6.84
K3b,overall,71-80,2011,6.25,5.91,6.6
K4,overall,71-80,2011,1.55,1.19,1.9
K5,overall,71-80,2011,1.17,0.63,1.7
K1,overall,80+,2011,9.85,7.75,11.94
K2,overall,80+,2011,17.31,15.09,19.54
K3a,overall,80+,2011,8.49,8.39,8.6
K3b,overall,80+,2011,9.8,9.25,10.34
K4,overall,80+,2011,2.19,1.87,2.52
K5,overall,80+,2011,1.28,0.94,1.63
K1,overall,Overall,2012,4.02,2.8,5.24
K2,overall,Overall,2012,2.35,2.03,2.68
K3a,overall,Overall,2012,1.21,1.18,1.25
K3b,overall,Overall,2012,0.82,0.76,0.88
K4,overall,Overall,2012,0.19,0.14,0.24
K5,overall,Overall,2012,0.13,0.07,0.2
K1,chn,Overall,2012,3.15,2.11,4.19
K2,chn,Overall,2012,2.49,2.1,2.87
K3a,chn,Overall,2012,1.52,1.48,1.56
K3b,chn,Overall,2012,0.99,0.92,1.07
K4,chn,Overall,2012,0.23,0.17,0.29
K5,chn,Overall,2012,0.14,0.07,0.2
K1,mal,Overall,2012,4.97,3.57,6.36
K2,mal,Overall,2012,2.08,1.87,2.29
K3a,mal,Overall,2012,0.85,0.82,0.87
K3b,mal,Overall,2012,0.7,0.66,0.73
K4,mal,Overall,2012,0.14,0.11,0.18
K5,mal,Overall,2012,0.09,0.04,0.14
K1,ind,Overall,2012,3.24,2.17,4.31
K2,ind,Overall,2012,3.19,2.51,3.86
K3a,ind,Overall,2012,1.81,1.73,1.9
K3b,ind,Overall,2012,0.89,0.8,0.98
K4,ind,Overall,2012,0.24,0.16,0.32
K5,ind,Overall,2012,0.26,0.15,0.37
K1,overall,18-30,2012,1.02,0.65,1.39
K2,overall,18-30,2012,0.09,0.06,0.12
K3a,overall,18-30,2012,0.04,0.04,0.03
K3b,overall,18-30,2012,0.0,0.0,0.0
K4,overall,18-30,2012,0.0,0.0,0.0
K5,overall,18-30,2012,0.0,0.0,0.0
K1,overall,31-40,2012,2.35,1.43,3.27
K2,overall,31-40,2012,0.3,0.22,0.38
K3a,overall,31-40,2012,0.1,0.09,0.1
K3b,overall,31-40,2012,0.01,0.0,0.01
K4,overall,31-40,2012,0.0,0.0,0.0
K5,overall,31-40,2012,0.0,0.0,0.0
K1,overall,41-50,2012,3.57,2.15,4.99
K2,overall,41-50,2012,0.87,0.66,1.09
K3a,overall,41-50,2012,0.33,0.32,0.35
K3b,overall,41-50,2012,0.06,0.05,0.07
K4,overall,41-50,2012,0.01,0.0,0.01
K5,overall,41-50,2012,0.0,0.0,0.0
K1,overall,51-60,2012,5.29,3.53,7.06
K2,overall,51-60,2012,2.42,1.99,2.84
K3a,overall,51-60,2012,1.28,1.18,1.37
K3b,overall,51-60,2012,0.45,0.39,0.52
K4,overall,51-60,2012,0.08,0.04,0.12
K5,overall,51-60,2012,0.05,0.01,0.09
K1,overall,61-70,2012,8.79,6.88,10.7
K2,overall,61-70,2012,6.77,5.94,7.61
K3a,overall,61-70,2012,3.62,3.48,3.76
K3b,overall,61-70,2012,2.17,1.96,2.39
K4,overall,61-70,2012,0.49,0.31,0.67
K5,overall,61-70,2012,0.37,0.14,0.59
K1,overall,71-80,2012,9.41,7.73,11.09
K2,overall,71-80,2012,12.12,11.03,13.2
K3a,overall,71-80,2012,6.82,6.79,6.85
K3b,overall,71-80,2012,6.35,6.0,6.7
K4,overall,71-80,2012,1.57,1.23,1.9
K5,overall,71-80,2012,1.21,0.66,1.76
K1,overall,80+,2012,9.82,7.81,11.83
K2,overall,80+,2012,17.43,14.99,19.87
K3a,overall,80+,2012,8.43,8.27,8.59
K3b,overall,80+,2012,9.71,9.26,10.15
K4,overall,80+,2012,2.23,1.85,2.62
K5,overall,80+,2012,1.31,0.97,1.64
K1,overall,Overall,2013,4.08,2.85,5.31
K2,overall,Overall,2013,2.42,2.09,2.76
K3a,overall,Overall,2013,1.26,1.22,1.29
K3b,overall,Overall,2013,0.87,0.8,0.93
K4,overall,Overall,2013,0.2,0.14,0.25
K5,overall,Overall,2013,0.14,0.07,0.21
K1,chn,Overall,2013,3.18,2.13,4.22
K2,chn,Overall,2013,2.56,2.16,2.96
K3a,chn,Overall,2013,1.6,1.55,1.64
K3b,chn,Overall,2013,1.06,0.97,1.14
K4,chn,Overall,2013,0.25,0.18,0.31
K5,chn,Overall,2013,0.14,0.07,0.22
K1,mal,Overall,2013,5.05,3.64,6.46
K2,mal,Overall,2013,2.15,1.93,2.37
K3a,mal,Overall,2013,0.86,0.84,0.89
K3b,mal,Overall,2013,0.73,0.69,0.77
K4,mal,Overall,2013,0.15,0.11,0.19
K5,mal,Overall,2013,0.1,0.05,0.14
K1,ind,Overall,2013,3.27,2.18,4.35
K2,ind,Overall,2013,3.27,2.59,3.94
K3a,ind,Overall,2013,1.89,1.81,1.97
K3b,ind,Overall,2013,0.92,0.83,1.02
K4,ind,Overall,2013,0.25,0.16,0.33
K5,ind,Overall,2013,0.27,0.15,0.39
K1,overall,18-30,2013,1.05,0.67,1.42
K2,overall,18-30,2013,0.09,0.06,0.13
K3a,overall,18-30,2013,0.03,0.04,0.03
K3b,overall,18-30,2013,0.0,0.0,0.0
K4,overall,18-30,2013,0.0,0.0,0.0
K5,overall,18-30,2013,0.0,0.0,0.0
K1,overall,31-40,2013,2.35,1.41,3.29
K2,overall,31-40,2013,0.3,0.22,0.38
K3a,overall,31-40,2013,0.1,0.1,0.09
K3b,overall,31-40,2013,0.01,0.0,0.01
K4,overall,31-40,2013,0.0,0.0,0.0
K5,overall,31-40,2013,0.0,0.0,0.0
K1,overall,41-50,2013,3.55,2.13,4.97
K2,overall,41-50,2013,0.87,0.65,1.1
K3a,overall,41-50,2013,0.34,0.31,0.36
K3b,overall,41-50,2013,0.06,0.05,0.07
K4,overall,41-50,2013,0.01,0.0,0.01
K5,overall,41-50,2013,0.0,0.0,0.01
K1,overall,51-60,2013,5.3,3.54,7.06
K2,overall,51-60,2013,2.46,2.03,2.89
K3a,overall,51-60,2013,1.32,1.23,1.41
K3b,overall,51-60,2013,0.47,0.4,0.54
K4,overall,51-60,2013,0.08,0.04,0.13
K5,overall,51-60,2013,0.05,0.01,0.09
K1,overall,61-70,2013,8.8,6.88,10.71
K2,overall,61-70,2013,6.81,5.99,7.64
K3a,overall,61-70,2013,3.63,3.51,3.75
K3b,overall,61-70,2013,2.22,1.99,2.45
K4,overall,61-70,2013,0.5,0.31,0.68
K5,overall,61-70,2013,0.36,0.12,0.6
K1,overall,71-80,2013,9.37,7.64,11.1
K2,overall,71-80,2013,12.04,10.89,13.19
K3a,overall,71-80,2013,6.82,6.75,6.89
K3b,overall,71-80,2013,6.47,6.1,6.84
K4,overall,71-80,2013,1.57,1.29,1.85
K5,overall,71-80,2013,1.22,0.67,1.78
K1,overall,80+,2013,9.8,7.93,11.66
K2,overall,80+,2013,17.21,14.89,19.53
K3a,overall,80+,2013,8.41,8.35,8.47
K3b,overall,80+,2013,9.85,9.37,10.33
K4,overall,80+,2013,2.33,1.86,2.79
K5,overall,80+,2013,1.27,0.84,1.7
K1,overall,Overall,2014,4.14,2.9,5.37
K2,overall,Overall,2014,2.5,2.16,2.85
K3a,overall,Overall,2014,1.3,1.27,1.33
K3b,overall,Overall,2014,0.91,0.84,0.97
K4,overall,Overall,2014,0.21,0.15,0.26
K5,overall,Overall,2014,0.15,0.07,0.22
K1,chn,Overall,2014,3.21,2.15,4.26
K2,chn,Overall,2014,2.65,2.24,3.06
K3a,chn,Overall,2014,1.66,1.62,1.7
K3b,chn,Overall,2014,1.12,1.04,1.21
K4,chn,Overall,2014,0.26,0.19,0.33
K5,chn,Overall,2014,0.16,0.08,0.24
K1,mal,Overall,2014,5.13,3.73,6.54
K2,mal,Overall,2014,2.21,1.98,2.43
K3a,mal,Overall,2014,0.89,0.87,0.91
K3b,mal,Overall,2014,0.75,0.71,0.79
K4,mal,Overall,2014,0.15,0.11,0.2
K5,mal,Overall,2014,0.1,0.05,0.15
K1,ind,Overall,2014,3.33,2.23,4.43
K2,ind,Overall,2014,3.36,2.68,4.04
K3a,ind,Overall,2014,1.98,1.89,2.07
K3b,ind,Overall,2014,0.95,0.88,1.02
K4,ind,Overall,2014,0.27,0.17,0.37
K5,ind,Overall,2014,0.28,0.15,0.41
K1,overall,18-30,2014,1.07,0.69,1.45
K2,overall,18-30,2014,0.09,0.06,0.13
K3a,overall,18-30,2014,0.03,0.04,0.03
K3b,overall,18-30,2014,0.0,0.0,0.0
K4,overall,18-30,2014,0.0,0.0,0.0
K5,overall,18-30,2014,0.0,0.0,0.0
K1,overall,31-40,2014,2.35,1.42,3.28
K2,overall,31-40,2014,0.3,0.21,0.38
K3a,overall,31-40,2014,0.09,0.1,0.09
K3b,overall,31-40,2014,0.01,0.0,0.01
K4,overall,31-40,2014,0.0,0.0,0.0
K5,overall,31-40,2014,0.0,0.0,0.0
K1,overall,41-50,2014,3.55,2.12,4.97
K2,overall,41-50,2014,0.86,0.65,1.08
K3a,overall,41-50,2014,0.34,0.31,0.36
K3b,overall,41-50,2014,0.06,0.05,0.07
K4,overall,41-50,2014,0.01,0.0,0.01
K5,overall,41-50,2014,0.0,0.0,0.01
K1,overall,51-60,2014,5.3,3.56,7.04
K2,overall,51-60,2014,2.47,2.03,2.9
K3a,overall,51-60,2014,1.34,1.24,1.44
K3b,overall,51-60,2014,0.48,0.42,0.55
K4,overall,51-60,2014,0.09,0.05,0.13
K5,overall,51-60,2014,0.05,0.01,0.09
K1,overall,61-70,2014,8.76,6.84,10.67
K2,overall,61-70,2014,6.89,6.09,7.69
K3a,overall,61-70,2014,3.67,3.57,3.77
K3b,overall,61-70,2014,2.29,2.05,2.52
K4,overall,61-70,2014,0.51,0.31,0.7
K5,overall,61-70,2014,0.38,0.13,0.64
K1,overall,71-80,2014,9.37,7.67,11.07
K2,overall,71-80,2014,12.05,10.83,13.27
K3a,overall,71-80,2014,6.85,6.82,6.88
K3b,overall,71-80,2014,6.57,6.21,6.93
K4,overall,71-80,2014,1.57,1.23,1.92
K5,overall,71-80,2014,1.27,0.66,1.87
K1,overall,80+,2014,9.79,7.98,11.6
K2,overall,80+,2014,17.29,15.01,19.56
K3a,overall,80+,2014,8.38,8.34,8.42
K3b,overall,80+,2014,9.62,9.3,9.94
K4,overall,80+,2014,2.34,1.9,2.78
K5,overall,80+,2014,1.28,0.84,1.72
K1,overall,Overall,2015,4.2,2.95,5.44
K2,overall,Overall,2015,2.58,2.23,2.93
K3a,overall,Overall,2015,1.34,1.32,1.37
K3b,overall,Overall,2015,0.96,0.89,1.02
K4,overall,Overall,2015,0.21,0.16,0.27
K5,overall,Overall,2015,0.16,0.07,0.24
K1,chn,Overall,2015,3.25,2.19,4.31
K2,chn,Overall,2015,2.73,2.31,3.15
K3a,chn,Overall,2015,1.72,1.69,1.76
K3b,chn,Overall,2015,1.2,1.11,1.29
K4,chn,Overall,2015,0.27,0.21,0.34
K5,chn,Overall,2015,0.16,0.08,0.25
K1,mal,Overall,2015,5.22,3.8,6.64
K2,mal,Overall,2015,2.28,2.05,2.5
K3a,mal,Overall,2015,0.91,0.9,0.93
K3b,mal,Overall,2015,0.78,0.73,0.82
K4,mal,Overall,2015,0.16,0.12,0.2
K5,mal,Overall,2015,0.11,0.05,0.17
K1,ind,Overall,2015,3.35,2.23,4.48
K2,ind,Overall,2015,3.46,2.76,4.16
K3a,ind,Overall,2015,2.03,1.94,2.11
K3b,ind,Overall,2015,1.03,0.95,1.1
K4,ind,Overall,2015,0.28,0.18,0.37
K5,ind,Overall,2015,0.3,0.15,0.45
K1,overall,18-30,2015,1.1,0.71,1.49
K2,overall,18-30,2015,0.1,0.06,0.14
K3a,overall,18-30,2015,0.04,0.04,0.03
K3b,overall,18-30,2015,0.0,0.0,0.0
K4,overall,18-30,2015,0.0,0.0,0.0
K5,overall,18-30,2015,0.0,0.0,0.0
K1,overall,31-40,2015,2.36,1.42,3.29
K2,overall,31-40,2015,0.3,0.21,0.39
K3a,overall,31-40,2015,0.1,0.1,0.09
K3b,overall,31-40,2015,0.01,0.0,0.01
K4,overall,31-40,2015,0.0,0.0,0.0
K5,overall,31-40,2015,0.0,0.0,0.0
K1,overall,41-50,2015,3.54,2.1,4.98
K2,overall,41-50,2015,0.85,0.64,1.07
K3a,overall,41-50,2015,0.34,0.32,0.36
K3b,overall,41-50,2015,0.06,0.05,0.07
K4,overall,41-50,2015,0.01,0.0,0.01
K5,overall,41-50,2015,0.0,0.0,0.01
K1,overall,51-60,2015,5.3,3.55,7.04
K2,overall,51-60,2015,2.45,2.01,2.88
K3a,overall,51-60,2015,1.34,1.24,1.44
K3b,overall,51-60,2015,0.5,0.44,0.56
K4,overall,51-60,2015,0.09,0.05,0.13
K5,overall,51-60,2015,0.05,0.01,0.09
K1,overall,61-70,2015,8.79,6.92,10.66
K2,overall,61-70,2015,6.93,6.11,7.74
K3a,overall,61-70,2015,3.7,3.62,3.77
K3b,overall,61-70,2015,2.35,2.12,2.59
K4,overall,61-70,2015,0.5,0.33,0.67
K5,overall,61-70,2015,0.39,0.13,0.65
K1,overall,71-80,2015,9.34,7.58,11.1
K2,overall,71-80,2015,12.08,10.92,13.25
K3a,overall,71-80,2015,6.84,6.8,6.89
K3b,overall,71-80,2015,6.67,6.28,7.05
K4,overall,71-80,2015,1.62,1.26,1.97
K5,overall,71-80,2015,1.29,0.67,1.92
K1,overall,80+,2015,9.58,7.79,11.38
K2,overall,80+,2015,17.29,15.08,19.49
K3a,overall,80+,2015,8.24,8.29,8.19
K3b,overall,80+,2015,9.68,9.34,10.02
K4,overall,80+,2015,2.33,1.98,2.68
K5,overall,80+,2015,1.34,0.87,1.82
K1,overall,Overall,2016,4.27,3.02,5.53
K2,overall,Overall,2016,2.66,2.3,3.02
K3a,overall,Overall,2016,1.39,1.36,1.43
K3b,overall,Overall,2016,1.0,0.93,1.07
K4,overall,Overall,2016,0.23,0.17,0.28
K5,overall,Overall,2016,0.16,0.08,0.25
K1,chn,Overall,2016,3.3,2.24,4.36
K2,chn,Overall,2016,2.82,2.38,3.27
K3a,chn,Overall,2016,1.8,1.75,1.84
K3b,chn,Overall,2016,1.26,1.17,1.36
K4,chn,Overall,2016,0.29,0.22,0.36
K5,chn,Overall,2016,0.18,0.08,0.27
K1,mal,Overall,2016,5.32,3.88,6.75
K2,mal,Overall,2016,2.35,2.13,2.57
K3a,mal,Overall,2016,0.95,0.92,0.97
K3b,mal,Overall,2016,0.81,0.77,0.85
K4,mal,Overall,2016,0.17,0.13,0.21
K5,mal,Overall,2016,0.12,0.05,0.18
K1,ind,Overall,2016,3.42,2.29,4.55
K2,ind,Overall,2016,3.58,2.86,4.3
K3a,ind,Overall,2016,2.08,1.99,2.17
K3b,ind,Overall,2016,1.08,0.98,1.18
K4,ind,Overall,2016,0.28,0.18,0.38
K5,ind,Overall,2016,0.3,0.16,0.44
K1,overall,18-30,2016,1.12,0.73,1.52
K2,overall,18-30,2016,0.1,0.06,0.13
K3a,overall,18-30,2016,0.03,0.04,0.03
K3b,overall,18-30,2016,0.0,0.0,0.0
K4,overall,18-30,2016,0.0,0.0,0.0
K5,overall,18-30,2016,0.0,0.0,0.0
K1,overall,31-40,2016,2.38,1.44,3.33
K2,overall,31-40,2016,0.31,0.22,0.41
K3a,overall,31-40,2016,0.09,0.1,0.09
K3b,overall,31-40,2016,0.01,0.0,0.01
K4,overall,31-40,2016,0.0,0.0,0.0
K5,overall,31-40,2016,0.0,0.0,0.0
K1,overall,41-50,2016,3.55,2.1,5.0
K2,overall,41-50,2016,0.84,0.63,1.06
K3a,overall,41-50,2016,0.35,0.33,0.36
K3b,overall,41-50,2016,0.06,0.04,0.07
K4,overall,41-50,2016,0.01,0.0,0.01
K5,overall,41-50,2016,0.0,0.0,0.0
K1,overall,51-60,2016,5.31,3.58,7.03
K2,overall,51-60,2016,2.47,2.02,2.91
K3a,overall,51-60,2016,1.37,1.28,1.46
K3b,overall,51-60,2016,0.51,0.44,0.57
K4,overall,51-60,2016,0.09,0.05,0.13
K5,overall,51-60,2016,0.05,0.01,0.08
K1,overall,61-70,2016,8.82,6.95,10.68
K2,overall,61-70,2016,7.01,6.21,7.8
K3a,overall,61-70,2016,3.77,3.64,3.89
K3b,overall,61-70,2016,2.45,2.2,2.69
K4,overall,61-70,2016,0.53,0.35,0.71
K5,overall,61-70,2016,0.41,0.14,0.67
K1,overall,71-80,2016,9.38,7.68,11.07
K2,overall,71-80,2016,12.06,10.8,13.31
K3a,overall,71-80,2016,6.83,6.72,6.95
K3b,overall,71-80,2016,6.69,6.39,6.99
K4,overall,71-80,2016,1.65,1.31,1.99
K5,overall,71-80,2016,1.31,0.7,1.92
K1,overall,80+,2016,9.49,7.62,11.37
K2,overall,80+,2016,17.31,15.2,19.42
K3a,overall,80+,2016,8.19,8.28,8.1
K3b,overall,80+,2016,9.84,9.4,10.28
K4,overall,80+,2016,2.36,2.02,2.7
K5,overall,80+,2016,1.32,0.87,1.78
K1,overall,Overall,2017,4.36,3.1,5.62
K2,overall,Overall,2017,2.76,2.38,3.13
K3a,overall,Overall,2017,1.45,1.41,1.49
K3b,overall,Overall,2017,1.05,0.98,1.13
K4,overall,Overall,2017,0.24,0.18,0.3
K5,overall,Overall,2017,0.17,0.08,0.26
K1,chn,Overall,2017,3.35,2.28,4.42
K2,chn,Overall,2017,2.93,2.47,3.39
K3a,chn,Overall,2017,1.87,1.82,1.92
K3b,chn,Overall,2017,1.34,1.25,1.44
K4,chn,Overall,2017,0.31,0.24,0.38
K5,chn,Overall,2017,0.19,0.09,0.28
K1,mal,Overall,2017,5.44,4.0,6.87
K2,mal,Overall,2017,2.44,2.21,2.67
K3a,mal,Overall,2017,0.98,0.96,1.0
K3b,mal,Overall,2017,0.84,0.79,0.89
K4,mal,Overall,2017,0.18,0.14,0.22
K5,mal,Overall,2017,0.12,0.05,0.18
K1,ind,Overall,2017,3.47,2.36,4.59
K2,ind,Overall,2017,3.7,2.97,4.42
K3a,ind,Overall,2017,2.18,2.07,2.29
K3b,ind,Overall,2017,1.14,1.02,1.25
K4,ind,Overall,2017,0.29,0.2,0.38
K5,ind,Overall,2017,0.33,0.18,0.48
K1,overall,18-30,2017,1.17,0.76,1.58
K2,overall,18-30,2017,0.1,0.07,0.14
K3a,overall,18-30,2017,0.04,0.04,0.03
K3b,overall,18-30,2017,0.0,0.0,0.0
K4,overall,18-30,2017,0.0,0.0,0.0
K5,overall,18-30,2017,0.0,0.0,0.0
K1,overall,31-40,2017,2.44,1.49,3.4
K2,overall,31-40,2017,0.33,0.23,0.44
K3a,overall,31-40,2017,0.09,0.09,0.09
K3b,overall,31-40,2017,0.01,0.0,0.01
K4,overall,31-40,2017,0.0,0.0,0.0
K5,overall,31-40,2017,0.0,0.0,0.0
K1,overall,41-50,2017,3.57,2.14,5.0
K2,overall,41-50,2017,0.84,0.62,1.05
K3a,overall,41-50,2017,0.36,0.34,0.37
K3b,overall,41-50,2017,0.06,0.05,0.07
K4,overall,41-50,2017,0.01,0.0,0.01
K5,overall,41-50,2017,0.0,0.0,0.0
K1,overall,51-60,2017,5.33,3.62,7.04
K2,overall,51-60,2017,2.5,2.04,2.97
K3a,overall,51-60,2017,1.4,1.3,1.49
K3b,overall,51-60,2017,0.52,0.46,0.59
K4,overall,51-60,2017,0.08,0.04,0.12
K5,overall,51-60,2017,0.05,0.02,0.08
K1,overall,61-70,2017,8.8,6.95,10.65
K2,overall,61-70,2017,7.06,6.29,7.84
K3a,overall,61-70,2017,3.82,3.68,3.96
K3b,overall,61-70,2017,2.49,2.24,2.75
K4,overall,61-70,2017,0.54,0.36,0.72
K5,overall,61-70,2017,0.41,0.15,0.68
K1,overall,71-80,2017,9.41,7.67,11.14
K2,overall,71-80,2017,12.08,10.74,13.42
K3a,overall,71-80,2017,6.79,6.73,6.86
K3b,overall,71-80,2017,6.82,6.48,7.15
K4,overall,71-80,2017,1.7,1.37,2.04
K5,overall,71-80,2017,1.31,0.71,1.91
K1,overall,80+,2017,9.41,7.53,11.28
K2,overall,80+,2017,17.38,15.37,19.39
K3a,overall,80+,2017,8.25,8.29,8.21
K3b,overall,80+,2017,9.83,9.36,10.3
K4,overall,80+,2017,2.38,2.13,2.64
K5,overall,80+,2017,1.34,0.85,1.84
K1,overall,Overall,2018,4.46,3.2,5.73
K2,overall,Overall,2018,2.85,2.48,3.23
K3a,overall,Overall,2018,1.51,1.47,1.55
K3b,overall,Overall,2018,1.11,1.04,1.19
K4,overall,Overall,2018,0.25,0.19,0.32
K5,overall,Overall,2018,0.18,0.09,0.27
K1,chn,Overall,2018,3.42,2.35,4.49
K2,chn,Overall,2018,3.03,2.56,3.49
K3a,chn,Overall,2018,1.95,1.89,2.0
K3b,chn,Overall,2018,1.43,1.33,1.52
K4,chn,Overall,2018,0.33,0.26,0.41
K5,chn,Overall,2018,0.19,0.09,0.29
K1,mal,Overall,2018,5.57,4.12,7.02
K2,mal,Overall,2018,2.52,2.29,2.74
K3a,mal,Overall,2018,1.02,0.99,1.04
K3b,mal,Overall,2018,0.88,0.83,0.93
K4,mal,Overall,2018,0.19,0.15,0.23
K5,mal,Overall,2018,0.12,0.06,0.19
K1,ind,Overall,2018,3.56,2.43,4.69
K2,ind,Overall,2018,3.85,3.09,4.6
K3a,ind,Overall,2018,2.29,2.19,2.38
K3b,ind,Overall,2018,1.19,1.07,1.31
K4,ind,Overall,2018,0.31,0.21,0.41
K5,ind,Overall,2018,0.34,0.17,0.51
K1,overall,18-30,2018,1.25,0.83,1.68
K2,overall,18-30,2018,0.11,0.07,0.15
K3a,overall,18-30,2018,0.04,0.04,0.04
K3b,overall,18-30,2018,0.0,0.0,0.0
K4,overall,18-30,2018,0.0,0.0,0.0
K5,overall,18-30,2018,0.0,0.0,0.0
K1,overall,31-40,2018,2.51,1.55,3.47
K2,overall,31-40,2018,0.35,0.24,0.45
K3a,overall,31-40,2018,0.09,0.09,0.09
K3b,overall,31-40,2018,0.0,0.0,0.01
K4,overall,31-40,2018,0.0,0.0,0.0
K5,overall,31-40,2018,0.0,0.0,0.0
K1,overall,41-50,2018,3.58,2.17,4.99
K2,overall,41-50,2018,0.84,0.63,1.04
K3a,overall,41-50,2018,0.36,0.35,0.38
K3b,overall,41-50,2018,0.06,0.06,0.07
K4,overall,41-50,2018,0.01,0.0,0.01
K5,overall,41-50,2018,0.0,0.0,0.01
K1,overall,51-60,2018,5.36,3.64,7.08
K2,overall,51-60,2018,2.54,2.07,3.0
K3a,overall,51-60,2018,1.41,1.33,1.49
K3b,overall,51-60,2018,0.54,0.46,0.61
K4,overall,51-60,2018,0.09,0.04,0.13
K5,overall,51-60,2018,0.05,0.02,0.09
K1,overall,61-70,2018,8.82,6.96,10.67
K2,overall,61-70,2018,7.08,6.3,7.85
K3a,overall,61-70,2018,3.85,3.7,4.0
K3b,overall,61-70,2018,2.52,2.27,2.76
K4,overall,61-70,2018,0.54,0.37,0.71
K5,overall,61-70,2018,0.4,0.16,0.65
K1,overall,71-80,2018,9.52,7.8,11.24
K2,overall,71-80,2018,11.93,10.69,13.18
K3a,overall,71-80,2018,6.81,6.72,6.9
K3b,overall,71-80,2018,6.78,6.43,7.13
K4,overall,71-80,2018,1.73,1.36,2.09
K5,overall,71-80,2018,1.31,0.68,1.93
K1,overall,80+,2018,9.42,7.47,11.36
K2,overall,80+,2018,17.22,15.27,19.17
K3a,overall,80+,2018,8.18,8.19,8.18
K3b,overall,80+,2018,9.98,9.62,10.35
K4,overall,80+,2018,2.43,2.14,2.72
K5,overall,80+,2018,1.32,0.83,1.81
K1,overall,Overall,2019,4.59,3.31,5.86
K2,overall,Overall,2019,2.96,2.57,3.34
K3a,overall,Overall,2019,1.56,1.52,1.6
K3b,overall,Overall,2019,1.17,1.09,1.25
K4,overall,Overall,2019,0.27,0.21,0.33
K5,overall,Overall,2019,0.19,0.09,0.28
K1,chn,Overall,2019,3.49,2.42,4.55
K2,chn,Overall,2019,3.14,2.66,3.62
K3a,chn,Overall,2019,2.02,1.97,2.06
K3b,chn,Overall,2019,1.51,1.4,1.62
K4,chn,Overall,2019,0.35,0.27,0.42
K5,chn,Overall,2019,0.2,0.1,0.31
K1,mal,Overall,2019,5.73,4.26,7.19
K2,mal,Overall,2019,2.61,2.38,2.84
K3a,mal,Overall,2019,1.04,1.0,1.07
K3b,mal,Overall,2019,0.91,0.86,0.97
K4,mal,Overall,2019,0.2,0.16,0.24
K5,mal,Overall,2019,0.13,0.06,0.19
K1,ind,Overall,2019,3.66,2.52,4.81
K2,ind,Overall,2019,3.99,3.23,4.74
K3a,ind,Overall,2019,2.38,2.29,2.46
K3b,ind,Overall,2019,1.26,1.13,1.39
K4,ind,Overall,2019,0.34,0.22,0.46
K5,ind,Overall,2019,0.35,0.19,0.52
K1,overall,18-30,2019,1.35,0.91,1.79
K2,overall,18-30,2019,0.12,0.08,0.16
K3a,overall,18-30,2019,0.04,0.04,0.03
K3b,overall,18-30,2019,0.0,0.0,0.0
K4,overall,18-30,2019,0.0,0.0,0.0
K5,overall,18-30,2019,0.0,0.0,0.0
K1,overall,31-40,2019,2.62,1.65,3.59
K2,overall,31-40,2019,0.36,0.25,0.46
K3a,overall,31-40,2019,0.1,0.1,0.1
K3b,overall,31-40,2019,0.0,0.0,0.01
K4,overall,31-40,2019,0.0,0.0,0.0
K5,overall,31-40,2019,0.0,0.0,0.0
K1,overall,41-50,2019,3.64,2.24,5.03
K2,overall,41-50,2019,0.85,0.65,1.06
K3a,overall,41-50,2019,0.36,0.36,0.37
K3b,overall,41-50,2019,0.06,0.05,0.07
K4,overall,41-50,2019,0.01,0.0,0.01
K5,overall,41-50,2019,0.0,0.0,0.0
K1,overall,51-60,2019,5.41,3.68,7.15
K2,overall,51-60,2019,2.58,2.11,3.05
K3a,overall,51-60,2019,1.44,1.35,1.53
K3b,overall,51-60,2019,0.54,0.46,0.62
K4,overall,51-60,2019,0.09,0.05,0.14
K5,overall,51-60,2019,0.05,0.02,0.09
K1,overall,61-70,2019,8.86,7.04,10.68
K2,overall,61-70,2019,7.14,6.35,7.93
K3a,overall,61-70,2019,3.85,3.72,3.97
K3b,overall,61-70,2019,2.53,2.28,2.79
K4,overall,61-70,2019,0.54,0.37,0.7
K5,overall,61-70,2019,0.41,0.17,0.66
K1,overall,71-80,2019,9.47,7.76,11.19
K2,overall,71-80,2019,11.9,10.69,13.11
K3a,overall,71-80,2019,6.74,6.63,6.85
K3b,overall,71-80,2019,6.87,6.52,7.22
K4,overall,71-80,2019,1.73,1.37,2.08
K5,overall,71-80,2019,1.31,0.69,1.93
K1,overall,80+,2019,9.49,7.59,11.39
K2,overall,80+,2019,17.26,15.32,19.19
K3a,overall,80+,2019,8.21,8.11,8.3
K3b,overall,80+,2019,9.96,9.53,10.4
K4,overall,80+,2019,2.49,2.25,2.73
K5,overall,80+,2019,1.25,0.79,1.7
K1,overall,Overall,2020,4.78,3.49,6.06
K2,overall,Overall,2020,3.1,2.71,3.49
K3a,overall,Overall,2020,1.62,1.58,1.66
K3b,overall,Overall,2020,1.23,1.14,1.31
K4,overall,Overall,2020,0.29,0.22,0.35
K5,overall,Overall,2020,0.2,0.1,0.3
K1,chn,Overall,2020,3.61,2.53,4.69
K2,chn,Overall,2020,3.29,2.8,3.78
K3a,chn,Overall,2020,2.11,2.06,2.15
K3b,chn,Overall,2020,1.59,1.49,1.69
K4,chn,Overall,2020,0.37,0.3,0.45
K5,chn,Overall,2020,0.22,0.11,0.33
K1,mal,Overall,2020,5.97,4.49,7.45
K2,mal,Overall,2020,2.73,2.49,2.96
K3a,mal,Overall,2020,1.06,1.02,1.1
K3b,mal,Overall,2020,0.96,0.9,1.01
K4,mal,Overall,2020,0.21,0.16,0.25
K5,mal,Overall,2020,0.13,0.06,0.2
K1,ind,Overall,2020,3.83,2.68,4.99
K2,ind,Overall,2020,4.19,3.44,4.95
K3a,ind,Overall,2020,2.48,2.42,2.54
K3b,ind,Overall,2020,1.34,1.18,1.5
K4,ind,Overall,2020,0.36,0.26,0.47
K5,ind,Overall,2020,0.37,0.19,0.55
K1,overall,18-30,2020,1.51,1.05,1.97
K2,overall,18-30,2020,0.14,0.1,0.18
K3a,overall,18-30,2020,0.04,0.04,0.04
K3b,overall,18-30,2020,0.0,0.0,0.0
K4,overall,18-30,2020,0.0,0.0,0.0
K5,overall,18-30,2020,0.0,0.0,0.0
K1,overall,31-40,2020,2.79,1.82,3.77
K2,overall,31-40,2020,0.38,0.28,0.49
K3a,overall,31-40,2020,0.1,0.1,0.1
K3b,overall,31-40,2020,0.0,0.0,0.01
K4,overall,31-40,2020,0.0,0.0,0.0
K5,overall,31-40,2020,0.0,0.0,0.0
K1,overall,41-50,2020,3.77,2.36,5.18
K2,overall,41-50,2020,0.89,0.68,1.09
K3a,overall,41-50,2020,0.38,0.37,0.39
K3b,overall,41-50,2020,0.06,0.05,0.07
K4,overall,41-50,2020,0.01,0.0,0.01
K5,overall,41-50,2020,0.0,0.0,0.0
K1,overall,51-60,2020,5.51,3.8,7.22
K2,overall,51-60,2020,2.63,2.17,3.09
K3a,overall,51-60,2020,1.46,1.38,1.55
K3b,overall,51-60,2020,0.54,0.46,0.62
K4,overall,51-60,2020,0.09,0.04,0.14
K5,overall,51-60,2020,0.05,0.01,0.09
K1,overall,61-70,2020,8.94,7.12,10.77
K2,overall,61-70,2020,7.23,6.42,8.04
K3a,overall,61-70,2020,3.86,3.73,3.98
K3b,overall,61-70,2020,2.57,2.31,2.82
K4,overall,61-70,2020,0.55,0.39,0.71
K5,overall,61-70,2020,0.42,0.17,0.66
K1,overall,71-80,2020,9.53,7.77,11.29
K2,overall,71-80,2020,11.93,10.76,13.11
K3a,overall,71-80,2020,6.68,6.54,6.82
K3b,overall,71-80,2020,6.79,6.47,7.1
K4,overall,71-80,2020,1.74,1.4,2.08
K5,overall,71-80,2020,1.33,0.7,1.96
K1,overall,80+,2020,9.5,7.68,11.32
K2,overall,80+,2020,17.12,15.24,19.0
K3a,overall,80+,2020,8.19,8.13,8.24
K3b,overall,80+,2020,10.06,9.55,10.57
K4,overall,80+,2020,2.46,2.23,2.7
K5,overall,80+,2020,1.25,0.79,1.72
K1,overall,Overall,2021,5.04,3.72,6.36
K2,overall,Overall,2021,3.26,2.86,3.67
K3a,overall,Overall,2021,1.7,1.65,1.74
K3b,overall,Overall,2021,1.29,1.21,1.37
K4,overall,Overall,2021,0.3,0.24,0.37
K5,overall,Overall,2021,0.21,0.1,0.31
K1,chn,Overall,2021,3.79,2.68,4.91
K2,chn,Overall,2021,3.45,2.95,3.95
K3a,chn,Overall,2021,2.22,2.17,2.26
K3b,chn,Overall,2021,1.68,1.58,1.77
K4,chn,Overall,2021,0.4,0.32,0.48
K5,chn,Overall,2021,0.23,0.12,0.35
K1,mal,Overall,2021,6.32,4.8,7.83
K2,mal,Overall,2021,2.88,2.64,3.13
K3a,mal,Overall,2021,1.1,1.06,1.15
K3b,mal,Overall,2021,1.0,0.95,1.06
K4,mal,Overall,2021,0.21,0.17,0.26
K5,mal,Overall,2021,0.14,0.07,0.21
K1,ind,Overall,2021,4.08,2.88,5.27
K2,ind,Overall,2021,4.43,3.66,5.19
K3a,ind,Overall,2021,2.6,2.54,2.66
K3b,ind,Overall,2021,1.39,1.23,1.54
K4,ind,Overall,2021,0.39,0.27,0.52
K5,ind,Overall,2021,0.39,0.19,0.59
K1,overall,18-30,2021,1.76,1.26,2.26
K2,overall,18-30,2021,0.16,0.12,0.19
K3a,overall,18-30,2021,0.04,0.04,0.03
K3b,overall,18-30,2021,0.0,0.0,0.0
K4,overall,18-30,2021,0.0,0.0,0.0
K5,overall,18-30,2021,0.0,0.0,0.0
K1,overall,31-40,2021,3.05,2.04,4.05
K2,overall,31-40,2021,0.42,0.31,0.53
K3a,overall,31-40,2021,0.11,0.1,0.11
K3b,overall,31-40,2021,0.01,0.0,0.01
K4,overall,31-40,2021,0.0,0.0,0.0
K5,overall,31-40,2021,0.0,0.0,0.0
K1,overall,41-50,2021,3.97,2.54,5.4
K2,overall,41-50,2021,0.95,0.73,1.17
K3a,overall,41-50,2021,0.39,0.38,0.39
K3b,overall,41-50,2021,0.07,0.06,0.08
K4,overall,41-50,2021,0.01,0.0,0.01
K5,overall,41-50,2021,0.0,0.0,0.0
K1,overall,51-60,2021,5.72,3.93,7.5
K2,overall,51-60,2021,2.72,2.27,3.16
K3a,overall,51-60,2021,1.46,1.39,1.53
K3b,overall,51-60,2021,0.55,0.47,0.63
K4,overall,51-60,2021,0.09,0.04,0.14
K5,overall,51-60,2021,0.05,0.01,0.09
K1,overall,61-70,2021,9.03,7.23,10.82
K2,overall,61-70,2021,7.3,6.49,8.1
K3a,overall,61-70,2021,3.97,3.81,4.12
K3b,overall,61-70,2021,2.59,2.36,2.82
K4,overall,61-70,2021,0.56,0.4,0.72
K5,overall,61-70,2021,0.42,0.17,0.68
K1,overall,71-80,2021,9.58,7.81,11.35
K2,overall,71-80,2021,11.98,10.8,13.17
K3a,overall,71-80,2021,6.66,6.54,6.79
K3b,overall,71-80,2021,6.71,6.39,7.02
K4,overall,71-80,2021,1.74,1.4,2.07
K5,overall,71-80,2021,1.33,0.71,1.96
K1,overall,80+,2021,9.74,7.91,11.57
K2,overall,80+,2021,17.14,15.2,19.07
K3a,overall,80+,2021,8.17,8.12,8.23
K3b,overall,80+,2021,10.12,9.7,10.54
K4,overall,80+,2021,2.46,2.19,2.72
K5,overall,80+,2021,1.16,0.76,1.56
K1,overall,Overall,2022,5.3,3.97,6.63
K2,overall,Overall,2022,3.4,2.99,3.81
K3a,overall,Overall,2022,1.74,1.69,1.78
K3b,overall,Overall,2022,1.33,1.25,1.41
K4,overall,Overall,2022,0.31,0.25,0.38
K5,overall,Overall,2022,0.21,0.11,0.32
K1,chn,Overall,2022,3.98,2.85,5.11
K2,chn,Overall,2022,3.61,3.1,4.12
K3a,chn,Overall,2022,2.28,2.23,2.33
K3b,chn,Overall,2022,1.74,1.64,1.83
K4,chn,Overall,2022,0.42,0.34,0.5
K5,chn,Overall,2022,0.24,0.12,0.35
K1,mal,Overall,2022,6.62,5.11,8.13
K2,mal,Overall,2022,2.98,2.73,3.23
K3a,mal,Overall,2022,1.12,1.08,1.17
K3b,mal,Overall,2022,1.02,0.96,1.08
K4,mal,Overall,2022,0.22,0.18,0.27
K5,mal,Overall,2022,0.14,0.07,0.21
K1,ind,Overall,2022,4.33,3.11,5.55
K2,ind,Overall,2022,4.66,3.89,5.43
K3a,ind,Overall,2022,2.7,2.65,2.74
K3b,ind,Overall,2022,1.46,1.3,1.63
K4,ind,Overall,2022,0.4,0.28,0.53
K5,ind,Overall,2022,0.41,0.19,0.63
K1,overall,18-30,2022,2.07,1.54,2.6
K2,overall,18-30,2022,0.18,0.14,0.22
K3a,overall,18-30,2022,0.04,0.04,0.04
K3b,overall,18-30,2022,0.0,0.0,0.0
K4,overall,18-30,2022,0.0,0.0,0.0
K5,overall,18-30,2022,0.0,0.0,0.0
K1,overall,31-40,2022,3.3,2.31,4.29
K2,overall,31-40,2022,0.46,0.36,0.57
K3a,overall,31-40,2022,0.1,0.1,0.1
K3b,overall,31-40,2022,0.01,0.0,0.01
K4,overall,31-40,2022,0.0,0.0,0.0
K5,overall,31-40,2022,0.0,0.0,0.0
K1,overall,41-50,2022,4.22,2.78,5.65
K2,overall,41-50,2022,0.99,0.78,1.21
K3a,overall,41-50,2022,0.39,0.37,0.4
K3b,overall,41-50,2022,0.07,0.06,0.08
K4,overall,41-50,2022,0.01,0.0,0.01
K5,overall,41-50,2022,0.0,0.0,0.01
K1,overall,51-60,2022,5.95,4.15,7.74
K2,overall,51-60,2022,2.83,2.38,3.29
K3a,overall,51-60,2022,1.46,1.4,1.53
K3b,overall,51-60,2022,0.56,0.47,0.64
K4,overall,51-60,2022,0.09,0.05,0.14
K5,overall,51-60,2022,0.06,0.02,0.09
K1,overall,61-70,2022,9.16,7.36,10.96
K2,overall,61-70,2022,7.47,6.66,8.29
K3a,overall,61-70,2022,4.03,3.88,4.19
K3b,overall,61-70,2022,2.62,2.37,2.88
K4,overall,61-70,2022,0.59,0.42,0.76
K5,overall,61-70,2022,0.42,0.17,0.68
K1,overall,71-80,2022,9.71,7.94,11.48
K2,overall,71-80,2022,12.07,10.89,13.26
K3a,overall,71-80,2022,6.68,6.53,6.83
K3b,overall,71-80,2022,6.7,6.43,6.97
K4,overall,71-80,2022,1.71,1.38,2.05
K5,overall,71-80,2022,1.31,0.7,1.93
K1,overall,80+,2022,9.75,7.94,11.56
K2,overall,80+,2022,17.21,15.26,19.16
K3a,overall,80+,2022,8.12,8.08,8.15
K3b,overall,80+,2022,10.07,9.73,10.4
K4,overall,80+,2022,2.55,2.21,2.89
K5,overall,80+,2022,1.2,0.83,1.57
K1,overall,Overall,2023,5.65,4.3,7.01
K2,overall,Overall,2023,3.57,3.16,3.98
K3a,overall,Overall,2023,1.79,1.75,1.83
K3b,overall,Overall,2023,1.38,1.29,1.47
K4,overall,Overall,2023,0.33,0.26,0.4
K5,overall,Overall,2023,0.22,0.11,0.33
K1,chn,Overall,2023,4.23,3.09,5.37
K2,chn,Overall,2023,3.8,3.29,4.32
K3a,chn,Overall,2023,2.36,2.32,2.39
K3b,chn,Overall,2023,1.82,1.71,1.93
K4,chn,Overall,2023,0.45,0.36,0.53
K5,chn,Overall,2023,0.25,0.13,0.37
K1,mal,Overall,2023,7.04,5.49,8.58
K2,mal,Overall,2023,3.1,2.84,3.35
K3a,mal,Overall,2023,1.15,1.11,1.2
K3b,mal,Overall,2023,1.05,0.98,1.11
K4,mal,Overall,2023,0.23,0.18,0.28
K5,mal,Overall,2023,0.15,0.07,0.23
K1,ind,Overall,2023,4.71,3.48,5.94
K2,ind,Overall,2023,4.96,4.18,5.75
K3a,ind,Overall,2023,2.78,2.74,2.83
K3b,ind,Overall,2023,1.53,1.37,1.69
K4,ind,Overall,2023,0.43,0.3,0.55
K5,ind,Overall,2023,0.45,0.22,0.67
K1,overall,18-30,2023,2.47,1.91,3.03
K2,overall,18-30,2023,0.22,0.18,0.26
K3a,overall,18-30,2023,0.04,0.04,0.04
K3b,overall,18-30,2023,0.0,0.0,0.0
K4,overall,18-30,2023,0.0,0.0,0.0
K5,overall,18-30,2023,0.0,0.0,0.0
K1,overall,31-40,2023,3.71,2.7,4.71
K2,overall,31-40,2023,0.53,0.42,0.63
K3a,overall,31-40,2023,0.1,0.1,0.1
K3b,overall,31-40,2023,0.01,0.0,0.01
K4,overall,31-40,2023,0.0,0.0,0.0
K5,overall,31-40,2023,0.0,0.0,0.0
K1,overall,41-50,2023,4.51,3.05,5.98
K2,overall,41-50,2023,1.07,0.86,1.29
K3a,overall,41-50,2023,0.4,0.38,0.42
K3b,overall,41-50,2023,0.07,0.06,0.08
K4,overall,41-50,2023,0.01,0.0,0.01
K5,overall,41-50,2023,0.0,0.0,0.01
K1,overall,51-60,2023,6.29,4.51,8.07
K2,overall,51-60,2023,2.95,2.48,3.42
K3a,overall,51-60,2023,1.47,1.39,1.55
K3b,overall,51-60,2023,0.56,0.47,0.66
K4,overall,51-60,2023,0.09,0.05,0.13
K5,overall,51-60,2023,0.06,0.02,0.1
K1,overall,61-70,2023,9.37,7.55,11.18
K2,overall,61-70,2023,7.7,6.93,8.48
K3a,overall,61-70,2023,4.1,3.96,4.24
K3b,overall,61-70,2023,2.68,2.42,2.94
K4,overall,61-70,2023,0.61,0.44,0.79
K5,overall,61-70,2023,0.43,0.18,0.69
K1,overall,71-80,2023,9.84,8.05,11.64
K2,overall,71-80,2023,12.18,10.96,13.4
K3a,overall,71-80,2023,6.75,6.64,6.85
K3b,overall,71-80,2023,6.77,6.45,7.09
K4,overall,71-80,2023,1.75,1.42,2.07
K5,overall,71-80,2023,1.31,0.69,1.93
K1,overall,80+,2023,9.77,7.97,11.58
K2,overall,80+,2023,17.29,15.39,19.2
K3a,overall,80+,2023,8.03,8.07,7.98
K3b,overall,80+,2023,10.07,9.64,10.49
K4,overall,80+,2023,2.61,2.25,2.97
K5,overall,80+,2023,1.33,0.89,1.76
K1,overall,Overall,2024,6.09,4.7,7.48
K2,overall,Overall,2024,3.8,3.37,4.23
K3a,overall,Overall,2024,1.87,1.83,1.9
K3b,overall,Overall,2024,1.46,1.37,1.55
K4,overall,Overall,2024,0.35,0.28,0.43
K5,overall,Overall,2024,0.24,0.12,0.36
K1,chn,Overall,2024,4.55,3.38,5.73
K2,chn,Overall,2024,4.06,3.52,4.61
K3a,chn,Overall,2024,2.46,2.43,2.49
K3b,chn,Overall,2024,1.93,1.83,2.04
K4,chn,Overall,2024,0.48,0.39,0.57
K5,chn,Overall,2024,0.27,0.14,0.39
K1,mal,Overall,2024,7.56,5.98,9.15
K2,mal,Overall,2024,3.28,3.02,3.54
K3a,mal,Overall,2024,1.19,1.14,1.24
K3b,mal,Overall,2024,1.1,1.04,1.17
K4,mal,Overall,2024,0.24,0.19,0.3
K5,mal,Overall,2024,0.15,0.07,0.24
K1,ind,Overall,2024,5.14,3.85,6.43
K2,ind,Overall,2024,5.34,4.56,6.12
K3a,ind,Overall,2024,2.88,2.86,2.91
K3b,ind,Overall,2024,1.64,1.47,1.81
K4,ind,Overall,2024,0.45,0.32,0.59
K5,ind,Overall,2024,0.47,0.23,0.71
K1,overall,18-30,2024,2.92,2.33,3.51
K2,overall,18-30,2024,0.27,0.22,0.31
K3a,overall,18-30,2024,0.04,0.04,0.04
K3b,overall,18-30,2024,0.0,0.0,0.0
K4,overall,18-30,2024,0.0,0.0,0.0
K5,overall,18-30,2024,0.0,0.0,0.0
K1,overall,31-40,2024,4.28,3.21,5.34
K2,overall,31-40,2024,0.6,0.5,0.7
K3a,overall,31-40,2024,0.1,0.1,0.1
K3b,overall,31-40,2024,0.01,0.0,0.01
K4,overall,31-40,2024,0.0,0.0,0.0
K5,overall,31-40,2024,0.0,0.0,0.0
K1,overall,41-50,2024,4.97,3.48,6.45
K2,overall,41-50,2024,1.19,0.97,1.41
K3a,overall,41-50,2024,0.4,0.38,0.41
K3b,overall,41-50,2024,0.07,0.06,0.08
K4,overall,41-50,2024,0.01,0.0,0.01
K5,overall,41-50,2024,0.0,0.0,0.0
K1,overall,51-60,2024,6.65,4.83,8.48
K2,overall,51-60,2024,3.09,2.62,3.56
K3a,overall,51-60,2024,1.49,1.41,1.58
K3b,overall,51-60,2024,0.56,0.47,0.66
K4,overall,51-60,2024,0.09,0.05,0.14
K5,overall,51-60,2024,0.06,0.02,0.1
K1,overall,61-70,2024,9.57,7.76,11.37
K2,overall,61-70,2024,7.94,7.15,8.73
K3a,overall,61-70,2024,4.15,4.01,4.3
K3b,overall,61-70,2024,2.77,2.51,3.02
K4,overall,61-70,2024,0.62,0.45,0.8
K5,overall,61-70,2024,0.44,0.19,0.7
K1,overall,71-80,2024,10.01,8.18,11.85
K2,overall,71-80,2024,12.46,11.22,13.7
K3a,overall,71-80,2024,6.8,6.71,6.89
K3b,overall,71-80,2024,6.89,6.58,7.21
K4,overall,71-80,2024,1.79,1.47,2.12
K5,overall,71-80,2024,1.33,0.7,1.96
K1,overall,80+,2024,9.91,8.09,11.73
K2,overall,80+,2024,17.49,15.5,19.48
K3a,overall,80+,2024,8.08,8.18,7.99
K3b,overall,80+,2024,10.17,9.87,10.46
K4,overall,80+,2024,2.62,2.21,3.03
K5,overall,80+,2024,1.34,0.8,1.88
K1,overall,Overall,2025,6.56,5.13,7.99
K2,overall,Overall,2025,4.05,3.61,4.49
K3a,overall,Overall,2025,1.94,1.89,1.99
K3b,overall,Overall,2025,1.52,1.44,1.6
K4,overall,Overall,2025,0.37,0.29,0.46
K5,overall,Overall,2025,0.25,0.13,0.37
K1,chn,Overall,2025,4.89,3.68,6.11
K2,chn,Overall,2025,4.34,3.78,4.89
K3a,chn,Overall,2025,2.56,2.51,2.6
K3b,chn,Overall,2025,2.02,1.92,2.11
K4,chn,Overall,2025,0.5,0.41,0.6
K5,chn,Overall,2025,0.28,0.15,0.42
K1,mal,Overall,2025,8.13,6.51,9.74
K2,mal,Overall,2025,3.47,3.2,3.73
K3a,mal,Overall,2025,1.24,1.18,1.3
K3b,mal,Overall,2025,1.14,1.09,1.2
K4,mal,Overall,2025,0.25,0.2,0.31
K5,mal,Overall,2025,0.16,0.08,0.25
K1,ind,Overall,2025,5.59,4.26,6.92
K2,ind,Overall,2025,5.73,4.91,6.55
K3a,ind,Overall,2025,2.98,2.96,3.0
K3b,ind,Overall,2025,1.74,1.58,1.9
K4,ind,Overall,2025,0.49,0.34,0.64
K5,ind,Overall,2025,0.5,0.25,0.74
K1,overall,18-30,2025,3.38,2.74,4.03
K2,overall,18-30,2025,0.31,0.26,0.36
K3a,overall,18-30,2025,0.04,0.04,0.04
K3b,overall,18-30,2025,0.0,0.0,0.0
K4,overall,18-30,2025,0.0,0.0,0.0
K5,overall,18-30,2025,0.0,0.0,0.0
K1,overall,31-40,2025,4.89,3.77,6.01
K2,overall,31-40,2025,0.69,0.59,0.79
K3a,overall,31-40,2025,0.1,0.1,0.1
K3b,overall,31-40,2025,0.01,0.01,0.01
K4,overall,31-40,2025,0.0,0.0,0.0
K5,overall,31-40,2025,0.0,0.0,0.0
K1,overall,41-50,2025,5.5,3.95,7.05
K2,overall,41-50,2025,1.33,1.1,1.56
K3a,overall,41-50,2025,0.4,0.38,0.42
K3b,overall,41-50,2025,0.07,0.06,0.07
K4,overall,41-50,2025,0.01,0.0,0.01
K5,overall,41-50,2025,0.0,0.0,0.0
K1,overall,51-60,2025,7.01,5.16,8.85
K2,overall,51-60,2025,3.23,2.75,3.71
K3a,overall,51-60,2025,1.52,1.42,1.62
K3b,overall,51-60,2025,0.56,0.47,0.65
K4,overall,51-60,2025,0.1,0.05,0.14
K5,overall,51-60,2025,0.05,0.02,0.09
K1,overall,61-70,2025,9.85,8.05,11.65
K2,overall,61-70,2025,8.15,7.37,8.94
K3a,overall,61-70,2025,4.19,4.06,4.32
K3b,overall,61-70,2025,2.75,2.53,2.98
K4,overall,61-70,2025,0.63,0.44,0.82
K5,overall,61-70,2025,0.46,0.2,0.72
K1,overall,71-80,2025,10.21,8.41,12.0
K2,overall,71-80,2025,12.72,11.52,13.92
K3a,overall,71-80,2025,6.89,6.72,7.05
K3b,overall,71-80,2025,6.97,6.67,7.27
K4,overall,71-80,2025,1.82,1.46,2.18
K5,overall,71-80,2025,1.33,0.71,1.95
K1,overall,80+,2025,10.04,8.16,11.92
K2,overall,80+,2025,17.85,15.78,19.92
K3a,overall,80+,2025,8.08,8.16,7.99
K3b,overall,80+,2025,10.08,9.86,10.31
K4,overall,80+,2025,2.65,2.23,3.06
K5,overall,80+,2025,1.37,0.88,1.87
K1,overall,Overall,2026,7.03,5.57,8.49
K2,overall,Overall,2026,4.3,3.85,4.74
K3a,overall,Overall,2026,2.01,1.95,2.06
K3b,overall,Overall,2026,1.59,1.52,1.67
K4,overall,Overall,2026,0.4,0.31,0.48
K5,overall,Overall,2026,0.26,0.14,0.38
K1,chn,Overall,2026,5.23,3.98,6.48
K2,chn,Overall,2026,4.6,4.03,5.17
K3a,chn,Overall,2026,2.64,2.6,2.69
K3b,chn,Overall,2026,2.12,2.02,2.21
K4,chn,Overall,2026,0.54,0.44,0.64
K5,chn,Overall,2026,0.3,0.16,0.43
K1,mal,Overall,2026,8.69,7.05,10.34
K2,mal,Overall,2026,3.66,3.4,3.92
K3a,mal,Overall,2026,1.28,1.22,1.35
K3b,mal,Overall,2026,1.19,1.13,1.24
K4,mal,Overall,2026,0.27,0.21,0.33
K5,mal,Overall,2026,0.17,0.08,0.26
K1,ind,Overall,2026,6.02,4.67,7.37
K2,ind,Overall,2026,6.15,5.32,6.98
K3a,ind,Overall,2026,3.1,3.05,3.15
K3b,ind,Overall,2026,1.82,1.7,1.95
K4,ind,Overall,2026,0.52,0.36,0.67
K5,ind,Overall,2026,0.51,0.25,0.77
K1,overall,18-30,2026,3.8,3.14,4.46
K2,overall,18-30,2026,0.34,0.3,0.39
K3a,overall,18-30,2026,0.04,0.04,0.04
K3b,overall,18-30,2026,0.0,0.0,0.0
K4,overall,18-30,2026,0.0,0.0,0.0
K5,overall,18-30,2026,0.0,0.0,0.0
K1,overall,31-40,2026,5.52,4.36,6.69
K2,overall,31-40,2026,0.78,0.67,0.88
K3a,overall,31-40,2026,0.11,0.11,0.1
K3b,overall,31-40,2026,0.01,0.01,0.01
K4,overall,31-40,2026,0.0,0.0,0.0
K5,overall,31-40,2026,0.0,0.0,0.0
K1,overall,41-50,2026,6.08,4.45,7.7
K2,overall,41-50,2026,1.47,1.25,1.69
K3a,overall,41-50,2026,0.4,0.37,0.42
K3b,overall,41-50,2026,0.07,0.06,0.08
K4,overall,41-50,2026,0.01,0.0,0.01
K5,overall,41-50,2026,0.0,0.0,0.0
K1,overall,51-60,2026,7.42,5.56,9.28
K2,overall,51-60,2026,3.42,2.95,3.9
K3a,overall,51-60,2026,1.52,1.43,1.62
K3b,overall,51-60,2026,0.56,0.48,0.64
K4,overall,51-60,2026,0.09,0.05,0.14
K5,overall,51-60,2026,0.05,0.02,0.09
K1,overall,61-70,2026,10.13,8.3,11.95
K2,overall,61-70,2026,8.42,7.66,9.18
K3a,overall,61-70,2026,4.25,4.1,4.4
K3b,overall,61-70,2026,2.77,2.55,2.99
K4,overall,61-70,2026,0.64,0.45,0.83
K5,overall,61-70,2026,0.46,0.2,0.72
K1,overall,71-80,2026,10.32,8.56,12.08
K2,overall,71-80,2026,12.95,11.74,14.15
K3a,overall,71-80,2026,6.97,6.8,7.13
K3b,overall,71-80,2026,7.13,6.85,7.4
K4,overall,71-80,2026,1.9,1.52,2.27
K5,overall,71-80,2026,1.36,0.74,1.98
K1,overall,80+,2026,10.21,8.38,12.03
K2,overall,80+,2026,18.18,15.95,20.41
K3a,overall,80+,2026,8.05,8.04,8.07
K3b,overall,80+,2026,10.06,9.88,10.25
K4,overall,80+,2026,2.72,2.36,3.09
K5,overall,80+,2026,1.31,0.87,1.74
K1,overall,Overall,2027,7.5,5.99,9.01
K2,overall,Overall,2027,4.55,4.09,5.01
K3a,overall,Overall,2027,2.08,2.02,2.14
K3b,overall,Overall,2027,1.67,1.58,1.75
K4,overall,Overall,2027,0.41,0.33,0.5
K5,overall,Overall,2027,0.27,0.14,0.4
K1,chn,Overall,2027,5.56,4.27,6.86
K2,chn,Overall,2027,4.88,4.29,5.47
K3a,chn,Overall,2027,2.74,2.69,2.79
K3b,chn,Overall,2027,2.21,2.11,2.31
K4,chn,Overall,2027,0.56,0.46,0.67
K5,chn,Overall,2027,0.32,0.17,0.46
K1,mal,Overall,2027,9.26,7.56,10.96
K2,mal,Overall,2027,3.86,3.6,4.12
K3a,mal,Overall,2027,1.32,1.25,1.4
K3b,mal,Overall,2027,1.24,1.18,1.3
K4,mal,Overall,2027,0.28,0.22,0.34
K5,mal,Overall,2027,0.17,0.08,0.27
K1,ind,Overall,2027,6.46,5.09,7.83
K2,ind,Overall,2027,6.57,5.73,7.42
K3a,ind,Overall,2027,3.21,3.14,3.28
K3b,ind,Overall,2027,1.92,1.8,2.04
K4,ind,Overall,2027,0.54,0.39,0.7
K5,ind,Overall,2027,0.53,0.26,0.8
K1,overall,18-30,2027,4.23,3.55,4.92
K2,overall,18-30,2027,0.39,0.35,0.43
K3a,overall,18-30,2027,0.04,0.04,0.04
K3b,overall,18-30,2027,0.0,0.0,0.0
K4,overall,18-30,2027,0.0,0.0,0.0
K5,overall,18-30,2027,0.0,0.0,0.0
K1,overall,31-40,2027,6.16,4.9,7.42
K2,overall,31-40,2027,0.87,0.77,0.96
K3a,overall,31-40,2027,0.11,0.11,0.11
K3b,overall,31-40,2027,0.01,0.0,0.01
K4,overall,31-40,2027,0.0,0.0,0.0
K5,overall,31-40,2027,0.0,0.0,0.0
K1,overall,41-50,2027,6.67,5.03,8.32
K2,overall,41-50,2027,1.61,1.36,1.87
K3a,overall,41-50,2027,0.41,0.39,0.44
K3b,overall,41-50,2027,0.07,0.06,0.08
K4,overall,41-50,2027,0.01,0.0,0.01
K5,overall,41-50,2027,0.0,0.0,0.0
K1,overall,51-60,2027,7.82,5.93,9.71
K2,overall,51-60,2027,3.62,3.14,4.09
K3a,overall,51-60,2027,1.56,1.47,1.65
K3b,overall,51-60,2027,0.59,0.51,0.67
K4,overall,51-60,2027,0.09,0.05,0.13
K5,overall,51-60,2027,0.05,0.02,0.09
K1,overall,61-70,2027,10.43,8.55,12.31
K2,overall,61-70,2027,8.68,7.9,9.47
K3a,overall,61-70,2027,4.3,4.14,4.45
K3b,overall,61-70,2027,2.81,2.56,3.05
K4,overall,61-70,2027,0.65,0.46,0.84
K5,overall,61-70,2027,0.46,0.2,0.72
K1,overall,71-80,2027,10.47,8.7,12.24
K2,overall,71-80,2027,13.22,12.05,14.38
K3a,overall,71-80,2027,7.01,6.81,7.2
K3b,overall,71-80,2027,7.18,6.89,7.48
K4,overall,71-80,2027,1.91,1.55,2.26
K5,overall,71-80,2027,1.36,0.74,1.98
K1,overall,80+,2027,10.37,8.47,12.27
K2,overall,80+,2027,18.4,16.23,20.57
K3a,overall,80+,2027,8.09,7.95,8.24
K3b,overall,80+,2027,10.11,9.99,10.23
K4,overall,80+,2027,2.7,2.32,3.07
K5,overall,80+,2027,1.34,0.84,1.83
K1,overall,Overall,2028,7.95,6.41,9.49
K2,overall,Overall,2028,4.81,4.34,5.29
K3a,overall,Overall,2028,2.14,2.08,2.21
K3b,overall,Overall,2028,1.74,1.66,1.83
K4,overall,Overall,2028,0.43,0.35,0.52
K5,overall,Overall,2028,0.28,0.15,0.41
K1,chn,Overall,2028,5.89,4.57,7.2
K2,chn,Overall,2028,5.16,4.54,5.77
K3a,chn,Overall,2028,2.84,2.78,2.9
K3b,chn,Overall,2028,2.32,2.22,2.42
K4,chn,Overall,2028,0.6,0.49,0.7
K5,chn,Overall,2028,0.33,0.18,0.48
K1,mal,Overall,2028,9.81,8.08,11.55
K2,mal,Overall,2028,4.07,3.8,4.33
K3a,mal,Overall,2028,1.36,1.29,1.43
K3b,mal,Overall,2028,1.3,1.23,1.36
K4,mal,Overall,2028,0.29,0.24,0.35
K5,mal,Overall,2028,0.18,0.09,0.27
K1,ind,Overall,2028,6.86,5.44,8.29
K2,ind,Overall,2028,7.02,6.13,7.9
K3a,ind,Overall,2028,3.33,3.27,3.38
K3b,ind,Overall,2028,2.01,1.91,2.12
K4,ind,Overall,2028,0.58,0.41,0.76
K5,ind,Overall,2028,0.52,0.26,0.79
K1,overall,18-30,2028,4.63,3.89,5.37
K2,overall,18-30,2028,0.43,0.38,0.48
K3a,overall,18-30,2028,0.04,0.04,0.04
K3b,overall,18-30,2028,0.0,0.0,0.0
K4,overall,18-30,2028,0.0,0.0,0.0
K5,overall,18-30,2028,0.0,0.0,0.0
K1,overall,31-40,2028,6.78,5.48,8.08
K2,overall,31-40,2028,0.97,0.87,1.07
K3a,overall,31-40,2028,0.11,0.12,0.11
K3b,overall,31-40,2028,0.01,0.0,0.01
K4,overall,31-40,2028,0.0,0.0,0.0
K5,overall,31-40,2028,0.0,0.0,0.0
K1,overall,41-50,2028,7.24,5.56,8.93
K2,overall,41-50,2028,1.76,1.51,2.02
K3a,overall,41-50,2028,0.44,0.41,0.46
K3b,overall,41-50,2028,0.07,0.06,0.08
K4,overall,41-50,2028,0.01,0.0,0.01
K5,overall,41-50,2028,0.0,0.0,0.0
K1,overall,51-60,2028,8.24,6.36,10.12
K2,overall,51-60,2028,3.8,3.36,4.24
K3a,overall,51-60,2028,1.57,1.48,1.67
K3b,overall,51-60,2028,0.6,0.51,0.68
K4,overall,51-60,2028,0.09,0.05,0.13
K5,overall,51-60,2028,0.05,0.02,0.09
K1,overall,61-70,2028,10.73,8.81,12.65
K2,overall,61-70,2028,8.96,8.15,9.78
K3a,overall,61-70,2028,4.35,4.17,4.52
K3b,overall,61-70,2028,2.86,2.63,3.1
K4,overall,61-70,2028,0.66,0.46,0.86
K5,overall,61-70,2028,0.47,0.21,0.73
K1,overall,71-80,2028,10.64,8.91,12.37
K2,overall,71-80,2028,13.49,12.24,14.75
K3a,overall,71-80,2028,6.98,6.8,7.17
K3b,overall,71-80,2028,7.19,6.92,7.47
K4,overall,71-80,2028,1.93,1.58,2.28
K5,overall,71-80,2028,1.35,0.73,1.98
K1,overall,80+,2028,10.47,8.53,12.42
K2,overall,80+,2028,18.38,16.33,20.42
K3a,overall,80+,2028,8.12,8.06,8.18
K3b,overall,80+,2028,10.25,10.02,10.49
K4,overall,80+,2028,2.72,2.42,3.03
K5,overall,80+,2028,1.28,0.82,1.74
K1,overall,Overall,2029,8.4,6.82,9.97
K2,overall,Overall,2029,5.07,4.59,5.55
K3a,overall,Overall,2029,2.21,2.16,2.27
K3b,overall,Overall,2029,1.82,1.73,1.91
K4,overall,Overall,2029,0.46,0.37,0.55
K5,overall,Overall,2029,0.3,0.16,0.44
K1,chn,Overall,2029,6.2,4.86,7.54
K2,chn,Overall,2029,5.43,4.79,6.07
K3a,chn,Overall,2029,2.94,2.88,3.0
K3b,chn,Overall,2029,2.42,2.33,2.51
K4,chn,Overall,2029,0.63,0.52,0.73
K5,chn,Overall,2029,0.35,0.19,0.51
K1,mal,Overall,2029,10.36,8.58,12.13
K2,mal,Overall,2029,4.28,4.02,4.54
K3a,mal,Overall,2029,1.39,1.33,1.46
K3b,mal,Overall,2029,1.34,1.26,1.42
K4,mal,Overall,2029,0.31,0.25,0.37
K5,mal,Overall,2029,0.19,0.1,0.29
K1,ind,Overall,2029,7.25,5.81,8.7
K2,ind,Overall,2029,7.45,6.54,8.35
K3a,ind,Overall,2029,3.42,3.4,3.45
K3b,ind,Overall,2029,2.14,2.03,2.25
K4,ind,Overall,2029,0.61,0.44,0.78
K5,ind,Overall,2029,0.55,0.28,0.82
K1,overall,18-30,2029,4.97,4.21,5.73
K2,overall,18-30,2029,0.46,0.4,0.51
K3a,overall,18-30,2029,0.04,0.04,0.04
K3b,overall,18-30,2029,0.0,0.0,0.0
K4,overall,18-30,2029,0.0,0.0,0.0
K5,overall,18-30,2029,0.0,0.0,0.0
K1,overall,31-40,2029,7.4,6.04,8.76
K2,overall,31-40,2029,1.08,0.99,1.16
K3a,overall,31-40,2029,0.11,0.11,0.11
K3b,overall,31-40,2029,0.01,0.01,0.01
K4,overall,31-40,2029,0.0,0.0,0.0
K5,overall,31-40,2029,0.0,0.0,0.0
K1,overall,41-50,2029,7.83,6.12,9.55
K2,overall,41-50,2029,1.9,1.67,2.13
K3a,overall,41-50,2029,0.44,0.42,0.46
K3b,overall,41-50,2029,0.08,0.07,0.09
K4,overall,41-50,2029,0.01,0.0,0.02
K5,overall,41-50,2029,0.0,0.0,0.0
K1,overall,51-60,2029,8.64,6.71,10.56
K2,overall,51-60,2029,3.99,3.54,4.43
K3a,overall,51-60,2029,1.6,1.52,1.68
K3b,overall,51-60,2029,0.6,0.52,0.67
K4,overall,51-60,2029,0.1,0.06,0.14
K5,overall,51-60,2029,0.05,0.02,0.08
K1,overall,61-70,2029,11.05,9.11,12.99
K2,overall,61-70,2029,9.25,8.4,10.1
K3a,overall,61-70,2029,4.37,4.21,4.54
K3b,overall,61-70,2029,2.93,2.66,3.19
K4,overall,61-70,2029,0.66,0.47,0.85
K5,overall,61-70,2029,0.49,0.22,0.76
K1,overall,71-80,2029,10.84,9.09,12.59
K2,overall,71-80,2029,13.74,12.5,14.98
K3a,overall,71-80,2029,7.05,6.89,7.21
K3b,overall,71-80,2029,7.19,6.93,7.46
K4,overall,71-80,2029,1.96,1.58,2.33
K5,overall,71-80,2029,1.4,0.77,2.02
K1,overall,80+,2029,10.53,8.64,12.41
K2,overall,80+,2029,18.49,16.51,20.47
K3a,overall,80+,2029,8.13,8.08,8.19
K3b,overall,80+,2029,10.32,10.03,10.6
K4,overall,80+,2029,2.79,2.53,3.05
K5,overall,80+,2029,1.27,0.77,1.77
K1,overall,Overall,2030,8.82,7.21,10.42
K2,overall,Overall,2030,5.33,4.84,5.82
K3a,overall,Overall,2030,2.28,2.23,2.33
K3b,overall,Overall,2030,1.9,1.81,1.99
K4,overall,Overall,2030,0.49,0.4,0.58
K5,overall,Overall,2030,0.31,0.17,0.45
K1,chn,Overall,2030,6.5,5.14,7.86
K2,chn,Overall,2030,5.71,5.05,6.36
K3a,chn,Overall,2030,3.02,2.96,3.08
K3b,chn,Overall,2030,2.54,2.44,2.63
K4,chn,Overall,2030,0.66,0.55,0.78
K5,chn,Overall,2030,0.36,0.2,0.53
K1,mal,Overall,2030,10.87,9.06,12.67
K2,mal,Overall,2030,4.48,4.23,4.73
K3a,mal,Overall,2030,1.44,1.38,1.49
K3b,mal,Overall,2030,1.39,1.3,1.48
K4,mal,Overall,2030,0.33,0.27,0.39
K5,mal,Overall,2030,0.2,0.1,0.29
K1,ind,Overall,2030,7.62,6.16,9.07
K2,ind,Overall,2030,7.84,6.88,8.81
K3a,ind,Overall,2030,3.53,3.49,3.56
K3b,ind,Overall,2030,2.24,2.13,2.35
K4,ind,Overall,2030,0.65,0.48,0.81
K5,ind,Overall,2030,0.58,0.32,0.84
K1,overall,18-30,2030,5.24,4.47,6.0
K2,overall,18-30,2030,0.49,0.43,0.55
K3a,overall,18-30,2030,0.04,0.04,0.05
K3b,overall,18-30,2030,0.0,0.0,0.0
K4,overall,18-30,2030,0.0,0.0,0.0
K5,overall,18-30,2030,0.0,0.0,0.0
K1,overall,31-40,2030,8.01,6.6,9.41
K2,overall,31-40,2030,1.18,1.08,1.28
K3a,overall,31-40,2030,0.12,0.12,0.12
K3b,overall,31-40,2030,0.01,0.01,0.01
K4,overall,31-40,2030,0.0,0.0,0.0
K5,overall,31-40,2030,0.0,0.0,0.0
K1,overall,41-50,2030,8.43,6.67,10.2
K2,overall,41-50,2030,2.05,1.83,2.27
K3a,overall,41-50,2030,0.45,0.43,0.46
K3b,overall,41-50,2030,0.09,0.07,0.11
K4,overall,41-50,2030,0.01,0.0,0.01
K5,overall,41-50,2030,0.0,0.0,0.01
K1,overall,51-60,2030,9.06,7.07,11.05
K2,overall,51-60,2030,4.22,3.76,4.68
K3a,overall,51-60,2030,1.64,1.56,1.72
K3b,overall,51-60,2030,0.63,0.55,0.71
K4,overall,51-60,2030,0.1,0.06,0.15
K5,overall,51-60,2030,0.05,0.02,0.09
K1,overall,61-70,2030,11.35,9.41,13.29
K2,overall,61-70,2030,9.48,8.65,10.32
K3a,overall,61-70,2030,4.4,4.25,4.55
K3b,overall,61-70,2030,2.98,2.71,3.25
K4,overall,61-70,2030,0.68,0.48,0.88
K5,overall,61-70,2030,0.49,0.21,0.77
K1,overall,71-80,2030,11.0,9.28,12.71
K2,overall,71-80,2030,13.99,12.73,15.24
K3a,overall,71-80,2030,7.13,7.01,7.25
K3b,overall,71-80,2030,7.22,6.95,7.49
K4,overall,71-80,2030,2.02,1.66,2.38
K5,overall,71-80,2030,1.41,0.78,2.03
K1,overall,80+,2030,10.67,8.8,12.53
K2,overall,80+,2030,18.62,16.66,20.58
K3a,overall,80+,2030,8.04,7.97,8.11
K3b,overall,80+,2030,10.39,10.07,10.72
K4,overall,80+,2030,2.85,2.55,3.15
K5,overall,80+,2030,1.28,0.8,1.76
K1,overall,Overall,2031,9.21,7.58,10.84
K2,overall,Overall,2031,5.59,5.1,6.09
K3a,overall,Overall,2031,2.33,2.29,2.38
K3b,overall,Overall,2031,1.98,1.88,2.07
K4,overall,Overall,2031,0.51,0.42,0.6
K5,overall,Overall,2031,0.32,0.17,0.47
K1,chn,Overall,2031,6.76,5.38,8.14
K2,chn,Overall,2031,5.99,5.32,6.65
K3a,chn,Overall,2031,3.1,3.04,3.16
K3b,chn,Overall,2031,2.65,2.55,2.74
K4,chn,Overall,2031,0.7,0.58,0.81
K5,chn,Overall,2031,0.37,0.2,0.55
K1,mal,Overall,2031,11.37,9.53,13.21
K2,mal,Overall,2031,4.69,4.44,4.95
K3a,mal,Overall,2031,1.46,1.41,1.51
K3b,mal,Overall,2031,1.43,1.34,1.52
K4,mal,Overall,2031,0.35,0.28,0.41
K5,mal,Overall,2031,0.2,0.11,0.3
K1,ind,Overall,2031,7.93,6.44,9.42
K2,ind,Overall,2031,8.27,7.32,9.22
K3a,ind,Overall,2031,3.62,3.59,3.65
K3b,ind,Overall,2031,2.36,2.25,2.48
K4,ind,Overall,2031,0.68,0.52,0.85
K5,ind,Overall,2031,0.61,0.32,0.9
K1,overall,18-30,2031,5.42,4.65,6.2
K2,overall,18-30,2031,0.51,0.45,0.58
K3a,overall,18-30,2031,0.04,0.04,0.05
K3b,overall,18-30,2031,0.0,0.0,0.0
K4,overall,18-30,2031,0.0,0.0,0.0
K5,overall,18-30,2031,0.0,0.0,0.0
K1,overall,31-40,2031,8.62,7.16,10.07
K2,overall,31-40,2031,1.27,1.18,1.37
K3a,overall,31-40,2031,0.12,0.12,0.12
K3b,overall,31-40,2031,0.01,0.01,0.01
K4,overall,31-40,2031,0.0,0.0,0.0
K5,overall,31-40,2031,0.0,0.0,0.0
K1,overall,41-50,2031,8.98,7.17,10.79
K2,overall,41-50,2031,2.19,1.99,2.4
K3a,overall,41-50,2031,0.45,0.42,0.47
K3b,overall,41-50,2031,0.09,0.07,0.12
K4,overall,41-50,2031,0.01,0.01,0.01
K5,overall,41-50,2031,0.0,0.0,0.01
K1,overall,51-60,2031,9.5,7.49,11.51
K2,overall,51-60,2031,4.45,3.99,4.92
K3a,overall,51-60,2031,1.68,1.6,1.75
K3b,overall,51-60,2031,0.65,0.57,0.73
K4,overall,51-60,2031,0.11,0.07,0.15
K5,overall,51-60,2031,0.05,0.02,0.09
K1,overall,61-70,2031,11.64,9.67,13.61
K2,overall,61-70,2031,9.77,8.9,10.63
K3a,overall,61-70,2031,4.41,4.26,4.56
K3b,overall,61-70,2031,3.03,2.77,3.29
K4,overall,61-70,2031,0.69,0.49,0.89
K5,overall,61-70,2031,0.48,0.21,0.76
K1,overall,71-80,2031,11.13,9.41,12.85
K2,overall,71-80,2031,14.25,13.0,15.49
K3a,overall,71-80,2031,7.16,7.05,7.28
K3b,overall,71-80,2031,7.27,6.99,7.55
K4,overall,71-80,2031,2.05,1.69,2.42
K5,overall,71-80,2031,1.44,0.8,2.07
K1,overall,80+,2031,10.82,9.02,12.61
K2,overall,80+,2031,18.81,16.94,20.68
K3a,overall,80+,2031,7.99,7.94,8.05
K3b,overall,80+,2031,10.37,10.07,10.68
K4,overall,80+,2031,2.85,2.58,3.13
K5,overall,80+,2031,1.28,0.74,1.82
K1,overall,Overall,2032,9.6,7.93,11.26
K2,overall,Overall,2032,5.85,5.34,6.36
K3a,overall,Overall,2032,2.39,2.35,2.43
K3b,overall,Overall,2032,2.05,1.95,2.15
K4,overall,Overall,2032,0.53,0.44,0.63
K5,overall,Overall,2032,0.34,0.18,0.49
K1,chn,Overall,2032,7.02,5.6,8.43
K2,chn,Overall,2032,6.25,5.58,6.93
K3a,chn,Overall,2032,3.17,3.12,3.23
K3b,chn,Overall,2032,2.75,2.64,2.86
K4,chn,Overall,2032,0.72,0.61,0.84
K5,chn,Overall,2032,0.38,0.21,0.55
K1,mal,Overall,2032,11.86,9.97,13.74
K2,mal,Overall,2032,4.9,4.64,5.17
K3a,mal,Overall,2032,1.5,1.45,1.54
K3b,mal,Overall,2032,1.48,1.38,1.58
K4,mal,Overall,2032,0.36,0.3,0.42
K5,mal,Overall,2032,0.21,0.11,0.31
K1,ind,Overall,2032,8.22,6.72,9.73
K2,ind,Overall,2032,8.67,7.67,9.68
K3a,ind,Overall,2032,3.73,3.7,3.76
K3b,ind,Overall,2032,2.45,2.34,2.57
K4,ind,Overall,2032,0.72,0.56,0.88
K5,ind,Overall,2032,0.66,0.35,0.98
K1,overall,18-30,2032,5.58,4.8,6.36
K2,overall,18-30,2032,0.53,0.45,0.6
K3a,overall,18-30,2032,0.04,0.04,0.05
K3b,overall,18-30,2032,0.0,0.0,0.0
K4,overall,18-30,2032,0.0,0.0,0.0
K5,overall,18-30,2032,0.0,0.0,0.0
K1,overall,31-40,2032,9.18,7.66,10.7
K2,overall,31-40,2032,1.37,1.27,1.47
K3a,overall,31-40,2032,0.12,0.13,0.12
K3b,overall,31-40,2032,0.01,0.01,0.01
K4,overall,31-40,2032,0.0,0.0,0.0
K5,overall,31-40,2032,0.0,0.0,0.0
K1,overall,41-50,2032,9.56,7.69,11.44
K2,overall,41-50,2032,2.35,2.16,2.55
K3a,overall,41-50,2032,0.46,0.44,0.48
K3b,overall,41-50,2032,0.09,0.07,0.11
K4,overall,41-50,2032,0.01,0.01,0.01
K5,overall,41-50,2032,0.01,0.0,0.01
K1,overall,51-60,2032,9.92,7.86,11.97
K2,overall,51-60,2032,4.69,4.23,5.15
K3a,overall,51-60,2032,1.69,1.61,1.78
K3b,overall,51-60,2032,0.66,0.58,0.75
K4,overall,51-60,2032,0.11,0.07,0.16
K5,overall,51-60,2032,0.05,0.02,0.09
K1,overall,61-70,2032,11.95,9.98,13.93
K2,overall,61-70,2032,9.98,9.08,10.88
K3a,overall,61-70,2032,4.42,4.3,4.54
K3b,overall,61-70,2032,3.06,2.78,3.33
K4,overall,61-70,2032,0.7,0.5,0.91
K5,overall,61-70,2032,0.5,0.23,0.78
K1,overall,71-80,2032,11.27,9.54,13.01
K2,overall,71-80,2032,14.49,13.24,15.74
K3a,overall,71-80,2032,7.21,7.12,7.3
K3b,overall,71-80,2032,7.37,7.08,7.67
K4,overall,71-80,2032,2.07,1.71,2.43
K5,overall,71-80,2032,1.46,0.81,2.12
K1,overall,80+,2032,10.99,9.13,12.84
K2,overall,80+,2032,19.03,17.18,20.88
K3a,overall,80+,2032,7.96,7.89,8.02
K3b,overall,80+,2032,10.34,10.01,10.66
K4,overall,80+,2032,2.87,2.57,3.17
K5,overall,80+,2032,1.28,0.76,1.8
K1,overall,Overall,2033,9.95,8.25,11.65
K2,overall,Overall,2033,6.1,5.58,6.63
K3a,overall,Overall,2033,2.44,2.4,2.49
K3b,overall,Overall,2033,2.11,2.01,2.21
K4,overall,Overall,2033,0.55,0.45,0.66
K5,overall,Overall,2033,0.34,0.19,0.5
K1,chn,Overall,2033,7.26,5.82,8.69
K2,chn,Overall,2033,6.52,5.84,7.21
K3a,chn,Overall,2033,3.24,3.18,3.3
K3b,chn,Overall,2033,2.84,2.73,2.95
K4,chn,Overall,2033,0.76,0.63,0.89
K5,chn,Overall,2033,0.39,0.22,0.56
K1,mal,Overall,2033,12.3,10.37,14.24
K2,mal,Overall,2033,5.11,4.83,5.39
K3a,mal,Overall,2033,1.54,1.5,1.58
K3b,mal,Overall,2033,1.53,1.43,1.62
K4,mal,Overall,2033,0.37,0.3,0.44
K5,mal,Overall,2033,0.22,0.12,0.32
K1,ind,Overall,2033,8.52,7.0,10.03
K2,ind,Overall,2033,9.04,8.01,10.08
K3a,ind,Overall,2033,3.82,3.79,3.86
K3b,ind,Overall,2033,2.53,2.41,2.65
K4,ind,Overall,2033,0.75,0.59,0.92
K5,ind,Overall,2033,0.68,0.37,0.99
K1,overall,18-30,2033,5.69,4.9,6.49
K2,overall,18-30,2033,0.53,0.46,0.6
K3a,overall,18-30,2033,0.05,0.05,0.05
K3b,overall,18-30,2033,0.0,0.0,0.0
K4,overall,18-30,2033,0.0,0.0,0.0
K5,overall,18-30,2033,0.0,0.0,0.0
K1,overall,31-40,2033,9.74,8.17,11.31
K2,overall,31-40,2033,1.46,1.35,1.58
K3a,overall,31-40,2033,0.13,0.13,0.13
K3b,overall,31-40,2033,0.01,0.01,0.01
K4,overall,31-40,2033,0.0,0.0,0.0
K5,overall,31-40,2033,0.0,0.0,0.0
K1,overall,41-50,2033,10.14,8.22,12.07
K2,overall,41-50,2033,2.53,2.31,2.75
K3a,overall,41-50,2033,0.46,0.44,0.48
K3b,overall,41-50,2033,0.1,0.08,0.11
K4,overall,41-50,2033,0.01,0.01,0.02
K5,overall,41-50,2033,0.0,0.0,0.01
K1,overall,51-60,2033,10.33,8.26,12.39
K2,overall,51-60,2033,4.88,4.42,5.34
K3a,overall,51-60,2033,1.72,1.63,1.81
K3b,overall,51-60,2033,0.68,0.6,0.77
K4,overall,51-60,2033,0.12,0.07,0.17
K5,overall,51-60,2033,0.06,0.02,0.1
K1,overall,61-70,2033,12.25,10.27,14.23
K2,overall,61-70,2033,10.21,9.31,11.1
K3a,overall,61-70,2033,4.41,4.29,4.52
K3b,overall,61-70,2033,3.02,2.76,3.29
K4,overall,61-70,2033,0.72,0.5,0.95
K5,overall,61-70,2033,0.5,0.21,0.79
K1,overall,71-80,2033,11.38,9.58,13.18
K2,overall,71-80,2033,14.78,13.53,16.03
K3a,overall,71-80,2033,7.27,7.14,7.4
K3b,overall,71-80,2033,7.48,7.16,7.79
K4,overall,71-80,2033,2.09,1.75,2.43
K5,overall,71-80,2033,1.48,0.85,2.12
K1,overall,80+,2033,11.14,9.32,12.95
K2,overall,80+,2033,19.3,17.34,21.27
K3a,overall,80+,2033,7.97,7.94,8.0
K3b,overall,80+,2033,10.36,10.1,10.63
K4,overall,80+,2033,2.88,2.53,3.23
K5,overall,80+,2033,1.21,0.77,1.66
K1,overall,Overall,2034,10.3,8.57,12.03
K2,overall,Overall,2034,6.34,5.8,6.88
K3a,overall,Overall,2034,2.5,2.46,2.55
K3b,overall,Overall,2034,2.17,2.06,2.28
K4,overall,Overall,2034,0.58,0.48,0.68
K5,overall,Overall,2034,0.36,0.19,0.52
K1,chn,Overall,2034,7.48,6.02,8.94
K2,chn,Overall,2034,6.76,6.06,7.47
K3a,chn,Overall,2034,3.32,3.27,3.38
K3b,chn,Overall,2034,2.91,2.79,3.04
K4,chn,Overall,2034,0.8,0.68,0.92
K5,chn,Overall,2034,0.41,0.23,0.6
K1,mal,Overall,2034,12.74,10.78,14.7
K2,mal,Overall,2034,5.33,5.03,5.62
K3a,mal,Overall,2034,1.57,1.52,1.63
K3b,mal,Overall,2034,1.56,1.47,1.65
K4,mal,Overall,2034,0.39,0.32,0.46
K5,mal,Overall,2034,0.22,0.12,0.33
K1,ind,Overall,2034,8.77,7.23,10.31
K2,ind,Overall,2034,9.39,8.37,10.42
K3a,ind,Overall,2034,3.89,3.89,3.9
K3b,ind,Overall,2034,2.64,2.52,2.76
K4,ind,Overall,2034,0.79,0.6,0.97
K5,ind,Overall,2034,0.72,0.39,1.06
K1,overall,18-30,2034,5.76,4.96,6.56
K2,overall,18-30,2034,0.54,0.48,0.61
K3a,overall,18-30,2034,0.05,0.05,0.05
K3b,overall,18-30,2034,0.0,0.0,0.0
K4,overall,18-30,2034,0.0,0.0,0.0
K5,overall,18-30,2034,0.0,0.0,0.0
K1,overall,31-40,2034,10.29,8.69,11.89
K2,overall,31-40,2034,1.53,1.41,1.65
K3a,overall,31-40,2034,0.13,0.13,0.13
K3b,overall,31-40,2034,0.01,0.01,0.01
K4,overall,31-40,2034,0.0,0.0,0.0
K5,overall,31-40,2034,0.0,0.0,0.0
K1,overall,41-50,2034,10.72,8.71,12.73
K2,overall,41-50,2034,2.7,2.47,2.94
K3a,overall,41-50,2034,0.47,0.46,0.49
K3b,overall,41-50,2034,0.1,0.08,0.12
K4,overall,41-50,2034,0.01,0.01,0.02
K5,overall,41-50,2034,0.0,0.0,0.01
K1,overall,51-60,2034,10.78,8.69,12.87
K2,overall,51-60,2034,5.05,4.59,5.5
K3a,overall,51-60,2034,1.73,1.63,1.83
K3b,overall,51-60,2034,0.69,0.6,0.79
K4,overall,51-60,2034,0.13,0.08,0.18
K5,overall,51-60,2034,0.06,0.02,0.1
K1,overall,61-70,2034,12.46,10.45,14.47
K2,overall,61-70,2034,10.4,9.53,11.27
K3a,overall,61-70,2034,4.44,4.31,4.57
K3b,overall,61-70,2034,3.01,2.75,3.27
K4,overall,61-70,2034,0.72,0.51,0.93
K5,overall,61-70,2034,0.51,0.22,0.8
K1,overall,71-80,2034,11.51,9.69,13.32
K2,overall,71-80,2034,15.02,13.75,16.3
K3a,overall,71-80,2034,7.33,7.23,7.43
K3b,overall,71-80,2034,7.55,7.24,7.86
K4,overall,71-80,2034,2.14,1.8,2.49
K5,overall,71-80,2034,1.54,0.86,2.22
K1,overall,80+,2034,11.27,9.44,13.1
K2,overall,80+,2034,19.57,17.56,21.57
K3a,overall,80+,2034,7.94,7.87,8.01
K3b,overall,80+,2034,10.29,9.93,10.64
K4,overall,80+,2034,2.94,2.62,3.26
K5,overall,80+,2034,1.2,0.76,1.63
K1,overall,Overall,2035,10.64,8.88,12.4
K2,overall,Overall,2035,6.59,6.04,7.13
K3a,overall,Overall,2035,2.55,2.51,2.59
K3b,overall,Overall,2035,2.23,2.13,2.33
K4,overall,Overall,2035,0.6,0.5,0.7
K5,overall,Overall,2035,0.37,0.2,0.55
K1,chn,Overall,2035,7.7,6.21,9.19
K2,chn,Overall,2035,7.02,6.31,7.73
K3a,chn,Overall,2035,3.39,3.33,3.44
K3b,chn,Overall,2035,3.01,2.88,3.14
K4,chn,Overall,2035,0.83,0.7,0.95
K5,chn,Overall,2035,0.43,0.24,0.62
K1,mal,Overall,2035,13.18,11.19,15.18
K2,mal,Overall,2035,5.54,5.24,5.84
K3a,mal,Overall,2035,1.6,1.56,1.64
K3b,mal,Overall,2035,1.58,1.5,1.67
K4,mal,Overall,2035,0.4,0.33,0.47
K5,mal,Overall,2035,0.23,0.12,0.34
K1,ind,Overall,2035,9.03,7.48,10.59
K2,ind,Overall,2035,9.73,8.71,10.75
K3a,ind,Overall,2035,3.99,3.97,4.0
K3b,ind,Overall,2035,2.71,2.59,2.83
K4,ind,Overall,2035,0.82,0.64,1.0
K5,ind,Overall,2035,0.76,0.4,1.13
K1,overall,18-30,2035,5.86,5.08,6.64
K2,overall,18-30,2035,0.55,0.48,0.62
K3a,overall,18-30,2035,0.05,0.05,0.05
K3b,overall,18-30,2035,0.0,0.0,0.0
K4,overall,18-30,2035,0.0,0.0,0.0
K5,overall,18-30,2035,0.0,0.0,0.0
K1,overall,31-40,2035,10.79,9.14,12.44
K2,overall,31-40,2035,1.62,1.51,1.73
K3a,overall,31-40,2035,0.13,0.13,0.13
K3b,overall,31-40,2035,0.01,0.01,0.01
K4,overall,31-40,2035,0.0,0.0,0.0
K5,overall,31-40,2035,0.0,0.0,0.0
K1,overall,41-50,2035,11.27,9.24,13.31
K2,overall,41-50,2035,2.86,2.63,3.09
K3a,overall,41-50,2035,0.5,0.48,0.51
K3b,overall,41-50,2035,0.1,0.09,0.12
K4,overall,41-50,2035,0.01,0.01,0.02
K5,overall,41-50,2035,0.0,0.0,0.01
K1,overall,51-60,2035,11.22,9.08,13.36
K2,overall,51-60,2035,5.27,4.8,5.74
K3a,overall,51-60,2035,1.72,1.61,1.84
K3b,overall,51-60,2035,0.71,0.61,0.8
K4,overall,51-60,2035,0.13,0.08,0.18
K5,overall,51-60,2035,0.06,0.03,0.1
K1,overall,61-70,2035,12.73,10.68,14.78
K2,overall,61-70,2035,10.59,9.74,11.43
K3a,overall,61-70,2035,4.45,4.31,4.59
K3b,overall,61-70,2035,3.03,2.76,3.29
K4,overall,61-70,2035,0.71,0.52,0.91
K5,overall,61-70,2035,0.53,0.23,0.83
K1,overall,71-80,2035,11.66,9.82,13.49
K2,overall,71-80,2035,15.27,13.97,16.57
K3a,overall,71-80,2035,7.34,7.26,7.42
K3b,overall,71-80,2035,7.56,7.28,7.85
K4,overall,71-80,2035,2.19,1.82,2.55
K5,overall,71-80,2035,1.55,0.87,2.23
K1,overall,80+,2035,11.41,9.59,13.22
K2,overall,80+,2035,19.88,17.89,21.88
K3a,overall,80+,2035,7.96,7.94,7.98
K3b,overall,80+,2035,10.33,9.98,10.67
K4,overall,80+,2035,2.95,2.62,3.28
K5,overall,80+,2035,1.26,0.76,1.76
K1,overall,Overall,2036,10.95,9.17,12.74
K2,overall,Overall,2036,6.83,6.27,7.38
K3a,overall,Overall,2036,2.6,2.55,2.65
K3b,overall,Overall,2036,2.29,2.19,2.4
K4,overall,Overall,2036,0.62,0.51,0.72
K5,overall,Overall,2036,0.38,0.21,0.56
K1,chn,Overall,2036,7.91,6.4,9.43
K2,chn,Overall,2036,7.26,6.53,8.0
K3a,chn,Overall,2036,3.47,3.41,3.53
K3b,chn,Overall,2036,3.09,2.96,3.22
K4,chn,Overall,2036,0.85,0.72,0.98
K5,chn,Overall,2036,0.45,0.25,0.64
K1,mal,Overall,2036,13.59,11.57,15.61
K2,mal,Overall,2036,5.75,5.44,6.06
K3a,mal,Overall,2036,1.63,1.58,1.68
K3b,mal,Overall,2036,1.63,1.54,1.71
K4,mal,Overall,2036,0.41,0.33,0.48
K5,mal,Overall,2036,0.23,0.13,0.34
K1,ind,Overall,2036,9.26,7.69,10.82
K2,ind,Overall,2036,10.09,9.07,11.11
K3a,ind,Overall,2036,4.08,4.06,4.1
K3b,ind,Overall,2036,2.78,2.63,2.93
K4,ind,Overall,2036,0.85,0.68,1.02
K5,ind,Overall,2036,0.77,0.42,1.13
K1,overall,18-30,2036,5.91,5.11,6.72
K2,overall,18-30,2036,0.55,0.5,0.61
K3a,overall,18-30,2036,0.05,0.05,0.04
K3b,overall,18-30,2036,0.0,0.0,0.0
K4,overall,18-30,2036,0.0,0.0,0.0
K5,overall,18-30,2036,0.0,0.0,0.0
K1,overall,31-40,2036,11.25,9.58,12.92
K2,overall,31-40,2036,1.73,1.62,1.84
K3a,overall,31-40,2036,0.14,0.14,0.14
K3b,overall,31-40,2036,0.01,0.01,0.01
K4,overall,31-40,2036,0.0,0.0,0.0
K5,overall,31-40,2036,0.0,0.0,0.0
K1,overall,41-50,2036,11.79,9.74,13.84
K2,overall,41-50,2036,3.03,2.79,3.27
K3a,overall,41-50,2036,0.5,0.48,0.52
K3b,overall,41-50,2036,0.11,0.09,0.13
K4,overall,41-50,2036,0.01,0.01,0.02
K5,overall,41-50,2036,0.0,0.0,0.0
K1,overall,51-60,2036,11.68,9.45,13.9
K2,overall,51-60,2036,5.49,4.98,5.99
K3a,overall,51-60,2036,1.77,1.64,1.89
K3b,overall,51-60,2036,0.72,0.63,0.81
K4,overall,51-60,2036,0.13,0.08,0.19
K5,overall,51-60,2036,0.07,0.03,0.1
K1,overall,61-70,2036,13.0,10.96,15.05
K2,overall,61-70,2036,10.77,9.93,11.61
K3a,overall,61-70,2036,4.48,4.34,4.62
K3b,overall,61-70,2036,3.03,2.78,3.29
K4,overall,61-70,2036,0.73,0.53,0.92
K5,overall,61-70,2036,0.53,0.24,0.83
K1,overall,71-80,2036,11.78,9.93,13.63
K2,overall,71-80,2036,15.54,14.24,16.85
K3a,overall,71-80,2036,7.38,7.27,7.49
K3b,overall,71-80,2036,7.65,7.33,7.96
K4,overall,71-80,2036,2.17,1.83,2.52
K5,overall,71-80,2036,1.57,0.9,2.24
K1,overall,80+,2036,11.48,9.69,13.26
K2,overall,80+,2036,20.16,18.17,22.16
K3a,overall,80+,2036,8.0,7.99,8.01
K3b,overall,80+,2036,10.4,10.03,10.76
K4,overall,80+,2036,2.98,2.62,3.35
K5,overall,80+,2036,1.24,0.74,1.74
K1,overall,Overall,2037,11.25,9.44,13.05
K2,overall,Overall,2037,7.06,6.49,7.63
K3a,overall,Overall,2037,2.65,2.6,2.7
K3b,overall,Overall,2037,2.36,2.25,2.47
K4,overall,Overall,2037,0.64,0.53,0.75
K5,overall,Overall,2037,0.4,0.22,0.57
K1,chn,Overall,2037,8.09,6.55,9.63
K2,chn,Overall,2037,7.52,6.77,8.27
K3a,chn,Overall,2037,3.53,3.47,3.58
K3b,chn,Overall,2037,3.18,3.05,3.31
K4,chn,Overall,2037,0.88,0.74,1.02
K5,chn,Overall,2037,0.47,0.27,0.67
K1,mal,Overall,2037,13.99,11.95,16.03
K2,mal,Overall,2037,5.94,5.62,6.27
K3a,mal,Overall,2037,1.67,1.62,1.72
K3b,mal,Overall,2037,1.67,1.58,1.76
K4,mal,Overall,2037,0.41,0.34,0.48
K5,mal,Overall,2037,0.24,0.13,0.35
K1,ind,Overall,2037,9.45,7.84,11.06
K2,ind,Overall,2037,10.42,9.39,11.46
K3a,ind,Overall,2037,4.1,4.09,4.12
K3b,ind,Overall,2037,2.86,2.69,3.02
K4,ind,Overall,2037,0.89,0.73,1.06
K5,ind,Overall,2037,0.81,0.47,1.16
K1,overall,18-30,2037,5.96,5.17,6.76
K2,overall,18-30,2037,0.56,0.51,0.61
K3a,overall,18-30,2037,0.04,0.05,0.04
K3b,overall,18-30,2037,0.0,0.0,0.0
K4,overall,18-30,2037,0.0,0.0,0.0
K5,overall,18-30,2037,0.0,0.0,0.0
K1,overall,31-40,2037,11.64,9.94,13.34
K2,overall,31-40,2037,1.81,1.69,1.94
K3a,overall,31-40,2037,0.14,0.14,0.15
K3b,overall,31-40,2037,0.01,0.01,0.01
K4,overall,31-40,2037,0.0,0.0,0.0
K5,overall,31-40,2037,0.0,0.0,0.0
K1,overall,41-50,2037,12.29,10.15,14.43
K2,overall,41-50,2037,3.19,2.96,3.42
K3a,overall,41-50,2037,0.52,0.51,0.53
K3b,overall,41-50,2037,0.12,0.1,0.14
K4,overall,41-50,2037,0.01,0.01,0.02
K5,overall,41-50,2037,0.01,0.0,0.01
K1,overall,51-60,2037,12.1,9.88,14.31
K2,overall,51-60,2037,5.73,5.19,6.26
K3a,overall,51-60,2037,1.78,1.65,1.91
K3b,overall,51-60,2037,0.74,0.64,0.84
K4,overall,51-60,2037,0.14,0.08,0.19
K5,overall,51-60,2037,0.08,0.03,0.12
K1,overall,61-70,2037,13.24,11.16,15.31
K2,overall,61-70,2037,10.99,10.17,11.81
K3a,overall,61-70,2037,4.5,4.38,4.63
K3b,overall,61-70,2037,3.07,2.81,3.32
K4,overall,61-70,2037,0.75,0.54,0.95
K5,overall,61-70,2037,0.55,0.25,0.85
K1,overall,71-80,2037,11.97,10.13,13.8
K2,overall,71-80,2037,15.77,14.42,17.13
K3a,overall,71-80,2037,7.38,7.27,7.49
K3b,overall,71-80,2037,7.73,7.41,8.04
K4,overall,71-80,2037,2.19,1.85,2.54
K5,overall,71-80,2037,1.6,0.93,2.27
K1,overall,80+,2037,11.53,9.69,13.38
K2,overall,80+,2037,20.37,18.4,22.35
K3a,overall,80+,2037,8.06,8.02,8.09
K3b,overall,80+,2037,10.37,10.01,10.73
K4,overall,80+,2037,2.98,2.6,3.37
K5,overall,80+,2037,1.24,0.78,1.71
K1,overall,Overall,2038,11.51,9.69,13.34
K2,overall,Overall,2038,7.3,6.72,7.88
K3a,overall,Overall,2038,2.7,2.64,2.75
K3b,overall,Overall,2038,2.41,2.31,2.52
K4,overall,Overall,2038,0.65,0.54,0.77
K5,overall,Overall,2038,0.41,0.23,0.59
K1,chn,Overall,2038,8.25,6.7,9.8
K2,chn,Overall,2038,7.78,7.01,8.54
K3a,chn,Overall,2038,3.6,3.53,3.66
K3b,chn,Overall,2038,3.27,3.14,3.39
K4,chn,Overall,2038,0.91,0.76,1.05
K5,chn,Overall,2038,0.48,0.28,0.68
K1,mal,Overall,2038,14.34,12.28,16.41
K2,mal,Overall,2038,6.15,5.82,6.47
K3a,mal,Overall,2038,1.69,1.63,1.75
K3b,mal,Overall,2038,1.71,1.62,1.8
K4,mal,Overall,2038,0.43,0.35,0.5
K5,mal,Overall,2038,0.24,0.13,0.35
K1,ind,Overall,2038,9.64,8.03,11.24
K2,ind,Overall,2038,10.74,9.69,11.8
K3a,ind,Overall,2038,4.14,4.13,4.15
K3b,ind,Overall,2038,2.92,2.76,3.07
K4,ind,Overall,2038,0.9,0.71,1.09
K5,ind,Overall,2038,0.84,0.5,1.18
K1,overall,18-30,2038,5.98,5.2,6.75
K2,overall,18-30,2038,0.56,0.51,0.61
K3a,overall,18-30,2038,0.05,0.05,0.05
K3b,overall,18-30,2038,0.0,0.0,0.0
K4,overall,18-30,2038,0.0,0.0,0.0
K5,overall,18-30,2038,0.0,0.0,0.0
K1,overall,31-40,2038,12.01,10.25,13.78
K2,overall,31-40,2038,1.89,1.75,2.03
K3a,overall,31-40,2038,0.14,0.14,0.14
K3b,overall,31-40,2038,0.01,0.01,0.01
K4,overall,31-40,2038,0.0,0.0,0.0
K5,overall,31-40,2038,0.0,0.0,0.0
K1,overall,41-50,2038,12.75,10.57,14.92
K2,overall,41-50,2038,3.39,3.17,3.61
K3a,overall,41-50,2038,0.52,0.51,0.54
K3b,overall,41-50,2038,0.13,0.11,0.14
K4,overall,41-50,2038,0.02,0.01,0.02
K5,overall,41-50,2038,0.01,0.0,0.01
K1,overall,51-60,2038,12.47,10.19,14.75
K2,overall,51-60,2038,5.98,5.46,6.51
K3a,overall,51-60,2038,1.82,1.7,1.95
K3b,overall,51-60,2038,0.77,0.67,0.87
K4,overall,51-60,2038,0.14,0.09,0.2
K5,overall,51-60,2038,0.08,0.03,0.13
K1,overall,61-70,2038,13.45,11.37,15.52
K2,overall,61-70,2038,11.2,10.4,12.01
K3a,overall,61-70,2038,4.55,4.39,4.7
K3b,overall,61-70,2038,3.11,2.87,3.36
K4,overall,61-70,2038,0.76,0.55,0.97
K5,overall,61-70,2038,0.56,0.26,0.85
K1,overall,71-80,2038,12.19,10.37,14.0
K2,overall,71-80,2038,16.01,14.62,17.4
K3a,overall,71-80,2038,7.38,7.27,7.49
K3b,overall,71-80,2038,7.75,7.45,8.04
K4,overall,71-80,2038,2.23,1.85,2.61
K5,overall,71-80,2038,1.62,0.94,2.3
K1,overall,80+,2038,11.61,9.78,13.44
K2,overall,80+,2038,20.59,18.58,22.59
K3a,overall,80+,2038,8.07,8.03,8.11
K3b,overall,80+,2038,10.4,10.03,10.77
K4,overall,80+,2038,2.95,2.63,3.28
K5,overall,80+,2038,1.28,0.82,1.75
K1,overall,Overall,2039,11.79,9.94,13.64
K2,overall,Overall,2039,7.53,6.94,8.12
K3a,overall,Overall,2039,2.76,2.71,2.81
K3b,overall,Overall,2039,2.47,2.35,2.58
K4,overall,Overall,2039,0.68,0.56,0.79
K5,overall,Overall,2039,0.42,0.24,0.6
K1,chn,Overall,2039,8.44,6.86,10.01
K2,chn,Overall,2039,8.0,7.22,8.79
K3a,chn,Overall,2039,3.69,3.64,3.74
K3b,chn,Overall,2039,3.33,3.2,3.46
K4,chn,Overall,2039,0.94,0.79,1.1
K5,chn,Overall,2039,0.5,0.29,0.7
K1,mal,Overall,2039,14.71,12.63,16.8
K2,mal,Overall,2039,6.36,6.03,6.69
K3a,mal,Overall,2039,1.71,1.65,1.76
K3b,mal,Overall,2039,1.75,1.66,1.84
K4,mal,Overall,2039,0.44,0.37,0.51
K5,mal,Overall,2039,0.24,0.13,0.35
K1,ind,Overall,2039,9.85,8.21,11.48
K2,ind,Overall,2039,11.01,9.95,12.07
K3a,ind,Overall,2039,4.25,4.23,4.28
K3b,ind,Overall,2039,2.99,2.81,3.16
K4,ind,Overall,2039,0.92,0.71,1.12
K5,ind,Overall,2039,0.86,0.53,1.2
K1,overall,18-30,2039,6.02,5.24,6.8
K2,overall,18-30,2039,0.57,0.52,0.61
K3a,overall,18-30,2039,0.04,0.04,0.04
K3b,overall,18-30,2039,0.0,0.0,0.0
K4,overall,18-30,2039,0.0,0.0,0.0
K5,overall,18-30,2039,0.0,0.0,0.0
K1,overall,31-40,2039,12.29,10.5,14.08
K2,overall,31-40,2039,1.93,1.78,2.08
K3a,overall,31-40,2039,0.14,0.14,0.15
K3b,overall,31-40,2039,0.01,0.01,0.01
K4,overall,31-40,2039,0.0,0.0,0.0
K5,overall,31-40,2039,0.0,0.0,0.0
K1,overall,41-50,2039,13.24,11.02,15.46
K2,overall,41-50,2039,3.57,3.34,3.79
K3a,overall,41-50,2039,0.54,0.53,0.56
K3b,overall,41-50,2039,0.13,0.11,0.15
K4,overall,41-50,2039,0.02,0.01,0.03
K5,overall,41-50,2039,0.01,0.0,0.01
K1,overall,51-60,2039,12.92,10.61,15.24
K2,overall,51-60,2039,6.21,5.67,6.74
K3a,overall,51-60,2039,1.85,1.74,1.97
K3b,overall,51-60,2039,0.79,0.68,0.9
K4,overall,51-60,2039,0.15,0.1,0.2
K5,overall,51-60,2039,0.09,0.04,0.13
K1,overall,61-70,2039,13.67,11.59,15.75
K2,overall,61-70,2039,11.39,10.58,12.19
K3a,overall,61-70,2039,4.62,4.45,4.79
K3b,overall,61-70,2039,3.16,2.9,3.43
K4,overall,61-70,2039,0.78,0.59,0.97
K5,overall,61-70,2039,0.56,0.27,0.85
K1,overall,71-80,2039,12.35,10.52,14.19
K2,overall,71-80,2039,16.27,14.93,17.62
K3a,overall,71-80,2039,7.38,7.31,7.45
K3b,overall,71-80,2039,7.75,7.43,8.08
K4,overall,71-80,2039,2.27,1.86,2.67
K5,overall,71-80,2039,1.65,0.96,2.33
K1,overall,80+,2039,11.68,9.88,13.49
K2,overall,80+,2039,20.84,18.73,22.95
K3a,overall,80+,2039,8.19,8.14,8.24
K3b,overall,80+,2039,10.42,10.1,10.73
K4,overall,80+,2039,2.98,2.63,3.32
K5,overall,80+,2039,1.28,0.8,1.76
K1,overall,Overall,2040,12.05,10.18,13.92
K2,overall,Overall,2040,7.76,7.17,8.36
K3a,overall,Overall,2040,2.81,2.77,2.85
K3b,overall,Overall,2040,2.52,2.4,2.63
K4,overall,Overall,2040,0.7,0.58,0.81
K5,overall,Overall,2040,0.44,0.25,0.62
K1,chn,Overall,2040,8.6,7.01,10.19
K2,chn,Overall,2040,8.25,7.45,9.05
K3a,chn,Overall,2040,3.77,3.75,3.79
K3b,chn,Overall,2040,3.41,3.27,3.55
K4,chn,Overall,2040,0.96,0.81,1.11
K5,chn,Overall,2040,0.52,0.31,0.74
K1,mal,Overall,2040,15.06,12.94,17.17
K2,mal,Overall,2040,6.57,6.24,6.9
K3a,mal,Overall,2040,1.73,1.66,1.79
K3b,mal,Overall,2040,1.78,1.69,1.87
K4,mal,Overall,2040,0.46,0.38,0.53
K5,mal,Overall,2040,0.25,0.14,0.35
K1,ind,Overall,2040,9.95,8.3,11.6
K2,ind,Overall,2040,11.3,10.23,12.37
K3a,ind,Overall,2040,4.34,4.32,4.35
K3b,ind,Overall,2040,3.05,2.87,3.23
K4,ind,Overall,2040,0.97,0.77,1.17
K5,ind,Overall,2040,0.89,0.54,1.23
K1,overall,18-30,2040,6.08,5.31,6.86
K2,overall,18-30,2040,0.57,0.52,0.62
K3a,overall,18-30,2040,0.05,0.05,0.04
K3b,overall,18-30,2040,0.0,0.0,0.0
K4,overall,18-30,2040,0.0,0.0,0.0
K5,overall,18-30,2040,0.0,0.0,0.0
K1,overall,31-40,2040,12.54,10.72,14.36
K2,overall,31-40,2040,1.98,1.84,2.12
K3a,overall,31-40,2040,0.15,0.15,0.15
K3b,overall,31-40,2040,0.01,0.01,0.01
K4,overall,31-40,2040,0.0,0.0,0.0
K5,overall,31-40,2040,0.0,0.0,0.0
K1,overall,41-50,2040,13.71,11.45,15.97
K2,overall,41-50,2040,3.76,3.54,3.98
K3a,overall,41-50,2040,0.56,0.54,0.58
K3b,overall,41-50,2040,0.13,0.12,0.15
K4,overall,41-50,2040,0.02,0.01,0.03
K5,overall,41-50,2040,0.01,0.0,0.01
K1,overall,51-60,2040,13.33,10.97,15.7
K2,overall,51-60,2040,6.41,5.88,6.94
K3a,overall,51-60,2040,1.88,1.79,1.97
K3b,overall,51-60,2040,0.79,0.69,0.9
K4,overall,51-60,2040,0.16,0.1,0.22
K5,overall,51-60,2040,0.1,0.04,0.15
K1,overall,61-70,2040,13.86,11.81,15.91
K2,overall,61-70,2040,11.6,10.78,12.43
K3a,overall,61-70,2040,4.68,4.51,4.85
K3b,overall,61-70,2040,3.22,2.96,3.49
K4,overall,61-70,2040,0.8,0.6,1.0
K5,overall,61-70,2040,0.58,0.29,0.88
K1,overall,71-80,2040,12.5,10.63,14.37
K2,overall,71-80,2040,16.54,15.16,17.92
K3a,overall,71-80,2040,7.4,7.36,7.44
K3b,overall,71-80,2040,7.78,7.45,8.11
K4,overall,71-80,2040,2.28,1.9,2.66
K5,overall,71-80,2040,1.67,0.98,2.35
K1,overall,80+,2040,11.75,9.94,13.55
K2,overall,80+,2040,21.06,19.03,23.09
K3a,overall,80+,2040,8.23,8.16,8.29
K3b,overall,80+,2040,10.47,10.13,10.8
K4,overall,80+,2040,3.03,2.67,3.4
K5,overall,80+,2040,1.33,0.84,1.82
K1,overall,Overall,2041,12.3,10.42,14.19
K2,overall,Overall,2041,7.99,7.38,8.6
K3a,overall,Overall,2041,2.85,2.81,2.89
K3b,overall,Overall,2041,2.56,2.44,2.68
K4,overall,Overall,2041,0.71,0.6,0.83
K5,overall,Overall,2041,0.45,0.26,0.63
K1,chn,Overall,2041,8.73,7.15,10.32
K2,chn,Overall,2041,8.47,7.65,9.3
K3a,chn,Overall,2041,3.84,3.81,3.87
K3b,chn,Overall,2041,3.48,3.33,3.63
K4,chn,Overall,2041,0.99,0.84,1.13
K5,chn,Overall,2041,0.55,0.32,0.77
K1,mal,Overall,2041,15.41,13.27,17.54
K2,mal,Overall,2041,6.78,6.44,7.11
K3a,mal,Overall,2041,1.74,1.69,1.79
K3b,mal,Overall,2041,1.81,1.71,1.91
K4,mal,Overall,2041,0.46,0.39,0.54
K5,mal,Overall,2041,0.25,0.15,0.36
K1,ind,Overall,2041,10.08,8.42,11.74
K2,ind,Overall,2041,11.6,10.46,12.73
K3a,ind,Overall,2041,4.44,4.41,4.46
K3b,ind,Overall,2041,3.08,2.95,3.21
K4,ind,Overall,2041,0.98,0.79,1.18
K5,ind,Overall,2041,0.92,0.55,1.28
K1,overall,18-30,2041,6.12,5.34,6.9
K2,overall,18-30,2041,0.58,0.53,0.63
K3a,overall,18-30,2041,0.05,0.05,0.05
K3b,overall,18-30,2041,0.0,0.0,0.0
K4,overall,18-30,2041,0.0,0.0,0.0
K5,overall,18-30,2041,0.0,0.0,0.0
K1,overall,31-40,2041,12.76,10.96,14.55
K2,overall,31-40,2041,2.03,1.89,2.17
K3a,overall,31-40,2041,0.15,0.15,0.15
K3b,overall,31-40,2041,0.01,0.01,0.01
K4,overall,31-40,2041,0.0,0.0,0.0
K5,overall,31-40,2041,0.0,0.0,0.0
K1,overall,41-50,2041,14.14,11.84,16.43
K2,overall,41-50,2041,3.95,3.71,4.18
K3a,overall,41-50,2041,0.58,0.56,0.6
K3b,overall,41-50,2041,0.13,0.11,0.15
K4,overall,41-50,2041,0.02,0.01,0.03
K5,overall,41-50,2041,0.01,0.01,0.01
K1,overall,51-60,2041,13.7,11.31,16.09
K2,overall,51-60,2041,6.66,6.13,7.18
K3a,overall,51-60,2041,1.9,1.8,2.0
K3b,overall,51-60,2041,0.81,0.71,0.92
K4,overall,51-60,2041,0.16,0.1,0.22
K5,overall,51-60,2041,0.1,0.05,0.15
K1,overall,61-70,2041,14.09,12.04,16.14
K2,overall,61-70,2041,11.84,10.96,12.72
K3a,overall,61-70,2041,4.72,4.55,4.89
K3b,overall,61-70,2041,3.3,3.03,3.57
K4,overall,61-70,2041,0.81,0.61,1.01
K5,overall,61-70,2041,0.61,0.32,0.91
K1,overall,71-80,2041,12.68,10.82,14.54
K2,overall,71-80,2041,16.73,15.37,18.09
K3a,overall,71-80,2041,7.44,7.39,7.48
K3b,overall,71-80,2041,7.73,7.4,8.06
K4,overall,71-80,2041,2.32,1.95,2.69
K5,overall,71-80,2041,1.69,0.99,2.39
K1,overall,80+,2041,11.89,10.05,13.74
K2,overall,80+,2041,21.3,19.25,23.35
K3a,overall,80+,2041,8.2,8.15,8.24
K3b,overall,80+,2041,10.51,10.16,10.86
K4,overall,80+,2041,3.02,2.66,3.37
K5,overall,80+,2041,1.34,0.85,1.83
K1,overall,Overall,2042,12.5,10.61,14.4
K2,overall,Overall,2042,8.19,7.58,8.81
K3a,overall,Overall,2042,2.88,2.84,2.93
K3b,overall,Overall,2042,2.6,2.49,2.71
K4,overall,Overall,2042,0.73,0.61,0.85
K5,overall,Overall,2042,0.46,0.27,0.64
K1,chn,Overall,2042,8.85,7.25,10.45
K2,chn,Overall,2042,8.69,7.85,9.52
K3a,chn,Overall,2042,3.91,3.88,3.93
K3b,chn,Overall,2042,3.53,3.39,3.68
K4,chn,Overall,2042,1.01,0.86,1.16
K5,chn,Overall,2042,0.56,0.34,0.78
K1,mal,Overall,2042,15.69,13.54,17.84
K2,mal,Overall,2042,6.96,6.63,7.3
K3a,mal,Overall,2042,1.74,1.69,1.8
K3b,mal,Overall,2042,1.83,1.74,1.92
K4,mal,Overall,2042,0.48,0.39,0.56
K5,mal,Overall,2042,0.26,0.15,0.37
K1,ind,Overall,2042,10.16,8.5,11.82
K2,ind,Overall,2042,11.82,10.69,12.95
K3a,ind,Overall,2042,4.5,4.48,4.52
K3b,ind,Overall,2042,3.17,3.07,3.27
K4,ind,Overall,2042,1.0,0.79,1.2
K5,ind,Overall,2042,0.91,0.55,1.28
K1,overall,18-30,2042,6.09,5.32,6.86
K2,overall,18-30,2042,0.58,0.53,0.63
K3a,overall,18-30,2042,0.05,0.05,0.05
K3b,overall,18-30,2042,0.0,0.0,0.0
K4,overall,18-30,2042,0.0,0.0,0.0
K5,overall,18-30,2042,0.0,0.0,0.0
K1,overall,31-40,2042,12.91,11.1,14.72
K2,overall,31-40,2042,2.06,1.91,2.21
K3a,overall,31-40,2042,0.15,0.15,0.14
K3b,overall,31-40,2042,0.01,0.02,0.01
K4,overall,31-40,2042,0.0,0.0,0.0
K5,overall,31-40,2042,0.0,0.0,0.0
K1,overall,41-50,2042,14.53,12.19,16.87
K2,overall,41-50,2042,4.12,3.87,4.36
K3a,overall,41-50,2042,0.59,0.58,0.6
K3b,overall,41-50,2042,0.13,0.11,0.16
K4,overall,41-50,2042,0.02,0.01,0.03
K5,overall,41-50,2042,0.01,0.0,0.01
K1,overall,51-60,2042,14.09,11.68,16.49
K2,overall,51-60,2042,6.9,6.4,7.4
K3a,overall,51-60,2042,1.94,1.84,2.04
K3b,overall,51-60,2042,0.84,0.73,0.94
K4,overall,51-60,2042,0.17,0.11,0.23
K5,overall,51-60,2042,0.11,0.06,0.16
K1,overall,61-70,2042,14.3,12.24,16.36
K2,overall,61-70,2042,12.08,11.18,12.98
K3a,overall,61-70,2042,4.73,4.59,4.87
K3b,overall,61-70,2042,3.35,3.07,3.63
K4,overall,61-70,2042,0.84,0.63,1.05
K5,overall,61-70,2042,0.63,0.33,0.93
K1,overall,71-80,2042,12.86,11.01,14.71
K2,overall,71-80,2042,16.9,15.53,18.28
K3a,overall,71-80,2042,7.44,7.37,7.5
K3b,overall,71-80,2042,7.75,7.43,8.07
K4,overall,71-80,2042,2.34,1.97,2.71
K5,overall,71-80,2042,1.72,1.03,2.4
K1,overall,80+,2042,11.97,10.1,13.85
K2,overall,80+,2042,21.55,19.48,23.62
K3a,overall,80+,2042,8.24,8.15,8.33
K3b,overall,80+,2042,10.49,10.24,10.73
K4,overall,80+,2042,3.02,2.62,3.42
K5,overall,80+,2042,1.31,0.85,1.78
K1,overall,Overall,2043,12.71,10.8,14.63
K2,overall,Overall,2043,8.4,7.78,9.03
K3a,overall,Overall,2043,2.92,2.87,2.96
K3b,overall,Overall,2043,2.65,2.53,2.76
K4,overall,Overall,2043,0.74,0.62,0.86
K5,overall,Overall,2043,0.47,0.29,0.66
K1,chn,Overall,2043,8.98,7.36,10.6
K2,chn,Overall,2043,8.89,8.04,9.74
K3a,chn,Overall,2043,3.96,3.93,3.98
K3b,chn,Overall,2043,3.61,3.46,3.76
K4,chn,Overall,2043,1.03,0.88,1.18
K5,chn,Overall,2043,0.57,0.35,0.79
K1,mal,Overall,2043,15.98,13.8,18.16
K2,mal,Overall,2043,7.16,6.82,7.5
K3a,mal,Overall,2043,1.76,1.7,1.83
K3b,mal,Overall,2043,1.85,1.76,1.94
K4,mal,Overall,2043,0.48,0.4,0.56
K5,mal,Overall,2043,0.26,0.16,0.37
K1,ind,Overall,2043,10.22,8.61,11.83
K2,ind,Overall,2043,12.05,10.91,13.2
K3a,ind,Overall,2043,4.56,4.52,4.61
K3b,ind,Overall,2043,3.21,3.13,3.29
K4,ind,Overall,2043,1.01,0.8,1.23
K5,ind,Overall,2043,0.97,0.61,1.33
K1,overall,18-30,2043,6.09,5.27,6.91
K2,overall,18-30,2043,0.6,0.55,0.64
K3a,overall,18-30,2043,0.05,0.05,0.05
K3b,overall,18-30,2043,0.0,0.0,0.0
K4,overall,18-30,2043,0.0,0.0,0.0
K5,overall,18-30,2043,0.0,0.0,0.0
K1,overall,31-40,2043,12.98,11.21,14.74
K2,overall,31-40,2043,2.08,1.93,2.23
K3a,overall,31-40,2043,0.15,0.16,0.15
K3b,overall,31-40,2043,0.01,0.01,0.01
K4,overall,31-40,2043,0.0,0.0,0.0
K5,overall,31-40,2043,0.0,0.0,0.0
K1,overall,41-50,2043,14.97,12.64,17.3
K2,overall,41-50,2043,4.29,4.04,4.54
K3a,overall,41-50,2043,0.61,0.59,0.62
K3b,overall,41-50,2043,0.14,0.11,0.16
K4,overall,41-50,2043,0.02,0.01,0.03
K5,overall,41-50,2043,0.01,0.0,0.01
K1,overall,51-60,2043,14.46,11.98,16.95
K2,overall,51-60,2043,7.14,6.6,7.67
K3a,overall,51-60,2043,1.98,1.86,2.09
K3b,overall,51-60,2043,0.85,0.75,0.95
K4,overall,51-60,2043,0.17,0.11,0.23
K5,overall,51-60,2043,0.11,0.05,0.16
K1,overall,61-70,2043,14.51,12.43,16.6
K2,overall,61-70,2043,12.29,11.38,13.19
K3a,overall,61-70,2043,4.73,4.61,4.85
K3b,overall,61-70,2043,3.41,3.12,3.7
K4,overall,61-70,2043,0.85,0.65,1.05
K5,overall,61-70,2043,0.66,0.36,0.97
K1,overall,71-80,2043,13.01,11.17,14.85
K2,overall,71-80,2043,17.06,15.72,18.41
K3a,overall,71-80,2043,7.4,7.3,7.51
K3b,overall,71-80,2043,7.79,7.49,8.08
K4,overall,71-80,2043,2.33,1.95,2.7
K5,overall,71-80,2043,1.74,1.04,2.44
K1,overall,80+,2043,12.07,10.17,13.97
K2,overall,80+,2043,21.82,19.73,23.91
K3a,overall,80+,2043,8.27,8.22,8.32
K3b,overall,80+,2043,10.45,10.14,10.75
K4,overall,80+,2043,3.04,2.66,3.42
K5,overall,80+,2043,1.32,0.9,1.74
K1,overall,Overall,2044,12.91,10.98,14.84
K2,overall,Overall,2044,8.61,7.97,9.25
K3a,overall,Overall,2044,2.96,2.92,3.01
K3b,overall,Overall,2044,2.69,2.58,2.8
K4,overall,Overall,2044,0.75,0.63,0.87
K5,overall,Overall,2044,0.48,0.29,0.68
K1,chn,Overall,2044,9.11,7.47,10.75
K2,chn,Overall,2044,9.08,8.19,9.97
K3a,chn,Overall,2044,4.03,4.0,4.05
K3b,chn,Overall,2044,3.69,3.55,3.83
K4,chn,Overall,2044,1.05,0.9,1.21
K5,chn,Overall,2044,0.6,0.36,0.84
K1,mal,Overall,2044,16.26,14.05,18.46
K2,mal,Overall,2044,7.36,7.03,7.69
K3a,mal,Overall,2044,1.79,1.72,1.86
K3b,mal,Overall,2044,1.87,1.78,1.96
K4,mal,Overall,2044,0.48,0.4,0.56
K5,mal,Overall,2044,0.27,0.16,0.38
K1,ind,Overall,2044,10.28,8.69,11.86
K2,ind,Overall,2044,12.32,11.1,13.55
K3a,ind,Overall,2044,4.62,4.58,4.65
K3b,ind,Overall,2044,3.27,3.21,3.34
K4,ind,Overall,2044,1.02,0.82,1.22
K5,ind,Overall,2044,0.98,0.62,1.35
K1,overall,18-30,2044,6.11,5.28,6.95
K2,overall,18-30,2044,0.6,0.54,0.65
K3a,overall,18-30,2044,0.05,0.05,0.05
K3b,overall,18-30,2044,0.0,0.0,0.0
K4,overall,18-30,2044,0.0,0.0,0.0
K5,overall,18-30,2044,0.0,0.0,0.0
K1,overall,31-40,2044,13.03,11.28,14.79
K2,overall,31-40,2044,2.1,1.97,2.23
K3a,overall,31-40,2044,0.15,0.15,0.16
K3b,overall,31-40,2044,0.01,0.02,0.01
K4,overall,31-40,2044,0.0,0.0,0.0
K5,overall,31-40,2044,0.0,0.0,0.0
K1,overall,41-50,2044,15.37,13.02,17.72
K2,overall,41-50,2044,4.44,4.15,4.73
K3a,overall,41-50,2044,0.61,0.6,0.62
K3b,overall,41-50,2044,0.14,0.11,0.16
K4,overall,41-50,2044,0.02,0.01,0.03
K5,overall,41-50,2044,0.01,0.0,0.01
K1,overall,51-60,2044,14.79,12.3,17.29
K2,overall,51-60,2044,7.4,6.84,7.96
K3a,overall,51-60,2044,2.02,1.9,2.14
K3b,overall,51-60,2044,0.87,0.77,0.98
K4,overall,51-60,2044,0.18,0.12,0.24
K5,overall,51-60,2044,0.11,0.06,0.17
K1,overall,61-70,2044,14.78,12.62,16.93
K2,overall,61-70,2044,12.52,11.62,13.42
K3a,overall,61-70,2044,4.79,4.65,4.92
K3b,overall,61-70,2044,3.41,3.14,3.68
K4,overall,61-70,2044,0.86,0.66,1.07
K5,overall,61-70,2044,0.69,0.37,1.0
K1,overall,71-80,2044,13.15,11.32,14.98
K2,overall,71-80,2044,17.18,15.78,18.58
K3a,overall,71-80,2044,7.42,7.3,7.53
K3b,overall,71-80,2044,7.82,7.53,8.11
K4,overall,71-80,2044,2.31,1.95,2.66
K5,overall,71-80,2044,1.77,1.06,2.47
K1,overall,80+,2044,12.17,10.27,14.07
K2,overall,80+,2044,22.07,20.01,24.13
K3a,overall,80+,2044,8.29,8.25,8.33
K3b,overall,80+,2044,10.46,10.18,10.75
K4,overall,80+,2044,3.04,2.64,3.44
K5,overall,80+,2044,1.33,0.88,1.78
K1,overall,Overall,2045,13.1,11.15,15.05
K2,overall,Overall,2045,8.83,8.18,9.48
K3a,overall,Overall,2045,3.01,2.96,3.05
K3b,overall,Overall,2045,2.71,2.59,2.84
K4,overall,Overall,2045,0.76,0.65,0.87
K5,overall,Overall,2045,0.5,0.3,0.69
K1,chn,Overall,2045,9.21,7.56,10.86
K2,chn,Overall,2045,9.31,8.42,10.21
K3a,chn,Overall,2045,4.08,4.05,4.11
K3b,chn,Overall,2045,3.76,3.6,3.91
K4,chn,Overall,2045,1.07,0.93,1.22
K5,chn,Overall,2045,0.61,0.37,0.85
K1,mal,Overall,2045,16.53,14.29,18.77
K2,mal,Overall,2045,7.55,7.22,7.88
K3a,mal,Overall,2045,1.82,1.76,1.88
K3b,mal,Overall,2045,1.87,1.76,1.98
K4,mal,Overall,2045,0.48,0.41,0.55
K5,mal,Overall,2045,0.28,0.17,0.4
K1,ind,Overall,2045,10.32,8.72,11.92
K2,ind,Overall,2045,12.59,11.36,13.83
K3a,ind,Overall,2045,4.67,4.65,4.69
K3b,ind,Overall,2045,3.29,3.17,3.41
K4,ind,Overall,2045,1.04,0.88,1.2
K5,ind,Overall,2045,0.99,0.63,1.36
K1,overall,18-30,2045,6.13,5.31,6.94
K2,overall,18-30,2045,0.61,0.55,0.67
K3a,overall,18-30,2045,0.05,0.05,0.05
K3b,overall,18-30,2045,0.0,0.0,0.0
K4,overall,18-30,2045,0.0,0.0,0.0
K5,overall,18-30,2045,0.0,0.0,0.0
K1,overall,31-40,2045,13.11,11.36,14.87
K2,overall,31-40,2045,2.12,1.99,2.24
K3a,overall,31-40,2045,0.15,0.15,0.16
K3b,overall,31-40,2045,0.01,0.02,0.01
K4,overall,31-40,2045,0.0,0.0,0.0
K5,overall,31-40,2045,0.0,0.0,0.0
K1,overall,41-50,2045,15.73,13.33,18.13
K2,overall,41-50,2045,4.59,4.31,4.87
K3a,overall,41-50,2045,0.64,0.62,0.66
K3b,overall,41-50,2045,0.14,0.12,0.16
K4,overall,41-50,2045,0.02,0.01,0.03
K5,overall,41-50,2045,0.01,0.01,0.01
K1,overall,51-60,2045,15.1,12.58,17.61
K2,overall,51-60,2045,7.69,7.15,8.24
K3a,overall,51-60,2045,2.04,1.93,2.16
K3b,overall,51-60,2045,0.9,0.79,1.01
K4,overall,51-60,2045,0.19,0.12,0.25
K5,overall,51-60,2045,0.12,0.07,0.17
K1,overall,61-70,2045,15.05,12.88,17.23
K2,overall,61-70,2045,12.77,11.82,13.73
K3a,overall,61-70,2045,4.79,4.67,4.91
K3b,overall,61-70,2045,3.42,3.13,3.72
K4,overall,61-70,2045,0.89,0.68,1.1
K5,overall,61-70,2045,0.71,0.4,1.02
K1,overall,71-80,2045,13.29,11.4,15.19
K2,overall,71-80,2045,17.28,15.94,18.61
K3a,overall,71-80,2045,7.47,7.36,7.57
K3b,overall,71-80,2045,7.81,7.45,8.18
K4,overall,71-80,2045,2.29,2.0,2.59
K5,overall,71-80,2045,1.81,1.09,2.52
K1,overall,80+,2045,12.23,10.33,14.13
K2,overall,80+,2045,22.44,20.32,24.56
K3a,overall,80+,2045,8.33,8.3,8.36
K3b,overall,80+,2045,10.36,10.06,10.66
K4,overall,80+,2045,3.03,2.65,3.41
K5,overall,80+,2045,1.31,0.85,1.77
K1,overall,Overall,2046,13.29,11.33,15.25
K2,overall,Overall,2046,9.04,8.37,9.7
K3a,overall,Overall,2046,3.05,3.0,3.1
K3b,overall,Overall,2046,2.76,2.63,2.88
K4,overall,Overall,2046,0.77,0.65,0.89
K5,overall,Overall,2046,0.5,0.32,0.69
K1,chn,Overall,2046,9.33,7.67,10.99
K2,chn,Overall,2046,9.51,8.6,10.43
K3a,chn,Overall,2046,4.16,4.12,4.2
K3b,chn,Overall,2046,3.85,3.69,4.0
K4,chn,Overall,2046,1.09,0.93,1.25
K5,chn,Overall,2046,0.62,0.4,0.85
K1,mal,Overall,2046,16.81,14.56,19.07
K2,mal,Overall,2046,7.75,7.41,8.09
K3a,mal,Overall,2046,1.83,1.77,1.89
K3b,mal,Overall,2046,1.88,1.77,1.99
K4,mal,Overall,2046,0.49,0.41,0.57
K5,mal,Overall,2046,0.29,0.18,0.4
K1,ind,Overall,2046,10.37,8.77,11.96
K2,ind,Overall,2046,12.85,11.61,14.1
K3a,ind,Overall,2046,4.72,4.7,4.74
K3b,ind,Overall,2046,3.33,3.21,3.46
K4,ind,Overall,2046,1.07,0.91,1.24
K5,ind,Overall,2046,1.02,0.64,1.4
K1,overall,18-30,2046,6.16,5.32,7.0
K2,overall,18-30,2046,0.63,0.56,0.69
K3a,overall,18-30,2046,0.05,0.05,0.05
K3b,overall,18-30,2046,0.0,0.0,0.0
K4,overall,18-30,2046,0.0,0.0,0.0
K5,overall,18-30,2046,0.0,0.0,0.0
K1,overall,31-40,2046,13.16,11.38,14.93
K2,overall,31-40,2046,2.12,2.0,2.23
K3a,overall,31-40,2046,0.16,0.15,0.16
K3b,overall,31-40,2046,0.01,0.02,0.01
K4,overall,31-40,2046,0.0,0.0,0.0
K5,overall,31-40,2046,0.0,0.0,0.0
K1,overall,41-50,2046,16.04,13.63,18.45
K2,overall,41-50,2046,4.74,4.47,5.02
K3a,overall,41-50,2046,0.65,0.63,0.68
K3b,overall,41-50,2046,0.15,0.12,0.17
K4,overall,41-50,2046,0.02,0.01,0.03
K5,overall,41-50,2046,0.01,0.01,0.02
K1,overall,51-60,2046,15.42,12.92,17.92
K2,overall,51-60,2046,7.94,7.37,8.5
K3a,overall,51-60,2046,2.07,1.95,2.19
K3b,overall,51-60,2046,0.93,0.81,1.04
K4,overall,51-60,2046,0.19,0.13,0.24
K5,overall,51-60,2046,0.13,0.07,0.19
K1,overall,61-70,2046,15.28,13.07,17.49
K2,overall,61-70,2046,13.02,12.04,14.01
K3a,overall,61-70,2046,4.85,4.72,4.98
K3b,overall,61-70,2046,3.48,3.19,3.76
K4,overall,61-70,2046,0.9,0.67,1.13
K5,overall,61-70,2046,0.73,0.43,1.04
K1,overall,71-80,2046,13.44,11.58,15.31
K2,overall,71-80,2046,17.53,16.2,18.86
K3a,overall,71-80,2046,7.49,7.39,7.6
K3b,overall,71-80,2046,7.82,7.45,8.2
K4,overall,71-80,2046,2.32,2.01,2.63
K5,overall,71-80,2046,1.8,1.15,2.45
K1,overall,80+,2046,12.3,10.37,14.23
K2,overall,80+,2046,22.62,20.48,24.76
K3a,overall,80+,2046,8.32,8.29,8.35
K3b,overall,80+,2046,10.43,10.13,10.73
K4,overall,80+,2046,3.06,2.66,3.45
K5,overall,80+,2046,1.28,0.83,1.74
K1,overall,Overall,2047,13.46,11.49,15.43
K2,overall,Overall,2047,9.24,8.57,9.91
K3a,overall,Overall,2047,3.09,3.04,3.13
K3b,overall,Overall,2047,2.8,2.67,2.93
K4,overall,Overall,2047,0.79,0.67,0.91
K5,overall,Overall,2047,0.52,0.33,0.71
K1,chn,Overall,2047,9.42,7.75,11.09
K2,chn,Overall,2047,9.73,8.8,10.65
K3a,chn,Overall,2047,4.23,4.2,4.27
K3b,chn,Overall,2047,3.9,3.74,4.05
K4,chn,Overall,2047,1.11,0.96,1.27
K5,chn,Overall,2047,0.65,0.42,0.88
K1,mal,Overall,2047,17.08,14.81,19.35
K2,mal,Overall,2047,7.95,7.61,8.29
K3a,mal,Overall,2047,1.83,1.77,1.9
K3b,mal,Overall,2047,1.91,1.8,2.02
K4,mal,Overall,2047,0.5,0.42,0.58
K5,mal,Overall,2047,0.3,0.18,0.41
K1,ind,Overall,2047,10.38,8.77,11.99
K2,ind,Overall,2047,13.07,11.79,14.34
K3a,ind,Overall,2047,4.81,4.83,4.78
K3b,ind,Overall,2047,3.4,3.24,3.56
K4,ind,Overall,2047,1.1,0.93,1.28
K5,ind,Overall,2047,1.04,0.66,1.42
K1,overall,18-30,2047,6.13,5.28,6.97
K2,overall,18-30,2047,0.63,0.57,0.69
K3a,overall,18-30,2047,0.05,0.05,0.05
K3b,overall,18-30,2047,0.0,0.0,0.0
K4,overall,18-30,2047,0.0,0.0,0.0
K5,overall,18-30,2047,0.0,0.0,0.0
K1,overall,31-40,2047,13.22,11.49,14.94
K2,overall,31-40,2047,2.13,2.02,2.24
K3a,overall,31-40,2047,0.16,0.15,0.17
K3b,overall,31-40,2047,0.01,0.02,0.01
K4,overall,31-40,2047,0.0,0.0,0.0
K5,overall,31-40,2047,0.0,0.0,0.0
K1,overall,41-50,2047,16.35,13.9,18.81
K2,overall,41-50,2047,4.86,4.59,5.13
K3a,overall,41-50,2047,0.67,0.64,0.7
K3b,overall,41-50,2047,0.15,0.13,0.17
K4,overall,41-50,2047,0.02,0.01,0.03
K5,overall,41-50,2047,0.01,0.0,0.02
K1,overall,51-60,2047,15.74,13.19,18.29
K2,overall,51-60,2047,8.22,7.64,8.81
K3a,overall,51-60,2047,2.14,2.03,2.25
K3b,overall,51-60,2047,0.95,0.82,1.08
K4,overall,51-60,2047,0.21,0.15,0.27
K5,overall,51-60,2047,0.14,0.08,0.2
K1,overall,61-70,2047,15.51,13.31,17.71
K2,overall,61-70,2047,13.3,12.3,14.29
K3a,overall,61-70,2047,4.91,4.79,5.04
K3b,overall,61-70,2047,3.54,3.22,3.86
K4,overall,61-70,2047,0.92,0.71,1.13
K5,overall,61-70,2047,0.77,0.45,1.1
K1,overall,71-80,2047,13.57,11.68,15.45
K2,overall,71-80,2047,17.67,16.31,19.03
K3a,overall,71-80,2047,7.49,7.42,7.55
K3b,overall,71-80,2047,7.85,7.49,8.22
K4,overall,71-80,2047,2.37,2.05,2.7
K5,overall,71-80,2047,1.83,1.18,2.48
K1,overall,80+,2047,12.37,10.48,14.26
K2,overall,80+,2047,22.93,20.81,25.05
K3a,overall,80+,2047,8.31,8.26,8.37
K3b,overall,80+,2047,10.41,10.13,10.68
K4,overall,80+,2047,3.02,2.63,3.41
K5,overall,80+,2047,1.32,0.85,1.79
K1,overall,Overall,2048,13.63,11.64,15.61
K2,overall,Overall,2048,9.46,8.78,10.13
K3a,overall,Overall,2048,3.12,3.08,3.17
K3b,overall,Overall,2048,2.84,2.71,2.97
K4,overall,Overall,2048,0.81,0.68,0.93
K5,overall,Overall,2048,0.54,0.34,0.74
K1,chn,Overall,2048,9.51,7.82,11.2
K2,chn,Overall,2048,9.94,9.01,10.88
K3a,chn,Overall,2048,4.29,4.25,4.32
K3b,chn,Overall,2048,3.99,3.83,4.15
K4,chn,Overall,2048,1.14,0.98,1.29
K5,chn,Overall,2048,0.67,0.43,0.91
K1,mal,Overall,2048,17.34,15.05,19.62
K2,mal,Overall,2048,8.16,7.82,8.51
K3a,mal,Overall,2048,1.85,1.78,1.91
K3b,mal,Overall,2048,1.92,1.82,2.03
K4,mal,Overall,2048,0.51,0.42,0.6
K5,mal,Overall,2048,0.3,0.19,0.42
K1,ind,Overall,2048,10.43,8.83,12.03
K2,ind,Overall,2048,13.25,11.96,14.54
K3a,ind,Overall,2048,4.87,4.86,4.87
K3b,ind,Overall,2048,3.45,3.31,3.59
K4,ind,Overall,2048,1.11,0.93,1.3
K5,ind,Overall,2048,1.09,0.71,1.47
K1,overall,18-30,2048,6.13,5.25,7.0
K2,overall,18-30,2048,0.63,0.57,0.68
K3a,overall,18-30,2048,0.04,0.05,0.04
K3b,overall,18-30,2048,0.0,0.0,0.0
K4,overall,18-30,2048,0.0,0.0,0.0
K5,overall,18-30,2048,0.0,0.0,0.0
K1,overall,31-40,2048,13.29,11.58,15.01
K2,overall,31-40,2048,2.16,2.03,2.28
K3a,overall,31-40,2048,0.16,0.15,0.17
K3b,overall,31-40,2048,0.01,0.02,0.01
K4,overall,31-40,2048,0.0,0.0,0.0
K5,overall,31-40,2048,0.0,0.0,0.0
K1,overall,41-50,2048,16.61,14.15,19.07
K2,overall,41-50,2048,4.98,4.66,5.3
K3a,overall,41-50,2048,0.68,0.66,0.69
K3b,overall,41-50,2048,0.16,0.14,0.18
K4,overall,41-50,2048,0.02,0.02,0.03
K5,overall,41-50,2048,0.01,0.01,0.01
K1,overall,51-60,2048,15.99,13.42,18.55
K2,overall,51-60,2048,8.52,7.93,9.11
K3a,overall,51-60,2048,2.19,2.06,2.32
K3b,overall,51-60,2048,0.99,0.87,1.1
K4,overall,51-60,2048,0.22,0.16,0.28
K5,overall,51-60,2048,0.15,0.08,0.21
K1,overall,61-70,2048,15.72,13.47,17.97
K2,overall,61-70,2048,13.55,12.61,14.5
K3a,overall,61-70,2048,4.98,4.83,5.12
K3b,overall,61-70,2048,3.62,3.31,3.93
K4,overall,61-70,2048,0.95,0.73,1.17
K5,overall,61-70,2048,0.81,0.47,1.15
K1,overall,71-80,2048,13.69,11.83,15.55
K2,overall,71-80,2048,17.83,16.44,19.22
K3a,overall,71-80,2048,7.49,7.46,7.53
K3b,overall,71-80,2048,7.9,7.55,8.24
K4,overall,71-80,2048,2.39,2.03,2.74
K5,overall,71-80,2048,1.87,1.22,2.52
K1,overall,80+,2048,12.55,10.66,14.45
K2,overall,80+,2048,23.19,21.09,25.29
K3a,overall,80+,2048,8.24,8.15,8.33
K3b,overall,80+,2048,10.35,10.04,10.65
K4,overall,80+,2048,3.03,2.66,3.4
K5,overall,80+,2048,1.34,0.86,1.81
K1,overall,Overall,2049,13.79,11.8,15.78
K2,overall,Overall,2049,9.66,8.97,10.34
K3a,overall,Overall,2049,3.17,3.13,3.21
K3b,overall,Overall,2049,2.89,2.76,3.02
K4,overall,Overall,2049,0.82,0.69,0.95
K5,overall,Overall,2049,0.55,0.36,0.75
K1,chn,Overall,2049,9.6,7.91,11.28
K2,chn,Overall,2049,10.15,9.22,11.09
K3a,chn,Overall,2049,4.36,4.32,4.4
K3b,chn,Overall,2049,4.07,3.91,4.23
K4,chn,Overall,2049,1.17,1.01,1.34
K5,chn,Overall,2049,0.69,0.45,0.93
K1,mal,Overall,2049,17.58,15.28,19.88
K2,mal,Overall,2049,8.35,8.0,8.7
K3a,mal,Overall,2049,1.87,1.82,1.93
K3b,mal,Overall,2049,1.94,1.84,2.05
K4,mal,Overall,2049,0.53,0.43,0.62
K5,mal,Overall,2049,0.31,0.19,0.43
K1,ind,Overall,2049,10.49,8.9,12.07
K2,ind,Overall,2049,13.48,12.14,14.81
K3a,ind,Overall,2049,4.93,4.95,4.92
K3b,ind,Overall,2049,3.51,3.37,3.66
K4,ind,Overall,2049,1.1,0.93,1.28
K5,ind,Overall,2049,1.11,0.75,1.47
K1,overall,18-30,2049,6.19,5.32,7.06
K2,overall,18-30,2049,0.64,0.59,0.7
K3a,overall,18-30,2049,0.05,0.05,0.04
K3b,overall,18-30,2049,0.0,0.0,0.0
K4,overall,18-30,2049,0.0,0.0,0.0
K5,overall,18-30,2049,0.0,0.0,0.0
K1,overall,31-40,2049,13.35,11.64,15.06
K2,overall,31-40,2049,2.16,2.03,2.28
K3a,overall,31-40,2049,0.16,0.15,0.17
K3b,overall,31-40,2049,0.02,0.02,0.02
K4,overall,31-40,2049,0.0,0.0,0.0
K5,overall,31-40,2049,0.0,0.0,0.0
K1,overall,41-50,2049,16.79,14.33,19.24
K2,overall,41-50,2049,5.07,4.74,5.41
K3a,overall,41-50,2049,0.68,0.67,0.7
K3b,overall,41-50,2049,0.16,0.14,0.18
K4,overall,41-50,2049,0.03,0.02,0.03
K5,overall,41-50,2049,0.01,0.01,0.01
K1,overall,51-60,2049,16.31,13.73,18.89
K2,overall,51-60,2049,8.78,8.17,9.39
K3a,overall,51-60,2049,2.22,2.1,2.34
K3b,overall,51-60,2049,1.03,0.9,1.17
K4,overall,51-60,2049,0.23,0.17,0.29
K5,overall,51-60,2049,0.16,0.09,0.23
K1,overall,61-70,2049,15.91,13.64,18.19
K2,overall,61-70,2049,13.79,12.85,14.74
K3a,overall,61-70,2049,5.02,4.9,5.14
K3b,overall,61-70,2049,3.67,3.38,3.95
K4,overall,61-70,2049,0.97,0.74,1.21
K5,overall,61-70,2049,0.84,0.51,1.17
K1,overall,71-80,2049,13.75,11.89,15.6
K2,overall,71-80,2049,17.99,16.6,19.38
K3a,overall,71-80,2049,7.55,7.51,7.59
K3b,overall,71-80,2049,7.98,7.62,8.34
K4,overall,71-80,2049,2.4,2.03,2.77
K5,overall,71-80,2049,1.92,1.26,2.59
K1,overall,80+,2049,12.7,10.79,14.6
K2,overall,80+,2049,23.43,21.34,25.51
K3a,overall,80+,2049,8.24,8.15,8.33
K3b,overall,80+,2049,10.3,10.01,10.59
K4,overall,80+,2049,3.05,2.67,3.42
K5,overall,80+,2049,1.29,0.87,1.71
K1,overall,Overall,2050,13.93,11.93,15.93
K2,overall,Overall,2050,9.85,9.14,10.57
K3a,overall,Overall,2050,3.21,3.18,3.25
K3b,overall,Overall,2050,2.92,2.8,3.05
K4,overall,Overall,2050,0.85,0.72,0.98
K5,overall,Overall,2050,0.57,0.38,0.77
K1,chn,Overall,2050,9.65,7.96,11.33
K2,chn,Overall,2050,10.35,9.38,11.32
K3a,chn,Overall,2050,4.43,4.4,4.46
K3b,chn,Overall,2050,4.14,3.98,4.3
K4,chn,Overall,2050,1.21,1.04,1.39
K5,chn,Overall,2050,0.71,0.47,0.95
K1,mal,Overall,2050,17.81,15.49,20.12
K2,mal,Overall,2050,8.55,8.18,8.92
K3a,mal,Overall,2050,1.9,1.84,1.95
K3b,mal,Overall,2050,1.96,1.85,2.07
K4,mal,Overall,2050,0.54,0.45,0.63
K5,mal,Overall,2050,0.33,0.21,0.45
K1,ind,Overall,2050,10.52,8.93,12.12
K2,ind,Overall,2050,13.64,12.28,15.0
K3a,ind,Overall,2050,5.02,5.05,4.98
K3b,ind,Overall,2050,3.56,3.42,3.7
K4,ind,Overall,2050,1.14,0.95,1.33
K5,ind,Overall,2050,1.18,0.78,1.57
K1,overall,18-30,2050,6.21,5.32,7.11
K2,overall,18-30,2050,0.65,0.59,0.71
K3a,overall,18-30,2050,0.05,0.05,0.04
K3b,overall,18-30,2050,0.0,0.0,0.0
K4,overall,18-30,2050,0.0,0.0,0.0
K5,overall,18-30,2050,0.0,0.0,0.0
K1,overall,31-40,2050,13.36,11.68,15.05
K2,overall,31-40,2050,2.17,2.03,2.3
K3a,overall,31-40,2050,0.16,0.15,0.17
K3b,overall,31-40,2050,0.02,0.02,0.02
K4,overall,31-40,2050,0.0,0.0,0.0
K5,overall,31-40,2050,0.0,0.0,0.0
K1,overall,41-50,2050,16.94,14.44,19.44
K2,overall,41-50,2050,5.15,4.82,5.48
K3a,overall,41-50,2050,0.69,0.68,0.7
K3b,overall,41-50,2050,0.16,0.14,0.19
K4,overall,41-50,2050,0.03,0.02,0.03
K5,overall,41-50,2050,0.01,0.01,0.01
K1,overall,51-60,2050,16.59,13.99,19.18
K2,overall,51-60,2050,9.05,8.41,9.69
K3a,overall,51-60,2050,2.29,2.19,2.39
K3b,overall,51-60,2050,1.05,0.91,1.18
K4,overall,51-60,2050,0.24,0.18,0.31
K5,overall,51-60,2050,0.16,0.09,0.23
K1,overall,61-70,2050,16.1,13.85,18.34
K2,overall,61-70,2050,13.99,12.98,15.0
K3a,overall,61-70,2050,5.03,4.88,5.18
K3b,overall,61-70,2050,3.66,3.39,3.93
K4,overall,61-70,2050,1.02,0.77,1.28
K5,overall,61-70,2050,0.86,0.52,1.21
K1,overall,71-80,2050,13.85,11.99,15.71
K2,overall,71-80,2050,18.17,16.75,19.58
K3a,overall,71-80,2050,7.53,7.55,7.52
K3b,overall,71-80,2050,8.03,7.66,8.41
K4,overall,71-80,2050,2.44,2.08,2.8
K5,overall,71-80,2050,1.97,1.29,2.65
K1,overall,80+,2050,12.82,10.88,14.77
K2,overall,80+,2050,23.65,21.52,25.77
K3a,overall,80+,2050,8.31,8.2,8.42
K3b,overall,80+,2050,10.26,9.99,10.53
K4,overall,80+,2050,3.04,2.67,3.4
K5,overall,80+,2050,1.33,0.94,1.71
